id_estudiante,nombre,curso,ciclo,asistencia_pct,horas_estudio_semanal,tareas_entregadas_pct,participacion,nota_ep1,nota_ep2,nota_final
E00001,Mateo Cárdenas,Base de Datos,2026-1,86.0,8.3,100,4,12.0,16.7,13.4
E00002,Carlos López,Estructuras de Datos,2025-2,66.8,3.2,100,2,7.9,8.9,5.5
E00003,Iván Sánchez,Lenguajes de Programación,2025-2,76.0,3.7,78.2,3,5.0,10.0,8.0
E00004,Fabián Paredes,Base de Datos,2026-1,85.5,6.4,84.5,5,14.7,13.9,15.1
E00005,Paula Medina,Estructuras de Datos,2026-1,85.8,0,81.5,1,,13.0,14.6
E00006,Valeria Rivas,Redes de Computadoras,2025-2,44.6,7.4,62.1,2,19.4,20,16.6
E00007,Zoe Reyes,Redes de Computadoras,2025-2,71.9,4.2,81.3,4,14.0,13.2,9.6
E00008,Milagros Castillo,Base de Datos,2026-1,32.3,5.0,75.4,2,18.7,18.7,20
E00009,Daniela Salazar,Base de Datos,2026-1,61.6,4.1,58.7,3,17.1,9.3,11.5
E00010,Manuel Quispe,Lenguajes de Programación,2026-1,61.8,2.1,61.2,3,9.0,12.5,15.1
E00011,Antonella Quispe,Matemática Discreta,2025-2,100,0.1,73.0,2,10.3,13.4,3.6
E00012,Natalia Herrera,Lenguajes de Programación,2026-1,77.5,8.5,68.0,2,10.1,11.6,7.6
E00013,Alonso Ponce,Lenguajes de Programación,2026-1,62.9,6.3,71.0,1,9.9,12.1,13.2
E00014,Valentina Reyes,Lenguajes de Programación,2026-1,50.0,0,99.4,3,19.5,18.1,18.4
E00015,Daniela Flores,Lenguajes de Programación,2026-1,30.4,11.1,83.0,3,6.0,7.2,7.0
E00016,Emilio Huamán,Redes de Computadoras,2026-1,63.9,4.5,87.2,2,16.4,16.4,15.8
E00017,Joaquín Vargas,Estructuras de Datos,2026-1,81.3,6.3,85.8,1,9.5,10.3,10.5
E00018,Antonella Quispe,Estructuras de Datos,2026-1,82.5,5.4,60.7,3,6.2,8.5,18.0
E00019,Daniela Soto,Redes de Computadoras,2026-1,66.6,7.0,87.7,5,12.9,13.4,15.4
E00020,Mateo Zapata,Matemática Discreta,2026-1,76.0,5.9,50.0,4,12.9,12.6,10.4
E00021,Sebastián Torres,Matemática Discreta,2026-1,64.0,1.5,65.2,2,20,16.8,19.6
E00022,Paula Aguilar,Estructuras de Datos,2026-1,81.2,0,61.2,1,20,20,19.5
E00023,Antonella Rojas,Lenguajes de Programación,2026-1,91.6,9.6,74.6,3,8.4,8.4,16.4
E00024,Alonso Cárdenas,Lenguajes de Programación,2026-1,92.9,6.2,98.2,3,19.4,17.8,18.5
E00025,Ximena Medina,Estructuras de Datos,2025-2,62.5,9.1,74.4,4,12.9,12.7,12.4
E00026,María Herrera,Lenguajes de Programación,2026-1,35.0,7.2,66.5,2,11.9,9.5,11.5
E00027,Alonso García,Redes de Computadoras,2025-2,64.3,0.8,47.1,2,12.5,15.1,18.3
E00028,Carlos Aguilar,Redes de Computadoras,2026-1,53.6,1.7,43.8,2,6.7,12.0,9.2
E00029,Valentina Aguilar,Base de Datos,2026-1,51.4,0,85.9,4,20,20,19.6
E00030,Ricardo Pérez,Redes de Computadoras,2026-1,78.0,3.6,72.2,3,8.8,12.6,12.9
E00031,Camila Pérez,Matemática Discreta,2026-1,89.2,1.4,88.4,3,10.9,10.5,10.5
E00032,Fernanda Alva,Lenguajes de Programación,2025-2,100,9.5,79.5,2,12.9,11.2,17.3
E00033,Joaquín Mendoza,Matemática Discreta,2026-1,84.2,4.0,39.1,2,12.9,18.8,15.1
E00034,Alonso Rojas,Estructuras de Datos,2025-2,70.2,4.8,79.9,3,7.0,4.7,4.2
E00035,Andrés Reyes,Lenguajes de Programación,2026-1,33.1,3.8,50.0,2,12.9,15.1,15.4
E00036,Andrés Flores,Estructuras de Datos,2025-2,100,8.5,97.5,4,16.0,16.0,15.6
E00037,Gabriela Rivas,Matemática Discreta,2025-2,39.1,5.0,,4,9.0,8.4,7.4
E00038,Alonso Castillo,Base de Datos,2026-1,88.2,6.5,64.3,4,13.0,15.0,16.7
E00039,Sofía Rivas,Estructuras de Datos,2025-2,90.2,6.4,45.3,3,9.9,7.8,11.3
E00040,Natalia Rojas,Matemática Discreta,2026-1,37.8,10.0,71.2,3,13.7,15.4,14.4
E00041,Joaquín Ortiz,Estructuras de Datos,2026-1,34.7,5.2,89.6,4,20,20,18.8
E00042,Fabián Gutiérrez,Estructuras de Datos,2026-1,78.6,5.0,42.8,3,16.3,11.4,19.5
E00043,Vicente Palomino,Base de Datos,2026-1,76.6,4.6,53.1,4,11.8,10.9,10.6
E00044,Bruno Alva,Lenguajes de Programación,2025-2,83.6,8.7,88.3,2,8.6,12.1,12.9
E00045,Tomás Sánchez,Redes de Computadoras,2026-1,78.7,10.8,63.2,3,11.4,15.4,8.2
E00046,Ximena Castillo,Matemática Discreta,2025-2,72.1,13.4,90.2,3,13.0,13.9,13.9
E00047,Milagros Aguilar,Redes de Computadoras,2026-1,48.3,5.1,100,1,17.8,9.1,16.6
E00048,Sofía Rodríguez,Lenguajes de Programación,2026-1,83.8,1.0,100,3,12.3,12.0,14.1
E00049,Vicente Espinoza,Lenguajes de Programación,2025-2,78.1,11.7,72.4,2,10.6,8.5,11.2
E00050,Nicolás Rivas,Lenguajes de Programación,2026-1,61.5,8.0,78.3,4,12.8,15.1,16.4
E00051,Emilio Flores,Redes de Computadoras,2026-1,70.3,4.6,37.5,3,17.6,17.1,17.7
E00052,Luis Cruz,Redes de Computadoras,2026-1,73.0,6.8,57.8,3,9.8,9.3,13.5
E00053,Manuel Flores,Redes de Computadoras,2026-1,61.8,1.4,81.7,3,13.5,7.7,12.3
E00054,Ximena Aguilar,Redes de Computadoras,2025-2,62.0,8.3,42.9,2,7.5,13.4,11.7
E00055,Lucía Rivas,Lenguajes de Programación,2026-1,97.2,7.0,84.2,1,10.9,13.1,16.1
E00056,Andrés Pérez,Estructuras de Datos,2026-1,85.5,10.2,68.6,3,19.4,16.3,16.6
E00057,Adrián Ortiz,Lenguajes de Programación,2026-1,71.8,3.3,40.8,4,12.2,8.4,7.4
E00058,Emilia Medina,Estructuras de Datos,2025-2,53.0,7.3,78.5,4,10.5,16.6,17.9
E00059,Daniela Rodríguez,Base de Datos,2025-2,48.0,9.0,72.1,2,16.9,20.0,20
E00060,Alonso Espinoza,Lenguajes de Programación,2026-1,100,0,61.5,5,14.3,13.0,18.0
E00061,Sebastián Espinoza,Redes de Computadoras,2026-1,74.2,3.5,67.8,2,10.2,4.2,5.8
E00062,Gabriela Torres,Lenguajes de Programación,2025-2,97.4,3.9,95.9,3,11.9,14.7,14.5
E00063,Natalia Pérez,Matemática Discreta,2026-1,77.1,1.3,49.4,3,13.3,14.6,12.8
E00064,Milagros Rodríguez,Lenguajes de Programación,2026-1,57.5,6.1,92.6,1,13.1,7.3,10.4
E00065,Andrés Huamán,Matemática Discreta,2026-1,93.4,7.3,53.3,5,5.9,6.5,11.5
E00066,Franco Cruz,Lenguajes de Programación,2026-1,100,6.9,80.9,4,16.4,12.9,18.2
E00067,Fabián Alva,Redes de Computadoras,2026-1,73.7,12.0,36.9,5,17.3,14.1,16.0
E00068,Zoe Soto,Estructuras de Datos,2026-1,89.4,4.7,91.5,1,9.7,11.8,10.4
E00069,Martina Ortiz,Lenguajes de Programación,2026-1,97.5,2.8,96.2,4,14.9,16.3,17.3
E00070,Julio Mamani,Redes de Computadoras,2026-1,63.3,3.0,72.9,2,10.9,16.8,14.5
E00071,Adrián Palomino,Matemática Discreta,2026-1,75.5,5.7,100,3,16.8,10.8,20
E00072,Nicolás Rivas,Lenguajes de Programación,2026-1,83.7,5.4,44.2,5,12.0,12.0,14.1
E00073,Alonso Quispe,Base de Datos,2026-1,87.0,9.5,95.2,1,8.7,11.2,11.3
E00074,Tomás Palomino,Estructuras de Datos,2026-1,71.9,2.5,79.7,4,,17.8,18.9
E00075,Ximena Espinoza,Lenguajes de Programación,2026-1,42.8,4.7,61.2,2,10.9,9.7,10.6
E00076,Andrés Sánchez,Estructuras de Datos,2026-1,100,4.0,97.2,3,19.2,16.0,17.9
E00077,Franco Quispe,Estructuras de Datos,2026-1,75.6,12.5,91.7,2,14.6,15.9,15.6
E00078,Nicolás Ramírez,Base de Datos,2025-2,59.2,4.9,58.5,2,14.6,13.6,10.9
E00079,Andrés Espinoza,Base de Datos,2026-1,55.6,4.8,65.5,3,2.4,3.9,5.1
E00080,Sebastián Zapata,Lenguajes de Programación,2026-1,85.9,3.3,28.8,1,14.5,12.3,16.9
E00081,Nicolás Cárdenas,Matemática Discreta,2025-2,52.1,4.3,61.6,2,10.1,13.4,10.7
E00082,Julio Rojas,Lenguajes de Programación,2026-1,80.2,2.4,82.8,4,15.9,15.1,12.2
E00083,Miguel Herrera,Redes de Computadoras,2025-2,100,5.1,57.0,1,7.7,12.2,8.3
E00084,Emilia Paredes,Redes de Computadoras,2026-1,82.5,3.2,76.2,3,16.3,17.2,13.3
E00085,Paula Reyes,Lenguajes de Programación,2026-1,59.8,1.7,73.9,3,14.7,19.2,20
E00086,Isabela Mendoza,Matemática Discreta,2026-1,89.9,5.5,61.3,3,16.0,15.5,9.4
E00087,Antonella García,Redes de Computadoras,2026-1,69.4,4.2,58.5,4,19.8,15.7,20
E00088,Franco Reyes,Base de Datos,2025-2,72.9,2.7,78.8,3,14.4,9.6,9.3
E00089,Sofía Mendoza,Matemática Discreta,2025-2,86.4,6.4,72.0,4,14.6,18.7,15.2
E00090,Zoe Cárdenas,Base de Datos,2025-2,100,0,78.2,1,13.4,11.1,15.3
E00091,Franco Pérez,Base de Datos,2025-2,92.5,5.1,58.5,4,18.6,16.1,16.4
E00092,Ricardo Cárdenas,Redes de Computadoras,2026-1,70.3,4.2,48.1,4,9.3,8.3,8.1
E00093,Manuel Aguilar,Matemática Discreta,2026-1,40.9,14.4,58.2,1,3.5,3.8,4.8
E00094,Ximena Medina,Base de Datos,2025-2,67.2,13.2,100,4,12.5,9.4,11.7
E00095,Vicente Palomino,Matemática Discreta,2026-1,48.2,8.3,33.5,3,14.8,18.3,13.8
E00096,Valentina Vargas,Base de Datos,2026-1,53.8,1.3,89.3,2,10.9,13.4,11.7
E00097,Sebastián Sánchez,Matemática Discreta,2025-2,49.9,3.9,75.1,4,7.6,7.4,7.6
E00098,Ricardo Herrera,Estructuras de Datos,2026-1,74.6,7.1,88.9,3,14.2,15.0,12.8
E00099,Ricardo Espinoza,Lenguajes de Programación,2025-2,100,8.5,76.9,2,11.2,15.9,15.2
E00100,Camila Salazar,Base de Datos,2025-2,67.6,8.9,82.0,4,12.8,10.6,12.8
E00101,Carlos Vega,Redes de Computadoras,2026-1,53.2,0,67.3,3,17.0,18.8,14.2
E00102,Andrés Pérez,Matemática Discreta,2025-2,35.1,6.8,78.7,2,11.3,11.0,12.7
E00103,Ximena Cárdenas,Lenguajes de Programación,2025-2,100,8.3,98.0,1,16.2,14.8,12.3
E00104,Tomás Chávez,Matemática Discreta,2025-2,53.1,4.7,71.0,3,3.4,8.0,3.1
E00105,Alejandra Zapata,Matemática Discreta,2025-2,66.5,13.3,78.7,4,18.8,20,19.9
E00106,Sofía Huamán,Estructuras de Datos,2025-2,72.7,11.9,78.7,5,11.9,14.1,16.0
E00107,Alejandra Palomino,Lenguajes de Programación,2025-2,78.2,2.3,100,5,5.3,9.5,8.7
E00108,Natalia Huamán,Base de Datos,2025-2,90.0,2.0,100,2,,13.9,17.7
E00109,Lucía Reyes,Base de Datos,2026-1,99.8,3.8,89.6,5,10.6,16.5,14.5
E00110,Alejandra Huamán,Lenguajes de Programación,2025-2,55.5,2.4,71.0,3,15.8,18.9,15.6
E00111,Alejandra Espinoza,Lenguajes de Programación,2026-1,77.7,3.4,70.6,2,14.1,15.1,18.1
E00112,Sofía Salazar,Redes de Computadoras,2025-2,52.8,6.5,74.6,2,13.7,14.6,12.0
E00113,Ricardo Cárdenas,Base de Datos,2025-2,79.2,4.8,63.7,2,16.2,18.2,16.9
E00114,Alonso Cruz,Estructuras de Datos,2025-2,78.9,1.4,76.2,5,10.1,11.5,13.4
E00115,Rosa Cabrera,Base de Datos,2026-1,91.9,2.8,49.4,3,12.9,14.3,9.4
E00116,Estefanía Rodríguez,Base de Datos,2026-1,60.4,3.5,67.3,3,2.5,13.8,8.4
E00117,Fabián López,Base de Datos,2025-2,63.7,0.1,69.3,1,12.0,12.1,10.7
E00118,Luis Cruz,Matemática Discreta,2025-2,89.0,15.0,100,2,9.8,11.5,12.4
E00119,Lucía Palomino,Redes de Computadoras,2026-1,100,3.2,72.0,4,17.4,14.4,14.3
E00120,Vicente Soto,Matemática Discreta,2025-2,49.2,6.2,91.1,4,16.1,16.2,17.0
E00121,Daniela Mendoza,Base de Datos,2025-2,62.3,8.5,44.5,2,20,16.7,13.1
E00122,Zoe Vargas,Lenguajes de Programación,2026-1,67.3,11.2,92.4,4,3.5,4.5,1.4
E00123,Iván Cabrera,Lenguajes de Programación,2026-1,100,0,82.4,3,12.7,19.2,13.4
E00124,Ana Ponce,Redes de Computadoras,2025-2,100,8.5,63.6,3,19.7,19.9,15.4
E00125,Diego Reyes,Matemática Discreta,2025-2,57.8,0,52.1,3,15.0,17.6,12.8
E00126,Ana Zapata,Estructuras de Datos,2026-1,75.1,3.3,41.4,4,12.8,16.2,17.5
E00127,Franco Quispe,Lenguajes de Programación,2025-2,70.2,1.6,93.7,3,9.6,12.6,7.7
E00128,Renata Alva,Redes de Computadoras,2025-2,54.9,5.1,83.7,2,7.2,11.2,10.5
E00129,Antonella Mendoza,Matemática Discreta,2026-1,53.7,10.0,47.0,5,14.4,14.8,16.5
E00130,Gabriela Ponce,Base de Datos,2026-1,94.9,11.0,81.5,4,11.9,13.9,8.0
E00131,Renata Pérez,Estructuras de Datos,2025-2,92.6,13.7,75.2,2,14.9,13.5,12.5
E00132,María Ramírez,Lenguajes de Programación,2026-1,83.5,13.1,93.0,2,9.8,14.2,8.3
E00133,Sofía Palomino,Base de Datos,2026-1,63.4,4.5,100,3,8.3,9.8,6.2
E00134,Daniela Cabrera,Base de Datos,2025-2,48.0,1.8,100,5,12.4,9.4,16.8
E00135,Carlos Huamán,Estructuras de Datos,2025-2,60.6,2.2,73.5,4,19.1,19.2,17.3
E00136,Antonella Reyes,Matemática Discreta,2025-2,85.1,4.8,87.4,3,17.2,14.1,13.3
E00137,Diego Huamán,Redes de Computadoras,2026-1,85.4,5.1,81.0,4,10.3,8.8,9.1
E00138,Jorge Aguilar,Matemática Discreta,2025-2,60.8,4.3,48.0,3,12.6,11.2,14.6
E00139,Antonella Reyes,Estructuras de Datos,2026-1,77.8,5.1,81.9,2,11.3,5.8,6.9
E00140,Iván Torres,Estructuras de Datos,2025-2,72.5,8.9,75.3,2,8.8,11.8,7.6
E00141,Renata López,Redes de Computadoras,2026-1,67.3,4.5,96.7,3,11.9,11.4,13.1
E00142,Fabián Mendoza,Redes de Computadoras,2026-1,100,4.6,50.1,5,10.3,3.6,7.3
E00143,Alonso Torres,Lenguajes de Programación,2026-1,51.9,7.2,81.8,2,12.5,11.9,16.5
E00144,Tomás Rojas,Lenguajes de Programación,2026-1,84.7,7.3,82.3,3,11.1,11.6,9.9
E00145,Rosa López,Lenguajes de Programación,2025-2,97.5,4.0,51.3,4,12.6,18.2,11.5
E00146,Luis López,Matemática Discreta,2026-1,52.8,3.0,83.3,2,11.5,12.1,9.2
E00147,Andrés Herrera,Estructuras de Datos,2025-2,68.1,0,45.5,1,10.0,13.2,14.7
E00148,Sebastián Herrera,Base de Datos,2025-2,86.1,8.4,49.2,3,10.5,18.3,18.4
E00149,Estefanía Medina,Lenguajes de Programación,2025-2,46.0,3.4,68.4,3,11.5,13.4,13.3
E00150,Andrés Aguilar,Base de Datos,2026-1,94.6,14.9,78.2,4,14.8,12.1,14.2
E00151,Vicente Vega,Redes de Computadoras,2025-2,85.3,7.4,54.6,4,10.2,14.3,13.8
E00152,Joaquín Herrera,Redes de Computadoras,2026-1,48.0,4.6,90.9,3,6.6,10.5,7.2
E00153,Mateo Chávez,Lenguajes de Programación,2026-1,67.1,6.0,91.3,5,15.6,14.1,15.2
E00154,Luis Ortiz,Estructuras de Datos,2026-1,75.0,7.9,98.0,4,10.3,16.1,13.9
E00155,Isabela Soto,Estructuras de Datos,2026-1,92.1,10.1,56.5,4,15.6,19.2,14.9
E00156,Luis Rojas,Base de Datos,2026-1,51.4,0,70.6,1,6.9,7.8,6.5
E00157,Manuel Ortiz,Estructuras de Datos,2025-2,42.2,8.2,53.4,2,18.0,14.2,16.7
E00158,Diego Ortiz,Matemática Discreta,2026-1,84.2,8.2,56.6,3,10.5,13.0,12.6
E00159,Bruno Reyes,Redes de Computadoras,2025-2,100,9.9,78.5,4,10.5,4.8,13.2
E00160,Emilia Mendoza,Matemática Discreta,2025-2,77.6,8.2,94.0,5,5.4,8.9,11.0
E00161,Milagros Torres,Estructuras de Datos,2026-1,91.2,6.0,62.9,1,10.0,10.0,13.3
E00162,Vicente Aguilar,Matemática Discreta,2026-1,34.8,1.9,81.5,4,20,17.8,15.2
E00163,Paula Herrera,Matemática Discreta,2026-1,53.5,7.5,82.5,2,14.2,15.8,11.5
E00164,Joaquín Torres,Base de Datos,2025-2,54.3,4.4,53.0,5,17.0,12.2,14.0
E00165,Bruno Mendoza,Estructuras de Datos,2025-2,78.5,3.8,90.7,5,8.7,10.5,9.2
E00166,Antonella Mendoza,Redes de Computadoras,2025-2,58.1,6.4,90.6,4,8.2,8.0,5.8
E00167,Natalia Alva,Lenguajes de Programación,2026-1,60.7,6.9,93.4,2,9.8,13.0,9.3
E00168,Antonella Medina,Estructuras de Datos,2025-2,90.4,5.8,75.8,4,17.4,20,15.1
E00169,Renata Vega,Matemática Discreta,2026-1,88.9,5.3,33.4,3,15.8,15.1,13.7
E00170,Fabián Vargas,Redes de Computadoras,2026-1,83.7,7.7,75.7,3,13.7,13.5,12.9
E00171,Camila Castillo,Estructuras de Datos,2025-2,52.7,7.1,82.6,3,6.2,4.4,5.9
E00172,Valeria Salazar,Matemática Discreta,2026-1,55.7,9.8,89.0,3,16.2,12.4,16.8
E00173,Emilio Cárdenas,Redes de Computadoras,2025-2,83.2,11.7,55.3,3,14.7,16.9,14.7
E00174,Andrés Cabrera,Estructuras de Datos,2025-2,71.3,6.4,100,4,8.8,6.3,11.6
E00175,Zoe Chávez,Matemática Discreta,2025-2,70.1,5.0,100,4,8.8,13.3,15.2
E00176,Jorge Quispe,Redes de Computadoras,2025-2,54.4,8.7,84.5,3,20,16.6,20
E00177,Valeria Cabrera,Base de Datos,2026-1,88.8,4.4,83.0,2,4.4,4.6,1.6
E00178,Fabián Palomino,Matemática Discreta,2026-1,100,1.5,79.0,4,11.9,6.4,11.3
E00179,Daniela Alva,Redes de Computadoras,2025-2,100,7.6,90.3,4,18.2,17.3,20
E00180,Martina Ramírez,Lenguajes de Programación,2025-2,32.2,11.1,75.5,3,14.3,15.3,13.3
E00181,Jorge Soto,Estructuras de Datos,2025-2,76.1,1.6,66.3,2,14.6,18.2,15.8
E00182,Camila Rodríguez,Estructuras de Datos,2025-2,76.2,4.3,97.2,4,9.0,16.3,12.7
E00183,Fernanda Ramírez,Estructuras de Datos,2026-1,53.1,6.1,92.3,5,13.9,11.8,13.0
E00184,Julio Ramírez,Estructuras de Datos,2025-2,81.5,7.8,72.7,3,18.6,14.0,14.5
E00185,Isabela Mamani,Estructuras de Datos,2026-1,100,6.6,48.2,1,10.0,7.8,10.1
E00186,Miguel Quispe,Matemática Discreta,2026-1,66.0,4.6,57.1,5,19.0,20,19.5
E00187,Sebastián García,Lenguajes de Programación,2026-1,59.3,14.1,69.9,2,13.8,10.7,14.4
E00188,Ana Chávez,Redes de Computadoras,2025-2,80.5,0,99.3,2,16.3,12.5,12.3
E00189,Fernanda Zapata,Estructuras de Datos,2025-2,55.5,3.7,76.1,2,14.2,15.1,13.6
E00190,Emilio Delgado,Matemática Discreta,2026-1,97.8,9.7,44.6,2,13.7,10.4,8.5
E00191,Gabriela Alva,Base de Datos,2026-1,73.8,5.3,57.7,4,19.9,14.4,20
E00192,Valentina Vega,Matemática Discreta,2025-2,85.4,5.5,33.9,3,14.6,8.1,13.2
E00193,Isabela Cárdenas,Redes de Computadoras,2025-2,59.8,14.0,72.4,3,12.1,8.8,15.6
E00194,Sebastián Quispe,Redes de Computadoras,2026-1,52.1,1.6,84.9,4,13.9,14.4,14.1
E00195,Emilia Ponce,Estructuras de Datos,2025-2,88.0,3.6,86.8,4,5.9,9.7,6.9
E00196,Nicolás Cárdenas,Lenguajes de Programación,2026-1,100,11.2,73.8,3,9.8,4.1,9.5
E00197,María Cárdenas,Lenguajes de Programación,2026-1,67.7,6.1,82.1,1,18.3,16.1,17.5
E00198,Paula Mendoza,Matemática Discreta,2025-2,100,7.1,56.3,3,13.8,15.8,16.2
E00199,Diego Rivas,Lenguajes de Programación,2026-1,58.8,11.9,74.8,1,6.3,7.0,4.1
E00200,Daniela García,Lenguajes de Programación,2026-1,46.8,3.9,69.1,1,11.7,12.2,13.4
E00201,Valentina Pérez,Estructuras de Datos,2026-1,57.5,6.6,87.1,5,16.7,15.4,16.4
E00202,Franco Pérez,Matemática Discreta,2026-1,59.0,3.7,58.8,3,14.8,16.7,17.6
E00203,Zoe Vargas,Lenguajes de Programación,2025-2,84.9,11.3,78.9,3,18.2,20,17.1
E00204,Lucía Mamani,Base de Datos,2025-2,95.3,6.7,69.7,3,15.9,14.8,14.9
E00205,Gabriela Ramírez,Estructuras de Datos,2026-1,52.7,4.2,89.2,3,7.3,9.6,13.2
E00206,Jorge Mamani,Estructuras de Datos,2025-2,83.6,7.1,89.6,4,16.0,11.3,12.7
E00207,Natalia Herrera,Matemática Discreta,2025-2,42.3,0.5,67.3,2,13.0,14.6,12.3
E00208,Mateo Soto,Estructuras de Datos,2026-1,76.4,6.5,87.1,2,9.4,13.8,15.4
E00209,Ana Herrera,Estructuras de Datos,2025-2,79.1,11.6,67.0,4,11.3,9.5,11.1
E00210,Sebastián Cruz,Estructuras de Datos,2026-1,71.8,11.5,80.0,4,11.6,10.6,14.0
E00211,Camila Chávez,Base de Datos,2026-1,64.6,6.2,93.7,4,15.9,12.9,14.4
E00212,Adrián Pérez,Lenguajes de Programación,2026-1,100,6.5,44.5,1,20,19.6,20
E00213,Antonella Flores,Redes de Computadoras,2025-2,82.9,3.4,87.6,3,7.9,11.4,11.6
E00214,Alonso Chávez,Lenguajes de Programación,2025-2,100,9.2,97.8,4,11.9,20,19.3
E00215,Luis Cárdenas,Lenguajes de Programación,2026-1,59.4,4.5,78.2,4,14.7,16.3,16.1
E00216,Manuel López,Estructuras de Datos,2025-2,92.8,6.7,77.1,3,6.5,6.8,6.1
E00217,Emilio Huamán,Redes de Computadoras,2026-1,70.8,10.5,91.1,4,2.9,9.5,7.4
E00218,Luis Vargas,Lenguajes de Programación,2026-1,71.0,3.1,83.1,4,14.3,11.4,15.8
E00219,Andrés Soto,Matemática Discreta,2026-1,79.9,9.8,79.8,3,13.5,10.6,9.2
E00220,Isabela Delgado,Matemática Discreta,2025-2,20.8,7.1,86.4,3,16.7,11.3,13.8
E00221,Antonella Paredes,Matemática Discreta,2025-2,59.9,10.7,83.0,4,12.4,12.6,11.1
E00222,Antonella Soto,Estructuras de Datos,2025-2,80.6,0.1,64.5,1,10.3,15.1,14.2
E00223,María Herrera,Lenguajes de Programación,2026-1,79.6,10.7,69.2,3,18.2,16.9,20
E00224,Valentina Cabrera,Matemática Discreta,2026-1,62.1,10.2,53.7,3,10.8,12.5,12.3
E00225,Franco Ramírez,Estructuras de Datos,2026-1,67.8,6.7,90.7,3,15.3,15.7,15.9
E00226,Bruno Zapata,Lenguajes de Programación,2025-2,70.4,0.4,26.2,2,17.6,16.1,20
E00227,Adrián Huamán,Lenguajes de Programación,2026-1,60.1,9.8,76.2,4,19.9,16.3,18.1
E00228,Isabela Rivas,Base de Datos,2026-1,80.5,2.9,100,2,14.3,16.2,13.0
E00229,Fabián Sánchez,Redes de Computadoras,2025-2,68.4,8.4,94.1,3,12.4,12.6,15.2
E00230,Ricardo Rivas,Lenguajes de Programación,2025-2,63.4,8.5,100,2,19.9,17.5,18.9
E00231,Miguel Cabrera,Base de Datos,2026-1,59.4,0,62.2,2,18.8,8.6,18.3
E00232,Alejandra Rojas,Estructuras de Datos,2025-2,79.2,5.3,84.3,5,10.9,11.1,14.9
E00233,Isabela Huamán,Matemática Discreta,2025-2,79.5,9.9,100,2,14.8,12.8,13.7
E00234,Milagros Medina,Lenguajes de Programación,2025-2,54.9,14.5,75.7,4,13.7,9.1,10.3
E00235,Isabela García,Redes de Computadoras,2026-1,83.8,4.9,61.6,3,,11.7,6.4
E00236,Vicente Espinoza,Redes de Computadoras,2025-2,63.4,10.1,61.3,2,10.3,15.3,16.4
E00237,Luis Herrera,Estructuras de Datos,2025-2,68.6,3.1,83.3,2,14.3,13.6,14.6
E00238,Vicente Huamán,Lenguajes de Programación,2026-1,69.8,10.4,73.9,4,13.6,19.9,20
E00239,Martina Medina,Matemática Discreta,2026-1,59.6,8.2,60.3,2,16.7,16.8,17.4
E00240,María Palomino,Estructuras de Datos,2025-2,95.2,7.3,60.4,3,12.6,10.2,12.7
E00241,Sebastián Soto,Redes de Computadoras,2025-2,82.6,3.7,73.8,3,17.3,20,16.8
E00242,Carlos Castillo,Lenguajes de Programación,2025-2,55.1,13.0,84.1,2,13.6,14.9,13.0
E00243,Lucía Herrera,Base de Datos,2025-2,0,2.8,68.3,4,18.7,17.7,14.9
E00244,Luis Torres,Matemática Discreta,2026-1,94.1,8.1,59.0,1,9.4,9.4,8.3
E00245,Martina Rojas,Redes de Computadoras,2026-1,79.0,0.8,64.7,3,19.8,13.4,12.8
E00246,Andrés López,Matemática Discreta,2026-1,100,8.2,65.4,1,14.6,15.5,13.2
E00247,Estefanía Huamán,Matemática Discreta,2026-1,80.7,10.8,45.9,3,10.3,15.9,11.7
E00248,Sofía Rodríguez,Redes de Computadoras,2025-2,72.8,11.0,90.7,4,6.4,7.1,4.0
E00249,Estefanía Ortiz,Redes de Computadoras,2025-2,100,6.3,47.9,5,16.3,8.9,11.5
E00250,Zoe Castillo,Matemática Discreta,2026-1,55.0,8.4,72.3,5,11.6,14.4,18.0
E00251,Fernanda Gutiérrez,Base de Datos,2025-2,67.3,7.4,90.4,4,12.3,7.6,12.0
E00252,Antonella García,Matemática Discreta,2026-1,86.6,8.3,77.7,4,19.7,12.4,16.5
E00253,Lucía Vargas,Lenguajes de Programación,2026-1,,3.4,68.9,3,14.3,15.8,12.3
E00254,Valeria Torres,Matemática Discreta,2026-1,71.4,12.9,84.0,3,13.4,14.8,17.6
E00255,Martina Aguilar,Estructuras de Datos,2025-2,50.5,6.5,100,5,11.3,13.5,6.0
E00256,Zoe Chávez,Matemática Discreta,2025-2,66.6,6.1,81.4,4,,16.7,14.1
E00257,Valeria Gutiérrez,Estructuras de Datos,2025-2,76.0,6.3,64.0,3,16.4,13.4,13.7
E00258,Tomás Aguilar,Lenguajes de Programación,2026-1,68.9,13.3,92.4,1,13.3,20,20
E00259,Zoe Huamán,Estructuras de Datos,2026-1,100,0.5,69.7,3,13.6,12.5,14.2
E00260,Ana Vega,Redes de Computadoras,2025-2,41.2,7.9,41.1,4,15.0,15.1,15.5
E00261,Rosa Cárdenas,Estructuras de Datos,2025-2,75.8,4.2,70.1,2,17.6,18.0,17.5
E00262,Martina Gutiérrez,Lenguajes de Programación,2026-1,69.1,4.1,95.2,2,20,19.4,20
E00263,Andrés Huamán,Estructuras de Datos,2025-2,78.9,6.9,86.9,4,20,20,20
E00264,Valentina Gutiérrez,Redes de Computadoras,2026-1,83.9,8.0,87.6,4,19.8,12.4,17.6
E00265,Miguel Rodríguez,Redes de Computadoras,2026-1,63.3,2.4,94.0,1,9.9,13.8,12.3
E00266,Julio Paredes,Redes de Computadoras,2025-2,68.2,0.7,29.3,3,16.1,20,18.5
E00267,Zoe Salazar,Redes de Computadoras,2025-2,67.1,3.6,91.5,4,15.0,11.3,15.0
E00268,Lucía Torres,Estructuras de Datos,2025-2,54.1,10.4,75.2,4,12.4,13.2,11.4
E00269,María Cárdenas,Base de Datos,2026-1,66.2,5.8,65.9,1,15.6,14.3,13.5
E00270,Daniela Alva,Matemática Discreta,2026-1,87.0,6.3,60.3,2,13.6,10.3,8.1
E00271,Jorge Herrera,Matemática Discreta,2026-1,85.6,10.7,84.4,4,14.6,11.8,10.1
E00272,Andrés Ortiz,Lenguajes de Programación,2026-1,74.4,2.7,100,2,18.1,16.1,14.8
E00273,Nicolás Cárdenas,Lenguajes de Programación,2025-2,80.0,5.3,65.9,4,14.4,15.2,12.5
E00274,Ana Alva,Matemática Discreta,2025-2,66.0,0.3,78.4,3,15.4,14.3,10.3
E00275,Lucía Quispe,Estructuras de Datos,2025-2,61.8,1.3,54.4,3,11.7,12.5,13.8
E00276,Ana López,Matemática Discreta,2026-1,52.5,7.4,81.3,2,18.0,16.2,16.2
E00277,Miguel Herrera,Lenguajes de Programación,2026-1,87.8,3.2,97.2,3,13.1,12.8,11.9
E00278,Luis Flores,Matemática Discreta,2026-1,87.3,0,53.4,4,19.2,18.3,17.7
E00279,Diego García,Base de Datos,2026-1,57.0,7.9,83.5,2,14.5,16.9,16.7
E00280,Tomás Flores,Matemática Discreta,2025-2,40.7,9.7,88.7,2,12.8,11.7,9.0
E00281,Renata Sánchez,Redes de Computadoras,2025-2,100,2.3,59.7,2,10.4,9.4,8.6
E00282,Mateo Flores,Lenguajes de Programación,2026-1,87.7,4.4,74.7,2,10.8,11.3,11.0
E00283,Joaquín López,Base de Datos,2025-2,89.8,7.1,86.8,4,11.4,12.7,9.7
E00284,Fabián Alva,Matemática Discreta,2026-1,90.5,6.4,65.7,4,14.2,11.0,13.2
E00285,Adrián Pérez,Matemática Discreta,2026-1,80.5,1.9,50.0,3,20,18.7,15.9
E00286,Isabela Ortiz,Base de Datos,2026-1,75.9,4.3,92.4,3,8.5,9.3,9.7
E00287,Carlos García,Lenguajes de Programación,2026-1,50.7,6.6,70.4,4,20,17.9,17.0
E00288,Gabriela Rojas,Lenguajes de Programación,2026-1,100,8.7,49.5,2,7.7,6.1,14.4
E00289,Gabriela Quispe,Lenguajes de Programación,2025-2,45.3,9.3,82.6,2,16.3,13.8,17.9
E00290,Ana Zapata,Lenguajes de Programación,2025-2,77.4,13.2,66.2,2,13.6,12.8,11.5
E00291,Milagros Cárdenas,Lenguajes de Programación,2025-2,69.3,7.1,81.0,3,11.8,8.4,15.1
E00292,Emilio Chávez,Estructuras de Datos,2026-1,64.4,5.5,66.7,2,18.0,16.6,17.9
E00293,Alonso Flores,Matemática Discreta,2026-1,100,8.6,79.1,3,11.7,15.3,12.3
E00294,Martina Reyes,Lenguajes de Programación,2026-1,69.7,1.8,64.9,4,16.8,17.2,10.5
E00295,Gabriela Gutiérrez,Lenguajes de Programación,2026-1,72.1,3.4,90.6,4,18.1,18.9,14.7
E00296,Jorge Sánchez,Estructuras de Datos,2025-2,81.6,7.0,75.4,2,12.6,,9.0
E00297,Zoe Ramírez,Lenguajes de Programación,2025-2,100,1.4,62.5,3,13.6,12.4,14.2
E00298,Miguel Cárdenas,Estructuras de Datos,2026-1,55.0,1.6,60.9,3,12.3,18.8,15.6
E00299,Daniela Vega,Matemática Discreta,2025-2,88.0,5.1,100,1,13.1,9.8,12.1
E00300,Martina Pérez,Matemática Discreta,2025-2,80.3,0,64.9,4,2.6,1.7,6.9
E00301,Carlos Vega,Estructuras de Datos,2025-2,83.6,6.3,73.8,2,10.9,13.1,14.5
E00302,Estefanía Mendoza,Matemática Discreta,2025-2,72.0,4.4,59.1,3,9.1,10.9,13.8
E00303,Andrés Medina,Estructuras de Datos,2025-2,48.4,4.7,60.3,3,20,20,20
E00304,Milagros Torres,Estructuras de Datos,2025-2,59.7,5.0,67.7,3,8.2,13.0,11.1
E00305,Ximena Palomino,Lenguajes de Programación,2025-2,64.0,13.6,89.9,4,,7.9,11.2
E00306,Emilia Torres,Redes de Computadoras,2026-1,50.7,8.3,63.8,5,16.9,17.3,18.1
E00307,Lucía Espinoza,Base de Datos,2026-1,41.4,3.6,82.1,4,8.0,13.7,9.9
E00308,Vicente Soto,Redes de Computadoras,2025-2,90.9,10.2,83.4,3,4.7,8.5,12.7
E00309,Estefanía Cruz,Matemática Discreta,2026-1,88.9,6.8,99.6,5,,15.3,17.0
E00310,Estefanía Pérez,Base de Datos,2025-2,64.6,5.0,51.4,4,10.7,11.6,6.3
E00311,Martina García,Base de Datos,2025-2,100,6.9,87.5,1,12.0,9.9,10.2
E00312,Antonella Huamán,Base de Datos,2026-1,70.1,11.3,100,2,8.1,9.2,13.5
E00313,Sebastián Salazar,Base de Datos,2025-2,73.9,3.7,73.8,2,20,18.5,20
E00314,Ricardo Medina,Redes de Computadoras,2026-1,48.6,3.7,87.4,4,5.6,3.2,9.3
E00315,Valeria Chávez,Matemática Discreta,2026-1,96.8,0,46.0,3,15.9,11.7,14.7
E00316,Ana Quispe,Base de Datos,2026-1,53.3,1.3,85.9,2,10.2,8.8,12.6
E00317,Renata Gutiérrez,Base de Datos,2025-2,70.1,6.2,79.7,2,20,17.1,20
E00318,Estefanía Pérez,Redes de Computadoras,2026-1,88.3,0,70.4,3,7.1,8.3,8.7
E00319,Iván Vargas,Lenguajes de Programación,2025-2,55.7,9.1,68.8,2,14.3,11.6,14.7
E00320,Carlos Rodríguez,Lenguajes de Programación,2026-1,49.8,8.2,87.1,3,14.2,18.5,13.0
E00321,Miguel Aguilar,Matemática Discreta,2025-2,37.3,6.8,74.8,3,20,15.8,20
E00322,Alonso García,Lenguajes de Programación,2025-2,72.5,6.9,70.2,3,4.9,6.5,9.4
E00323,Zoe Rojas,Matemática Discreta,2025-2,60.5,13.3,42.8,4,11.7,4.3,13.1
E00324,Bruno Zapata,Estructuras de Datos,2025-2,36.0,12.9,84.5,3,12.9,7.4,8.7
E00325,Joaquín Medina,Lenguajes de Programación,2025-2,100,1.1,96.2,2,7.4,4.4,7.5
E00326,Daniela Ramírez,Lenguajes de Programación,2026-1,89.0,8.5,69.0,4,14.1,13.5,7.7
E00327,Jorge Castillo,Base de Datos,2025-2,87.1,3.1,97.9,5,13.9,12.2,19.0
E00328,Ximena Espinoza,Base de Datos,2026-1,82.5,1.7,87.1,3,18.2,16.3,17.0
E00329,Lucía Mendoza,Matemática Discreta,2025-2,54.1,11.4,100,4,9.3,13.5,9.3
E00330,Alejandra Delgado,Lenguajes de Programación,2026-1,,2.6,88.8,3,6.3,3.8,4.5
E00331,Luis Vargas,Redes de Computadoras,2025-2,45.1,6.4,72.4,2,20,20,20
E00332,Tomás Cruz,Matemática Discreta,2026-1,63.1,5.2,49.7,3,12.7,15.1,19.4
E00333,Camila Cruz,Matemática Discreta,2026-1,100,9.3,69.4,3,3.4,3.1,10.1
E00334,Carlos García,Redes de Computadoras,2025-2,89.7,6.8,59.3,2,10.7,14.4,14.1
E00335,Joaquín Vega,Matemática Discreta,2025-2,92.7,4.9,86.8,3,18.2,13.4,18.8
E00336,Camila Aguilar,Matemática Discreta,2025-2,42.0,1.0,71.5,4,11.2,10.4,9.9
E00337,Zoe Ramírez,Lenguajes de Programación,2025-2,88.7,7.7,27.7,4,20,20,20
E00338,Nicolás Cabrera,Lenguajes de Programación,2025-2,83.0,7.0,100,3,18.6,17.1,17.1
E00339,Ana Quispe,Matemática Discreta,2026-1,54.8,12.7,77.2,3,20,13.8,16.8
E00340,Manuel Aguilar,Matemática Discreta,2025-2,82.2,7.1,72.0,3,11.7,13.3,13.0
E00341,Rosa Soto,Base de Datos,2025-2,37.7,8.9,69.2,1,20,19.2,19.3
E00342,Bruno Delgado,Lenguajes de Programación,2026-1,95.2,9.1,93.4,2,14.7,17.6,18.1
E00343,Valeria Paredes,Base de Datos,2026-1,63.0,7.3,,3,14.1,11.6,16.8
E00344,Rosa Quispe,Matemática Discreta,2026-1,71.2,1.8,87.5,3,17.1,19.9,15.8
E00345,Alejandra Castillo,Lenguajes de Programación,2025-2,73.8,6.4,65.1,5,13.8,13.7,16.8
E00346,Paula Rivas,Matemática Discreta,2026-1,97.6,8.0,47.5,2,8.4,8.3,12.2
E00347,Estefanía Soto,Estructuras de Datos,2026-1,89.5,6.5,83.4,3,20,20,20
E00348,Nicolás Vega,Matemática Discreta,2025-2,79.4,11.2,54.8,3,8.0,12.1,8.5
E00349,Ximena Herrera,Base de Datos,2025-2,68.4,3.8,44.2,3,7.1,7.7,7.9
E00350,Emilia Mendoza,Lenguajes de Programación,2025-2,75.9,6.3,25.8,3,13.3,14.9,13.9
E00351,Camila Vargas,Matemática Discreta,2026-1,87.6,7.8,81.8,4,11.6,9.9,9.0
E00352,Iván Salazar,Estructuras de Datos,2026-1,67.6,12.6,73.5,2,12.4,13.1,11.3
E00353,Gabriela Castillo,Estructuras de Datos,2026-1,72.7,5.8,44.5,4,14.5,14.0,13.5
E00354,Paula Cabrera,Redes de Computadoras,2026-1,86.8,2.3,70.5,4,10.2,13.6,14.3
E00355,Lucía Zapata,Base de Datos,2026-1,61.8,1.6,61.9,4,13.3,12.3,7.6
E00356,Carlos Huamán,Matemática Discreta,2025-2,100,5.0,74.6,3,10.2,14.0,18.7
E00357,Ximena Herrera,Redes de Computadoras,2025-2,100,1.4,79.1,2,8.9,18.4,8.9
E00358,Mateo Torres,Estructuras de Datos,2026-1,67.6,8.3,51.2,4,11.9,12.3,12.9
E00359,Antonella Alva,Lenguajes de Programación,2026-1,53.5,2.0,60.6,4,13.6,9.4,11.3
E00360,Joaquín Gutiérrez,Estructuras de Datos,2025-2,48.8,0,74.8,4,12.5,15.7,14.8
E00361,Alonso López,Lenguajes de Programación,2026-1,89.9,2.4,63.6,1,9.9,11.1,7.3
E00362,Daniela Mendoza,Matemática Discreta,2025-2,83.4,8.5,79.6,3,15.6,18.1,11.3
E00363,Franco Rodríguez,Base de Datos,2026-1,58.5,7.9,80.1,4,14.2,13.9,17.1
E00364,Milagros Rodríguez,Matemática Discreta,2026-1,87.0,12.1,66.3,3,16.6,14.6,17.5
E00365,Miguel Herrera,Matemática Discreta,2026-1,56.3,8.5,,2,13.1,18.5,11.6
E00366,Andrés Cruz,Lenguajes de Programación,2026-1,100,4.5,93.4,1,10.5,13.7,16.4
E00367,Carlos Cárdenas,Lenguajes de Programación,2026-1,84.4,12.8,64.2,2,6.8,,10.5
E00368,Miguel Pérez,Redes de Computadoras,2026-1,79.0,10.2,68.9,4,13.1,16.1,16.4
E00369,Adrián Ortiz,Lenguajes de Programación,2026-1,91.9,6.4,81.9,4,20,20,19.2
E00370,Ana Zapata,Redes de Computadoras,2026-1,67.8,9.3,97.1,3,12.5,11.9,12.3
E00371,Ricardo Ramírez,Redes de Computadoras,2026-1,66.6,5.3,38.1,3,16.9,12.4,11.3
E00372,Adrián López,Lenguajes de Programación,2025-2,50.2,0,80.1,5,14.8,15.5,13.6
E00373,Joaquín Salazar,Lenguajes de Programación,2025-2,72.7,10.3,95.7,3,12.9,12.2,11.4
E00374,Diego Soto,Redes de Computadoras,2026-1,78.4,3.5,57.7,3,16.4,14.5,11.6
E00375,Daniela Mamani,Base de Datos,2026-1,79.6,11.0,100,4,9.8,6.5,7.6
E00376,Zoe Huamán,Redes de Computadoras,2025-2,71.4,9.0,60.1,3,13.6,15.5,15.3
E00377,Bruno Ramírez,Base de Datos,2025-2,50.0,2.6,100,3,7.5,12.3,10.8
E00378,Adrián Flores,Lenguajes de Programación,2026-1,62.9,6.6,68.3,4,8.3,11.7,7.9
E00379,Gabriela Salazar,Redes de Computadoras,2025-2,79.2,7.8,73.1,3,15.4,12.7,12.7
E00380,Iván Rojas,Redes de Computadoras,2026-1,71.8,10.7,97.6,2,14.2,17.3,19.2
E00381,Fernanda Salazar,Estructuras de Datos,2025-2,76.1,10.6,51.7,3,17.0,12.9,14.9
E00382,Emilio Herrera,Estructuras de Datos,2025-2,38.3,6.5,51.3,5,12.8,7.7,8.2
E00383,María Palomino,Redes de Computadoras,2026-1,92.9,8.3,61.4,4,15.8,20,16.0
E00384,Jorge Alva,Lenguajes de Programación,2025-2,72.7,11.3,74.9,4,13.2,17.3,11.4
E00385,Nicolás Torres,Lenguajes de Programación,2025-2,33.1,10.5,54.3,2,13.6,12.7,14.4
E00386,Andrés Espinoza,Redes de Computadoras,2026-1,73.0,11.2,72.6,3,20,16.0,17.5
E00387,Iván Alva,Estructuras de Datos,2025-2,50.5,8.3,93.6,3,14.1,11.3,10.4
E00388,Julio Alva,Lenguajes de Programación,2025-2,68.0,2.2,96.3,4,6.2,12.0,7.8
E00389,Franco Palomino,Lenguajes de Programación,2025-2,62.4,5.2,85.2,3,12.9,10.9,6.5
E00390,Martina Rivas,Matemática Discreta,2026-1,50.8,3.7,82.2,2,10.8,7.7,8.9
E00391,Milagros Aguilar,Redes de Computadoras,2026-1,62.4,1.8,64.0,3,13.0,13.6,12.2
E00392,Fernanda Mendoza,Matemática Discreta,2025-2,52.1,5.9,57.5,2,17.9,18.4,15.7
E00393,Bruno Ponce,Matemática Discreta,2026-1,66.3,6.3,67.9,4,10.2,8.0,6.0
E00394,Miguel Rojas,Estructuras de Datos,2026-1,40.7,1.4,71.1,2,10.5,10.2,15.1
E00395,Julio Sánchez,Matemática Discreta,2025-2,94.3,4.5,81.3,3,15.6,11.8,13.0
E00396,Sofía Palomino,Estructuras de Datos,2026-1,66.6,10.5,75.4,3,11.4,15.6,15.8
E00397,Nicolás Espinoza,Lenguajes de Programación,2026-1,55.1,6.3,73.2,3,19.5,18.1,16.7
E00398,María Castillo,Matemática Discreta,2025-2,93.7,4.1,89.2,3,15.3,9.0,8.2
E00399,Bruno Huamán,Lenguajes de Programación,2026-1,85.1,5.3,74.6,3,5.9,10.0,11.8
E00400,Andrés Soto,Lenguajes de Programación,2026-1,69.1,9.2,85.1,1,8.7,10.8,6.8
E00401,Martina Rivas,Matemática Discreta,2026-1,92.3,7.9,60.1,4,10.7,17.2,13.6
E00402,Antonella Paredes,Estructuras de Datos,2025-2,58.7,5.1,74.3,2,18.8,16.2,13.4
E00403,Adrián Delgado,Base de Datos,2026-1,83.5,7.4,40.5,4,13.2,16.8,14.9
E00404,Sebastián Cruz,Redes de Computadoras,2025-2,54.2,3.8,78.0,3,13.7,10.1,15.1
E00405,Vicente Vargas,Matemática Discreta,2025-2,93.2,6.6,75.6,4,4.6,11.3,6.0
E00406,María Zapata,Redes de Computadoras,2025-2,56.2,10.0,56.1,1,14.3,9.3,17.7
E00407,Paula Mendoza,Lenguajes de Programación,2025-2,75.2,13.5,100,5,10.0,11.5,5.1
E00408,Vicente Aguilar,Estructuras de Datos,2025-2,80.7,2.0,67.4,2,7.7,6.4,11.7
E00409,Diego Rojas,Lenguajes de Programación,2026-1,43.1,5.5,,2,18.0,13.4,10.2
E00410,Alonso Espinoza,Redes de Computadoras,2026-1,51.2,0,83.8,2,6.3,6.1,9.4
E00411,Martina Rivas,Redes de Computadoras,2026-1,57.4,8.5,100,3,20,,19.0
E00412,Joaquín Cabrera,Base de Datos,2025-2,37.3,6.7,45.0,4,13.4,11.3,8.8
E00413,Luis Reyes,Lenguajes de Programación,2025-2,86.0,0.3,77.5,4,20,20,19.8
E00414,Diego López,Base de Datos,2025-2,76.1,4.0,90.9,3,11.1,10.9,8.7
E00415,Manuel Torres,Estructuras de Datos,2025-2,87.4,4.3,49.2,2,15.6,15.1,17.2
E00416,Alejandra Mendoza,Lenguajes de Programación,2026-1,78.9,0.5,70.4,5,20,18.4,16.5
E00417,Sebastián Flores,Estructuras de Datos,2026-1,75.2,3.0,68.7,4,10.7,12.8,10.9
E00418,Fabián Mendoza,Base de Datos,2025-2,61.9,11.3,62.9,5,12.5,15.9,16.4
E00419,Isabela Paredes,Estructuras de Datos,2026-1,100,4.3,65.8,3,12.1,9.7,11.1
E00420,Valeria Huamán,Lenguajes de Programación,2025-2,70.6,4.9,52.2,2,6.8,5.6,8.9
E00421,Ana Pérez,Estructuras de Datos,2025-2,69.4,5.0,87.7,5,15.3,11.0,9.0
E00422,Luis Vega,Redes de Computadoras,2025-2,35.2,2.4,54.8,3,13.4,16.1,15.0
E00423,Estefanía Paredes,Lenguajes de Programación,2026-1,89.8,11.0,80.5,4,11.1,7.4,8.1
E00424,Valeria Vargas,Estructuras de Datos,2025-2,70.5,1.2,85.4,4,15.4,19.5,15.0
E00425,Franco Castillo,Redes de Computadoras,2026-1,38.6,1.4,100,4,14.8,12.7,11.8
E00426,Rodrigo Herrera,Estructuras de Datos,2025-2,53.8,0.8,70.9,4,18.1,17.0,20
E00427,Ximena Chávez,Estructuras de Datos,2026-1,73.4,0.2,61.2,3,19.0,14.0,12.2
E00428,Valentina Vega,Redes de Computadoras,2026-1,53.5,2.9,70.1,4,9.4,9.7,8.6
E00429,Emilio Palomino,Base de Datos,2025-2,79.2,3.3,67.4,5,11.9,12.8,17.5
E00430,Fabián Espinoza,Base de Datos,2025-2,88.1,9.3,83.2,3,12.9,17.1,9.9
E00431,Sofía Castillo,Lenguajes de Programación,2026-1,100,6.9,90.9,4,14.5,18.3,20
E00432,Manuel Delgado,Lenguajes de Programación,2026-1,68.4,0,75.9,4,12.2,11.0,7.9
E00433,Camila Vargas,Redes de Computadoras,2026-1,47.7,7.4,73.7,2,20,16.1,14.0
E00434,Fernanda López,Base de Datos,2025-2,69.9,9.5,100,2,,7.7,13.4
E00435,Gabriela Medina,Estructuras de Datos,2025-2,90.5,9.1,69.9,2,7.0,11.4,9.8
E00436,Paula Gutiérrez,Lenguajes de Programación,2026-1,85.5,5.5,,4,9.5,3.1,11.9
E00437,Ximena Delgado,Estructuras de Datos,2026-1,69.9,1.8,100,3,7.5,13.3,12.2
E00438,Zoe Cabrera,Matemática Discreta,2025-2,70.9,0.8,53.9,5,14.6,12.2,13.9
E00439,Jorge Cabrera,Matemática Discreta,2025-2,80.2,3.9,96.6,2,17.1,15.3,15.6
E00440,Martina Cabrera,Base de Datos,2025-2,70.3,6.3,66.0,2,13.5,9.2,13.3
E00441,Franco Gutiérrez,Estructuras de Datos,2026-1,46.8,7.7,86.7,2,12.3,10.6,14.5
E00442,Diego Flores,Matemática Discreta,2025-2,92.1,4.2,77.8,4,16.3,15.1,16.9
E00443,Alejandra Delgado,Redes de Computadoras,2025-2,75.1,5.5,49.6,2,15.0,16.9,12.8
E00444,Miguel Flores,Lenguajes de Programación,2026-1,66.1,11.1,71.5,1,9.3,10.2,4.8
E00445,Alonso Ramírez,Estructuras de Datos,2025-2,69.9,0,89.8,2,13.9,15.0,14.8
E00446,Adrián Zapata,Estructuras de Datos,2025-2,64.9,9.7,98.2,2,6.5,11.7,11.7
E00447,Andrés Mendoza,Estructuras de Datos,2026-1,78.6,0,58.1,4,19.3,20,20
E00448,María Rojas,Redes de Computadoras,2025-2,64.2,4.8,52.9,4,20,13.6,18.6
E00449,Valeria Rojas,Redes de Computadoras,2025-2,69.8,7.1,92.6,5,14.5,14.7,11.4
E00450,Manuel Quispe,Matemática Discreta,2025-2,54.0,7.1,100,3,13.3,16.3,11.8
E00451,Adrián Herrera,Estructuras de Datos,2026-1,100,9.3,64.3,5,13.5,8.8,12.6
E00452,Lucía Medina,Base de Datos,2025-2,70.3,1.5,72.8,1,10.7,12.1,9.4
E00453,Sebastián Flores,Base de Datos,2025-2,89.0,8.4,64.1,2,,20,15.8
E00454,Rodrigo Espinoza,Redes de Computadoras,2025-2,69.1,0.3,81.4,2,16.5,20,20.0
E00455,Camila Cabrera,Matemática Discreta,2026-1,53.9,8.8,96.8,2,10.7,7.0,7.4
E00456,Manuel Quispe,Lenguajes de Programación,2026-1,79.3,0,100,2,18.4,10.8,11.0
E00457,Lucía Paredes,Redes de Computadoras,2026-1,100,2.7,100,1,8.9,9.9,9.1
E00458,Vicente López,Estructuras de Datos,2025-2,72.4,4.0,59.5,5,14.9,11.0,10.0
E00459,Jorge Vargas,Redes de Computadoras,2026-1,88.8,5.1,93.6,1,7.7,9.6,12.5
E00460,Valeria Torres,Lenguajes de Programación,2025-2,49.6,4.7,74.3,1,13.4,14.5,15.6
E00461,Ximena Chávez,Matemática Discreta,2025-2,74.7,10.8,31.3,4,19.2,20,15.5
E00462,Daniela Vargas,Estructuras de Datos,2025-2,69.9,0,91.4,5,17.0,12.2,19.7
E00463,Joaquín Herrera,Redes de Computadoras,2026-1,85.1,10.6,73.0,3,10.9,9.0,8.7
E00464,Luis Rojas,Matemática Discreta,2026-1,65.4,7.6,85.8,5,11.6,9.7,11.3
E00465,Valentina Sánchez,Base de Datos,2026-1,88.5,8.1,62.8,5,16.0,11.0,18.6
E00466,Camila Zapata,Redes de Computadoras,2026-1,82.4,7.2,71.9,2,12.9,13.1,14.3
E00467,Lucía López,Lenguajes de Programación,2026-1,63.2,0,85.6,2,10.8,12.7,13.4
E00468,Estefanía Rivas,Redes de Computadoras,2026-1,89.4,8.3,63.3,3,12.8,15.5,13.3
E00469,Isabela Zapata,Base de Datos,2026-1,59.2,3.7,100,3,12.7,15.8,13.7
E00470,Sebastián Torres,Estructuras de Datos,2026-1,86.2,6.3,82.8,2,15.7,16.5,16.3
E00471,Bruno López,Matemática Discreta,2025-2,79.6,5.9,,4,13.9,17.5,14.9
E00472,Milagros Zapata,Redes de Computadoras,2025-2,66.4,3.7,65.7,2,13.7,18.8,13.8
E00473,María Rodríguez,Redes de Computadoras,2025-2,100,6.3,44.9,2,20,20,20
E00474,Franco Ramírez,Base de Datos,2026-1,66.7,4.5,54.8,3,17.8,17.1,8.5
E00475,Vicente Pérez,Base de Datos,2025-2,58.4,9.5,68.7,4,16.7,15.8,17.8
E00476,Rodrigo Soto,Redes de Computadoras,2025-2,67.6,8.3,67.8,4,20,14.4,20
E00477,Emilia López,Matemática Discreta,2026-1,84.0,5.7,59.3,2,15.5,15.8,18.5
E00478,Mateo Vega,Matemática Discreta,2025-2,65.4,5.8,70.5,3,12.8,18.3,12.5
E00479,María Torres,Lenguajes de Programación,2025-2,91.1,5.0,85.8,2,8.2,9.4,9.2
E00480,Sofía Mendoza,Base de Datos,2025-2,100,5.8,100,1,20,17.4,18.4
E00481,Antonella Espinoza,Matemática Discreta,2025-2,55.9,5.6,56.7,2,20,17.7,18.3
E00482,Iván Alva,Lenguajes de Programación,2026-1,52.9,2.7,84.6,2,7.4,5.6,12.2
E00483,María Vega,Base de Datos,2026-1,75.0,3.6,71.3,4,19.7,20,20
E00484,Tomás Palomino,Estructuras de Datos,2025-2,88.2,3.3,97.5,4,7.9,10.2,8.2
E00485,Sofía Alva,Base de Datos,2026-1,48.0,5.5,76.4,3,11.9,14.3,15.8
E00486,Sebastián Ortiz,Estructuras de Datos,2025-2,73.8,2.2,76.1,1,17.3,16.8,14.1
E00487,Mateo Flores,Lenguajes de Programación,2026-1,74.3,4.0,38.3,3,15.5,17.7,14.1
E00488,María Gutiérrez,Matemática Discreta,2026-1,50.9,9.8,100,5,9.4,13.4,9.8
E00489,Isabela Alva,Matemática Discreta,2026-1,23.6,8.5,100,4,,9.2,4.7
E00490,Rodrigo López,Matemática Discreta,2026-1,83.8,4.9,68.7,3,14.3,16.8,20
E00491,Andrés Soto,Lenguajes de Programación,2026-1,53.1,9.8,66.2,3,,20,20
E00492,Isabela Ponce,Redes de Computadoras,2025-2,62.7,10.9,62.5,5,12.5,12.6,11.1
E00493,Camila Mamani,Estructuras de Datos,2025-2,66.0,8.3,74.2,3,11.0,10.8,11.1
E00494,Alonso Vega,Lenguajes de Programación,2025-2,38.9,6.3,62.5,5,12.8,16.8,14.7
E00495,Ximena Cárdenas,Matemática Discreta,2026-1,77.9,10.1,68.0,3,19.0,12.4,16.7
E00496,Ricardo Torres,Redes de Computadoras,2025-2,100,6.6,39.7,4,1.6,6.3,2.7
E00497,Isabela Ramírez,Estructuras de Datos,2025-2,61.2,7.6,100,2,9.8,6.6,6.8
E00498,Jorge Flores,Estructuras de Datos,2026-1,74.7,5.5,66.0,3,13.2,14.5,17.4
E00499,Iván García,Base de Datos,2025-2,75.0,12.2,65.1,4,11.8,8.6,4.3
E00500,Emilia Reyes,Base de Datos,2025-2,61.3,10.5,48.9,2,12.9,11.2,12.5
E00501,Emilio Paredes,Estructuras de Datos,2026-1,76.8,2.0,60.0,4,5.1,6.8,7.5
E00502,Valentina Vargas,Estructuras de Datos,2025-2,49.9,11.1,86.8,1,11.6,9.9,10.1
E00503,Natalia Ortiz,Matemática Discreta,2025-2,76.2,10.0,73.3,3,11.1,13.3,9.0
E00504,Fernanda Herrera,Lenguajes de Programación,2026-1,79.6,2.3,72.5,3,11.1,13.5,10.5
E00505,Emilia Aguilar,Lenguajes de Programación,2025-2,96.5,11.4,65.1,3,8.1,,5.4
E00506,Ana Medina,Lenguajes de Programación,2026-1,87.8,10.3,85.3,5,6.9,16.2,17.1
E00507,María Pérez,Base de Datos,2025-2,65.6,10.0,90.0,3,18.2,16.2,16.9
E00508,Tomás Castillo,Lenguajes de Programación,2026-1,70.3,4.7,43.4,4,8.4,8.5,9.4
E00509,Ana Reyes,Redes de Computadoras,2025-2,75.4,6.7,71.4,4,20,17.8,20
E00510,Emilio Medina,Redes de Computadoras,2026-1,100,7.8,71.6,3,20,19.7,17.1
E00511,Milagros Cruz,Redes de Computadoras,2026-1,48.9,5.9,89.7,5,14.4,15.6,10.9
E00512,Estefanía Reyes,Lenguajes de Programación,2025-2,99.8,6.6,79.5,4,8.2,8.9,12.6
E00513,Daniela Vargas,Estructuras de Datos,2025-2,52.4,2.8,58.7,5,9.7,9.2,10.8
E00514,Franco Cabrera,Lenguajes de Programación,2025-2,54.8,5.1,93.4,4,15.7,14.2,17.2
E00515,Milagros Reyes,Lenguajes de Programación,2026-1,45.2,7.0,100,4,10.2,14.0,11.5
E00516,Rodrigo Chávez,Base de Datos,2026-1,54.5,4.3,95.8,4,10.4,14.0,9.7
E00517,Gabriela Huamán,Base de Datos,2025-2,73.0,6.5,94.3,3,15.0,13.0,14.7
E00518,Emilia Salazar,Redes de Computadoras,2025-2,87.0,5.8,47.6,2,18.6,17.8,20
E00519,Camila Rodríguez,Base de Datos,2025-2,100,8.3,87.8,5,10.2,12.2,12.3
E00520,Valeria López,Base de Datos,2025-2,100,5.6,76.8,2,9.0,9.4,12.0
E00521,Rosa Salazar,Matemática Discreta,2025-2,48.5,0,37.6,2,16.1,11.8,14.5
E00522,Iván Alva,Matemática Discreta,2025-2,61.8,9.4,100,4,16.2,13.7,15.5
E00523,Sebastián Salazar,Lenguajes de Programación,2025-2,69.8,4.2,66.1,3,13.2,18.6,9.6
E00524,Sofía Cruz,Redes de Computadoras,2026-1,58.5,4.5,67.9,2,20,18.8,20
E00525,Valentina Rivas,Matemática Discreta,2025-2,73.0,6.3,89.7,4,16.3,13.1,13.4
E00526,Tomás Ramírez,Redes de Computadoras,2025-2,67.6,15.7,86.1,5,7.4,14.0,12.0
E00527,Daniela Herrera,Matemática Discreta,2025-2,85.6,4.0,88.5,4,5.3,9.2,7.7
E00528,Iván Sánchez,Estructuras de Datos,2025-2,73.8,5.1,68.0,1,19.9,20,19.9
E00529,Fabián Cabrera,Base de Datos,2026-1,73.0,4.5,42.0,4,14.5,14.9,16.4
E00530,Ricardo Flores,Matemática Discreta,2025-2,78.0,2.4,85.6,3,15.6,15.7,15.9
E00531,Fabián Espinoza,Matemática Discreta,2026-1,58.9,1.4,39.7,3,16.7,13.1,13.5
E00532,María Castillo,Redes de Computadoras,2026-1,70.6,4.0,100,3,2.9,6.7,8.4
E00533,Gabriela Ramírez,Matemática Discreta,2026-1,59.4,3.3,56.8,2,15.6,16.5,17.5
E00534,Bruno Paredes,Matemática Discreta,2026-1,51.8,0,100,4,11.7,10.7,6.2
E00535,Julio Pérez,Base de Datos,2025-2,69.7,5.9,90.5,2,12.8,13.9,13.9
E00536,Emilio Ortiz,Matemática Discreta,2025-2,50.3,5.3,91.8,4,14.6,16.7,17.5
E00537,Fernanda Palomino,Redes de Computadoras,2025-2,77.6,3.4,65.3,3,7.8,3.3,7.9
E00538,Daniela Cárdenas,Estructuras de Datos,2025-2,89.8,7.2,60.1,4,,18.1,15.5
E00539,Daniela Ortiz,Matemática Discreta,2025-2,100,4.0,78.2,3,19.2,17.9,20
E00540,María Quispe,Lenguajes de Programación,2026-1,40.9,6.0,92.8,4,8.4,9.4,13.0
E00541,Daniela Huamán,Redes de Computadoras,2026-1,86.3,0,68.2,3,13.1,17.7,13.6
E00542,Luis Aguilar,Estructuras de Datos,2026-1,88.2,9.2,52.3,3,8.8,8.3,7.6
E00543,Natalia Palomino,Estructuras de Datos,2026-1,63.0,10.5,92.6,2,17.2,13.5,13.4
E00544,Andrés Herrera,Estructuras de Datos,2025-2,73.3,8.2,61.2,3,11.9,9.6,14.1
E00545,Milagros Palomino,Base de Datos,2025-2,90.3,8.5,61.4,2,14.1,8.3,10.3
E00546,Rodrigo Soto,Estructuras de Datos,2025-2,64.3,0,83.2,2,10.7,10.4,6.1
E00547,Emilia Mendoza,Redes de Computadoras,2025-2,44.1,4.5,60.5,3,13.5,15.4,15.4
E00548,Vicente Vargas,Lenguajes de Programación,2025-2,56.9,5.2,85.5,5,6.6,,8.0
E00549,Natalia Salazar,Estructuras de Datos,2025-2,90.6,6.4,70.1,3,17.8,19.2,15.4
E00550,Rosa Cabrera,Redes de Computadoras,2026-1,98.8,6.6,68.3,2,5.4,11.6,10.6
E00551,Emilio Reyes,Redes de Computadoras,2026-1,51.1,9.2,81.5,4,13.0,13.5,18.5
E00552,Milagros Pérez,Estructuras de Datos,2025-2,81.4,2.6,97.9,2,11.3,8.9,13.8
E00553,Alonso Zapata,Redes de Computadoras,2025-2,98.9,7.2,56.4,5,13.0,15.2,7.3
E00554,Emilia Espinoza,Redes de Computadoras,2025-2,,6.7,79.7,5,11.1,11.0,10.0
E00555,Sebastián Vega,Base de Datos,2026-1,56.4,8.2,65.2,1,13.4,8.4,9.6
E00556,María Aguilar,Estructuras de Datos,2025-2,53.9,7.7,47.9,4,9.3,7.1,11.7
E00557,Emilio García,Redes de Computadoras,2025-2,59.8,5.2,81.1,3,13.5,17.4,14.1
E00558,Martina Mamani,Base de Datos,2026-1,74.2,4.6,100,2,18.8,20,20
E00559,Sofía Mamani,Base de Datos,2026-1,87.2,2.5,62.4,1,13.3,10.9,16.0
E00560,Martina López,Redes de Computadoras,2026-1,44.8,4.2,64.3,3,15.4,17.5,17.6
E00561,Daniela Delgado,Lenguajes de Programación,2026-1,38.9,7.3,66.0,1,13.5,10.9,12.1
E00562,María Ponce,Base de Datos,2026-1,55.2,5.8,74.4,3,15.1,14.7,15.4
E00563,Tomás Paredes,Redes de Computadoras,2025-2,59.1,6.0,88.7,3,10.3,13.3,8.5
E00564,Alonso Alva,Base de Datos,2025-2,88.3,7.1,69.6,1,12.7,16.6,11.2
E00565,Nicolás Alva,Base de Datos,2025-2,76.2,11.9,53.8,4,15.0,13.8,10.5
E00566,Luis Herrera,Estructuras de Datos,2025-2,79.9,2.6,81.3,2,17.1,13.0,13.9
E00567,Mateo Vega,Base de Datos,2026-1,59.1,7.9,76.4,2,8.6,9.7,9.8
E00568,Diego Cruz,Lenguajes de Programación,2025-2,100,4.0,80.9,3,13.2,14.8,11.3
E00569,Andrés Sánchez,Estructuras de Datos,2025-2,100,8.4,100,4,15.8,17.3,20
E00570,Bruno Aguilar,Estructuras de Datos,2026-1,71.4,8.7,99.5,3,14.6,16.6,13.3
E00571,Gabriela Rodríguez,Matemática Discreta,2026-1,67.3,6.2,100,3,8.7,9.3,11.1
E00572,Rosa Rojas,Redes de Computadoras,2025-2,100,3.3,70.4,3,6.5,11.5,14.1
E00573,Lucía Herrera,Lenguajes de Programación,2026-1,76.7,9.0,90.9,4,19.4,17.3,20
E00574,Luis Herrera,Estructuras de Datos,2025-2,87.3,3.9,80.9,4,13.8,11.5,12.9
E00575,Nicolás Flores,Lenguajes de Programación,2026-1,81.1,4.5,77.9,2,7.6,12.2,6.3
E00576,Gabriela Pérez,Base de Datos,2026-1,64.1,10.4,100,3,7.0,11.3,12.3
E00577,Ximena Ortiz,Matemática Discreta,2026-1,95.3,11.1,,4,13.8,13.9,17.7
E00578,Alejandra Zapata,Lenguajes de Programación,2025-2,56.0,4.0,98.1,2,13.7,13.0,14.9
E00579,Tomás Sánchez,Matemática Discreta,2025-2,73.7,10.5,79.3,3,13.0,11.2,12.7
E00580,Luis Ramírez,Matemática Discreta,2026-1,82.3,2.8,57.4,3,16.5,20,17.7
E00581,Nicolás Castillo,Redes de Computadoras,2026-1,57.8,3.0,54.3,5,20,19.2,17.5
E00582,Emilia Torres,Redes de Computadoras,2026-1,85.5,1.6,68.9,4,11.5,7.1,11.3
E00583,Emilia Rodríguez,Estructuras de Datos,2025-2,44.8,6.9,100,4,15.8,10.1,12.8
E00584,Manuel Pérez,Base de Datos,2026-1,73.5,0.9,99.6,5,7.2,10.3,9.1
E00585,Ricardo Castillo,Base de Datos,2026-1,47.9,5.1,60.2,4,16.4,17.3,14.9
E00586,Franco Ramírez,Lenguajes de Programación,2025-2,93.8,3.6,100,1,11.9,13.4,7.5
E00587,Bruno Paredes,Base de Datos,2026-1,66.4,9.4,72.5,3,13.6,16.4,13.2
E00588,Sofía Ponce,Lenguajes de Programación,2026-1,74.9,4.8,81.1,3,6.9,9.8,12.8
E00589,María Medina,Redes de Computadoras,2026-1,68.6,3.6,53.7,2,15.0,15.4,12.6
E00590,Manuel Sánchez,Redes de Computadoras,2026-1,84.0,4.1,71.6,2,15.3,9.6,15.4
E00591,Martina Rojas,Estructuras de Datos,2025-2,53.5,1.6,51.2,3,12.8,13.6,14.1
E00592,Rodrigo Ponce,Estructuras de Datos,2025-2,86.0,12.7,16.2,4,15.7,12.6,15.6
E00593,Camila Zapata,Estructuras de Datos,2026-1,85.6,7.6,45.8,4,12.6,14.4,13.1
E00594,Julio Chávez,Base de Datos,2025-2,43.5,8.5,93.5,3,20,19.8,20
E00595,Daniela Ortiz,Redes de Computadoras,2026-1,63.8,4.4,81.2,3,5.3,6.3,5.4
E00596,Milagros Cruz,Matemática Discreta,2026-1,80.2,9.5,72.0,2,5.7,,6.9
E00597,Sebastián Rivas,Lenguajes de Programación,2026-1,59.6,0,74.5,5,16.5,,10.9
E00598,Fabián Reyes,Matemática Discreta,2026-1,86.6,3.9,58.4,4,17.0,12.5,12.1
E00599,Jorge Zapata,Redes de Computadoras,2025-2,52.1,6.4,70.1,3,14.7,19.1,12.7
E00600,Ricardo Rodríguez,Lenguajes de Programación,2025-2,100,12.4,92.0,1,18.3,20,20
E00601,Joaquín Mendoza,Redes de Computadoras,2026-1,67.4,9.6,94.2,3,16.6,17.7,13.7
E00602,Emilia Paredes,Matemática Discreta,2025-2,73.0,5.0,44.0,4,0.9,2.4,4.2
E00603,Andrés Flores,Matemática Discreta,2025-2,91.2,5.6,66.5,4,8.6,8.3,11.6
E00604,Nicolás Cárdenas,Base de Datos,2025-2,51.3,4.4,23.9,4,20,18.6,20
E00605,Ricardo Herrera,Matemática Discreta,2026-1,75.2,10.2,74.4,3,8.5,8.5,5.6
E00606,Natalia Espinoza,Matemática Discreta,2026-1,96.6,3.0,83.0,5,18.4,16.6,10.8
E00607,Manuel López,Redes de Computadoras,2026-1,78.6,14.1,55.4,1,10.3,7.4,10.2
E00608,Lucía Soto,Redes de Computadoras,2025-2,93.9,5.6,64.2,2,7.7,9.7,12.7
E00609,Mateo Delgado,Estructuras de Datos,2026-1,77.0,2.8,69.4,2,13.9,14.4,18.0
E00610,Nicolás Cabrera,Matemática Discreta,2025-2,69.0,3.7,61.8,4,9.7,12.0,13.6
E00611,Estefanía Ponce,Estructuras de Datos,2026-1,53.3,8.1,80.4,3,7.1,8.6,9.3
E00612,Iván Cruz,Matemática Discreta,2026-1,81.8,2.2,76.0,3,20,19.1,20
E00613,Julio Espinoza,Base de Datos,2025-2,83.5,4.8,74.8,3,10.4,13.6,11.3
E00614,Jorge Mamani,Matemática Discreta,2026-1,60.4,5.7,94.8,2,9.0,10.7,10.7
E00615,Ricardo Vega,Lenguajes de Programación,2026-1,80.6,4.5,94.2,5,13.5,16.0,15.9
E00616,Emilio Espinoza,Redes de Computadoras,2025-2,84.1,2.2,89.2,3,15.8,10.8,10.1
E00617,Andrés Aguilar,Lenguajes de Programación,2025-2,80.4,1.2,68.2,4,11.8,14.6,9.4
E00618,Rodrigo Vargas,Base de Datos,2026-1,84.0,8.5,78.7,5,10.6,13.6,10.7
E00619,Nicolás Espinoza,Redes de Computadoras,2026-1,56.6,5.9,56.8,1,12.1,11.6,8.0
E00620,Manuel Reyes,Base de Datos,2026-1,87.0,9.8,75.2,3,12.1,15.1,18.7
E00621,Diego Aguilar,Lenguajes de Programación,2025-2,64.1,4.3,100,2,17.2,13.1,13.1
E00622,Jorge Gutiérrez,Redes de Computadoras,2025-2,38.6,6.4,72.6,2,18.1,18.3,13.3
E00623,Fabián Cruz,Lenguajes de Programación,2026-1,86.2,2.3,57.7,4,11.2,12.1,17.6
E00624,Carlos Pérez,Lenguajes de Programación,2026-1,78.5,0,68.0,3,12.4,11.7,12.3
E00625,Martina Flores,Redes de Computadoras,2025-2,91.6,4.9,40.5,4,20,12.0,15.9
E00626,Rosa Vega,Matemática Discreta,2026-1,65.3,0,71.4,3,15.9,13.8,13.5
E00627,Franco Cabrera,Matemática Discreta,2026-1,83.4,5.6,100,2,17.2,12.6,18.7
E00628,Alonso Rivas,Matemática Discreta,2025-2,63.6,3.0,90.7,4,12.3,14.1,17.6
E00629,Emilio Ramírez,Matemática Discreta,2025-2,100,12.8,84.2,3,10.3,8.6,11.2
E00630,Milagros Medina,Base de Datos,2026-1,60.3,5.6,78.0,2,15.2,16.1,11.6
E00631,Tomás Espinoza,Lenguajes de Programación,2026-1,72.5,6.9,83.2,2,13.2,7.4,17.1
E00632,Mateo Zapata,Lenguajes de Programación,2026-1,52.2,10.5,89.7,3,14.9,19.8,15.0
E00633,Estefanía Herrera,Lenguajes de Programación,2025-2,83.4,5.4,79.7,4,11.9,9.7,13.5
E00634,Iván Rodríguez,Base de Datos,2025-2,43.4,7.0,87.7,2,12.7,14.9,9.0
E00635,Renata Mamani,Lenguajes de Programación,2025-2,92.3,5.5,52.8,3,10.6,9.0,6.9
E00636,Carlos Torres,Redes de Computadoras,2026-1,76.7,6.2,72.7,2,11.7,11.9,7.1
E00637,Joaquín Alva,Estructuras de Datos,2025-2,83.8,7.0,60.3,3,15.7,11.6,12.0
E00638,Lucía Espinoza,Estructuras de Datos,2025-2,74.8,7.6,100,4,10.7,8.7,7.6
E00639,Ricardo García,Redes de Computadoras,2026-1,91.6,6.1,40.1,5,12.7,12.1,13.0
E00640,Emilia Delgado,Base de Datos,2025-2,61.4,4.1,69.6,4,14.8,11.4,8.2
E00641,Renata Espinoza,Matemática Discreta,2026-1,76.4,7.0,84.6,1,9.8,12.7,11.4
E00642,Rosa Ortiz,Base de Datos,2025-2,69.1,6.7,55.8,3,13.3,12.0,8.9
E00643,Alejandra Herrera,Matemática Discreta,2026-1,98.8,12.7,98.7,5,17.1,9.1,8.7
E00644,Valentina Ponce,Base de Datos,2026-1,66.2,11.4,63.9,4,10.2,11.0,10.2
E00645,Lucía Espinoza,Estructuras de Datos,2025-2,81.1,3.5,59.7,2,12.3,13.2,15.3
E00646,Tomás Chávez,Redes de Computadoras,2026-1,78.0,3.8,69.7,4,18.0,9.8,14.0
E00647,Paula Palomino,Base de Datos,2026-1,63.5,4.2,40.3,4,15.4,9.5,10.1
E00648,Iván Paredes,Estructuras de Datos,2026-1,67.4,11.3,38.5,1,16.3,18.8,20
E00649,Alonso Zapata,Redes de Computadoras,2025-2,82.1,6.4,95.4,1,2.8,12.6,6.2
E00650,Miguel Flores,Matemática Discreta,2025-2,84.4,9.9,90.2,1,11.7,13.4,10.3
E00651,Isabela Espinoza,Estructuras de Datos,2026-1,79.3,3.4,63.2,4,11.0,16.7,15.6
E00652,Joaquín Chávez,Redes de Computadoras,2025-2,36.8,3.1,80.0,5,14.7,12.5,8.7
E00653,Daniela Gutiérrez,Estructuras de Datos,2025-2,96.2,4.1,72.2,2,10.8,4.2,4.3
E00654,Miguel Huamán,Estructuras de Datos,2025-2,72.1,7.1,72.4,1,4.7,8.2,8.4
E00655,Martina Flores,Estructuras de Datos,2025-2,58.4,4.8,89.3,5,12.8,15.3,13.9
E00656,Andrés Gutiérrez,Estructuras de Datos,2025-2,100,4.0,89.7,4,15.3,16.3,15.6
E00657,Valentina Cruz,Redes de Computadoras,2025-2,84.1,13.8,35.1,4,13.1,13.2,16.5
E00658,Valentina Quispe,Base de Datos,2026-1,95.6,0.9,86.5,3,13.8,12.0,11.9
E00659,Ximena Castillo,Matemática Discreta,2026-1,66.8,3.8,100,1,2.2,5.4,4.8
E00660,Fernanda Rivas,Lenguajes de Programación,2025-2,81.2,0.3,54.3,3,16.4,16.7,8.5
E00661,Ana Palomino,Lenguajes de Programación,2026-1,89.2,2.5,79.8,3,10.5,14.1,9.0
E00662,Isabela Zapata,Lenguajes de Programación,2025-2,74.8,8.9,81.3,5,9.4,6.9,4.0
E00663,Martina Chávez,Estructuras de Datos,2026-1,,11.0,95.3,2,16.2,12.2,12.6
E00664,Camila Soto,Base de Datos,2025-2,92.2,0,62.3,3,16.1,14.1,14.0
E00665,Renata Herrera,Lenguajes de Programación,2026-1,54.2,1.5,99.9,4,12.0,12.6,10.5
E00666,Isabela Cabrera,Lenguajes de Programación,2026-1,66.0,4.1,93.1,3,11.8,8.9,7.9
E00667,Zoe Palomino,Base de Datos,2025-2,61.7,7.8,52.2,5,15.7,18.2,20
E00668,Franco Cabrera,Lenguajes de Programación,2026-1,81.7,8.7,57.6,3,11.4,14.9,18.0
E00669,María Paredes,Base de Datos,2025-2,100,5.0,73.3,3,13.7,12.9,9.1
E00670,Martina García,Base de Datos,2026-1,54.6,2.8,58.1,4,16.5,13.2,15.0
E00671,María Reyes,Estructuras de Datos,2025-2,67.1,7.0,51.0,1,9.0,17.1,13.4
E00672,Mateo Sánchez,Estructuras de Datos,2025-2,72.9,1.5,67.0,1,9.9,15.2,7.6
E00673,Ana Cabrera,Matemática Discreta,2025-2,91.5,4.7,63.5,2,13.0,16.8,17.4
E00674,Martina Castillo,Lenguajes de Programación,2026-1,82.5,7.7,99.1,2,10.3,18.9,19.2
E00675,Manuel Chávez,Lenguajes de Programación,2026-1,76.9,4.6,52.0,1,17.0,13.9,14.7
E00676,Luis Alva,Lenguajes de Programación,2026-1,88.7,13.0,93.6,2,14.8,16.5,17.0
E00677,Zoe Espinoza,Estructuras de Datos,2025-2,73.2,5.3,74.9,3,7.0,8.6,10.7
E00678,Miguel Gutiérrez,Base de Datos,2026-1,60.4,5.8,62.4,4,12.9,10.3,8.5
E00679,Diego Cabrera,Base de Datos,2025-2,93.8,3.0,82.0,4,,6.2,6.7
E00680,Rodrigo Alva,Base de Datos,2026-1,84.4,5.1,91.8,4,20,16.1,16.5
E00681,Jorge Chávez,Estructuras de Datos,2025-2,44.8,5.6,92.0,2,8.3,5.5,6.4
E00682,Mateo Flores,Base de Datos,2025-2,50.1,6.0,66.2,4,11.4,12.4,11.6
E00683,Adrián Cruz,Redes de Computadoras,2026-1,57.7,8.2,40.0,3,13.3,17.5,11.4
E00684,Miguel Gutiérrez,Estructuras de Datos,2026-1,61.7,0,64.3,3,8.6,10.6,11.7
E00685,Alonso Rojas,Base de Datos,2025-2,37.8,1.1,57.3,3,6.6,11.5,6.5
E00686,Paula Rojas,Estructuras de Datos,2026-1,80.3,7.6,88.2,2,12.3,12.9,8.6
E00687,Estefanía Zapata,Redes de Computadoras,2026-1,87.8,8.7,73.8,4,11.0,5.4,12.6
E00688,Rodrigo Chávez,Matemática Discreta,2025-2,64.5,4.9,69.7,4,12.5,13.4,12.9
E00689,Zoe Rodríguez,Base de Datos,2025-2,100,3.1,67.7,5,8.7,8.0,11.2
E00690,Renata Huamán,Matemática Discreta,2025-2,92.6,11.9,75.4,3,10.1,10.7,8.8
E00691,Camila Cárdenas,Base de Datos,2026-1,76.6,7.1,73.0,3,9.3,9.3,9.7
E00692,Lucía Rivas,Matemática Discreta,2025-2,54.9,6.8,63.6,1,9.8,10.4,12.6
E00693,Rodrigo Cabrera,Estructuras de Datos,2026-1,84.6,5.8,60.4,3,16.7,13.5,10.1
E00694,Gabriela Mamani,Lenguajes de Programación,2025-2,89.6,6.3,100,4,9.0,13.6,9.1
E00695,Daniela Paredes,Matemática Discreta,2026-1,74.5,0,47.0,5,13.4,13.1,12.2
E00696,Mateo Torres,Lenguajes de Programación,2026-1,85.1,10.2,64.3,1,6.4,3.2,8.2
E00697,Isabela Palomino,Base de Datos,2026-1,73.5,0.6,68.9,3,14.3,12.3,15.1
E00698,Fabián Paredes,Redes de Computadoras,2025-2,61.9,8.5,68.5,2,14.8,9.5,12.7
E00699,Carlos Salazar,Estructuras de Datos,2026-1,71.3,2.7,71.2,2,7.2,11.0,10.4
E00700,Tomás Sánchez,Base de Datos,2026-1,44.1,4.8,60.9,3,19.0,13.1,15.1
E00701,Mateo Rojas,Redes de Computadoras,2025-2,52.2,4.1,88.1,4,9.6,10.5,11.6
E00702,Adrián Reyes,Matemática Discreta,2025-2,80.5,13.2,41.9,2,10.3,,12.9
E00703,Luis Mamani,Estructuras de Datos,2025-2,58.5,8.0,76.6,4,15.2,15.5,14.3
E00704,Valeria Medina,Estructuras de Datos,2025-2,100,2.4,90.5,3,14.9,15.1,17.3
E00705,Tomás López,Base de Datos,2025-2,77.4,0,79.6,3,9.2,17.7,17.1
E00706,Estefanía Zapata,Redes de Computadoras,2025-2,84.4,2.1,100,2,15.4,18.0,17.3
E00707,Alonso Huamán,Redes de Computadoras,2025-2,68.3,6.7,76.5,2,7.3,14.3,13.3
E00708,Rodrigo Vega,Matemática Discreta,2025-2,93.7,6.0,73.8,5,14.3,14.6,17.1
E00709,Ana Cárdenas,Matemática Discreta,2025-2,86.6,5.9,83.1,2,20,20,20
E00710,María Ponce,Base de Datos,2025-2,72.7,6.2,50.9,4,20,10.5,12.4
E00711,Tomás Herrera,Matemática Discreta,2025-2,55.0,8.6,91.3,3,5.2,10.3,11.3
E00712,María Rodríguez,Matemática Discreta,2025-2,78.5,9.2,92.9,3,15.9,16.0,15.1
E00713,Ximena Zapata,Redes de Computadoras,2025-2,72.9,6.7,98.9,5,18.8,17.0,20
E00714,Renata Mendoza,Matemática Discreta,2025-2,59.4,2.9,61.9,3,8.0,9.9,12.1
E00715,Martina Palomino,Matemática Discreta,2026-1,83.2,2.7,88.1,4,14.0,13.4,14.9
E00716,Isabela Soto,Estructuras de Datos,2025-2,80.2,7.6,85.3,3,10.3,13.2,14.5
E00717,Fernanda Flores,Base de Datos,2026-1,69.0,3.8,100,3,6.1,9.3,5.3
E00718,Antonella Torres,Redes de Computadoras,2025-2,84.9,10.6,46.2,2,11.2,11.8,10.6
E00719,Alonso Ortiz,Estructuras de Datos,2026-1,52.9,7.9,89.7,2,10.0,13.7,7.7
E00720,Paula Sánchez,Lenguajes de Programación,2026-1,63.0,10.8,54.9,3,16.2,11.7,11.7
E00721,Nicolás Delgado,Matemática Discreta,2025-2,100,3.8,80.0,3,19.2,17.5,13.3
E00722,Ximena Medina,Matemática Discreta,2026-1,61.4,5.8,33.8,3,12.1,6.3,9.9
E00723,Alejandra Zapata,Matemática Discreta,2025-2,100,8.3,47.9,4,15.4,11.7,11.1
E00724,Emilia Rojas,Base de Datos,2025-2,64.8,0.8,39.4,2,16.2,13.7,20
E00725,Julio Paredes,Matemática Discreta,2025-2,59.8,9.8,68.9,2,10.9,12.2,12.0
E00726,Zoe Salazar,Estructuras de Datos,2025-2,64.9,8.3,97.4,4,17.3,15.7,13.3
E00727,Valeria Gutiérrez,Estructuras de Datos,2025-2,73.2,9.5,82.3,3,8.7,4.8,11.9
E00728,Renata Medina,Redes de Computadoras,2026-1,82.6,9.1,90.6,3,14.5,12.5,12.6
E00729,Diego Vargas,Redes de Computadoras,2026-1,55.1,4.4,34.8,3,9.9,15.9,11.4
E00730,Ximena Torres,Lenguajes de Programación,2025-2,59.4,8.2,66.6,3,14.3,17.4,16.1
E00731,Nicolás Rodríguez,Base de Datos,2026-1,88.0,5.8,96.2,4,16.6,12.0,17.8
E00732,Mateo Herrera,Redes de Computadoras,2026-1,87.5,5.6,27.8,3,9.9,11.4,9.8
E00733,Mateo Gutiérrez,Lenguajes de Programación,2025-2,49.2,4.3,100,3,7.2,8.4,6.8
E00734,Valentina Cárdenas,Lenguajes de Programación,2025-2,57.9,3.0,56.6,2,12.1,13.3,12.3
E00735,Adrián Zapata,Estructuras de Datos,2026-1,47.8,9.5,100,3,19.3,14.5,13.4
E00736,Daniela Vargas,Lenguajes de Programación,2026-1,81.4,0,65.9,2,9.8,15.6,13.9
E00737,Diego Pérez,Lenguajes de Programación,2026-1,80.3,3.7,78.1,1,16.9,12.9,13.8
E00738,Adrián Flores,Matemática Discreta,2025-2,65.2,4.1,50.5,4,19.4,17.5,15.4
E00739,Lucía Zapata,Matemática Discreta,2025-2,61.4,10.8,78.0,3,11.6,15.9,15.7
E00740,Gabriela Ponce,Base de Datos,2025-2,78.0,13.1,78.5,3,11.3,1.5,9.6
E00741,Daniela Vega,Redes de Computadoras,2026-1,58.4,0,40.5,3,15.4,15.8,16.4
E00742,Andrés Ponce,Redes de Computadoras,2025-2,100,7.6,99.9,3,10.1,10.5,5.9
E00743,Mateo Vargas,Estructuras de Datos,2025-2,57.5,1.4,76.0,3,16.4,19.1,19.4
E00744,Joaquín Rodríguez,Redes de Computadoras,2026-1,100,7.3,79.6,4,17.4,12.8,17.4
E00745,Bruno Quispe,Matemática Discreta,2026-1,66.2,2.0,75.6,2,11.1,12.8,12.0
E00746,Adrián Flores,Estructuras de Datos,2026-1,69.3,6.6,48.5,4,,10.4,11.8
E00747,Tomás Flores,Matemática Discreta,2025-2,85.7,3.6,65.8,3,15.5,6.4,14.2
E00748,Ana Vega,Redes de Computadoras,2026-1,71.3,11.2,38.0,1,7.4,10.6,9.6
E00749,Rodrigo Ortiz,Matemática Discreta,2025-2,55.9,6.9,63.3,4,9.0,13.8,13.1
E00750,Lucía Mamani,Redes de Computadoras,2025-2,39.8,1.9,73.9,4,9.3,11.8,7.5
E00751,Luis Sánchez,Lenguajes de Programación,2025-2,59.1,4.5,71.0,3,8.0,9.1,11.4
E00752,Carlos Palomino,Lenguajes de Programación,2026-1,64.7,3.0,41.1,2,7.5,11.2,12.3
E00753,Natalia Chávez,Redes de Computadoras,2025-2,36.4,0.6,66.9,2,15.2,16.8,18.0
E00754,Camila Pérez,Base de Datos,2026-1,73.8,0.7,77.2,3,11.5,18.9,11.6
E00755,Joaquín Castillo,Estructuras de Datos,2025-2,92.2,7.6,78.9,2,12.7,10.1,10.1
E00756,Diego Gutiérrez,Redes de Computadoras,2026-1,53.9,2.4,54.1,3,20,14.7,18.1
E00757,Tomás Palomino,Base de Datos,2026-1,69.2,5.1,84.7,2,11.3,7.5,8.4
E00758,Emilia Cabrera,Base de Datos,2026-1,100,8.6,90.0,2,13.5,13.6,15.8
E00759,Camila Quispe,Lenguajes de Programación,2025-2,62.7,8.3,82.9,4,5.1,8.2,7.3
E00760,María Flores,Redes de Computadoras,2025-2,87.6,3.6,100,3,16.9,15.0,20
E00761,Iván Herrera,Lenguajes de Programación,2025-2,51.6,4.3,80.6,2,11.8,11.1,13.2
E00762,Emilia Espinoza,Redes de Computadoras,2026-1,57.7,5.9,57.4,5,11.6,7.8,6.2
E00763,Zoe Flores,Estructuras de Datos,2026-1,46.9,9.0,60.4,3,17.7,14.3,18.2
E00764,Adrián Torres,Matemática Discreta,2025-2,65.3,6.4,100,1,9.6,9.9,14.4
E00765,Ximena Espinoza,Redes de Computadoras,2025-2,54.1,6.5,64.4,3,8.8,8.3,7.2
E00766,Carlos Cabrera,Matemática Discreta,2025-2,63.5,5.0,60.1,2,,16.7,14.7
E00767,Natalia Espinoza,Matemática Discreta,2025-2,48.3,2.6,30.8,4,10.4,16.0,12.8
E00768,Rodrigo Rodríguez,Estructuras de Datos,2025-2,86.4,0.6,100,5,19.6,20,20
E00769,Julio Espinoza,Estructuras de Datos,2026-1,80.6,0.8,66.5,4,12.5,9.6,12.0
E00770,Luis Castillo,Matemática Discreta,2026-1,100,3.4,73.3,3,11.5,15.0,15.9
E00771,Diego Cárdenas,Lenguajes de Programación,2026-1,48.7,11.1,80.1,4,15.4,14.3,8.4
E00772,Iván Espinoza,Estructuras de Datos,2026-1,54.5,4.3,96.1,4,6.8,11.6,7.7
E00773,Fabián Herrera,Base de Datos,2025-2,91.9,5.5,95.3,5,14.4,18.9,19.4
E00774,Milagros Mamani,Base de Datos,2026-1,100,3.9,56.5,2,12.9,14.8,17.4
E00775,Rosa Paredes,Redes de Computadoras,2026-1,70.3,3.4,69.7,1,12.3,13.5,12.2
E00776,Alonso Cabrera,Matemática Discreta,2026-1,69.7,5.9,83.0,4,10.8,11.8,16.1
E00777,Miguel Vega,Matemática Discreta,2025-2,100,5.7,90.9,5,20,20,19.0
E00778,Luis Mamani,Redes de Computadoras,2026-1,75.2,6.9,84.6,3,13.5,9.3,11.0
E00779,Valeria Vargas,Lenguajes de Programación,2026-1,66.9,2.6,65.5,5,11.9,11.4,11.7
E00780,Manuel Vega,Estructuras de Datos,2025-2,95.3,6.6,78.2,2,15.8,9.6,6.9
E00781,Valentina Ramírez,Redes de Computadoras,2026-1,89.7,8.6,53.2,4,15.3,13.1,16.5
E00782,Manuel Ponce,Redes de Computadoras,2026-1,54.5,18.0,47.9,3,11.3,17.4,14.4
E00783,Ana Cárdenas,Matemática Discreta,2026-1,43.3,9.6,72.3,3,7.6,12.8,13.9
E00784,Valeria Quispe,Lenguajes de Programación,2026-1,53.3,9.8,79.6,3,5.9,5.6,6.5
E00785,Julio Flores,Matemática Discreta,2026-1,93.2,3.8,74.9,4,10.7,10.4,10.3
E00786,Andrés Sánchez,Matemática Discreta,2025-2,83.2,8.9,54.4,2,12.1,13.2,14.1
E00787,Ximena Vega,Estructuras de Datos,2025-2,83.0,1.7,62.1,2,17.6,18.6,17.4
E00788,Ximena Salazar,Estructuras de Datos,2025-2,75.5,3.7,100,3,19.1,16.3,19.5
E00789,Julio Rivas,Base de Datos,2025-2,52.2,2.8,71.5,5,8.7,17.0,12.6
E00790,Estefanía Salazar,Redes de Computadoras,2025-2,96.4,8.6,79.2,2,6.0,14.3,13.3
E00791,Martina Vega,Redes de Computadoras,2026-1,60.8,5.6,60.9,1,17.2,13.1,4.3
E00792,Rosa Chávez,Matemática Discreta,2026-1,100,0,82.7,2,9.2,12.2,8.1
E00793,Julio López,Lenguajes de Programación,2026-1,56.8,11.6,78.5,4,8.5,11.1,9.7
E00794,María Quispe,Estructuras de Datos,2026-1,73.4,3.0,94.5,2,9.5,6.5,7.9
E00795,Miguel Flores,Estructuras de Datos,2026-1,81.6,5.3,79.1,3,7.8,8.0,7.8
E00796,Renata Mamani,Matemática Discreta,2026-1,52.4,9.8,84.6,2,13.7,17.4,13.2
E00797,Andrés Chávez,Matemática Discreta,2026-1,94.3,6.5,76.7,3,17.5,13.1,14.5
E00798,Ximena López,Lenguajes de Programación,2025-2,80.3,7.9,62.9,2,17.1,13.4,19.3
E00799,Gabriela Vega,Estructuras de Datos,2025-2,61.3,12.1,73.9,3,17.1,20,14.2
E00800,Joaquín Rodríguez,Redes de Computadoras,2025-2,77.5,4.7,91.0,3,12.1,9.1,12.4
E00801,Sofía Mamani,Estructuras de Datos,2025-2,76.1,3.7,97.7,5,12.8,16.0,15.1
E00802,Vicente Chávez,Estructuras de Datos,2025-2,100,10.6,55.9,4,14.9,15.2,16.6
E00803,Martina Huamán,Lenguajes de Programación,2025-2,83.8,10.1,65.2,2,9.1,12.8,12.7
E00804,Fernanda Vargas,Redes de Computadoras,2026-1,65.7,7.1,77.7,4,8.6,8.0,8.6
E00805,Fernanda Espinoza,Matemática Discreta,2025-2,72.3,11.3,82.4,5,10.8,10.0,11.8
E00806,Milagros Rodríguez,Redes de Computadoras,2026-1,72.4,0,55.6,1,12.7,12.9,15.4
E00807,Gabriela Gutiérrez,Estructuras de Datos,2026-1,77.5,11.6,,4,13.4,14.5,10.7
E00808,Antonella Zapata,Base de Datos,2025-2,67.3,5.6,61.1,1,14.8,12.7,17.1
E00809,Emilio Vega,Lenguajes de Programación,2026-1,97.6,2.1,51.6,3,12.9,13.5,10.7
E00810,Valentina Cabrera,Lenguajes de Programación,2025-2,99.1,5.6,71.7,4,14.5,18.5,19.5
E00811,Daniela Aguilar,Base de Datos,2026-1,100,2.6,73.5,3,13.5,13.3,12.3
E00812,Ana Reyes,Redes de Computadoras,2026-1,76.3,1.8,75.6,3,12.6,9.9,8.9
E00813,Ximena Ponce,Matemática Discreta,2025-2,66.6,0.1,85.8,5,15.9,16.7,19.6
E00814,Julio Rojas,Estructuras de Datos,2025-2,64.2,6.3,82.0,4,17.8,17.1,15.2
E00815,Sebastián Cárdenas,Estructuras de Datos,2026-1,76.9,11.3,97.7,1,9.7,10.1,10.0
E00816,Alonso Soto,Estructuras de Datos,2026-1,78.2,4.0,70.8,5,20,18.4,19.4
E00817,Gabriela Chávez,Lenguajes de Programación,2025-2,80.9,0,,2,16.0,12.5,15.4
E00818,Emilia Salazar,Redes de Computadoras,2025-2,97.4,7.2,85.7,1,20,14.2,15.0
E00819,Vicente Zapata,Matemática Discreta,2025-2,76.4,12.5,58.2,4,5.1,6.9,7.1
E00820,Nicolás Aguilar,Estructuras de Datos,2025-2,46.4,8.5,79.8,3,12.7,8.2,7.4
E00821,Daniela Vargas,Redes de Computadoras,2026-1,74.3,4.1,100,1,11.9,8.6,8.4
E00822,Emilia Mendoza,Redes de Computadoras,2025-2,85.6,9.2,88.7,3,14.6,14.5,16.9
E00823,Rosa Paredes,Estructuras de Datos,2025-2,66.7,2.2,96.7,1,17.1,13.7,16.4
E00824,Gabriela Cárdenas,Estructuras de Datos,2025-2,60.4,2.6,90.1,5,11.7,13.2,10.4
E00825,Adrián Salazar,Base de Datos,2025-2,86.6,9.4,93.0,2,10.8,,4.3
E00826,Adrián Sánchez,Base de Datos,2026-1,53.4,5.8,100,3,6.2,3.5,5.8
E00827,Daniela Espinoza,Matemática Discreta,2025-2,72.0,8.7,100,3,20,14.7,15.7
E00828,Lucía Rodríguez,Base de Datos,2026-1,70.4,1.6,90.0,5,15.3,12.8,12.9
E00829,Vicente Huamán,Base de Datos,2026-1,69.5,9.4,80.3,2,19.9,20,18.6
E00830,Alejandra Cruz,Base de Datos,2026-1,81.4,0.8,100,1,17.9,15.0,16.5
E00831,Camila Alva,Matemática Discreta,2025-2,90.8,2.0,,4,11.6,9.4,17.2
E00832,Adrián Palomino,Estructuras de Datos,2026-1,,2.3,100,4,10.9,15.6,12.0
E00833,Luis Vargas,Base de Datos,2026-1,89.9,7.0,100,3,2.4,10.3,6.0
E00834,Alonso Palomino,Matemática Discreta,2025-2,63.6,2.8,53.6,3,4.2,4.5,0
E00835,Julio Rodríguez,Redes de Computadoras,2026-1,82.8,12.1,82.3,3,17.2,9.5,17.1
E00836,María Pérez,Matemática Discreta,2025-2,65.5,4.9,31.6,4,12.7,11.7,6.3
E00837,Joaquín Rivas,Matemática Discreta,2026-1,65.1,6.0,79.5,5,15.0,15.3,16.8
E00838,Emilio Gutiérrez,Lenguajes de Programación,2026-1,86.3,9.7,60.2,1,5.4,8.3,9.8
E00839,Gabriela Mendoza,Estructuras de Datos,2025-2,67.2,6.8,48.2,3,15.9,16.1,15.6
E00840,Miguel Sánchez,Base de Datos,2026-1,52.6,9.3,37.8,3,13.8,18.6,14.2
E00841,Ana Pérez,Redes de Computadoras,2025-2,79.7,7.9,73.4,4,11.3,5.8,8.9
E00842,Joaquín Medina,Base de Datos,2025-2,62.9,7.7,74.9,3,19.0,20,20
E00843,Camila Cárdenas,Redes de Computadoras,2026-1,60.9,12.5,100,3,11.0,11.2,3.5
E00844,Franco Pérez,Matemática Discreta,2026-1,69.1,4.8,100,4,13.7,9.7,14.2
E00845,Ximena Huamán,Lenguajes de Programación,2026-1,83.3,3.6,67.9,4,10.3,16.1,11.2
E00846,Vicente Cabrera,Estructuras de Datos,2025-2,100,3.5,76.8,4,10.6,13.8,10.9
E00847,Jorge Alva,Redes de Computadoras,2026-1,64.1,7.3,74.1,5,18.8,17.5,16.4
E00848,Renata Mamani,Redes de Computadoras,2025-2,63.9,9.3,73.4,2,16.3,18.9,18.5
E00849,Alonso Soto,Matemática Discreta,2026-1,88.0,4.0,83.2,2,15.8,9.8,12.5
E00850,Tomás Mendoza,Base de Datos,2026-1,91.0,5.6,100,1,16.5,10.7,18.3
E00851,Ximena Mendoza,Lenguajes de Programación,2026-1,70.3,0,83.5,5,20,15.6,18.5
E00852,Zoe Salazar,Base de Datos,2025-2,68.4,6.8,90.6,2,10.7,16.9,12.2
E00853,Fabián Quispe,Matemática Discreta,2025-2,52.9,10.4,67.9,4,15.3,9.6,12.0
E00854,Vicente Ramírez,Estructuras de Datos,2026-1,65.4,10.0,62.8,5,8.9,8.0,8.2
E00855,Diego Torres,Matemática Discreta,2025-2,84.1,0,51.7,3,20,20,20
E00856,Natalia Pérez,Redes de Computadoras,2025-2,77.5,0.4,71.3,2,9.0,17.6,11.2
E00857,Emilia Rodríguez,Redes de Computadoras,2026-1,46.4,13.4,43.2,4,10.1,15.4,10.7
E00858,Rodrigo Rodríguez,Lenguajes de Programación,2026-1,62.1,6.1,70.9,3,14.2,12.8,12.0
E00859,Sofía Paredes,Estructuras de Datos,2025-2,74.0,0,55.3,4,18.0,17.5,13.5
E00860,Isabela Pérez,Base de Datos,2025-2,79.1,3.1,84.7,4,10.5,9.8,10.7
E00861,Paula Quispe,Matemática Discreta,2025-2,81.1,2.8,85.8,3,7.2,10.5,5.5
E00862,Diego Sánchez,Estructuras de Datos,2025-2,67.7,8.9,71.5,3,16.8,15.5,14.7
E00863,Andrés Cárdenas,Base de Datos,2025-2,90.2,6.2,100,3,16.6,19.1,20
E00864,Milagros Medina,Redes de Computadoras,2026-1,47.5,0.7,100,3,19.5,16.2,16.0
E00865,Manuel Medina,Base de Datos,2025-2,31.8,10.8,48.8,4,16.7,15.1,16.1
E00866,Gabriela Medina,Base de Datos,2025-2,69.0,6.7,35.9,3,12.9,8.5,12.4
E00867,Camila Alva,Redes de Computadoras,2026-1,67.3,5.3,75.3,1,20,15.3,14.2
E00868,Martina Mamani,Matemática Discreta,2026-1,40.8,9.2,100,3,9.6,14.1,15.3
E00869,Andrés Rodríguez,Matemática Discreta,2025-2,57.9,2.7,63.3,2,17.8,7.4,13.1
E00870,Adrián García,Base de Datos,2025-2,70.2,8.4,59.3,4,20,17.5,20
E00871,Natalia Ortiz,Base de Datos,2026-1,85.6,8.3,53.1,3,15.7,13.2,8.9
E00872,Tomás Paredes,Estructuras de Datos,2026-1,93.4,0,63.1,5,5.6,8.9,8.6
E00873,Zoe Reyes,Lenguajes de Programación,2025-2,80.0,5.5,59.2,2,11.0,11.9,11.5
E00874,Rodrigo Sánchez,Base de Datos,2026-1,58.7,7.6,90.2,5,13.3,11.9,14.1
E00875,Vicente Reyes,Redes de Computadoras,2026-1,100,14.6,93.3,2,6.8,4.2,7.4
E00876,Zoe López,Redes de Computadoras,2025-2,94.8,3.4,54.6,4,16.4,18.4,20
E00877,Diego Palomino,Redes de Computadoras,2025-2,68.7,6.7,48.7,3,5.6,7.3,5.5
E00878,Zoe Rivas,Redes de Computadoras,2026-1,100,9.1,70.4,3,11.3,12.9,13.2
E00879,Antonella Palomino,Redes de Computadoras,2025-2,78.0,12.3,87.1,2,13.0,10.3,16.4
E00880,Miguel Cruz,Base de Datos,2026-1,76.7,9.3,79.7,1,16.7,18.9,17.1
E00881,Manuel Cabrera,Redes de Computadoras,2026-1,82.2,6.1,,3,2.5,2.4,10.7
E00882,Andrés Delgado,Estructuras de Datos,2026-1,45.9,0,25.4,1,11.8,15.4,10.6
E00883,Julio Huamán,Lenguajes de Programación,2025-2,57.2,4.7,42.4,4,16.3,16.7,12.0
E00884,Isabela Ponce,Matemática Discreta,2025-2,85.1,9.4,60.6,3,7.5,10.9,11.4
E00885,Bruno Cabrera,Estructuras de Datos,2026-1,81.1,5.0,84.2,3,9.3,11.5,10.3
E00886,Estefanía Ponce,Redes de Computadoras,2026-1,28.7,6.3,81.3,2,11.6,13.7,14.1
E00887,Jorge Torres,Base de Datos,2025-2,78.2,7.8,80.0,5,13.9,8.5,15.8
E00888,Paula Cárdenas,Estructuras de Datos,2025-2,78.3,7.2,77.0,2,12.5,1.2,6.7
E00889,Natalia Ortiz,Base de Datos,2026-1,59.1,16.2,91.3,5,5.9,9.0,8.8
E00890,Lucía Aguilar,Redes de Computadoras,2026-1,71.9,8.5,59.6,2,1.7,0,2.7
E00891,Ricardo Cruz,Lenguajes de Programación,2025-2,81.9,0.6,78.6,3,14.6,8.8,8.7
E00892,Antonella Rodríguez,Base de Datos,2025-2,81.4,0,60.6,3,18.7,18.3,14.0
E00893,Martina Aguilar,Base de Datos,2026-1,88.6,10.9,54.9,3,14.3,13.6,14.1
E00894,Fabián Rodríguez,Matemática Discreta,2025-2,82.8,11.3,92.3,2,10.6,7.9,8.8
E00895,Andrés Mendoza,Estructuras de Datos,2026-1,73.2,7.4,56.3,4,13.9,14.7,12.1
E00896,Zoe Aguilar,Lenguajes de Programación,2025-2,71.4,6.4,100,3,10.4,13.9,12.9
E00897,Franco Sánchez,Base de Datos,2025-2,77.4,7.5,86.5,1,17.1,10.9,11.9
E00898,Andrés Huamán,Lenguajes de Programación,2025-2,54.6,13.6,87.6,1,15.5,19.7,19.0
E00899,Iván Aguilar,Redes de Computadoras,2025-2,64.8,0,69.8,5,17.2,13.5,15.6
E00900,Gabriela Gutiérrez,Matemática Discreta,2026-1,71.3,0,71.1,2,17.3,18.5,20
E00901,Luis Mendoza,Lenguajes de Programación,2026-1,81.7,7.9,86.8,2,17.0,20,20
E00902,Renata Medina,Matemática Discreta,2025-2,40.1,2.7,60.6,1,11.1,7.9,10.4
E00903,Julio Quispe,Matemática Discreta,2026-1,96.9,3.9,70.9,1,15.2,15.1,15.0
E00904,María Cabrera,Redes de Computadoras,2026-1,62.5,7.3,81.8,4,20.0,20,20
E00905,Natalia Sánchez,Lenguajes de Programación,2026-1,46.8,4.8,80.7,3,12.0,12.5,13.5
E00906,Renata Cruz,Redes de Computadoras,2025-2,54.0,8.1,100,2,20,14.4,17.7
E00907,Luis Ramírez,Matemática Discreta,2025-2,86.5,7.0,61.7,3,11.0,14.4,13.1
E00908,Fernanda Gutiérrez,Base de Datos,2026-1,36.9,4.2,54.1,2,7.2,12.1,14.1
E00909,Alejandra Gutiérrez,Base de Datos,2026-1,83.3,1.9,44.5,5,11.5,14.0,17.3
E00910,Nicolás Pérez,Estructuras de Datos,2025-2,67.2,0.2,85.7,3,12.5,15.5,12.5
E00911,Franco Medina,Matemática Discreta,2026-1,67.2,5.1,86.8,4,7.0,10.7,10.8
E00912,Fabián Ponce,Redes de Computadoras,2026-1,60.3,10.5,81.7,5,20,17.0,17.8
E00913,Fabián Mendoza,Matemática Discreta,2026-1,100,7.5,95.8,3,18.9,20,20
E00914,Isabela Vega,Lenguajes de Programación,2026-1,41.5,7.4,63.0,4,11.5,15.4,11.6
E00915,Joaquín Palomino,Base de Datos,2025-2,55.1,3.5,80.0,2,11.6,12.1,10.3
E00916,Alejandra Huamán,Lenguajes de Programación,2025-2,74.4,8.3,61.3,2,19.4,16.9,14.9
E00917,Diego Reyes,Lenguajes de Programación,2025-2,100,14.4,46.0,3,7.7,9.4,8.5
E00918,Daniela Reyes,Redes de Computadoras,2025-2,72.2,4.3,82.0,2,6.5,7.3,8.9
E00919,Adrián Alva,Redes de Computadoras,2026-1,45.3,6.1,94.5,3,15.3,10.4,10.4
E00920,Daniela Rodríguez,Estructuras de Datos,2026-1,64.5,13.5,72.6,4,0.1,2.5,4.9
E00921,Julio Ponce,Matemática Discreta,2026-1,75.6,9.4,64.1,4,15.8,10.7,12.0
E00922,Lucía Paredes,Estructuras de Datos,2025-2,77.5,12.6,67.3,1,11.5,16.3,16.3
E00923,Diego Zapata,Estructuras de Datos,2025-2,63.2,7.2,72.9,4,10.3,12.4,13.1
E00924,Daniela Delgado,Estructuras de Datos,2025-2,80.1,12.4,87.4,2,12.7,6.3,5.1
E00925,Antonella Aguilar,Redes de Computadoras,2026-1,66.4,8.5,45.5,4,10.4,12.2,7.3
E00926,Manuel Cabrera,Estructuras de Datos,2025-2,82.1,9.2,56.7,3,20,20,19.1
E00927,Natalia Ponce,Matemática Discreta,2025-2,78.4,4.1,71.4,4,14.3,6.9,8.8
E00928,Adrián Cárdenas,Base de Datos,2025-2,89.7,7.3,72.3,4,19.6,19.3,20
E00929,Antonella Palomino,Lenguajes de Programación,2025-2,70.0,7.1,100,4,8.5,8.5,9.5
E00930,Alejandra Cárdenas,Matemática Discreta,2025-2,80.1,9.7,45.2,3,10.5,11.6,7.0
E00931,Ximena Herrera,Redes de Computadoras,2025-2,90.0,5.0,92.9,2,18.1,14.4,13.6
E00932,Franco Vega,Matemática Discreta,2025-2,46.5,2.6,50.1,5,13.6,8.5,9.5
E00933,Iván Soto,Estructuras de Datos,2025-2,71.1,2.4,71.4,5,5.0,5.7,4.4
E00934,Alejandra Delgado,Base de Datos,2025-2,98.0,2.9,92.7,3,8.2,9.7,8.6
E00935,Fabián Salazar,Lenguajes de Programación,2025-2,49.4,2.1,80.1,2,18.8,16.4,12.5
E00936,Ximena García,Redes de Computadoras,2025-2,73.5,10.8,41.6,4,10.2,10.1,7.1
E00937,Lucía Sánchez,Lenguajes de Programación,2026-1,52.4,8.5,62.5,1,15.1,11.1,11.7
E00938,Zoe Ponce,Redes de Computadoras,2025-2,92.3,0,100,5,20,20,20
E00939,Alonso Espinoza,Base de Datos,2026-1,72.7,12.1,66.3,2,13.6,14.6,8.3
E00940,Alejandra Flores,Redes de Computadoras,2025-2,82.1,1.9,85.3,3,12.3,7.2,11.0
E00941,Ximena Alva,Matemática Discreta,2025-2,,8.0,83.4,1,14.5,17.1,15.4
E00942,Adrián Rodríguez,Matemática Discreta,2025-2,83.8,1.8,78.4,1,20,20,20
E00943,Luis Aguilar,Matemática Discreta,2026-1,79.2,8.6,100,1,5.4,8.4,10.9
E00944,Gabriela Quispe,Lenguajes de Programación,2026-1,73.7,5.4,91.2,3,13.6,14.3,17.4
E00945,Estefanía Castillo,Estructuras de Datos,2025-2,90.6,0.2,88.2,3,12.3,15.2,7.1
E00946,Alonso Aguilar,Lenguajes de Programación,2025-2,87.0,6.1,69.5,2,18.8,14.4,8.2
E00947,Sofía Paredes,Matemática Discreta,2025-2,95.0,9.8,76.9,1,11.3,8.9,3.5
E00948,Milagros Cruz,Redes de Computadoras,2026-1,70.8,5.7,61.4,3,11.1,14.7,13.3
E00949,Andrés Rojas,Matemática Discreta,2026-1,45.1,1.5,57.6,4,11.5,8.2,10.3
E00950,Gabriela Herrera,Lenguajes de Programación,2025-2,41.2,10.1,72.3,1,7.5,6.8,11.4
E00951,Diego Ortiz,Lenguajes de Programación,2025-2,70.3,3.2,98.6,3,14.9,8.2,10.0
E00952,Manuel Ortiz,Redes de Computadoras,2025-2,80.7,10.2,59.7,5,15.8,9.3,12.6
E00953,Luis Delgado,Lenguajes de Programación,2025-2,71.5,5.3,68.0,3,12.4,17.1,12.4
E00954,Gabriela Rivas,Lenguajes de Programación,2025-2,84.2,9.5,41.9,3,12.5,,11.8
E00955,Nicolás Chávez,Matemática Discreta,2025-2,87.1,6.3,88.4,2,7.6,10.8,8.4
E00956,Natalia Paredes,Estructuras de Datos,2026-1,71.2,1.2,64.2,5,14.0,15.4,13.6
E00957,Andrés Salazar,Estructuras de Datos,2026-1,73.0,11.5,84.9,5,,19.4,16.3
E00958,Carlos Torres,Matemática Discreta,2025-2,100,3.4,94.0,4,12.4,17.4,18.6
E00959,Iván Pérez,Lenguajes de Programación,2026-1,58.8,4.0,61.7,3,17.5,13.1,17.0
E00960,Antonella Vega,Lenguajes de Programación,2026-1,73.2,7.3,67.8,3,20,13.5,13.6
E00961,Renata Rodríguez,Redes de Computadoras,2026-1,88.4,2.5,84.5,3,8.4,7.6,5.6
E00962,Valentina Sánchez,Base de Datos,2025-2,48.6,13.5,,3,14.6,14.7,17.5
E00963,Valentina Alva,Estructuras de Datos,2026-1,100,6.3,72.4,4,13.4,16.1,15.3
E00964,Julio Alva,Estructuras de Datos,2026-1,40.1,2.3,99.9,1,4.0,5.2,2.1
E00965,Antonella Flores,Matemática Discreta,2026-1,73.9,6.8,87.7,2,20.0,15.8,19.2
E00966,Rodrigo Aguilar,Estructuras de Datos,2026-1,61.8,8.0,83.6,3,6.8,3.5,4.5
E00967,Ximena Flores,Redes de Computadoras,2026-1,79.6,4.4,95.9,3,3.2,13.4,4.9
E00968,Nicolás Espinoza,Base de Datos,2025-2,76.5,0.2,97.7,3,16.6,10.9,18.6
E00969,Julio Soto,Redes de Computadoras,2025-2,42.5,3.0,98.1,4,12.3,12.3,12.0
E00970,Tomás Ortiz,Matemática Discreta,2026-1,77.8,8.1,71.7,1,8.4,7.8,10.6
E00971,Isabela Castillo,Lenguajes de Programación,2025-2,70.9,11.7,100,2,14.0,8.9,8.1
E00972,Estefanía Cruz,Matemática Discreta,2025-2,60.7,5.5,88.0,3,13.2,12.9,8.2
E00973,Rosa Herrera,Lenguajes de Programación,2026-1,82.3,4.8,,3,20,16.0,20
E00974,Sebastián Chávez,Estructuras de Datos,2025-2,72.3,8.5,52.4,2,,13.1,9.4
E00975,Emilia Torres,Lenguajes de Programación,2025-2,57.0,5.1,90.7,4,14.5,17.8,15.5
E00976,Jorge Flores,Lenguajes de Programación,2025-2,92.9,2.9,53.8,5,10.3,9.7,8.0
E00977,Adrián Vega,Base de Datos,2026-1,68.7,5.5,100,3,6.8,7.7,8.8
E00978,Gabriela Reyes,Lenguajes de Programación,2025-2,94.8,9.2,83.1,3,14.3,8.9,15.4
E00979,Rosa Mendoza,Matemática Discreta,2026-1,95.7,2.2,100,3,14.0,17.3,11.2
E00980,Daniela Alva,Lenguajes de Programación,2025-2,79.3,3.9,72.8,2,6.0,9.5,6.5
E00981,Tomás Alva,Matemática Discreta,2026-1,,12.3,82.2,4,20,19.6,14.1
E00982,Emilio Reyes,Matemática Discreta,2026-1,57.9,5.6,54.4,3,20,19.6,18.8
E00983,Iván Alva,Base de Datos,2026-1,100,15.1,73.7,3,5.5,8.2,1.7
E00984,Adrián Vargas,Matemática Discreta,2026-1,40.4,3.6,63.0,3,13.9,17.6,15.4
E00985,Julio Palomino,Estructuras de Datos,2025-2,78.9,4.5,51.4,3,9.5,12.1,9.0
E00986,Zoe Flores,Matemática Discreta,2026-1,82.4,5.7,49.1,3,9.4,11.5,4.4
E00987,Jorge Flores,Redes de Computadoras,2025-2,67.6,7.6,58.4,4,9.7,15.9,18.9
E00988,Fernanda Alva,Estructuras de Datos,2025-2,87.1,5.4,61.9,5,14.1,12.1,9.2
E00989,Franco Cruz,Base de Datos,2025-2,58.1,9.6,86.9,3,20,19.4,14.9
E00990,Gabriela López,Lenguajes de Programación,2025-2,100,5.4,80.7,2,15.0,11.0,14.8
E00991,Luis Cabrera,Base de Datos,2026-1,55.4,4.4,64.7,4,20,19.3,20
E00992,Joaquín Quispe,Redes de Computadoras,2026-1,46.4,4.8,78.1,2,13.6,12.5,10.4
E00993,Alejandra López,Redes de Computadoras,2026-1,86.7,1.5,86.1,4,9.6,7.5,9.8
E00994,Gabriela López,Lenguajes de Programación,2026-1,68.9,8.2,69.7,3,17.0,17.2,16.2
E00995,Fernanda Delgado,Matemática Discreta,2025-2,64.5,7.0,90.1,5,13.4,10.0,8.0
E00996,Nicolás Rivas,Estructuras de Datos,2026-1,67.8,6.1,63.8,2,9.6,5.0,11.6
E00997,Renata Castillo,Redes de Computadoras,2025-2,42.7,1.6,97.6,3,13.7,13.4,14.5
E00998,Ricardo Cabrera,Matemática Discreta,2026-1,97.0,3.4,49.9,3,5.0,4.5,5.4
E00999,Adrián Medina,Matemática Discreta,2025-2,57.3,9.2,50.1,5,11.4,9.8,11.3
E01000,Emilio Ponce,Matemática Discreta,2025-2,54.7,4.0,85.4,2,15.1,15.0,16.9
E01001,Alonso Chávez,Base de Datos,2026-1,67.9,10.7,55.2,5,12.8,17.1,12.6
E01002,Joaquín Espinoza,Matemática Discreta,2026-1,100,4.3,77.1,3,4.1,8.8,6.4
E01003,Diego Pérez,Matemática Discreta,2026-1,75.4,5.9,82.9,4,13.5,13.0,14.4
E01004,Sofía Ramírez,Redes de Computadoras,2025-2,74.9,3.4,69.2,2,17.7,18.1,12.5
E01005,Iván Reyes,Base de Datos,2025-2,78.0,3.3,56.1,2,12.8,8.1,13.4
E01006,Joaquín Herrera,Estructuras de Datos,2026-1,97.0,4.3,62.2,1,14.3,6.8,14.2
E01007,Alonso Castillo,Estructuras de Datos,2026-1,64.6,6.4,81.8,1,10.5,7.5,13.8
E01008,Isabela López,Base de Datos,2025-2,92.8,7.6,85.0,1,12.5,9.5,11.6
E01009,Paula Cabrera,Redes de Computadoras,2026-1,98.4,4.4,50.9,3,15.2,12.9,13.5
E01010,Gabriela Torres,Base de Datos,2026-1,55.7,4.0,73.4,3,17.4,9.2,12.2
E01011,Fernanda Cabrera,Lenguajes de Programación,2025-2,100,0.9,67.3,4,8.4,13.0,10.8
E01012,Lucía Palomino,Base de Datos,2026-1,65.8,9.7,57.6,1,12.6,9.7,9.0
E01013,Franco Gutiérrez,Redes de Computadoras,2026-1,44.3,6.9,93.6,1,5.6,7.5,8.3
E01014,Andrés Herrera,Base de Datos,2026-1,54.3,4.8,90.8,5,11.3,9.6,16.0
E01015,María Cruz,Estructuras de Datos,2025-2,,9.0,54.5,4,14.6,18.4,11.8
E01016,Jorge Medina,Lenguajes de Programación,2025-2,69.2,11.2,80.7,2,19.5,16.3,19.7
E01017,Carlos Rojas,Lenguajes de Programación,2026-1,82.3,5.0,55.9,4,5.3,9.0,9.2
E01018,Camila Ramírez,Matemática Discreta,2026-1,74.6,9.6,96.5,3,10.2,16.0,10.9
E01019,Jorge Ortiz,Redes de Computadoras,2025-2,38.1,3.5,79.0,2,17.5,17.4,13.3
E01020,Carlos Rivas,Matemática Discreta,2025-2,81.0,12.9,65.9,3,17.5,14.3,10.4
E01021,Rodrigo Paredes,Matemática Discreta,2025-2,55.7,4.9,81.0,2,19.5,13.4,15.9
E01022,Emilia Torres,Matemática Discreta,2025-2,100,3.5,60.9,5,14.8,14.6,13.3
E01023,Zoe Gutiérrez,Redes de Computadoras,2025-2,64.7,4.8,92.4,3,15.1,17.7,19.7
E01024,Sebastián Ramírez,Lenguajes de Programación,2026-1,87.9,3.1,50.1,5,15.3,9.3,14.4
E01025,Sebastián Medina,Base de Datos,2026-1,57.0,0,75.4,3,12.4,16.6,16.6
E01026,Emilia Pérez,Lenguajes de Programación,2025-2,68.5,7.3,66.4,3,8.8,11.3,11.2
E01027,Mateo Huamán,Redes de Computadoras,2025-2,62.8,5.8,98.8,2,10.3,9.1,4.4
E01028,Vicente Espinoza,Estructuras de Datos,2025-2,88.0,5.1,78.6,2,16.0,14.4,13.7
E01029,Manuel Ortiz,Lenguajes de Programación,2026-1,88.8,7.6,26.6,3,12.0,10.3,14.0
E01030,Sofía Paredes,Redes de Computadoras,2026-1,54.7,7.8,,3,11.3,18.0,15.2
E01031,Emilio Flores,Redes de Computadoras,2026-1,73.4,7.9,71.2,3,12.4,12.5,9.2
E01032,Miguel Vega,Estructuras de Datos,2026-1,42.2,4.4,77.1,3,18.6,,11.9
E01033,Iván Paredes,Lenguajes de Programación,2025-2,65.2,6.5,51.7,2,16.7,14.9,18.7
E01034,Ricardo Delgado,Redes de Computadoras,2026-1,75.2,1.9,85.5,3,15.8,19.4,19.3
E01035,Miguel Ortiz,Matemática Discreta,2026-1,85.0,3.5,77.0,2,14.2,11.8,11.2
E01036,Franco Paredes,Matemática Discreta,2025-2,73.2,9.2,100,3,8.4,12.0,6.8
E01037,Alejandra Flores,Matemática Discreta,2026-1,92.1,1.3,56.4,5,12.7,14.7,15.9
E01038,Gabriela Zapata,Lenguajes de Programación,2025-2,98.4,11.5,76.3,4,15.2,15.5,16.9
E01039,Julio Alva,Redes de Computadoras,2026-1,59.3,4.3,63.8,4,7.4,7.5,10.1
E01040,Rosa Huamán,Matemática Discreta,2025-2,49.1,2.4,40.7,4,20,17.0,20
E01041,Julio García,Lenguajes de Programación,2025-2,59.7,2.5,74.9,4,10.6,13.2,9.5
E01042,Milagros Mamani,Redes de Computadoras,2026-1,83.5,9.9,90.3,2,17.3,14.7,16.6
E01043,Isabela Vega,Redes de Computadoras,2026-1,53.3,7.2,81.9,3,18.2,18.4,10.8
E01044,Emilio Flores,Base de Datos,2025-2,97.1,3.2,73.8,1,16.4,15.9,14.1
E01045,Fernanda Flores,Redes de Computadoras,2026-1,84.3,12.4,92.3,2,15.5,15.4,15.9
E01046,Mateo Ortiz,Base de Datos,2026-1,54.5,13.1,97.2,3,8.0,9.5,6.2
E01047,Joaquín Palomino,Base de Datos,2026-1,82.6,8.8,72.1,3,6.9,15.2,17.8
E01048,Fernanda Palomino,Redes de Computadoras,2025-2,49.7,10.6,82.5,2,9.6,11.1,14.4
E01049,Paula Mamani,Base de Datos,2025-2,,4.0,92.8,5,4.5,7.3,8.5
E01050,Franco Cruz,Lenguajes de Programación,2026-1,47.1,3.0,89.3,3,7.9,5.9,10.1
E01051,María García,Lenguajes de Programación,2025-2,66.8,8.6,,2,20,19.6,20
E01052,Julio López,Base de Datos,2025-2,53.6,7.3,60.6,5,17.8,15.8,12.3
E01053,Diego Soto,Base de Datos,2025-2,51.1,6.2,83.0,2,13.6,11.8,11.7
E01054,Carlos Chávez,Lenguajes de Programación,2025-2,60.7,6.1,36.9,3,12.7,10.3,10.1
E01055,Renata Espinoza,Matemática Discreta,2025-2,80.9,5.8,74.9,5,15.8,14.2,14.6
E01056,Lucía Flores,Base de Datos,2026-1,86.5,0.6,70.4,3,20,15.5,14.7
E01057,Ricardo Vega,Matemática Discreta,2025-2,69.7,7.2,74.7,3,12.8,12.5,9.2
E01058,Zoe Vargas,Base de Datos,2025-2,70.7,6.6,91.6,3,20,20,18.9
E01059,Fabián Ponce,Redes de Computadoras,2025-2,70.5,3.1,74.6,3,14.0,9.5,8.4
E01060,Sofía Torres,Lenguajes de Programación,2025-2,75.5,2.2,91.5,4,14.1,13.8,13.8
E01061,Martina Paredes,Base de Datos,2025-2,55.8,4.4,80.3,1,14.0,16.3,11.7
E01062,Alonso Medina,Base de Datos,2026-1,40.4,6.8,100,3,16.4,15.1,13.4
E01063,Zoe Soto,Matemática Discreta,2026-1,67.1,7.7,47.7,1,10.7,6.6,10.3
E01064,Renata Medina,Estructuras de Datos,2025-2,59.5,7.3,69.4,4,15.9,15.0,14.1
E01065,Lucía Vargas,Matemática Discreta,2025-2,79.8,10.5,64.7,3,9.1,13.4,16.1
E01066,Franco Ramírez,Estructuras de Datos,2026-1,53.0,4.7,56.4,1,10.3,6.5,16.2
E01067,Iván Torres,Estructuras de Datos,2026-1,66.2,0.5,86.9,5,16.3,16.8,16.3
E01068,Franco Paredes,Redes de Computadoras,2025-2,39.3,15.2,51.5,2,9.7,13.1,12.1
E01069,Gabriela Soto,Matemática Discreta,2025-2,42.2,2.3,91.5,1,13.7,16.8,20
E01070,Franco Alva,Base de Datos,2026-1,99.1,5.5,76.4,1,13.0,18.0,14.1
E01071,Nicolás Vargas,Lenguajes de Programación,2026-1,47.7,10.6,64.7,3,12.5,13.5,14.3
E01072,Vicente Zapata,Base de Datos,2026-1,94.8,4.6,79.8,2,13.5,12.6,8.3
E01073,Ana Pérez,Base de Datos,2026-1,64.7,7.0,75.1,4,3.7,7.5,8.3
E01074,Fabián López,Lenguajes de Programación,2025-2,67.5,3.4,56.7,3,14.4,19.2,14.2
E01075,Mateo Medina,Redes de Computadoras,2026-1,60.8,0.2,83.4,2,12.6,8.9,8.9
E01076,Paula Ramírez,Lenguajes de Programación,2025-2,73.0,0,60.1,2,15.7,18.2,20
E01077,Luis Cruz,Base de Datos,2026-1,89.5,5.9,41.8,2,16.3,19.4,16.7
E01078,Fernanda Cárdenas,Matemática Discreta,2026-1,100,4.1,70.2,4,13.6,5.3,12.0
E01079,Manuel Salazar,Redes de Computadoras,2026-1,74.3,5.2,56.0,4,17.8,17.4,20
E01080,Fabián Cabrera,Base de Datos,2025-2,69.9,2.7,70.2,2,17.2,10.6,6.1
E01081,Rosa Ponce,Estructuras de Datos,2026-1,75.8,4.5,47.7,4,11.3,12.9,13.9
E01082,Sofía Paredes,Matemática Discreta,2025-2,52.8,7.7,70.4,3,11.5,14.0,13.0
E01083,Martina Sánchez,Matemática Discreta,2025-2,69.8,6.0,76.5,3,16.8,10.1,11.2
E01084,Lucía Zapata,Lenguajes de Programación,2026-1,72.4,0,89.3,4,14.5,16.7,17.7
E01085,Fabián García,Base de Datos,2026-1,96.1,0.5,59.6,2,12.4,11.4,15.3
E01086,Ricardo Gutiérrez,Matemática Discreta,2025-2,79.0,2.2,75.9,3,13.2,16.8,8.6
E01087,Paula Ortiz,Estructuras de Datos,2025-2,77.9,5.1,68.7,4,10.2,10.1,10.6
E01088,Alejandra Torres,Matemática Discreta,2025-2,73.4,7.8,92.3,4,10.7,11.6,7.8
E01089,Alonso Ramírez,Base de Datos,2026-1,88.8,4.1,70.6,4,14.6,12.3,12.0
E01090,Alonso Gutiérrez,Base de Datos,2025-2,54.6,10.7,,4,16.9,6.6,9.8
E01091,Ricardo Ponce,Lenguajes de Programación,2025-2,59.2,5.1,83.1,4,11.7,17.4,18.1
E01092,Fernanda Cárdenas,Lenguajes de Programación,2026-1,89.6,3.8,60.3,3,6.0,7.5,9.9
E01093,Milagros Vargas,Base de Datos,2025-2,72.1,4.2,,2,12.5,12.5,14.1
E01094,Zoe Rojas,Redes de Computadoras,2026-1,65.9,6.3,82.2,2,15.2,17.6,19.5
E01095,Miguel Reyes,Lenguajes de Programación,2026-1,70.7,4.0,58.4,2,8.4,6.7,7.6
E01096,Alejandra López,Base de Datos,2025-2,,10.8,74.1,4,10.1,10.7,12.7
E01097,Fernanda Soto,Base de Datos,2025-2,70.5,13.8,90.0,2,2.0,8.2,7.0
E01098,Ricardo Palomino,Redes de Computadoras,2025-2,79.3,4.8,90.3,2,14.5,13.0,15.6
E01099,Martina García,Base de Datos,2026-1,80.7,6.5,86.6,2,18.1,14.2,13.1
E01100,Ximena Ponce,Matemática Discreta,2026-1,74.7,0.9,56.2,2,16.0,12.4,8.6
E01101,Estefanía Ortiz,Lenguajes de Programación,2025-2,48.2,5.5,100,3,16.4,15.0,14.3
E01102,Fabián Paredes,Lenguajes de Programación,2025-2,57.0,11.4,50.2,4,13.5,10.8,11.5
E01103,Fernanda García,Matemática Discreta,2025-2,84.1,8.1,70.6,4,9.9,17.2,12.4
E01104,Sebastián Huamán,Lenguajes de Programación,2026-1,70.9,6.2,68.8,3,6.9,11.8,8.6
E01105,Natalia Ramírez,Matemática Discreta,2026-1,58.2,12.9,58.2,4,20,20,20
E01106,Renata Cárdenas,Estructuras de Datos,2026-1,87.8,8.3,81.3,1,14.3,17.4,11.2
E01107,Fernanda Soto,Redes de Computadoras,2025-2,60.3,2.8,69.0,1,13.5,17.9,15.9
E01108,Emilio Huamán,Base de Datos,2026-1,83.7,4.7,50.3,5,9.0,10.1,12.2
E01109,Joaquín Sánchez,Estructuras de Datos,2025-2,59.2,6.4,77.9,1,12.0,10.6,14.3
E01110,Sofía Huamán,Lenguajes de Programación,2025-2,53.6,5.9,59.3,4,11.5,4.0,5.6
E01111,Diego Quispe,Redes de Computadoras,2026-1,52.7,3.1,100.0,4,13.0,13.5,13.6
E01112,Manuel Mendoza,Redes de Computadoras,2026-1,78.6,9.6,89.9,3,19.0,17.6,20
E01113,Iván Ponce,Matemática Discreta,2025-2,92.9,5.5,31.3,2,12.5,17.2,19.8
E01114,Adrián López,Estructuras de Datos,2026-1,68.0,11.6,67.5,1,17.7,17.0,15.1
E01115,Natalia Delgado,Redes de Computadoras,2026-1,77.2,4.8,75.8,2,12.5,15.3,12.6
E01116,Gabriela Rivas,Estructuras de Datos,2025-2,81.3,10.0,89.5,3,10.0,14.1,10.1
E01117,Joaquín Ortiz,Redes de Computadoras,2025-2,69.2,8.8,87.7,4,18.2,18.3,19.0
E01118,Zoe Vega,Matemática Discreta,2025-2,65.3,0,87.3,1,10.7,12.6,15.9
E01119,Manuel Rodríguez,Redes de Computadoras,2026-1,62.9,6.4,88.6,3,19.1,20,19.8
E01120,Zoe Flores,Redes de Computadoras,2026-1,35.9,9.1,75.5,3,13.5,9.8,15.1
E01121,Milagros Palomino,Redes de Computadoras,2026-1,90.1,5.4,50.5,3,15.4,16.7,14.3
E01122,Ana Herrera,Base de Datos,2026-1,75.6,9.1,45.0,4,10.5,14.9,7.7
E01123,Alejandra Mamani,Estructuras de Datos,2026-1,59.0,2.2,55.8,1,10.3,14.3,9.9
E01124,Sofía Ponce,Base de Datos,2025-2,68.3,9.5,52.6,1,19.3,20,20
E01125,Lucía Pérez,Base de Datos,2026-1,58.6,3.9,71.4,4,14.6,15.4,17.8
E01126,Nicolás Medina,Matemática Discreta,2026-1,67.6,5.5,51.2,5,12.0,13.9,11.7
E01127,Lucía Palomino,Matemática Discreta,2025-2,64.3,1.1,89.3,2,6.6,10.8,7.2
E01128,Tomás García,Redes de Computadoras,2025-2,93.7,5.3,66.0,2,17.3,16.6,19.5
E01129,Manuel Rodríguez,Estructuras de Datos,2025-2,50.8,2.6,69.5,1,9.2,14.0,9.4
E01130,Estefanía Huamán,Base de Datos,2025-2,72.8,2.6,55.2,2,11.1,13.2,15.5
E01131,Miguel Medina,Matemática Discreta,2026-1,89.1,6.3,80.8,5,18.6,17.9,17.3
E01132,Valeria Flores,Redes de Computadoras,2026-1,61.1,0,69.3,5,7.4,10.5,13.8
E01133,Tomás Reyes,Estructuras de Datos,2025-2,71.0,3.3,85.0,2,8.8,12.4,10.1
E01134,Adrián Paredes,Lenguajes de Programación,2025-2,94.9,5.5,95.6,4,11.0,9.9,8.7
E01135,Ana Palomino,Base de Datos,2026-1,86.7,9.5,89.6,3,8.2,8.3,3.7
E01136,Ximena Gutiérrez,Matemática Discreta,2026-1,56.9,8.7,81.8,2,14.3,12.5,6.6
E01137,Tomás Cruz,Redes de Computadoras,2026-1,67.6,0.1,92.4,1,13.8,15.0,20
E01138,Miguel Ponce,Matemática Discreta,2025-2,69.9,7.1,44.2,2,7.1,8.6,9.2
E01139,Alonso Salazar,Estructuras de Datos,2026-1,71.6,14.3,49.9,4,17.0,9.2,14.6
E01140,Valentina Quispe,Base de Datos,2025-2,47.3,3.1,88.7,2,16.8,14.8,17.4
E01141,María Flores,Matemática Discreta,2026-1,39.5,5.1,89.7,3,13.7,12.5,18.2
E01142,Joaquín Rivas,Matemática Discreta,2026-1,56.4,3.6,70.6,3,13.1,14.7,16.4
E01143,Sofía Medina,Matemática Discreta,2026-1,67.9,5.9,72.8,2,13.1,12.5,11.8
E01144,Sebastián Ortiz,Redes de Computadoras,2025-2,65.0,3.7,77.7,3,6.1,7.0,9.2
E01145,Camila Cabrera,Base de Datos,2025-2,80.0,13.0,49.3,5,14.7,14.6,15.7
E01146,Bruno Herrera,Estructuras de Datos,2025-2,84.2,11.2,72.5,1,9.8,11.7,14.5
E01147,Ricardo García,Matemática Discreta,2026-1,53.4,7.9,64.6,2,20,14.9,17.1
E01148,Bruno Ponce,Lenguajes de Programación,2025-2,48.4,8.4,87.8,4,9.2,10.1,8.8
E01149,Gabriela Aguilar,Base de Datos,2026-1,59.3,7.2,44.0,3,12.0,17.9,16.3
E01150,Rosa Medina,Estructuras de Datos,2025-2,44.2,4.4,46.0,2,13.3,17.1,18.8
E01151,Jorge Paredes,Lenguajes de Programación,2026-1,100,8.6,69.7,3,6.5,4.3,6.8
E01152,Iván Ortiz,Base de Datos,2026-1,62.9,7.3,99.5,5,17.1,9.2,20
E01153,Ana Ortiz,Matemática Discreta,2025-2,64.0,1.5,40.8,2,10.6,11.2,9.0
E01154,Jorge Espinoza,Redes de Computadoras,2026-1,60.3,7.8,100,3,16.2,12.4,15.4
E01155,Camila Medina,Lenguajes de Programación,2026-1,50.1,0,68.3,4,17.9,16.8,19.5
E01156,Julio Mendoza,Redes de Computadoras,2025-2,60.2,2.3,82.0,4,4.5,9.2,8.1
E01157,Iván Herrera,Base de Datos,2025-2,65.7,6.7,77.7,4,11.2,10.8,12.7
E01158,Bruno Torres,Base de Datos,2026-1,88.9,1.0,48.2,1,10.9,11.0,11.4
E01159,Estefanía Flores,Estructuras de Datos,2025-2,44.7,8.5,95.7,2,12.8,10.4,16.0
E01160,Iván Cárdenas,Base de Datos,2026-1,100,0,72.6,4,12.1,10.4,13.1
E01161,Sebastián Gutiérrez,Redes de Computadoras,2026-1,77.4,0,96.6,2,16.0,12.4,19.5
E01162,Bruno García,Redes de Computadoras,2025-2,93.7,9.0,54.9,3,16.7,17.2,15.7
E01163,Alonso Quispe,Estructuras de Datos,2025-2,100,0,100,4,1.7,1.1,7.1
E01164,Sebastián Ramírez,Redes de Computadoras,2026-1,74.3,3.1,77.1,4,12.7,10.4,18.0
E01165,Daniela Alva,Matemática Discreta,2026-1,79.1,4.1,85.5,1,17.4,19.6,20
E01166,Luis García,Matemática Discreta,2026-1,94.6,4.3,68.9,5,18.9,18.5,15.7
E01167,Andrés García,Estructuras de Datos,2026-1,69.1,12.9,81.7,2,20,20,18.4
E01168,Diego Rodríguez,Lenguajes de Programación,2025-2,54.5,4.1,78.1,3,13.0,12.4,12.0
E01169,Martina Cárdenas,Estructuras de Datos,2026-1,86.3,5.2,78.9,2,8.1,8.0,5.1
E01170,Valeria Cárdenas,Lenguajes de Programación,2025-2,87.2,6.8,67.3,3,4.7,6.9,4.2
E01171,Julio Rivas,Estructuras de Datos,2025-2,71.7,3.2,81.3,3,15.9,9.6,12.8
E01172,Luis Cárdenas,Matemática Discreta,2025-2,100,9.4,46.1,1,5.1,8.5,14.8
E01173,Daniela García,Base de Datos,2025-2,90.7,2.5,66.0,2,10.9,11.8,13.5
E01174,Tomás Paredes,Base de Datos,2026-1,39.5,0,77.9,2,10.0,9.3,8.8
E01175,María Huamán,Base de Datos,2025-2,78.0,8.1,60.9,4,18.6,18.0,14.2
E01176,Fernanda Delgado,Estructuras de Datos,2026-1,50.2,2.7,81.3,3,8.2,9.9,12.7
E01177,Tomás Vargas,Base de Datos,2025-2,72.7,9.3,65.8,4,12.9,11.3,8.4
E01178,Alonso Palomino,Lenguajes de Programación,2026-1,76.5,7.9,74.4,2,12.3,14.8,7.7
E01179,Ximena Pérez,Redes de Computadoras,2026-1,70.1,7.8,83.9,3,10.0,10.0,12.1
E01180,Luis Chávez,Estructuras de Datos,2025-2,60.2,6.2,56.7,3,10.2,14.0,11.0
E01181,Diego Rodríguez,Estructuras de Datos,2026-1,93.0,7.8,57.0,3,13.0,10.4,12.2
E01182,Gabriela Aguilar,Matemática Discreta,2025-2,60.6,5.0,93.8,2,15.5,10.4,15.6
E01183,Sofía Mamani,Lenguajes de Programación,2025-2,78.2,11.6,70.8,3,10.3,7.1,4.6
E01184,Lucía Mendoza,Matemática Discreta,2026-1,29.6,5.4,93.5,2,10.5,13.4,7.1
E01185,Diego Mamani,Lenguajes de Programación,2025-2,60.4,3.5,60.9,2,11.7,6.9,7.5
E01186,Alejandra Rivas,Matemática Discreta,2026-1,38.0,6.9,63.0,4,11.5,12.7,13.1
E01187,Martina García,Matemática Discreta,2026-1,96.1,0.7,56.3,5,11.4,9.4,6.8
E01188,Valentina Vega,Estructuras de Datos,2026-1,86.0,6.5,78.5,2,2.7,3.1,3.0
E01189,Isabela Cárdenas,Estructuras de Datos,2025-2,78.2,5.1,70.9,2,20,17.7,18.5
E01190,Antonella Zapata,Base de Datos,2025-2,75.5,3.8,80.1,3,13.9,20,17.1
E01191,Lucía López,Estructuras de Datos,2025-2,71.5,10.5,82.5,3,15.3,,16.1
E01192,Valentina Ramírez,Matemática Discreta,2026-1,89.1,5.6,95.7,4,6.4,16.2,11.9
E01193,Alejandra Aguilar,Estructuras de Datos,2025-2,66.5,2.5,,2,6.3,2.8,3.2
E01194,Emilio Sánchez,Matemática Discreta,2026-1,71.6,9.6,75.0,2,12.5,14.4,13.5
E01195,Emilio Herrera,Lenguajes de Programación,2026-1,74.7,9.0,68.9,4,1.1,0,8.7
E01196,Joaquín Cárdenas,Lenguajes de Programación,2026-1,94.6,3.5,89.5,2,15.0,15.9,17.8
E01197,María Ramírez,Estructuras de Datos,2025-2,62.4,11.7,58.8,4,13.2,8.5,13.1
E01198,Emilio Rivas,Base de Datos,2026-1,67.4,5.2,70.2,4,20,20,20
E01199,Gabriela Cárdenas,Matemática Discreta,2026-1,70.3,6.7,74.2,3,10.3,10.8,18.6
E01200,Daniela Castillo,Lenguajes de Programación,2025-2,81.5,3.2,78.6,2,14.9,12.5,14.5
E01201,Diego Salazar,Redes de Computadoras,2026-1,63.2,7.3,33.6,3,15.6,12.0,9.8
E01202,Ximena Vega,Estructuras de Datos,2025-2,60.9,6.9,72.5,3,13.6,14.9,14.3
E01203,Zoe Paredes,Base de Datos,2026-1,100,9.0,81.3,3,11.8,13.9,14.7
E01204,Martina Medina,Estructuras de Datos,2026-1,95.5,11.0,80.4,3,12.3,8.3,12.3
E01205,Sofía Gutiérrez,Estructuras de Datos,2025-2,50.5,2.8,42.5,4,14.5,,16.5
E01206,Mateo López,Lenguajes de Programación,2026-1,99.5,9.9,85.9,3,15.8,12.9,15.8
E01207,Rodrigo Vargas,Matemática Discreta,2025-2,69.2,5.9,83.7,1,12.7,13.4,14.3
E01208,Mateo Delgado,Redes de Computadoras,2025-2,63.8,2.6,50.5,5,15.9,16.0,11.5
E01209,Carlos Ortiz,Lenguajes de Programación,2026-1,100,3.9,92.2,4,11.1,11.6,7.7
E01210,Carlos Paredes,Lenguajes de Programación,2025-2,67.4,9.4,83.0,3,12.1,10.2,10.6
E01211,Julio Pérez,Redes de Computadoras,2026-1,65.1,5.0,56.8,3,20,20,20
E01212,Milagros Mamani,Lenguajes de Programación,2026-1,100,7.2,93.9,3,11.8,12.6,10.8
E01213,Valentina Huamán,Redes de Computadoras,2025-2,,4.8,90.9,2,14.3,19.9,13.1
E01214,Nicolás Paredes,Estructuras de Datos,2025-2,83.5,5.2,77.7,2,10.6,10.7,10.0
E01215,Jorge Soto,Matemática Discreta,2025-2,49.0,9.8,43.4,3,10.2,18.7,15.1
E01216,Ximena Flores,Estructuras de Datos,2025-2,91.5,8.2,99.1,3,11.3,10.0,9.2
E01217,Antonella Ponce,Lenguajes de Programación,2026-1,85.2,10.0,66.8,3,9.1,6.1,6.2
E01218,Milagros Paredes,Matemática Discreta,2026-1,55.8,12.8,52.2,2,19.8,11.7,15.5
E01219,Joaquín Sánchez,Lenguajes de Programación,2026-1,54.6,12.0,100,3,9.2,10.3,12.3
E01220,Nicolás Ortiz,Estructuras de Datos,2025-2,53.7,5.9,59.8,2,14.8,20,19.1
E01221,Milagros Rojas,Lenguajes de Programación,2025-2,50.9,7.3,64.3,1,16.4,12.5,10.0
E01222,Fernanda Rivas,Estructuras de Datos,2025-2,73.7,1.9,68.7,2,9.1,12.6,11.5
E01223,Carlos Cabrera,Base de Datos,2026-1,46.2,9.0,95.2,3,16.2,17.6,16.7
E01224,Miguel Mamani,Matemática Discreta,2026-1,54.7,8.5,93.3,3,12.6,14.6,11.4
E01225,Luis Medina,Estructuras de Datos,2026-1,83.9,4.1,60.3,5,9.4,6.6,6.1
E01226,Gabriela Quispe,Estructuras de Datos,2026-1,35.6,8.2,65.8,4,8.6,8.5,12.0
E01227,Adrián Palomino,Base de Datos,2025-2,43.2,9.6,68.5,1,8.4,13.3,12.9
E01228,Sebastián Ortiz,Estructuras de Datos,2026-1,70.4,4.7,61.0,2,12.2,19.0,11.6
E01229,Manuel Aguilar,Lenguajes de Programación,2025-2,39.2,7.0,93.5,4,11.8,12.9,10.4
E01230,Renata Ortiz,Base de Datos,2025-2,95.7,6.9,63.7,2,15.1,13.7,14.9
E01231,Ana Castillo,Redes de Computadoras,2025-2,57.1,9.1,99.3,2,17.6,20,20
E01232,Carlos Pérez,Estructuras de Datos,2026-1,96.2,7.9,77.8,3,17.9,16.9,20
E01233,Miguel García,Estructuras de Datos,2026-1,83.5,3.2,46.5,1,13.3,14.0,11.4
E01234,Sebastián Cárdenas,Redes de Computadoras,2025-2,71.2,4.0,64.3,1,13.9,11.3,15.3
E01235,Vicente Salazar,Lenguajes de Programación,2026-1,93.2,5.1,81.4,1,10.2,13.3,9.0
E01236,Rosa Mamani,Base de Datos,2025-2,95.3,8.6,84.9,3,12.3,7.6,8.5
E01237,Ximena Vega,Estructuras de Datos,2025-2,83.8,3.7,59.7,2,13.1,11.4,14.3
E01238,Bruno Ramírez,Redes de Computadoras,2025-2,43.3,7.5,62.5,4,19.9,17.7,17.4
E01239,Natalia Pérez,Base de Datos,2026-1,62.9,5.7,74.2,4,15.9,9.5,16.2
E01240,Martina Paredes,Lenguajes de Programación,2026-1,54.2,1.7,75.1,2,1.3,10.5,5.1
E01241,Adrián Palomino,Estructuras de Datos,2025-2,86.1,6.9,82.9,3,12.9,12.3,13.3
E01242,Valentina Rojas,Matemática Discreta,2025-2,85.1,9.6,52.0,4,15.3,12.6,17.3
E01243,Alonso Pérez,Lenguajes de Programación,2025-2,66.4,1.1,73.1,4,16.9,20,14.7
E01244,Sebastián Vega,Matemática Discreta,2025-2,48.5,1.4,69.0,2,19.0,14.9,13.0
E01245,Antonella Vega,Redes de Computadoras,2026-1,62.9,0,85.5,4,10.8,13.1,18.1
E01246,Alonso Herrera,Redes de Computadoras,2026-1,53.4,5.9,82.0,3,9.8,12.4,17.9
E01247,Martina Salazar,Estructuras de Datos,2026-1,93.5,6.5,72.3,4,12.2,8.4,9.8
E01248,Lucía Salazar,Base de Datos,2026-1,100,6.0,100,2,11.5,10.2,14.4
E01249,Milagros Sánchez,Base de Datos,2025-2,45.9,3.7,83.4,3,4.0,0,3.2
E01250,Milagros Torres,Matemática Discreta,2026-1,35.2,2.1,61.0,3,7.7,6.3,6.5
E01251,Joaquín Reyes,Matemática Discreta,2025-2,90.2,7.9,76.2,5,6.2,3.5,12.0
E01252,Vicente Quispe,Redes de Computadoras,2025-2,85.6,2.9,17.4,5,11.2,8.4,12.2
E01253,Julio Cárdenas,Base de Datos,2025-2,47.6,2.8,66.4,3,6.0,6.6,6.6
E01254,Ximena Soto,Redes de Computadoras,2025-2,70.3,9.3,76.5,3,16.1,20,17.0
E01255,Bruno Ortiz,Lenguajes de Programación,2026-1,72.3,7.6,47.2,4,8.6,13.1,11.4
E01256,Ricardo Herrera,Base de Datos,2026-1,80.8,5.6,73.1,3,20,20,16.9
E01257,Antonella Mendoza,Matemática Discreta,2025-2,56.1,6.0,45.4,1,13.3,13.3,11.5
E01258,Luis Cárdenas,Matemática Discreta,2026-1,94.8,2.6,40.0,4,15.4,16.0,17.5
E01259,Lucía Vega,Matemática Discreta,2025-2,68.2,5.8,65.5,3,15.8,15.4,13.5
E01260,Manuel Quispe,Redes de Computadoras,2025-2,59.5,6.2,64.2,1,7.2,6.6,12.5
E01261,Rosa Rivas,Lenguajes de Programación,2026-1,72.8,7.7,64.0,3,7.0,9.0,10.7
E01262,Miguel Ponce,Lenguajes de Programación,2026-1,61.5,4.2,94.8,3,15.5,13.3,13.5
E01263,Miguel Zapata,Lenguajes de Programación,2025-2,50.0,3.6,69.9,3,13.5,10.9,7.4
E01264,Ximena Paredes,Estructuras de Datos,2026-1,65.8,3.7,88.1,3,13.5,10.4,10.7
E01265,Lucía Alva,Matemática Discreta,2026-1,78.2,4.5,67.1,1,9.4,4.8,8.5
E01266,Emilio Delgado,Matemática Discreta,2026-1,31.4,3.7,71.1,4,20,17.8,20
E01267,Emilio Rojas,Base de Datos,2025-2,67.2,7.1,66.4,1,6.3,12.3,6.3
E01268,Emilia Delgado,Estructuras de Datos,2026-1,23.1,8.0,100,3,11.5,11.0,19.1
E01269,Emilia Ponce,Estructuras de Datos,2025-2,61.3,3.5,55.8,1,6.3,8.7,9.4
E01270,Tomás Flores,Lenguajes de Programación,2025-2,72.0,10.0,69.9,4,15.7,15.4,14.5
E01271,Alonso Cabrera,Lenguajes de Programación,2025-2,76.6,11.7,51.7,3,20,20,17.9
E01272,Antonella Chávez,Matemática Discreta,2025-2,73.1,10.4,100,5,20,17.0,20
E01273,Franco Rivas,Lenguajes de Programación,2025-2,76.7,5.1,69.0,4,12.8,15.3,14.8
E01274,Valentina Palomino,Base de Datos,2026-1,56.4,3.9,65.8,3,14.6,11.2,15.6
E01275,Sebastián García,Matemática Discreta,2026-1,80.0,5.7,98.1,5,9.3,11.3,13.6
E01276,Milagros Rodríguez,Redes de Computadoras,2026-1,92.9,2.7,100,2,13.1,12.2,13.1
E01277,Tomás Vega,Lenguajes de Programación,2026-1,70.7,8.9,95.4,4,15.9,15.0,9.6
E01278,Alejandra Herrera,Estructuras de Datos,2026-1,49.5,3.9,72.3,4,12.6,13.0,19.1
E01279,Martina Ramírez,Redes de Computadoras,2025-2,62.1,4.6,65.7,3,10.5,11.6,15.3
E01280,Rodrigo Rojas,Estructuras de Datos,2026-1,43.1,5.6,94.6,3,9.0,10.6,9.6
E01281,Carlos Ortiz,Lenguajes de Programación,2026-1,37.9,7.6,66.4,2,8.8,14.2,18.2
E01282,Valeria Pérez,Lenguajes de Programación,2026-1,70.4,3.8,36.7,4,15.9,16.9,13.2
E01283,Isabela Gutiérrez,Matemática Discreta,2026-1,70.1,8.4,97.7,1,11.4,10.9,4.7
E01284,Ana Mamani,Matemática Discreta,2025-2,96.6,8.6,50.9,4,11.8,6.6,12.1
E01285,Mateo Rojas,Matemática Discreta,2026-1,82.3,10.0,70.3,4,20,20,20
E01286,Miguel Delgado,Redes de Computadoras,2025-2,45.5,2.1,64.0,2,13.0,11.4,13.5
E01287,Sofía Torres,Lenguajes de Programación,2025-2,84.6,2.5,64.4,4,16.1,15.4,18.6
E01288,Lucía Sánchez,Estructuras de Datos,2025-2,100,4.3,40.9,5,9.5,12.6,10.6
E01289,Milagros Flores,Base de Datos,2026-1,99.9,3.9,80.9,2,11.6,9.3,13.6
E01290,Tomás Ponce,Redes de Computadoras,2025-2,76.0,0.3,65.1,1,9.4,9.2,9.8
E01291,Bruno Rivas,Matemática Discreta,2025-2,100,5.5,91.7,3,7.2,8.7,5.9
E01292,Milagros Ramírez,Base de Datos,2025-2,98.0,11.0,63.7,4,17.3,18.2,14.1
E01293,Franco Pérez,Redes de Computadoras,2026-1,83.3,8.2,72.3,5,16.2,15.9,13.3
E01294,Rodrigo Rivas,Estructuras de Datos,2025-2,73.6,2.4,76.2,3,6.4,6.2,11.8
E01295,Zoe Soto,Base de Datos,2026-1,100,9.7,70.5,3,17.4,17.1,14.4
E01296,Diego Vargas,Matemática Discreta,2026-1,64.2,5.9,94.4,1,13.1,14.1,8.4
E01297,Paula Rivas,Estructuras de Datos,2025-2,66.2,7.6,76.9,2,15.8,15.2,11.2
E01298,Rosa Zapata,Matemática Discreta,2026-1,79.6,8.2,100.0,1,10.3,15.6,20
E01299,Daniela Ramírez,Redes de Computadoras,2026-1,62.2,8.9,84.0,4,6.3,9.2,13.9
E01300,Sebastián Alva,Base de Datos,2025-2,47.5,8.4,91.8,5,16.2,15.9,13.6
E01301,Daniela Castillo,Redes de Computadoras,2025-2,53.2,6.7,78.0,3,15.6,20,13.6
E01302,Franco Torres,Estructuras de Datos,2026-1,71.0,5.0,100,3,8.9,10.2,9.2
E01303,Zoe Zapata,Estructuras de Datos,2025-2,100,5.3,82.2,2,8.1,14.3,6.6
E01304,Alejandra Vargas,Base de Datos,2026-1,62.7,8.8,74.5,3,,12.0,15.3
E01305,Renata Espinoza,Lenguajes de Programación,2026-1,89.5,11.6,99.6,3,4.9,6.6,5.2
E01306,Emilio Castillo,Redes de Computadoras,2025-2,64.7,7.0,84.9,4,12.3,13.2,12.9
E01307,Estefanía Flores,Matemática Discreta,2026-1,88.4,10.2,61.7,4,6.7,14.0,16.2
E01308,María Gutiérrez,Matemática Discreta,2025-2,54.1,15.5,50.9,4,20,14.4,12.4
E01309,Fernanda Ramírez,Redes de Computadoras,2026-1,58.6,9.7,82.0,4,10.2,7.8,17.4
E01310,Daniela Ramírez,Base de Datos,2026-1,73.5,9.8,100,5,20,15.6,19.9
E01311,Zoe Medina,Lenguajes de Programación,2026-1,96.8,3.8,88.0,2,18.5,16.9,20
E01312,Adrián Sánchez,Lenguajes de Programación,2025-2,50.0,3.3,94.3,2,16.2,20,19.8
E01313,Valeria Mamani,Estructuras de Datos,2026-1,98.6,8.4,61.9,1,2.3,4.1,0
E01314,Bruno Quispe,Estructuras de Datos,2025-2,99.4,10.4,73.6,3,12.9,15.7,8.5
E01315,Luis Ponce,Base de Datos,2026-1,54.8,7.9,48.0,3,14.8,10.9,13.6
E01316,Ana Chávez,Lenguajes de Programación,2026-1,76.8,10.4,59.9,3,9.1,13.1,15.4
E01317,Ana Cruz,Lenguajes de Programación,2026-1,68.4,11.0,72.1,1,7.6,11.1,11.7
E01318,Tomás Sánchez,Base de Datos,2026-1,72.2,9.3,89.0,4,16.9,15.6,8.2
E01319,Alejandra Palomino,Redes de Computadoras,2026-1,83.0,7.2,90.6,4,8.2,9.2,9.5
E01320,Ricardo Pérez,Redes de Computadoras,2025-2,78.2,1.9,55.2,4,14.5,14.3,12.7
E01321,Emilio Palomino,Base de Datos,2026-1,70.1,10.2,61.4,3,10.6,6.1,10.8
E01322,Daniela Ramírez,Base de Datos,2025-2,86.2,8.2,100,5,12.0,12.1,11.2
E01323,Ana Quispe,Matemática Discreta,2026-1,96.8,6.7,99.8,2,9.3,6.6,8.6
E01324,Mateo Paredes,Estructuras de Datos,2025-2,93.3,12.5,63.3,3,10.6,19.2,14.1
E01325,Camila Chávez,Estructuras de Datos,2025-2,81.9,3.9,36.9,2,14.8,14.5,13.5
E01326,Emilia Cruz,Base de Datos,2025-2,58.6,9.2,83.2,1,19.2,18.7,16.0
E01327,Emilia Rodríguez,Base de Datos,2025-2,76.2,11.7,69.0,1,20,20,18.9
E01328,Diego Quispe,Base de Datos,2026-1,59.4,7.1,52.7,3,18.9,11.0,9.7
E01329,Valeria Mamani,Estructuras de Datos,2026-1,93.0,2.0,96.2,5,14.8,16.4,20
E01330,Sofía Aguilar,Redes de Computadoras,2026-1,86.8,8.8,62.8,5,15.8,14.5,11.9
E01331,Miguel Huamán,Matemática Discreta,2026-1,32.0,6.8,,3,11.4,11.8,12.4
E01332,Bruno Delgado,Matemática Discreta,2025-2,98.9,4.7,48.9,2,10.0,8.9,7.8
E01333,Camila Sánchez,Base de Datos,2026-1,68.1,10.4,97.7,3,13.0,12.1,11.2
E01334,Carlos Reyes,Lenguajes de Programación,2026-1,66.1,7.3,59.1,4,9.9,13.4,14.7
E01335,Martina Rivas,Lenguajes de Programación,2025-2,69.2,3.1,58.3,2,20,16.7,20
E01336,Estefanía Cabrera,Matemática Discreta,2025-2,96.9,7.1,70.6,2,8.3,6.9,6.8
E01337,Carlos Reyes,Estructuras de Datos,2025-2,74.9,0.4,98.2,1,10.6,15.0,12.8
E01338,Valentina Medina,Redes de Computadoras,2026-1,64.1,10.8,90.4,3,16.9,17.0,16.6
E01339,Ana Ramírez,Lenguajes de Programación,2026-1,55.3,7.8,81.3,2,12.1,15.9,16.2
E01340,Emilia Salazar,Lenguajes de Programación,2025-2,58.4,10.0,77.0,4,14.2,12.4,16.7
E01341,Emilio Vargas,Base de Datos,2026-1,92.3,10.3,79.7,4,18.4,12.6,16.1
E01342,Diego Ramírez,Redes de Computadoras,2026-1,59.4,0.5,81.6,1,10.3,10.5,17.1
E01343,Fernanda Herrera,Base de Datos,2026-1,70.2,5.8,39.7,3,20,12.8,15.2
E01344,Fernanda Alva,Base de Datos,2025-2,76.6,7.9,85.7,3,8.8,13.0,7.3
E01345,Julio Vargas,Matemática Discreta,2025-2,62.7,4.0,63.0,2,9.1,16.4,16.4
E01346,Ximena Rivas,Redes de Computadoras,2026-1,63.3,2.9,100,3,7.5,10.5,9.3
E01347,Camila Torres,Base de Datos,2025-2,55.0,10.2,79.1,4,14.4,10.6,14.4
E01348,Tomás Ramírez,Lenguajes de Programación,2026-1,66.9,11.6,58.5,4,13.3,12.7,14.4
E01349,Gabriela Vega,Base de Datos,2025-2,89.5,4.0,55.2,2,9.1,12.3,7.8
E01350,Antonella Rodríguez,Redes de Computadoras,2025-2,48.5,0,78.8,4,14.6,17.1,15.2
E01351,Isabela López,Redes de Computadoras,2025-2,67.6,0.1,45.6,5,15.9,20,15.7
E01352,Isabela Paredes,Matemática Discreta,2025-2,93.3,6.3,70.1,3,12.5,13.7,12.1
E01353,Bruno Aguilar,Estructuras de Datos,2025-2,55.8,3.7,67.8,5,12.0,9.6,10.9
E01354,Zoe Gutiérrez,Redes de Computadoras,2026-1,62.8,10.9,55.1,3,7.9,9.2,8.2
E01355,Valentina Zapata,Lenguajes de Programación,2025-2,70.6,8.3,94.8,4,15.2,18.7,12.0
E01356,Gabriela Torres,Estructuras de Datos,2026-1,82.4,0,73.9,2,12.9,13.6,10.1
E01357,Daniela Alva,Matemática Discreta,2026-1,82.1,7.5,91.4,1,11.4,6.2,13.1
E01358,Sebastián Gutiérrez,Matemática Discreta,2025-2,69.3,3.3,64.0,2,6.5,5.3,7.3
E01359,Milagros Pérez,Matemática Discreta,2026-1,67.9,2.2,67.3,2,16.6,12.1,12.1
E01360,Jorge Huamán,Estructuras de Datos,2026-1,59.7,1.1,72.8,3,10.2,12.2,14.9
E01361,Alonso Soto,Lenguajes de Programación,2026-1,63.2,12.9,79.8,2,12.5,9.9,14.8
E01362,Valeria Castillo,Estructuras de Datos,2025-2,70.4,6.7,100,5,17.0,16.6,15.5
E01363,Vicente Chávez,Redes de Computadoras,2026-1,86.8,3.2,100,1,6.9,11.6,10.4
E01364,Martina Flores,Matemática Discreta,2025-2,70.6,8.5,71.2,1,,12.2,14.5
E01365,Estefanía Paredes,Matemática Discreta,2025-2,100,8.0,46.0,3,18.6,18.4,19.9
E01366,Jorge García,Base de Datos,2026-1,74.6,1.6,47.2,1,8.1,9.2,11.2
E01367,Bruno López,Base de Datos,2026-1,40.1,2.3,68.1,2,9.1,10.3,12.3
E01368,Vicente Salazar,Lenguajes de Programación,2026-1,54.7,3.8,59.9,2,12.1,17.4,16.0
E01369,Antonella Delgado,Redes de Computadoras,2025-2,67.8,9.0,71.8,1,15.0,15.4,13.9
E01370,Renata García,Matemática Discreta,2026-1,,4.3,100,3,6.5,11.0,11.7
E01371,Rosa Medina,Matemática Discreta,2026-1,96.5,5.8,64.0,3,19.0,14.4,14.9
E01372,Sebastián Vargas,Matemática Discreta,2025-2,95.3,11.4,88.3,4,13.7,12.9,13.9
E01373,Milagros Cárdenas,Estructuras de Datos,2025-2,70.4,8.6,97.2,2,9.3,8.5,10.4
E01374,Isabela Pérez,Estructuras de Datos,2025-2,37.7,12.8,87.8,5,10.1,6.9,10.4
E01375,Manuel Mamani,Matemática Discreta,2025-2,74.5,8.0,81.0,4,15.0,15.3,11.6
E01376,Milagros Castillo,Matemática Discreta,2025-2,52.9,6.1,70.7,2,11.3,7.8,14.0
E01377,Vicente Cruz,Matemática Discreta,2025-2,64.2,7.4,100,5,16.8,15.1,11.9
E01378,Adrián Ramírez,Lenguajes de Programación,2026-1,95.8,0.6,64.6,4,10.9,12.2,11.8
E01379,Antonella Rivas,Estructuras de Datos,2025-2,74.3,5.9,92.9,3,15.6,16.4,7.2
E01380,Lucía Herrera,Matemática Discreta,2026-1,98.7,0,88.6,3,9.2,11.5,8.4
E01381,Luis Vega,Lenguajes de Programación,2025-2,64.5,11.1,49.7,3,10.9,14.7,9.4
E01382,Andrés García,Redes de Computadoras,2026-1,89.0,13.5,44.3,5,9.4,5.3,8.2
E01383,Adrián Ortiz,Redes de Computadoras,2025-2,86.3,8.3,99.3,5,6.8,6.5,6.5
E01384,Isabela Sánchez,Matemática Discreta,2025-2,52.0,2.4,93.0,2,4.6,6.9,5.2
E01385,Valeria Huamán,Redes de Computadoras,2025-2,80.6,6.2,78.7,4,14.4,20,20
E01386,Vicente Soto,Redes de Computadoras,2026-1,85.6,4.2,64.8,2,9.9,10.4,11.6
E01387,Vicente Rivas,Estructuras de Datos,2026-1,74.3,4.4,46.9,5,13.3,15.6,13.2
E01388,Paula Herrera,Matemática Discreta,2026-1,68.8,8.1,77.6,1,0,0.2,4.1
E01389,Fabián Ortiz,Redes de Computadoras,2025-2,46.1,11.7,59.2,4,20,13.9,18.7
E01390,Adrián Vargas,Estructuras de Datos,2025-2,59.9,8.6,87.2,3,8.6,5.9,8.9
E01391,Isabela Espinoza,Redes de Computadoras,2025-2,56.7,11.4,43.6,1,12.6,17.0,10.8
E01392,Franco Alva,Estructuras de Datos,2025-2,72.7,9.9,65.6,5,16.0,12.5,11.8
E01393,Fernanda Rodríguez,Matemática Discreta,2025-2,100,8.6,83.1,3,13.5,18.8,13.4
E01394,María Cabrera,Redes de Computadoras,2026-1,80.3,3.4,52.7,2,15.3,11.7,12.6
E01395,María Soto,Estructuras de Datos,2025-2,94.1,4.3,72.0,3,16.6,17.3,20
E01396,Vicente Reyes,Estructuras de Datos,2025-2,37.8,10.2,77.5,3,9.1,5.6,1.1
E01397,Daniela Rivas,Redes de Computadoras,2026-1,60.2,4.3,70.0,4,10.1,8.4,10.1
E01398,Sofía López,Lenguajes de Programación,2025-2,93.1,13.6,62.0,3,20,16.0,15.5
E01399,Fabián Cruz,Estructuras de Datos,2026-1,65.6,7.0,64.1,1,13.1,14.1,11.4
E01400,Lucía Medina,Lenguajes de Programación,2025-2,72.4,4.6,90.6,3,9.9,12.1,13.5
E01401,Daniela Ortiz,Matemática Discreta,2025-2,48.0,11.5,99.8,3,15.1,15.3,17.9
E01402,Adrián Cruz,Matemática Discreta,2025-2,59.5,6.4,100,1,8.1,9.8,5.3
E01403,Rosa Gutiérrez,Lenguajes de Programación,2026-1,64.1,10.3,65.9,4,12.3,7.6,12.3
E01404,Natalia Mendoza,Matemática Discreta,2025-2,66.4,8.8,75.9,3,15.1,,12.4
E01405,Andrés Ramírez,Redes de Computadoras,2026-1,71.2,4.5,78.3,3,10.6,14.7,12.8
E01406,Sofía Palomino,Estructuras de Datos,2025-2,78.8,8.3,83.4,3,17.6,15.0,20
E01407,Renata Mamani,Redes de Computadoras,2026-1,81.1,10.4,76.2,1,12.8,5.9,15.0
E01408,Rosa Vargas,Lenguajes de Programación,2025-2,59.6,10.3,70.2,5,13.6,11.3,8.2
E01409,Fernanda Chávez,Estructuras de Datos,2026-1,56.2,9.2,,3,10.6,7.8,9.0
E01410,Fernanda Ponce,Base de Datos,2026-1,75.9,5.8,77.7,4,11.5,9.7,10.4
E01411,Milagros Quispe,Base de Datos,2025-2,53.7,11.2,100,4,6.4,10.5,6.5
E01412,Iván Herrera,Redes de Computadoras,2026-1,59.7,10.2,74.5,3,20,20,20
E01413,Zoe Cabrera,Redes de Computadoras,2026-1,89.8,0.9,58.5,2,,14.8,14.8
E01414,Rosa Ponce,Matemática Discreta,2025-2,64.8,5.4,75.0,4,10.5,9.8,7.7
E01415,Mateo Chávez,Matemática Discreta,2025-2,91.6,7.0,,1,19.5,18.2,17.8
E01416,Martina López,Estructuras de Datos,2025-2,72.9,5.3,93.7,3,15.4,10.4,14.1
E01417,Diego Castillo,Estructuras de Datos,2026-1,50.0,7.5,89.8,4,18.1,18.7,18.0
E01418,Sofía López,Base de Datos,2025-2,82.3,3.2,68.6,4,17.3,15.1,20
E01419,Miguel Reyes,Base de Datos,2026-1,85.6,8.2,75.7,5,11.3,13.2,13.3
E01420,Fabián Quispe,Base de Datos,2026-1,97.6,4.7,75.9,2,9.4,8.2,10.3
E01421,Emilia Ortiz,Lenguajes de Programación,2025-2,71.6,5.7,93.0,2,15.5,14.2,15.6
E01422,Diego López,Matemática Discreta,2026-1,83.8,6.2,75.6,4,20,17.2,17.8
E01423,Emilio Sánchez,Matemática Discreta,2025-2,87.3,12.8,72.2,3,0,5.1,2.5
E01424,Mateo Palomino,Estructuras de Datos,2026-1,89.2,8.7,67.1,2,11.1,12.8,9.2
E01425,Gabriela Rodríguez,Estructuras de Datos,2026-1,81.7,5.9,86.0,2,9.3,9.6,11.1
E01426,Antonella Torres,Matemática Discreta,2026-1,100,1.8,96.9,3,18.6,20,17.0
E01427,Antonella Paredes,Lenguajes de Programación,2025-2,33.3,4.6,32.5,2,16.4,17.4,14.4
E01428,Carlos Espinoza,Base de Datos,2025-2,72.8,10.7,48.4,2,17.7,14.3,12.8
E01429,María Herrera,Lenguajes de Programación,2025-2,77.0,5.6,95.9,2,15.8,14.0,15.2
E01430,Miguel Pérez,Lenguajes de Programación,2026-1,95.9,1.6,,3,15.2,14.1,12.7
E01431,Rosa Mamani,Redes de Computadoras,2025-2,90.5,7.1,82.0,2,18.7,15.4,15.7
E01432,Emilia Sánchez,Base de Datos,2026-1,49.6,6.6,63.4,3,6.0,10.6,11.1
E01433,Diego Flores,Lenguajes de Programación,2025-2,74.7,2.9,100,4,20,17.8,20
E01434,Fabián Flores,Lenguajes de Programación,2026-1,69.2,0.7,97.6,3,10.3,17.4,10.9
E01435,Camila Rodríguez,Redes de Computadoras,2025-2,62.5,3.6,91.2,4,8.0,10.4,9.8
E01436,Paula Zapata,Estructuras de Datos,2025-2,49.6,0,78.9,3,5.5,8.7,9.6
E01437,Martina Rodríguez,Base de Datos,2026-1,73.0,12.0,98.5,4,12.4,8.1,9.6
E01438,Sofía Espinoza,Estructuras de Datos,2025-2,55.8,8.3,50.0,2,15.9,16.8,14.5
E01439,Isabela Aguilar,Matemática Discreta,2026-1,83.7,4.7,61.7,2,8.2,3.7,11.3
E01440,Valeria Medina,Matemática Discreta,2025-2,50.8,1.5,46.0,2,7.9,11.7,14.6
E01441,Rosa Ramírez,Lenguajes de Programación,2026-1,64.3,11.3,74.6,2,7.6,9.7,9.8
E01442,Alejandra Cruz,Base de Datos,2025-2,64.1,7.0,86.2,3,13.8,10.9,8.4
E01443,María Rodríguez,Matemática Discreta,2025-2,36.9,3.0,41.0,4,11.6,14.9,16.5
E01444,Alonso Gutiérrez,Matemática Discreta,2025-2,82.0,6.8,100,3,12.0,12.8,14.0
E01445,Rosa Delgado,Redes de Computadoras,2025-2,72.0,7.4,81.8,1,20,16.6,16.9
E01446,Manuel Flores,Lenguajes de Programación,2026-1,65.0,5.4,89.4,4,18.1,17.2,17.6
E01447,Jorge Castillo,Matemática Discreta,2025-2,82.2,11.3,86.3,1,13.8,13.3,17.5
E01448,María Quispe,Base de Datos,2026-1,81.7,10.6,62.9,4,15.3,12.0,9.6
E01449,Franco Espinoza,Redes de Computadoras,2025-2,67.2,6.1,74.9,3,15.0,18.0,12.5
E01450,Rosa Castillo,Base de Datos,2026-1,100,7.5,59.0,3,11.2,14.0,14.2
E01451,Carlos Soto,Matemática Discreta,2026-1,51.5,8.3,80.3,2,12.4,,16.6
E01452,Adrián Castillo,Matemática Discreta,2026-1,65.3,9.4,51.8,3,16.7,18.9,13.1
E01453,Bruno Aguilar,Lenguajes de Programación,2026-1,78.3,6.0,57.8,3,19.1,18.2,20
E01454,Renata Delgado,Lenguajes de Programación,2025-2,61.4,6.5,75.8,4,13.0,13.6,15.1
E01455,Diego Medina,Estructuras de Datos,2026-1,50.6,11.1,85.2,2,10.3,14.4,14.6
E01456,Diego Mendoza,Matemática Discreta,2025-2,42.3,7.9,75.3,3,12.0,11.6,8.4
E01457,Daniela Ortiz,Redes de Computadoras,2026-1,70.1,10.5,41.8,1,10.4,10.8,12.9
E01458,Luis Paredes,Matemática Discreta,2026-1,47.6,5.7,79.2,3,,9.3,11.4
E01459,Antonella Zapata,Base de Datos,2026-1,30.1,7.4,51.5,3,14.2,14.8,9.5
E01460,Martina Ortiz,Base de Datos,2026-1,73.7,3.7,79.3,2,13.0,11.7,10.1
E01461,Valeria Palomino,Estructuras de Datos,2025-2,67.6,6.8,71.7,3,12.5,14.7,12.5
E01462,Valeria Castillo,Base de Datos,2025-2,64.5,6.7,100,3,14.1,12.1,13.0
E01463,Ricardo Salazar,Lenguajes de Programación,2025-2,73.5,1.2,84.1,2,7.9,15.5,10.0
E01464,Estefanía Ponce,Matemática Discreta,2026-1,71.7,8.3,68.4,2,10.9,8.0,8.7
E01465,Ricardo Sánchez,Redes de Computadoras,2026-1,100,9.6,82.2,3,8.7,9.1,12.7
E01466,Natalia Alva,Matemática Discreta,2026-1,60.5,14.5,87.3,2,7.8,9.6,12.4
E01467,Carlos Delgado,Matemática Discreta,2025-2,83.9,4.6,89.4,3,13.9,15.5,15.5
E01468,Julio García,Lenguajes de Programación,2026-1,41.4,1.0,100,1,18.0,13.0,11.2
E01469,Valeria Gutiérrez,Redes de Computadoras,2025-2,51.2,9.2,94.6,5,12.7,13.2,9.7
E01470,Paula Mendoza,Matemática Discreta,2025-2,77.8,6.9,100,5,13.1,7.7,9.6
E01471,Natalia Cabrera,Estructuras de Datos,2026-1,100,7.5,86.9,1,5.8,9.9,5.6
E01472,Adrián Aguilar,Redes de Computadoras,2026-1,100,5.4,97.3,4,,10.9,9.3
E01473,Sofía Vega,Redes de Computadoras,2025-2,74.2,8.9,71.2,2,16.4,13.0,20
E01474,Ricardo Chávez,Matemática Discreta,2025-2,100,3.1,73.9,1,8.5,8.6,5.9
E01475,Valentina Alva,Lenguajes de Programación,2026-1,75.9,3.5,40.6,3,0.4,6.8,4.7
E01476,Estefanía Torres,Base de Datos,2025-2,84.9,9.4,63.3,1,14.5,15.3,17.0
E01477,Fernanda Chávez,Redes de Computadoras,2025-2,100,0,84.4,2,11.3,13.9,11.7
E01478,Sebastián Salazar,Base de Datos,2026-1,67.9,6.0,82.7,4,18.4,16.8,19.1
E01479,Alejandra Aguilar,Lenguajes de Programación,2025-2,67.9,6.5,83.9,1,11.2,9.3,9.4
E01480,Mateo Flores,Estructuras de Datos,2025-2,44.4,8.6,83.6,4,11.6,12.3,12.2
E01481,Lucía Sánchez,Estructuras de Datos,2026-1,87.0,8.9,100,3,14.1,17.6,12.1
E01482,Julio Chávez,Redes de Computadoras,2026-1,100,7.0,81.5,4,16.7,18.1,20.0
E01483,Camila García,Lenguajes de Programación,2025-2,79.9,6.8,49.9,5,6.4,16.7,10.4
E01484,Diego Medina,Lenguajes de Programación,2026-1,92.8,5.5,56.5,2,12.2,,13.2
E01485,Andrés García,Redes de Computadoras,2026-1,74.3,5.9,100,3,14.0,19.0,13.4
E01486,Luis Rojas,Base de Datos,2026-1,80.1,6.2,71.0,3,17.1,13.9,17.3
E01487,Alonso Sánchez,Matemática Discreta,2025-2,66.6,3.7,49.0,3,20,20,17.4
E01488,Valeria Rivas,Redes de Computadoras,2025-2,53.0,5.9,100,4,16.7,15.2,13.2
E01489,Manuel Torres,Lenguajes de Programación,2026-1,51.0,7.1,76.2,4,17.3,14.2,16.8
E01490,Luis Cruz,Base de Datos,2026-1,72.7,8.1,74.9,1,9.9,12.9,13.2
E01491,Ximena Huamán,Base de Datos,2025-2,48.9,6.6,92.4,3,12.6,11.9,9.4
E01492,Mateo Chávez,Redes de Computadoras,2026-1,71.4,6.2,63.8,2,14.8,10.5,14.1
E01493,Martina García,Redes de Computadoras,2026-1,56.9,1.4,66.2,3,9.9,2.8,10.2
E01494,Gabriela López,Estructuras de Datos,2025-2,100,0,63.7,4,11.8,11.4,17.3
E01495,Alonso Torres,Redes de Computadoras,2026-1,100,2.0,93.5,4,10.7,10.2,10.5
E01496,Ricardo Vega,Estructuras de Datos,2025-2,57.9,7.9,22.6,2,9.1,4.9,1.2
E01497,Nicolás Flores,Base de Datos,2026-1,100,2.8,100,2,18.7,17.0,15.3
E01498,Franco Alva,Base de Datos,2026-1,66.4,6.7,87.3,2,11.9,14.1,18.0
E01499,Vicente Rodríguez,Matemática Discreta,2025-2,91.1,9.8,51.7,1,17.6,19.6,12.5
E01500,Ximena Delgado,Matemática Discreta,2026-1,60.8,1.8,82.6,3,12.6,10.5,11.1
E01501,Emilio García,Matemática Discreta,2025-2,77.4,11.3,74.5,3,8.3,10.2,8.3
E01502,Julio Vargas,Base de Datos,2025-2,52.7,9.8,68.1,4,13.9,12.3,14.1
E01503,Lucía Delgado,Redes de Computadoras,2026-1,92.7,4.3,94.2,1,12.5,15.3,13.4
E01504,Valeria Paredes,Matemática Discreta,2026-1,63.6,5.9,100,1,17.3,16.7,20
E01505,Daniela Cárdenas,Redes de Computadoras,2025-2,48.5,4.7,,2,8.7,7.5,10.6
E01506,Valeria López,Base de Datos,2026-1,77.1,6.9,79.4,3,11.4,9.7,11.9
E01507,Nicolás Rivas,Redes de Computadoras,2025-2,53.0,4.5,67.8,3,20,20,20
E01508,Nicolás Salazar,Matemática Discreta,2026-1,98.0,11.0,100,3,11.6,13.0,16.3
E01509,Isabela Delgado,Lenguajes de Programación,2025-2,82.8,6.1,98.6,1,12.3,11.8,8.8
E01510,Alonso Ponce,Redes de Computadoras,2025-2,79.6,4.3,35.7,2,14.1,13.0,12.4
E01511,Paula Ponce,Redes de Computadoras,2025-2,65.4,5.4,71.4,4,16.6,16.6,15.0
E01512,Carlos Espinoza,Lenguajes de Programación,2025-2,91.2,8.6,72.1,3,6.7,16.0,14.2
E01513,Julio Gutiérrez,Lenguajes de Programación,2026-1,75.8,3.8,94.8,2,10.3,13.0,16.4
E01514,Andrés Ponce,Redes de Computadoras,2025-2,65.5,8.4,70.9,3,18.5,13.8,13.4
E01515,Natalia Soto,Base de Datos,2025-2,72.2,7.8,51.7,2,6.6,6.2,8.1
E01516,Ricardo Palomino,Base de Datos,2025-2,66.7,6.3,72.9,3,12.8,18.6,16.4
E01517,Ricardo López,Base de Datos,2026-1,43.7,3.5,99.3,5,7.6,9.1,12.7
E01518,Adrián Zapata,Estructuras de Datos,2026-1,52.3,3.8,80.0,2,7.1,10.9,5.4
E01519,Valentina Flores,Lenguajes de Programación,2025-2,61.1,4.1,65.4,4,15.0,14.6,14.5
E01520,Fabián López,Matemática Discreta,2025-2,99.8,8.3,100,3,14.8,13.8,14.4
E01521,Rodrigo Salazar,Estructuras de Datos,2026-1,50.6,5.5,53.0,2,14.8,12.0,12.4
E01522,Camila Vargas,Base de Datos,2025-2,96.1,9.2,63.0,3,7.8,7.7,3.5
E01523,Martina Mamani,Estructuras de Datos,2025-2,86.3,3.0,59.8,4,15.0,14.6,16.2
E01524,Lucía Rivas,Lenguajes de Programación,2026-1,74.5,6.4,63.5,4,10.7,11.9,10.7
E01525,Alonso Rodríguez,Estructuras de Datos,2025-2,53.6,4.2,,1,8.4,10.1,12.9
E01526,Bruno Ramírez,Redes de Computadoras,2026-1,42.5,1.1,85.5,2,19.8,10.3,14.9
E01527,Valeria Herrera,Estructuras de Datos,2025-2,59.4,8.0,100,3,17.6,15.1,14.2
E01528,Manuel Huamán,Lenguajes de Programación,2025-2,46.6,6.0,57.3,4,,5.5,5.1
E01529,Zoe Huamán,Redes de Computadoras,2026-1,,2.6,48.5,3,18.5,19.9,20
E01530,Ricardo Herrera,Lenguajes de Programación,2026-1,58.0,9.6,57.0,3,6.4,3.2,11.0
E01531,Ximena Pérez,Redes de Computadoras,2026-1,62.6,4.9,23.8,2,10.7,5.9,9.4
E01532,Rodrigo García,Estructuras de Datos,2025-2,93.1,0.4,71.6,4,20,15.6,18.4
E01533,Camila Cárdenas,Base de Datos,2025-2,84.2,16.5,88.5,1,14.7,10.0,11.3
E01534,Martina Rojas,Estructuras de Datos,2025-2,79.5,10.7,65.8,2,11.6,9.6,8.2
E01535,Isabela Paredes,Estructuras de Datos,2026-1,70.1,0,81.6,3,7.4,13.1,11.2
E01536,Antonella Salazar,Base de Datos,2025-2,21.3,5.7,95.1,3,18.1,17.5,20
E01537,Camila Vargas,Matemática Discreta,2025-2,63.3,8.9,93.1,3,20,17.1,20
E01538,Andrés Herrera,Base de Datos,2025-2,76.8,4.9,87.1,4,15.0,19.0,18.2
E01539,Bruno Medina,Matemática Discreta,2025-2,82.2,3.2,70.5,2,9.1,12.9,13.2
E01540,Carlos Herrera,Base de Datos,2025-2,54.9,5.0,63.3,3,11.1,10.4,12.1
E01541,Emilio Aguilar,Base de Datos,2026-1,63.2,6.4,80.6,5,13.4,9.3,11.4
E01542,Valentina Salazar,Base de Datos,2025-2,100,5.8,91.2,3,17.1,15.5,17.8
E01543,Emilio Delgado,Lenguajes de Programación,2026-1,78.9,14.1,95.3,4,11.6,11.2,9.2
E01544,Ricardo Soto,Redes de Computadoras,2026-1,84.7,3.7,70.2,4,7.9,7.9,6.6
E01545,Valentina Cabrera,Lenguajes de Programación,2025-2,71.7,0.7,54.0,5,17.7,17.1,18.9
E01546,Carlos Reyes,Redes de Computadoras,2026-1,79.6,5.3,69.3,2,15.0,20,14.8
E01547,Bruno Soto,Matemática Discreta,2026-1,72.9,10.2,80.9,3,10.3,9.4,7.5
E01548,Tomás Castillo,Estructuras de Datos,2026-1,62.2,6.1,79.5,1,4.2,9.9,9.7
E01549,Daniela Cabrera,Base de Datos,2025-2,70.2,4.1,37.4,3,9.5,9.4,6.0
E01550,Lucía Chávez,Estructuras de Datos,2026-1,62.9,9.0,68.8,3,14.6,15.4,17.1
E01551,Adrián Medina,Lenguajes de Programación,2025-2,42.4,8.9,53.1,3,12.2,8.8,14.2
E01552,Tomás Palomino,Base de Datos,2026-1,62.8,11.1,78.7,3,13.2,16.0,10.8
E01553,Ximena Reyes,Matemática Discreta,2026-1,92.5,0,70.5,2,12.9,16.2,15.0
E01554,Fabián Mendoza,Redes de Computadoras,2026-1,82.6,0,100,3,13.4,9.2,10.0
E01555,Emilio Mendoza,Lenguajes de Programación,2026-1,100,2.2,86.5,4,10.1,10.5,12.6
E01556,Camila Alva,Matemática Discreta,2025-2,,10.1,93.1,4,10.0,10.1,9.6
E01557,Valeria Reyes,Lenguajes de Programación,2026-1,70.4,0.9,90.3,3,9.3,7.7,4.9
E01558,Vicente García,Lenguajes de Programación,2025-2,100,3.8,66.6,3,14.9,19.7,16.9
E01559,Joaquín Vargas,Base de Datos,2025-2,43.2,4.9,78.6,4,11.0,16.5,16.2
E01560,Ana Mendoza,Matemática Discreta,2026-1,57.6,5.9,40.5,2,11.1,12.0,13.7
E01561,Milagros Pérez,Base de Datos,2025-2,44.3,8.2,56.6,3,8.9,13.4,13.1
E01562,Emilio Cabrera,Estructuras de Datos,2026-1,67.3,5.9,76.6,3,15.2,9.0,14.1
E01563,Tomás Vega,Redes de Computadoras,2025-2,84.9,2.2,62.5,4,11.2,10.2,14.4
E01564,Julio Quispe,Base de Datos,2026-1,56.9,1.7,75.1,2,14.9,13.0,13.8
E01565,Alonso Espinoza,Matemática Discreta,2025-2,48.8,13.0,62.8,3,16.9,20,20
E01566,Sebastián Gutiérrez,Lenguajes de Programación,2026-1,64.7,9.3,65.1,1,14.9,13.5,12.6
E01567,Gabriela Zapata,Estructuras de Datos,2026-1,48.5,12.1,35.0,5,8.9,14.4,10.5
E01568,Tomás Mendoza,Lenguajes de Programación,2026-1,68.7,4.2,93.7,5,13.4,10.1,12.0
E01569,Diego Reyes,Estructuras de Datos,2025-2,76.6,1.7,49.4,4,14.3,11.8,11.1
E01570,Jorge Torres,Lenguajes de Programación,2025-2,,6.6,80.6,4,5.5,4.2,12.0
E01571,Manuel Huamán,Lenguajes de Programación,2026-1,77.1,7.9,74.6,2,9.9,11.0,10.1
E01572,Fabián Soto,Lenguajes de Programación,2026-1,97.0,8.3,80.3,3,14.5,17.0,16.8
E01573,Natalia Cruz,Base de Datos,2025-2,81.3,4.7,58.9,4,14.1,14.8,14.3
E01574,Ana Pérez,Estructuras de Datos,2026-1,76.4,13.1,53.0,1,17.1,19.5,14.5
E01575,Fabián Ramírez,Redes de Computadoras,2026-1,76.9,5.9,56.5,3,12.6,8.5,4.8
E01576,Iván Huamán,Matemática Discreta,2025-2,86.6,7.8,79.2,1,12.9,13.5,17.1
E01577,Nicolás Mendoza,Redes de Computadoras,2026-1,85.8,6.9,100,2,11.1,8.0,7.4
E01578,Andrés Cárdenas,Matemática Discreta,2026-1,87.7,2.1,97.5,3,4.1,3.3,5.8
E01579,Luis Alva,Estructuras de Datos,2026-1,49.7,1.9,70.9,2,10.8,13.5,12.5
E01580,Fernanda Espinoza,Matemática Discreta,2026-1,72.4,6.7,89.3,4,10.2,13.1,15.2
E01581,Estefanía Pérez,Lenguajes de Programación,2026-1,53.6,5.6,65.5,3,10.3,9.6,14.0
E01582,Isabela Chávez,Lenguajes de Programación,2025-2,75.0,4.9,94.7,4,20,15.0,14.8
E01583,Julio Zapata,Base de Datos,2026-1,59.1,3.7,67.7,2,15.5,14.8,19.1
E01584,Sebastián Pérez,Matemática Discreta,2026-1,68.0,7.3,95.5,1,14.4,13.3,14.1
E01585,Julio Sánchez,Lenguajes de Programación,2026-1,70.5,9.4,71.7,3,8.3,9.5,10.9
E01586,Milagros Palomino,Lenguajes de Programación,2025-2,87.8,7.7,72.4,3,14.2,13.4,13.0
E01587,Alonso Reyes,Lenguajes de Programación,2025-2,,1.7,90.7,4,12.8,12.4,9.7
E01588,Bruno Aguilar,Base de Datos,2026-1,62.6,1.3,93.8,1,5.2,9.7,3.5
E01589,Franco Salazar,Estructuras de Datos,2025-2,85.1,9.8,64.9,3,11.1,7.9,9.3
E01590,Mateo Pérez,Redes de Computadoras,2025-2,84.0,5.8,82.9,3,15.7,15.7,16.3
E01591,Iván Vargas,Estructuras de Datos,2026-1,56.4,5.5,59.9,2,13.9,10.3,19.0
E01592,María Palomino,Base de Datos,2026-1,82.6,6.4,86.6,3,15.7,18.2,18.4
E01593,Rodrigo Huamán,Redes de Computadoras,2026-1,72.3,13.0,69.5,3,13.8,14.2,13.2
E01594,Andrés Salazar,Matemática Discreta,2025-2,64.5,4.5,84.3,2,10.5,10.0,9.4
E01595,Valentina Zapata,Lenguajes de Programación,2025-2,99.9,7.2,81.2,1,15.7,14.4,15.0
E01596,Valentina Ponce,Matemática Discreta,2025-2,67.4,12.9,75.3,3,12.5,11.3,4.0
E01597,Camila Mendoza,Matemática Discreta,2025-2,79.0,4.4,32.0,4,,14.8,15.2
E01598,Iván Gutiérrez,Lenguajes de Programación,2026-1,62.2,5.3,62.5,3,17.3,18.0,14.2
E01599,Julio Zapata,Estructuras de Datos,2026-1,57.2,0,60.4,4,5.1,3.4,7.4
E01600,Nicolás Vega,Estructuras de Datos,2025-2,100,7.7,100,1,14.1,9.0,10.9
E01601,Zoe Herrera,Lenguajes de Programación,2025-2,64.8,7.7,100,4,20,15.1,15.7
E01602,Estefanía Ponce,Estructuras de Datos,2025-2,62.2,11.4,83.4,2,13.7,10.3,9.6
E01603,Jorge Rivas,Estructuras de Datos,2026-1,73.0,15.1,75.3,5,10.7,9.8,13.2
E01604,Emilio Mamani,Matemática Discreta,2026-1,53.7,5.3,65.0,1,17.0,17.2,15.2
E01605,Jorge Ponce,Lenguajes de Programación,2026-1,84.2,3.7,39.0,2,18.3,12.7,17.7
E01606,Natalia Salazar,Base de Datos,2025-2,88.5,7.4,100,3,9.2,15.5,11.8
E01607,Valeria Sánchez,Redes de Computadoras,2026-1,87.4,6.9,79.6,5,7.9,5.9,6.6
E01608,Franco Salazar,Matemática Discreta,2025-2,94.1,2.7,72.2,4,15.8,14.4,14.0
E01609,Iván Rivas,Redes de Computadoras,2026-1,64.6,9.4,55.5,5,13.8,8.5,12.3
E01610,Ana Zapata,Base de Datos,2026-1,98.5,11.9,60.5,2,8.1,11.2,7.5
E01611,Diego Chávez,Matemática Discreta,2025-2,65.9,3.1,78.8,1,9.8,9.2,14.2
E01612,Valentina Vargas,Base de Datos,2025-2,84.2,8.5,64.7,3,9.2,10.0,8.6
E01613,Gabriela Zapata,Estructuras de Datos,2025-2,58.6,5.7,69.2,4,1.6,11.9,4.1
E01614,Nicolás Herrera,Matemática Discreta,2026-1,88.9,6.9,64.2,5,13.5,19.1,20
E01615,Isabela Delgado,Redes de Computadoras,2026-1,75.3,6.1,97.5,2,16.8,16.6,14.1
E01616,Carlos García,Matemática Discreta,2026-1,56.4,4.8,100,5,11.0,12.0,17.0
E01617,Gabriela Aguilar,Matemática Discreta,2026-1,32.0,6.5,100,3,4.1,2.3,5.3
E01618,Rodrigo Mamani,Matemática Discreta,2025-2,90.9,4.1,48.9,4,11.4,9.0,11.1
E01619,Carlos Aguilar,Redes de Computadoras,2026-1,79.8,10.5,83.3,2,13.6,5.6,10.8
E01620,Sofía García,Base de Datos,2026-1,98.1,6.1,84.8,2,15.7,13.9,13.5
E01621,Gabriela Aguilar,Redes de Computadoras,2025-2,62.9,13.1,85.6,1,9.6,12.6,12.4
E01622,Rosa García,Redes de Computadoras,2026-1,74.6,11.2,97.3,5,17.3,9.3,17.0
E01623,Jorge Mendoza,Lenguajes de Programación,2025-2,61.8,5.4,73.4,3,17.0,13.1,10.8
E01624,Alonso Flores,Matemática Discreta,2025-2,59.2,6.8,96.3,3,9.5,9.2,8.5
E01625,Fernanda Castillo,Matemática Discreta,2026-1,62.1,7.2,53.9,2,10.9,9.0,8.9
E01626,Daniela Mamani,Lenguajes de Programación,2026-1,83.4,8.6,85.8,3,16.0,11.4,15.5
E01627,Joaquín Espinoza,Estructuras de Datos,2026-1,84.9,9.4,86.8,4,17.1,15.5,16.2
E01628,Bruno Ortiz,Base de Datos,2025-2,72.8,0,54.6,2,10.5,9.4,8.7
E01629,Antonella Castillo,Base de Datos,2025-2,82.6,3.8,69.0,3,,11.1,11.2
E01630,Diego Gutiérrez,Estructuras de Datos,2026-1,67.4,3.7,67.8,4,17.5,13.4,12.8
E01631,Fabián Rojas,Lenguajes de Programación,2026-1,84.2,11.1,100,4,14.7,8.0,10.1
E01632,Mateo Salazar,Lenguajes de Programación,2026-1,100,0.2,59.5,3,14.2,13.4,16.8
E01633,Emilio Rodríguez,Matemática Discreta,2025-2,45.8,5.4,86.3,1,15.6,12.8,20
E01634,Miguel Rodríguez,Redes de Computadoras,2025-2,99.2,4.7,94.4,4,15.0,10.3,15.6
E01635,Adrián Mamani,Estructuras de Datos,2025-2,79.5,8.0,88.9,4,10.3,15.1,10.3
E01636,Franco García,Matemática Discreta,2025-2,55.0,3.9,78.4,2,12.5,16.2,14.7
E01637,Ximena Aguilar,Lenguajes de Programación,2025-2,52.1,4.6,74.3,4,14.4,8.1,15.4
E01638,Isabela Torres,Redes de Computadoras,2026-1,72.0,11.2,98.9,3,6.6,3.8,7.3
E01639,Iván Flores,Base de Datos,2026-1,64.4,10.6,43.0,2,11.6,9.4,11.9
E01640,Alejandra Paredes,Lenguajes de Programación,2025-2,58.8,7.5,,3,13.5,13.3,12.3
E01641,Joaquín Medina,Matemática Discreta,2025-2,91.0,5.2,83.2,1,16.6,14.4,13.9
E01642,Rodrigo Chávez,Lenguajes de Programación,2025-2,80.2,9.8,87.1,2,6.7,10.6,10.5
E01643,Isabela Cabrera,Lenguajes de Programación,2026-1,82.7,1.2,45.8,1,13.3,14.6,17.3
E01644,Gabriela Mendoza,Lenguajes de Programación,2025-2,40.2,5.9,67.7,1,20,18.5,13.3
E01645,Rosa Cabrera,Lenguajes de Programación,2026-1,41.7,12.5,77.0,4,11.6,16.9,18.1
E01646,Valentina Mamani,Matemática Discreta,2026-1,61.9,7.6,100,4,19.1,12.4,17.4
E01647,Adrián Rodríguez,Lenguajes de Programación,2025-2,89.9,3.6,77.8,2,14.3,7.7,10.0
E01648,Mateo Zapata,Matemática Discreta,2026-1,65.6,11.6,87.0,2,9.9,5.8,7.8
E01649,Sebastián Espinoza,Lenguajes de Programación,2025-2,64.4,0,80.3,2,12.2,9.9,13.6
E01650,Gabriela Cabrera,Lenguajes de Programación,2025-2,36.7,3.3,47.2,2,12.2,8.6,10.9
E01651,Diego Ponce,Matemática Discreta,2025-2,100,0,64.6,3,13.6,11.9,16.6
E01652,Manuel Sánchez,Base de Datos,2026-1,70.3,10.9,71.7,3,12.5,14.0,15.4
E01653,Bruno Vargas,Estructuras de Datos,2026-1,65.5,6.3,91.4,3,11.1,10.6,10.3
E01654,Gabriela Vargas,Base de Datos,2025-2,85.3,3.5,95.3,4,20,14.8,16.6
E01655,Luis Rodríguez,Redes de Computadoras,2025-2,78.2,7.1,76.2,3,12.3,12.1,9.1
E01656,Sofía Palomino,Redes de Computadoras,2025-2,71.6,5.6,34.3,4,11.2,6.9,9.1
E01657,Joaquín López,Base de Datos,2026-1,56.9,3.3,35.1,2,14.7,16.0,9.4
E01658,Diego Herrera,Estructuras de Datos,2026-1,68.6,8.9,94.0,3,12.8,11.7,16.2
E01659,Franco Aguilar,Estructuras de Datos,2025-2,56.8,0.8,83.9,4,8.4,5.5,5.6
E01660,Valeria Castillo,Matemática Discreta,2025-2,70.2,5.5,66.8,1,17.2,20,14.0
E01661,Antonella Alva,Lenguajes de Programación,2025-2,72.7,1.2,61.7,4,12.8,15.7,11.5
E01662,Miguel Alva,Redes de Computadoras,2025-2,46.2,3.2,51.1,1,17.2,13.3,13.7
E01663,Julio Salazar,Matemática Discreta,2025-2,91.4,15.0,76.1,4,10.3,6.1,13.7
E01664,Iván Vargas,Estructuras de Datos,2025-2,100,5.1,84.9,2,12.0,8.2,10.4
E01665,Daniela Rojas,Base de Datos,2025-2,63.7,9.4,52.1,1,16.2,10.7,14.5
E01666,Antonella Reyes,Estructuras de Datos,2026-1,57.2,1.7,60.2,4,15.3,17.5,17.8
E01667,Valeria García,Lenguajes de Programación,2026-1,51.3,11.0,69.4,3,14.9,14.5,17.5
E01668,Camila Ponce,Lenguajes de Programación,2025-2,72.7,3.2,74.0,2,11.4,14.7,14.1
E01669,Mateo Salazar,Matemática Discreta,2026-1,54.4,7.7,41.5,4,16.9,13.5,12.8
E01670,Emilia Salazar,Lenguajes de Programación,2025-2,74.2,10.0,74.6,2,10.8,9.8,9.5
E01671,Emilio Sánchez,Matemática Discreta,2026-1,91.1,3.9,66.5,1,16.1,9.6,13.3
E01672,Sofía Chávez,Redes de Computadoras,2025-2,,6.9,57.8,1,15.4,18.5,11.4
E01673,Franco Gutiérrez,Redes de Computadoras,2026-1,70.0,13.0,92.2,3,6.3,4.8,10.8
E01674,Vicente Vargas,Matemática Discreta,2026-1,57.1,6.6,75.2,5,15.9,11.8,16.0
E01675,Fernanda Ortiz,Base de Datos,2025-2,51.9,6.5,79.7,3,11.3,15.9,10.2
E01676,Franco Torres,Redes de Computadoras,2025-2,62.0,5.8,90.2,3,15.7,9.5,14.2
E01677,Franco Salazar,Matemática Discreta,2026-1,58.8,5.8,73.2,4,7.8,5.2,7.3
E01678,Luis Pérez,Redes de Computadoras,2026-1,79.8,3.9,70.6,3,12.5,9.6,7.2
E01679,Camila Cruz,Base de Datos,2026-1,87.3,4.5,86.3,3,14.3,15.3,13.1
E01680,Carlos Quispe,Redes de Computadoras,2026-1,68.5,9.9,71.7,3,0,4.0,0.7
E01681,Paula López,Estructuras de Datos,2025-2,71.7,6.8,100,4,14.8,11.7,12.9
E01682,Sofía Rodríguez,Estructuras de Datos,2026-1,80.4,5.6,100,3,8.1,7.7,8.2
E01683,Joaquín Quispe,Estructuras de Datos,2025-2,73.0,4.3,45.7,4,16.7,17.3,14.1
E01684,Joaquín Zapata,Lenguajes de Programación,2025-2,71.9,1.6,56.9,5,13.7,15.8,15.3
E01685,Julio Ramírez,Matemática Discreta,2026-1,71.2,5.6,77.0,4,19.2,18.4,18.0
E01686,Jorge Flores,Estructuras de Datos,2025-2,79.3,8.4,90.7,2,14.0,10.3,13.4
E01687,Fernanda Sánchez,Redes de Computadoras,2026-1,60.8,10.6,84.6,3,6.8,9.2,4.7
E01688,Adrián Cabrera,Redes de Computadoras,2026-1,90.6,1.4,49.8,4,13.6,11.0,12.7
E01689,Fabián Torres,Matemática Discreta,2026-1,82.4,5.3,57.2,5,11.4,16.5,14.8
E01690,Vicente Quispe,Estructuras de Datos,2026-1,91.2,1.4,69.9,3,8.3,8.1,8.3
E01691,Luis López,Redes de Computadoras,2025-2,70.8,0,49.2,3,13.1,13.8,19.2
E01692,Emilia Rojas,Matemática Discreta,2026-1,91.3,6.7,49.5,4,5.6,5.3,7.5
E01693,Natalia Vargas,Matemática Discreta,2026-1,58.5,15.2,87.7,3,17.2,17.9,17.9
E01694,Daniela Mendoza,Matemática Discreta,2025-2,60.8,5.6,73.6,2,11.8,13.5,12.8
E01695,María Rodríguez,Redes de Computadoras,2026-1,69.7,8.3,85.4,2,8.6,12.1,17.6
E01696,Miguel Rodríguez,Estructuras de Datos,2026-1,44.5,4.4,94.1,3,14.6,10.0,11.1
E01697,Isabela Espinoza,Matemática Discreta,2026-1,75.7,9.1,70.4,4,17.0,15.2,16.3
E01698,Estefanía Delgado,Matemática Discreta,2025-2,77.4,0,56.8,5,8.2,16.4,8.8
E01699,Zoe Sánchez,Estructuras de Datos,2026-1,70.0,5.1,90.7,3,4.8,8.6,5.1
E01700,Renata Quispe,Matemática Discreta,2025-2,65.8,12.0,77.9,5,15.1,11.5,17.8
E01701,Zoe Herrera,Redes de Computadoras,2025-2,96.4,6.3,78.4,1,16.4,18.6,17.7
E01702,Fabián García,Estructuras de Datos,2026-1,73.7,0,81.9,2,15.1,13.7,8.5
E01703,María Castillo,Redes de Computadoras,2025-2,73.9,11.0,92.8,2,16.2,13.9,11.7
E01704,Carlos Reyes,Redes de Computadoras,2026-1,94.7,6.4,39.0,3,10.7,8.1,9.7
E01705,Adrián Palomino,Base de Datos,2026-1,52.2,3.9,51.7,3,13.2,16.6,11.7
E01706,Miguel Chávez,Matemática Discreta,2025-2,30.2,8.5,70.6,4,7.7,10.0,8.0
E01707,Natalia Castillo,Lenguajes de Programación,2025-2,44.1,7.7,71.7,3,16.9,13.2,15.8
E01708,Jorge García,Estructuras de Datos,2025-2,100,10.2,58.7,2,12.6,10.8,12.2
E01709,Zoe Delgado,Redes de Computadoras,2026-1,58.2,5.2,100,3,15.5,8.7,7.6
E01710,Sebastián Castillo,Lenguajes de Programación,2025-2,68.0,8.0,66.2,4,16.0,16.7,13.6
E01711,Carlos Mendoza,Estructuras de Datos,2026-1,80.5,7.3,85.0,5,13.9,16.2,12.7
E01712,Luis Mamani,Base de Datos,2025-2,91.7,3.9,64.6,1,12.7,13.7,12.0
E01713,Ana Herrera,Estructuras de Datos,2026-1,72.6,4.5,93.7,4,8.0,9.6,7.9
E01714,Miguel Soto,Matemática Discreta,2026-1,92.7,4.1,50.4,5,19.4,15.1,18.9
E01715,Milagros Aguilar,Estructuras de Datos,2026-1,82.2,10.4,89.1,4,15.6,11.2,14.6
E01716,Manuel Gutiérrez,Estructuras de Datos,2025-2,65.9,6.3,94.9,2,20,17.0,20
E01717,Lucía Vega,Matemática Discreta,2026-1,95.1,2.8,87.0,2,15.6,16.8,18.3
E01718,Sebastián Torres,Matemática Discreta,2025-2,76.4,9.8,75.4,2,14.6,14.4,14.0
E01719,Bruno Rojas,Lenguajes de Programación,2026-1,57.5,3.8,57.9,2,11.8,2.2,2.0
E01720,Gabriela Medina,Lenguajes de Programación,2025-2,100,2.8,75.3,3,18.3,15.9,14.2
E01721,Daniela López,Lenguajes de Programación,2025-2,94.3,0.9,71.4,2,13.6,14.9,15.8
E01722,Camila Cárdenas,Lenguajes de Programación,2026-1,77.7,6.2,72.6,4,20,20,20
E01723,Renata Rodríguez,Redes de Computadoras,2026-1,100,7.3,74.2,1,7.3,3.6,8.3
E01724,Valentina Mendoza,Matemática Discreta,2025-2,61.2,0.9,79.3,1,,15.0,15.8
E01725,Alonso López,Estructuras de Datos,2026-1,89.2,8.1,86.2,3,16.4,15.1,14.4
E01726,Iván Ponce,Estructuras de Datos,2025-2,75.8,3.2,61.9,3,7.6,9.6,8.8
E01727,Natalia Sánchez,Matemática Discreta,2025-2,77.3,5.9,46.0,3,14.9,15.6,13.5
E01728,Gabriela Quispe,Lenguajes de Programación,2026-1,77.3,3.8,56.8,3,16.7,19.6,16.3
E01729,Ximena Huamán,Estructuras de Datos,2026-1,29.7,4.3,78.1,4,17.7,16.9,17.5
E01730,Bruno Cárdenas,Base de Datos,2026-1,60.5,2.4,79.9,2,13.6,17.1,12.7
E01731,Daniela Flores,Matemática Discreta,2026-1,53.4,2.5,23.4,5,18.1,15.5,14.7
E01732,Isabela Quispe,Estructuras de Datos,2025-2,77.2,3.7,86.3,2,16.2,8.1,13.1
E01733,Iván Mendoza,Redes de Computadoras,2025-2,41.9,6.9,70.2,4,6.1,11.4,11.9
E01734,Rodrigo Palomino,Base de Datos,2026-1,81.5,11.1,88.5,2,6.4,8.6,8.6
E01735,Paula Delgado,Redes de Computadoras,2026-1,74.2,11.8,81.4,5,16.8,14.1,16.5
E01736,María Aguilar,Estructuras de Datos,2025-2,61.2,1.5,100,3,10.3,9.6,8.8
E01737,Alonso Ortiz,Lenguajes de Programación,2025-2,36.5,9.5,100,4,10.6,11.3,8.3
E01738,Ana Huamán,Matemática Discreta,2026-1,80.5,4.5,,1,13.7,13.9,15.4
E01739,María Sánchez,Lenguajes de Programación,2026-1,49.8,9.0,58.7,1,11.3,12.8,9.7
E01740,Andrés Ponce,Estructuras de Datos,2025-2,73.6,6.6,96.0,3,14.4,14.9,9.4
E01741,Renata Aguilar,Redes de Computadoras,2026-1,74.8,7.1,61.3,3,8.6,9.5,14.3
E01742,Renata Herrera,Base de Datos,2026-1,21.1,5.9,86.3,3,13.9,17.3,19.2
E01743,Antonella Rivas,Lenguajes de Programación,2026-1,61.0,5.0,65.5,4,11.1,11.6,10.5
E01744,Mateo Mendoza,Base de Datos,2025-2,100,9.3,48.2,2,14.3,10.1,14.1
E01745,Sofía Flores,Lenguajes de Programación,2026-1,93.0,1.7,79.6,3,9.3,13.3,8.7
E01746,Gabriela Medina,Redes de Computadoras,2026-1,76.1,8.2,93.1,2,19.3,16.2,16.8
E01747,Fernanda Pérez,Lenguajes de Programación,2025-2,74.5,0,78.0,3,14.3,16.1,17.8
E01748,Lucía Rodríguez,Estructuras de Datos,2025-2,62.3,13.9,58.8,3,20,16.7,12.9
E01749,Rosa Cabrera,Base de Datos,2025-2,87.7,7.7,94.8,4,9.1,6.7,10.3
E01750,Natalia Aguilar,Redes de Computadoras,2025-2,74.1,5.6,85.1,3,12.6,12.9,14.4
E01751,Luis Huamán,Matemática Discreta,2025-2,63.3,5.4,64.9,1,13.9,15.1,13.4
E01752,Antonella Sánchez,Lenguajes de Programación,2025-2,77.0,0,87.0,3,7.6,9.1,6.6
E01753,Paula Ramírez,Redes de Computadoras,2025-2,65.2,7.4,81.1,3,16.7,11.5,12.0
E01754,Sebastián Ramírez,Redes de Computadoras,2025-2,55.3,6.0,59.6,3,10.4,15.3,14.8
E01755,Emilio Reyes,Lenguajes de Programación,2026-1,49.9,10.8,63.8,2,9.0,11.3,10.8
E01756,Joaquín Cabrera,Estructuras de Datos,2025-2,87.6,7.2,90.9,1,12.9,17.7,11.7
E01757,Nicolás Vargas,Matemática Discreta,2025-2,71.5,6.6,67.8,3,18.0,19.5,19.0
E01758,Jorge Castillo,Estructuras de Datos,2025-2,57.0,5.1,67.1,2,16.8,11.6,17.4
E01759,Manuel Ponce,Lenguajes de Programación,2026-1,56.8,3.1,70.3,5,9.4,6.6,12.0
E01760,Estefanía Sánchez,Base de Datos,2026-1,80.0,1.8,72.7,4,13.5,16.2,13.6
E01761,Estefanía Palomino,Base de Datos,2025-2,68.2,1.2,65.0,2,18.3,18.1,18.2
E01762,Fabián Alva,Estructuras de Datos,2025-2,62.9,9.1,66.8,2,15.1,15.2,13.0
E01763,Martina Rivas,Estructuras de Datos,2025-2,76.4,8.4,79.6,3,7.2,5.4,8.0
E01764,Diego Rivas,Base de Datos,2026-1,90.2,6.9,68.3,5,12.5,16.2,13.9
E01765,Sofía Zapata,Redes de Computadoras,2025-2,83.4,8.9,68.0,1,12.5,11.4,12.7
E01766,Jorge Huamán,Redes de Computadoras,2026-1,85.6,6.7,43.1,4,13.9,19.4,15.7
E01767,Vicente Castillo,Base de Datos,2025-2,61.5,7.2,88.0,2,12.9,8.1,9.4
E01768,Daniela Flores,Matemática Discreta,2025-2,74.7,9.3,70.8,3,15.6,16.9,19.2
E01769,Luis García,Base de Datos,2025-2,85.9,3.0,100,3,14.0,17.2,16.5
E01770,Vicente Cabrera,Redes de Computadoras,2026-1,90.4,11.8,79.5,2,17.2,17.6,20
E01771,Adrián Zapata,Matemática Discreta,2025-2,83.4,9.6,93.8,4,7.8,9.0,8.6
E01772,Estefanía Huamán,Estructuras de Datos,2025-2,67.6,7.5,34.1,2,10.8,13.1,12.1
E01773,Rodrigo Mamani,Estructuras de Datos,2025-2,60.2,4.0,91.4,2,5.7,0.8,2.0
E01774,Andrés Rojas,Estructuras de Datos,2026-1,72.8,5.0,20.0,2,10.5,5.5,7.3
E01775,Adrián Medina,Matemática Discreta,2025-2,100,4.6,66.7,4,19.6,15.4,14.6
E01776,Ricardo Huamán,Estructuras de Datos,2026-1,71.5,0.4,97.0,4,17.7,13.9,12.0
E01777,Julio García,Base de Datos,2025-2,74.8,0,42.2,3,19.4,18.7,16.1
E01778,Martina Ramírez,Matemática Discreta,2025-2,96.1,0,70.2,4,10.0,8.2,5.8
E01779,Valentina Rodríguez,Base de Datos,2026-1,84.9,9.1,88.9,4,4.9,2.8,8.4
E01780,Zoe Vargas,Lenguajes de Programación,2026-1,34.2,7.4,94.3,4,13.6,12.9,10.5
E01781,Nicolás Reyes,Estructuras de Datos,2026-1,88.8,6.9,87.4,2,7.6,10.2,6.1
E01782,Fernanda Mendoza,Redes de Computadoras,2026-1,86.3,10.4,70.7,2,6.6,8.2,5.6
E01783,Nicolás Ramírez,Matemática Discreta,2025-2,86.0,5.2,78.8,1,17.9,17.5,14.3
E01784,Diego Vega,Base de Datos,2025-2,77.3,0,74.5,4,20,17.3,16.2
E01785,María Pérez,Estructuras de Datos,2026-1,82.1,8.5,83.4,5,12.9,17.8,16.5
E01786,María Mendoza,Matemática Discreta,2026-1,67.4,8.2,100,1,10.5,6.2,9.1
E01787,Julio Torres,Lenguajes de Programación,2025-2,81.4,1.8,,3,18.7,15.4,20
E01788,Ricardo Espinoza,Lenguajes de Programación,2025-2,57.9,4.5,91.7,4,3.6,6.7,5.6
E01789,Gabriela Salazar,Estructuras de Datos,2026-1,67.8,5.7,62.9,3,15.3,8.3,12.8
E01790,Nicolás Aguilar,Matemática Discreta,2025-2,77.8,7.6,100,5,12.6,10.3,14.4
E01791,Rodrigo Chávez,Lenguajes de Programación,2025-2,53.3,6.4,95.1,3,11.6,14.3,17.6
E01792,Antonella Medina,Redes de Computadoras,2025-2,100,6.4,45.7,5,16.9,18.4,13.6
E01793,Nicolás Delgado,Estructuras de Datos,2025-2,99.5,5.1,100,3,15.9,17.9,16.0
E01794,Iván López,Matemática Discreta,2025-2,78.4,7.5,83.5,3,20,20,20
E01795,Paula Pérez,Redes de Computadoras,2026-1,42.0,6.3,71.3,5,15.4,14.4,18.6
E01796,Ana Alva,Estructuras de Datos,2026-1,62.5,8.5,53.3,4,10.9,8.7,12.9
E01797,Milagros Huamán,Base de Datos,2025-2,83.4,9.4,73.8,5,10.1,13.3,13.5
E01798,Emilia Aguilar,Base de Datos,2025-2,42.9,2.4,68.1,1,7.8,8.6,10.8
E01799,Ricardo Pérez,Estructuras de Datos,2026-1,43.1,11.8,77.7,1,12.3,8.8,8.3
E01800,Iván Torres,Redes de Computadoras,2025-2,99.5,10.2,65.6,3,20,20,20
E01801,Nicolás Mamani,Matemática Discreta,2025-2,63.4,6.3,55.9,1,4.7,12.1,5.7
E01802,Zoe Ortiz,Matemática Discreta,2025-2,94.4,1.9,53.1,2,12.7,8.3,11.0
E01803,Jorge García,Estructuras de Datos,2025-2,100,6.0,81.4,4,14.0,10.4,11.9
E01804,Adrián Rivas,Redes de Computadoras,2026-1,61.1,2.9,55.9,2,13.6,10.7,14.8
E01805,Martina Palomino,Matemática Discreta,2026-1,70.7,6.4,100,4,11.3,11.7,5.5
E01806,Tomás Vega,Base de Datos,2026-1,81.7,9.3,72.8,2,13.3,10.4,9.3
E01807,Vicente Chávez,Estructuras de Datos,2026-1,57.9,1.9,55.4,4,7.2,10.4,10.2
E01808,Sebastián Sánchez,Lenguajes de Programación,2025-2,97.1,7.5,100,3,6.5,10.6,13.3
E01809,Vicente Alva,Lenguajes de Programación,2026-1,71.9,4.2,99.3,4,17.4,18.3,20
E01810,Luis Huamán,Base de Datos,2026-1,76.4,5.7,47.9,2,10.0,10.7,8.2
E01811,Antonella Espinoza,Base de Datos,2026-1,55.0,6.1,63.3,4,20,18.1,13.1
E01812,Paula Espinoza,Base de Datos,2026-1,73.8,8.2,85.1,3,4.1,4.4,5.5
E01813,Zoe Rivas,Base de Datos,2025-2,87.7,4.8,,5,20,13.0,18.1
E01814,Carlos López,Lenguajes de Programación,2026-1,70.3,11.0,81.7,4,6.8,6.5,9.1
E01815,Alejandra Ramírez,Base de Datos,2025-2,64.5,1.2,88.6,1,13.6,15.2,19.1
E01816,Natalia Vargas,Base de Datos,2025-2,65.5,10.6,85.3,3,14.6,16.9,17.0
E01817,Daniela Sánchez,Base de Datos,2026-1,33.8,5.8,64.0,3,11.0,12.4,14.8
E01818,Estefanía Medina,Lenguajes de Programación,2025-2,51.9,10.6,80.4,2,17.2,14.6,17.7
E01819,Carlos Ramírez,Redes de Computadoras,2025-2,75.9,1.4,71.7,1,19.6,12.4,7.9
E01820,Luis Salazar,Lenguajes de Programación,2026-1,76.0,5.0,72.9,1,9.6,8.2,10.2
E01821,Rodrigo Cabrera,Estructuras de Datos,2026-1,62.1,12.9,83.9,2,13.0,5.9,8.9
E01822,Andrés Vega,Base de Datos,2026-1,45.0,1.2,64.1,2,13.4,13.1,12.3
E01823,Vicente Castillo,Lenguajes de Programación,2025-2,57.1,11.3,54.2,4,8.4,3.0,13.1
E01824,Alejandra Huamán,Base de Datos,2026-1,83.0,5.5,100,2,7.3,5.3,9.2
E01825,Sofía Quispe,Redes de Computadoras,2026-1,52.9,7.5,85.2,5,9.5,12.7,10.8
E01826,Rosa Alva,Estructuras de Datos,2025-2,71.7,6.9,67.1,1,12.6,11.9,10.9
E01827,Valentina Pérez,Lenguajes de Programación,2025-2,40.6,8.4,93.8,4,14.1,12.1,13.5
E01828,Alonso Cabrera,Redes de Computadoras,2026-1,55.5,10.4,82.4,4,7.2,13.2,4.6
E01829,Estefanía Huamán,Base de Datos,2025-2,81.7,9.8,91.7,3,11.7,13.3,15.6
E01830,Ana Palomino,Lenguajes de Programación,2025-2,68.8,4.0,89.5,2,16.2,13.5,11.0
E01831,Sebastián Herrera,Redes de Computadoras,2026-1,75.7,3.6,84.2,4,19.0,20,19.4
E01832,Andrés Mendoza,Redes de Computadoras,2025-2,79.5,3.6,81.1,3,4.3,4.0,5.2
E01833,Rosa Delgado,Lenguajes de Programación,2026-1,91.9,0,77.8,3,11.2,17.6,15.9
E01834,Valeria Zapata,Base de Datos,2026-1,70.8,4.5,50.0,3,16.6,15.5,13.0
E01835,Tomás Pérez,Base de Datos,2025-2,,8.1,63.8,4,12.5,13.5,16.4
E01836,Bruno Espinoza,Matemática Discreta,2026-1,69.7,6.2,83.2,3,10.0,12.1,7.2
E01837,Carlos Mamani,Base de Datos,2026-1,23.0,5.3,81.6,5,5.3,2.2,2.6
E01838,Daniela Mendoza,Base de Datos,2026-1,68.3,5.4,,3,8.8,14.4,3.6
E01839,Miguel Vargas,Lenguajes de Programación,2026-1,71.0,1.7,100,2,11.4,13.5,16.0
E01840,Mateo López,Redes de Computadoras,2026-1,71.6,3.3,84.4,4,17.0,14.4,14.7
E01841,Vicente Castillo,Redes de Computadoras,2026-1,84.2,9.0,49.7,4,,14.3,14.1
E01842,Vicente Reyes,Estructuras de Datos,2025-2,71.3,7.4,89.4,3,14.3,10.8,12.4
E01843,Alejandra Flores,Estructuras de Datos,2026-1,64.4,8.3,100,4,10.6,8.2,11.0
E01844,Daniela Sánchez,Base de Datos,2025-2,47.2,8.7,34.3,3,19.4,20,18.0
E01845,Alonso Rodríguez,Base de Datos,2025-2,52.9,3.0,53.4,2,15.6,10.5,15.0
E01846,Joaquín Espinoza,Estructuras de Datos,2025-2,60.7,5.4,93.3,2,20,19.1,20
E01847,Ana Vega,Base de Datos,2026-1,86.8,9.7,100,4,14.3,12.1,14.9
E01848,Sofía Paredes,Redes de Computadoras,2026-1,100,2.9,87.8,3,6.0,8.5,7.4
E01849,Jorge Mamani,Matemática Discreta,2025-2,53.4,10.6,30.8,2,16.7,13.1,15.3
E01850,Sebastián Reyes,Redes de Computadoras,2025-2,55.7,1.0,85.3,2,11.3,8.3,9.7
E01851,Rodrigo Mendoza,Lenguajes de Programación,2025-2,74.3,2.9,98.2,4,13.5,11.5,14.5
E01852,Adrián Chávez,Matemática Discreta,2025-2,71.7,0,88.1,2,7.3,9.2,10.4
E01853,Diego Paredes,Matemática Discreta,2025-2,84.8,0.1,65.9,4,15.9,19.1,17.1
E01854,María Medina,Matemática Discreta,2026-1,18.6,4.9,62.2,4,11.9,6.0,7.3
E01855,Julio Cárdenas,Redes de Computadoras,2026-1,68.5,10.3,44.0,4,8.7,12.7,15.5
E01856,Rodrigo Rivas,Redes de Computadoras,2025-2,82.3,8.4,51.7,3,11.5,14.3,12.1
E01857,Mateo Quispe,Lenguajes de Programación,2026-1,55.5,6.3,100,1,12.7,14.0,8.8
E01858,María Torres,Matemática Discreta,2026-1,40.1,6.9,88.4,5,13.1,14.5,9.9
E01859,Joaquín Ramírez,Base de Datos,2026-1,100,6.8,95.6,5,20,17.5,20
E01860,Joaquín Rojas,Base de Datos,2025-2,62.4,4.9,61.1,2,8.5,13.8,12.1
E01861,Iván Alva,Estructuras de Datos,2025-2,64.2,10.7,75.4,5,20,18.3,20
E01862,Estefanía Salazar,Base de Datos,2025-2,69.0,4.0,42.6,4,16.9,18.8,17.0
E01863,Rosa Mendoza,Lenguajes de Programación,2025-2,63.4,2.7,57.5,4,15.1,8.8,11.0
E01864,Vicente Torres,Lenguajes de Programación,2026-1,,3.3,53.7,3,13.0,10.2,8.9
E01865,Tomás Medina,Matemática Discreta,2025-2,60.7,0,72.2,3,14.2,16.8,16.6
E01866,Alonso Cárdenas,Lenguajes de Programación,2025-2,88.1,10.9,54.3,3,13.4,11.1,14.0
E01867,Tomás Huamán,Lenguajes de Programación,2025-2,64.6,11.9,49.9,3,18.0,15.1,8.8
E01868,Iván Medina,Estructuras de Datos,2025-2,40.3,7.0,67.1,2,13.1,17.6,18.5
E01869,Emilia Reyes,Estructuras de Datos,2025-2,74.7,3.6,99.4,2,16.3,10.9,18.3
E01870,Carlos Chávez,Lenguajes de Programación,2026-1,38.2,1.2,92.0,3,14.1,13.3,16.0
E01871,Diego Salazar,Lenguajes de Programación,2026-1,65.9,0,100,4,17.1,17.3,13.0
E01872,Julio Zapata,Estructuras de Datos,2026-1,78.9,5.4,100,4,18.2,13.9,20
E01873,Estefanía Ramírez,Matemática Discreta,2026-1,89.8,10.8,54.2,3,11.7,19.0,14.4
E01874,Ana Rivas,Matemática Discreta,2025-2,87.1,1.0,84.2,4,8.2,10.1,13.1
E01875,Sofía Rivas,Redes de Computadoras,2026-1,62.5,12.9,70.4,4,5.8,9.6,11.1
E01876,Sebastián Cabrera,Redes de Computadoras,2026-1,100,12.6,75.8,2,2.3,3.9,6.9
E01877,Antonella Salazar,Matemática Discreta,2025-2,92.6,0,72.6,1,10.9,15.5,12.2
E01878,Vicente Pérez,Base de Datos,2026-1,66.1,6.8,70.7,1,11.1,13.1,12.3
E01879,Julio Zapata,Matemática Discreta,2025-2,50.4,8.4,100,2,13.8,19.2,15.1
E01880,Milagros Castillo,Redes de Computadoras,2026-1,100,1.8,88.7,2,1.5,9.3,8.2
E01881,Nicolás Medina,Base de Datos,2025-2,94.3,6.4,75.2,3,13.5,11.0,10.2
E01882,Paula Reyes,Estructuras de Datos,2025-2,65.4,5.7,75.4,3,6.3,8.6,8.1
E01883,Sofía Rojas,Base de Datos,2026-1,100,4.4,68.0,4,12.1,12.7,17.8
E01884,Daniela Zapata,Redes de Computadoras,2025-2,94.3,2.5,94.6,1,10.1,14.5,14.8
E01885,Milagros Pérez,Estructuras de Datos,2025-2,52.5,0,76.3,1,10.2,9.6,12.6
E01886,Milagros Ortiz,Base de Datos,2026-1,54.2,16.2,58.1,2,8.9,9.6,8.3
E01887,Lucía Delgado,Lenguajes de Programación,2025-2,77.9,3.5,70.4,5,5.7,8.3,2.0
E01888,Fernanda Rivas,Estructuras de Datos,2025-2,100,5.3,70.3,1,6.8,11.4,11.4
E01889,Mateo García,Base de Datos,2025-2,51.7,6.8,93.7,2,11.8,8.8,9.5
E01890,Ana Palomino,Matemática Discreta,2025-2,35.3,3.0,83.0,4,14.2,15.2,15.6
E01891,Ana Ortiz,Matemática Discreta,2026-1,77.5,9.6,64.1,5,9.3,4.6,10.8
E01892,Daniela Salazar,Matemática Discreta,2026-1,84.6,1.3,71.0,1,17.5,12.5,17.1
E01893,Rodrigo Herrera,Lenguajes de Programación,2025-2,51.9,9.4,100,3,11.2,10.5,11.0
E01894,Nicolás Rodríguez,Lenguajes de Programación,2025-2,54.5,7.8,88.6,3,10.5,11.4,15.4
E01895,Carlos Flores,Estructuras de Datos,2026-1,61.4,9.6,73.0,2,9.7,9.5,10.0
E01896,Isabela Castillo,Lenguajes de Programación,2026-1,54.7,9.1,79.6,3,6.8,7.2,9.7
E01897,María Huamán,Estructuras de Datos,2025-2,91.6,11.2,86.6,2,16.6,12.4,14.1
E01898,Milagros Cabrera,Estructuras de Datos,2026-1,60.1,9.5,70.3,5,13.9,15.8,12.5
E01899,Milagros Cabrera,Base de Datos,2025-2,83.2,0,64.6,3,8.0,10.3,7.7
E01900,Sebastián Sánchez,Matemática Discreta,2025-2,74.2,5.1,53.3,3,13.4,16.2,17.0
E01901,Fernanda Paredes,Base de Datos,2025-2,100,5.9,55.3,5,11.8,9.7,14.0
E01902,Zoe Sánchez,Base de Datos,2026-1,53.2,10.2,83.2,5,7.4,10.4,9.2
E01903,Manuel Alva,Redes de Computadoras,2025-2,69.6,1.7,93.5,2,20,17.1,14.6
E01904,Diego Rojas,Redes de Computadoras,2025-2,67.9,7.3,53.7,3,14.5,14.4,17.6
E01905,Daniela Mamani,Estructuras de Datos,2026-1,86.8,1.2,38.0,5,15.4,11.7,10.3
E01906,Andrés Mamani,Matemática Discreta,2026-1,72.7,1.0,84.6,5,12.5,11.5,6.4
E01907,Vicente Ponce,Base de Datos,2026-1,80.2,10.5,72.1,1,14.3,10.2,11.0
E01908,Manuel Delgado,Estructuras de Datos,2025-2,68.1,7.9,94.1,1,15.2,14.5,16.1
E01909,Joaquín Rojas,Matemática Discreta,2025-2,100,0,66.7,2,16.4,13.2,15.4
E01910,Renata Soto,Redes de Computadoras,2026-1,100,3.8,67.6,4,11.9,,10.9
E01911,Manuel Rojas,Base de Datos,2025-2,68.4,2.4,89.3,2,10.1,10.7,9.2
E01912,Luis Cruz,Redes de Computadoras,2026-1,80.9,8.4,55.6,3,17.4,14.6,19.2
E01913,Emilia Sánchez,Matemática Discreta,2026-1,57.7,11.4,92.5,3,19.3,18.8,17.3
E01914,Emilia Medina,Estructuras de Datos,2025-2,64.1,5.7,73.7,5,11.2,12.2,14.4
E01915,Sebastián Mendoza,Redes de Computadoras,2025-2,91.2,1.9,66.2,5,9.1,10.8,10.7
E01916,Milagros Quispe,Estructuras de Datos,2026-1,61.9,8.6,100,3,10.9,9.6,13.3
E01917,Renata Ramírez,Redes de Computadoras,2025-2,78.7,4.3,83.5,3,12.5,13.0,12.9
E01918,Sebastián García,Estructuras de Datos,2025-2,75.2,11.8,60.0,1,15.5,15.6,15.4
E01919,Alonso Paredes,Lenguajes de Programación,2026-1,58.7,4.9,82.4,3,11.2,11.3,8.5
E01920,Carlos Mamani,Lenguajes de Programación,2026-1,52.6,1.4,52.3,1,14.1,18.3,14.3
E01921,Lucía Aguilar,Estructuras de Datos,2025-2,100,3.0,50.2,2,18.0,16.5,14.0
E01922,Alonso Delgado,Redes de Computadoras,2026-1,71.1,10.3,71.1,2,6.1,9.4,9.4
E01923,Diego Vega,Matemática Discreta,2025-2,61.7,6.8,100,1,20,20,19.7
E01924,Camila Medina,Matemática Discreta,2026-1,76.3,5.7,53.6,3,12.1,18.0,10.8
E01925,Julio Herrera,Redes de Computadoras,2026-1,89.4,3.5,71.7,4,10.1,11.4,7.4
E01926,Julio Herrera,Base de Datos,2025-2,73.0,0,97.3,2,12.6,17.0,19.0
E01927,Antonella Salazar,Estructuras de Datos,2025-2,51.4,5.3,79.6,4,12.9,11.8,10.7
E01928,Franco Ponce,Lenguajes de Programación,2025-2,87.1,3.9,60.5,2,19.5,8.8,14.5
E01929,Tomás Cabrera,Matemática Discreta,2026-1,35.8,11.5,56.5,2,20,19.5,14.6
E01930,Manuel Mamani,Estructuras de Datos,2025-2,80.2,3.8,,3,15.3,11.5,9.4
E01931,Diego Mendoza,Matemática Discreta,2025-2,69.4,8.6,100,2,16.6,18.5,13.0
E01932,Iván Aguilar,Redes de Computadoras,2025-2,100,11.6,79.9,4,9.4,9.5,9.5
E01933,Ximena Gutiérrez,Lenguajes de Programación,2026-1,53.3,6.7,83.1,3,9.7,5.9,8.5
E01934,Manuel Huamán,Redes de Computadoras,2025-2,98.9,3.3,93.6,4,16.2,,12.6
E01935,Antonella Delgado,Lenguajes de Programación,2026-1,78.8,9.8,74.5,3,6.6,5.9,3.2
E01936,Sofía Medina,Matemática Discreta,2026-1,100,11.9,89.7,4,12.3,13.7,14.7
E01937,Natalia Vargas,Base de Datos,2025-2,95.0,6.6,77.6,4,11.5,5.5,11.3
E01938,Rosa Ramírez,Base de Datos,2026-1,85.0,11.4,70.1,1,20,18.8,19.6
E01939,Ricardo Soto,Base de Datos,2026-1,77.5,4.2,83.7,2,15.4,18.4,17.7
E01940,Luis Ponce,Base de Datos,2026-1,55.4,7.8,49.3,4,13.0,18.1,9.6
E01941,Carlos Rojas,Estructuras de Datos,2025-2,36.6,0.9,84.7,2,9.2,10.7,8.2
E01942,Valentina Ortiz,Base de Datos,2025-2,65.8,11.4,94.2,5,9.7,19.2,14.9
E01943,Emilio Torres,Base de Datos,2025-2,80.4,8.1,83.8,2,14.5,14.1,12.6
E01944,Alejandra Aguilar,Estructuras de Datos,2026-1,56.6,3.3,76.1,1,20,16.2,18.0
E01945,Estefanía Espinoza,Matemática Discreta,2025-2,91.3,9.3,95.9,3,17.2,15.9,17.6
E01946,Julio Gutiérrez,Matemática Discreta,2026-1,56.5,9.8,66.1,3,13.5,16.1,14.9
E01947,Daniela Palomino,Lenguajes de Programación,2026-1,56.9,3.3,62.3,4,12.0,9.0,10.7
E01948,Rodrigo Rodríguez,Base de Datos,2025-2,88.6,2.4,57.7,5,19.7,13.4,18.2
E01949,Joaquín García,Matemática Discreta,2026-1,100,1.7,67.1,3,3.6,6.5,7.4
E01950,Manuel Aguilar,Lenguajes de Programación,2026-1,73.8,1.1,80.8,3,15.3,17.2,15.0
E01951,Valentina Ortiz,Estructuras de Datos,2025-2,79.7,11.6,83.4,2,16.5,15.4,12.8
E01952,Emilio Vargas,Lenguajes de Programación,2025-2,61.8,0.5,87.0,3,7.0,12.6,8.3
E01953,Estefanía Castillo,Matemática Discreta,2026-1,74.6,4.9,85.2,1,9.7,12.2,11.3
E01954,Julio Medina,Lenguajes de Programación,2026-1,68.4,5.3,55.7,4,20,17.7,17.8
E01955,Gabriela Vega,Estructuras de Datos,2026-1,79.9,8.0,69.9,5,11.9,17.2,12.1
E01956,Andrés Paredes,Redes de Computadoras,2025-2,82.4,5.0,72.8,3,18.6,20,20
E01957,Paula Rojas,Estructuras de Datos,2026-1,76.3,3.1,88.2,3,18.2,15.0,15.0
E01958,Daniela Chávez,Lenguajes de Programación,2026-1,78.9,4.9,88.2,3,12.3,9.9,10.5
E01959,Sofía Vega,Matemática Discreta,2025-2,77.2,2.1,43.5,1,,8.6,4.8
E01960,Vicente Zapata,Matemática Discreta,2025-2,69.8,4.3,55.3,5,15.7,10.2,18.3
E01961,Rosa Chávez,Lenguajes de Programación,2025-2,100,6.0,89.8,2,19.0,13.9,12.4
E01962,María Mamani,Matemática Discreta,2025-2,76.6,8.9,73.2,2,10.8,9.8,6.6
E01963,Vicente Vargas,Estructuras de Datos,2026-1,100,4.4,59.5,3,12.6,10.4,10.2
E01964,Fernanda Espinoza,Lenguajes de Programación,2026-1,22.0,6.3,86.9,5,10.1,11.0,14.3
E01965,Ximena García,Matemática Discreta,2026-1,62.6,1.5,75.0,3,10.8,14.3,13.2
E01966,Alejandra Mendoza,Base de Datos,2026-1,90.2,7.2,46.3,1,5.8,6.7,8.9
E01967,Natalia Espinoza,Redes de Computadoras,2026-1,72.0,7.5,57.1,2,17.1,15.2,11.5
E01968,Ricardo García,Lenguajes de Programación,2026-1,83.6,11.1,87.3,2,17.1,14.6,18.4
E01969,Manuel Chávez,Estructuras de Datos,2025-2,69.1,6.9,94.1,3,9.5,4.5,7.2
E01970,Natalia Delgado,Estructuras de Datos,2026-1,47.7,6.8,77.6,3,14.7,15.8,16.1
E01971,Fernanda Salazar,Redes de Computadoras,2026-1,65.3,5.8,69.0,2,9.0,7.9,11.3
E01972,Julio Ramírez,Redes de Computadoras,2025-2,60.7,6.5,77.9,4,18.5,15.0,18.5
E01973,Estefanía Castillo,Redes de Computadoras,2026-1,87.2,0,81.4,2,7.6,7.0,6.7
E01974,Alonso Salazar,Lenguajes de Programación,2025-2,88.0,13.0,96.6,4,15.0,14.4,13.9
E01975,Ximena Sánchez,Redes de Computadoras,2025-2,73.8,7.0,43.8,3,9.2,10.0,11.6
E01976,Adrián López,Estructuras de Datos,2026-1,61.2,5.9,80.3,2,5.2,12.0,7.6
E01977,Mateo Espinoza,Redes de Computadoras,2026-1,37.8,1.0,39.9,3,10.2,18.2,15.7
E01978,Rodrigo Medina,Base de Datos,2026-1,30.1,10.4,42.2,2,16.5,10.8,8.9
E01979,Carlos Alva,Redes de Computadoras,2026-1,75.0,3.6,63.2,2,12.7,9.3,11.4
E01980,Nicolás Torres,Base de Datos,2025-2,68.5,3.5,83.8,4,15.3,13.3,16.7
E01981,Joaquín Ortiz,Lenguajes de Programación,2026-1,74.3,6.4,100,2,11.2,9.9,11.4
E01982,Lucía Soto,Estructuras de Datos,2025-2,77.2,4.4,100,2,20,20,20
E01983,Ricardo Medina,Lenguajes de Programación,2025-2,53.1,8.8,95.3,3,12.7,12.8,12.7
E01984,Franco Flores,Estructuras de Datos,2025-2,73.7,8.7,90.1,3,20,13.5,12.9
E01985,Iván Espinoza,Base de Datos,2025-2,66.1,6.7,99.3,5,18.3,14.6,13.6
E01986,Renata Alva,Base de Datos,2026-1,99.6,8.5,81.8,5,14.5,15.7,11.0
E01987,Ana Torres,Redes de Computadoras,2025-2,82.6,7.6,100,4,,13.0,13.3
E01988,Lucía Reyes,Redes de Computadoras,2025-2,66.0,7.6,85.7,3,20,18.3,18.7
E01989,Andrés García,Lenguajes de Programación,2026-1,81.5,4.1,78.1,4,16.4,11.2,9.7
E01990,Jorge Espinoza,Redes de Computadoras,2026-1,72.9,9.8,100,4,15.7,10.3,12.1
E01991,Antonella Chávez,Base de Datos,2025-2,44.8,10.5,74.5,5,19.8,20,20
E01992,Vicente Reyes,Base de Datos,2025-2,60.6,7.7,100,3,10.0,14.1,8.8
E01993,Paula Paredes,Lenguajes de Programación,2025-2,98.0,3.5,77.3,2,8.4,11.1,9.6
E01994,Lucía Salazar,Matemática Discreta,2026-1,88.0,5.1,66.4,4,9.8,11.6,8.7
E01995,Antonella Palomino,Estructuras de Datos,2026-1,100,7.5,77.1,3,15.3,14.9,19.6
E01996,Zoe Vega,Base de Datos,2026-1,60.7,8.1,72.7,2,17.4,16.4,15.8
E01997,Adrián Mamani,Redes de Computadoras,2025-2,80.7,7.2,78.4,3,17.8,17.5,14.6
E01998,Ximena Vega,Base de Datos,2026-1,37.7,8.4,69.7,2,15.0,11.2,7.1
E01999,Rosa García,Estructuras de Datos,2025-2,100,7.4,92.3,4,14.6,15.4,16.8
E02000,Manuel Cabrera,Lenguajes de Programación,2026-1,60.7,10.2,67.0,1,17.2,13.7,13.6
E02001,Rodrigo Rodríguez,Estructuras de Datos,2026-1,99.6,10.3,100,3,9.1,7.4,7.4
E02002,Adrián Cárdenas,Base de Datos,2025-2,69.2,8.5,81.0,3,15.4,19.4,11.6
E02003,Martina Salazar,Base de Datos,2025-2,61.4,10.1,91.3,3,12.3,11.6,14.8
E02004,Miguel Espinoza,Matemática Discreta,2026-1,50.7,5.1,71.2,2,20,14.7,18.5
E02005,Jorge Huamán,Estructuras de Datos,2026-1,83.6,5.0,85.5,3,13.2,14.0,15.1
E02006,Lucía Delgado,Lenguajes de Programación,2025-2,86.6,11.7,59.7,2,11.5,7.2,6.8
E02007,María Flores,Redes de Computadoras,2026-1,59.1,7.4,67.2,3,11.9,10.1,12.9
E02008,Emilia Aguilar,Redes de Computadoras,2025-2,69.1,3.7,100,1,10.3,13.7,11.7
E02009,Alonso Castillo,Base de Datos,2025-2,63.8,4.6,80.3,4,10.5,7.9,4.6
E02010,Antonella Gutiérrez,Matemática Discreta,2026-1,93.1,4.3,91.0,5,9.9,14.7,17.5
E02011,Sofía García,Lenguajes de Programación,2026-1,95.2,5.9,77.5,4,5.3,9.0,12.5
E02012,Joaquín Ramírez,Redes de Computadoras,2025-2,91.4,4.9,73.2,3,15.4,14.8,17.4
E02013,Paula Ortiz,Redes de Computadoras,2026-1,78.1,6.6,58.3,3,11.7,9.6,14.5
E02014,Bruno Vargas,Lenguajes de Programación,2026-1,88.6,6.8,67.9,2,7.9,9.1,10.5
E02015,Paula Chávez,Base de Datos,2026-1,67.8,2.3,66.9,5,18.1,11.9,19.0
E02016,Antonella Cruz,Matemática Discreta,2026-1,81.6,13.1,91.3,2,17.4,15.7,10.6
E02017,Franco Chávez,Estructuras de Datos,2025-2,70.0,2.8,82.7,4,10.0,10.1,9.8
E02018,Jorge Vega,Base de Datos,2026-1,64.7,6.2,91.0,2,11.9,15.2,12.0
E02019,Miguel Huamán,Matemática Discreta,2025-2,80.2,5.4,58.4,3,9.8,,16.5
E02020,Camila Chávez,Estructuras de Datos,2025-2,73.6,6.3,76.0,3,7.2,6.8,6.9
E02021,Miguel Medina,Base de Datos,2026-1,49.8,9.2,74.7,3,15.6,12.9,15.8
E02022,Alejandra Sánchez,Matemática Discreta,2026-1,97.7,4.1,73.2,4,11.0,13.6,17.6
E02023,Lucía Ortiz,Lenguajes de Programación,2026-1,68.1,8.7,82.2,5,17.3,12.0,19.2
E02024,Julio Chávez,Redes de Computadoras,2025-2,72.8,3.5,55.2,2,10.2,7.9,11.6
E02025,María García,Matemática Discreta,2025-2,41.6,4.9,100,4,10.9,8.7,7.8
E02026,Renata Castillo,Lenguajes de Programación,2026-1,52.1,8.2,70.9,2,18.7,11.4,8.7
E02027,Valentina Gutiérrez,Lenguajes de Programación,2026-1,56.0,11.9,49.8,2,20,20,13.9
E02028,Rosa Mendoza,Estructuras de Datos,2025-2,68.2,6.7,63.5,3,11.7,10.7,16.4
E02029,Sofía Flores,Redes de Computadoras,2025-2,52.9,8.5,79.4,3,14.5,12.7,15.2
E02030,Zoe Cruz,Matemática Discreta,2026-1,82.7,7.1,81.7,2,7.6,11.5,13.0
E02031,Zoe Chávez,Matemática Discreta,2026-1,68.3,7.0,61.9,4,14.5,12.3,15.0
E02032,Valentina Chávez,Redes de Computadoras,2025-2,52.3,8.5,78.5,3,13.3,12.9,10.0
E02033,Emilia Cruz,Lenguajes de Programación,2025-2,69.4,0.9,78.4,3,18.3,13.6,15.6
E02034,Manuel Zapata,Matemática Discreta,2025-2,90.3,3.3,100,3,12.1,19.9,15.4
E02035,Fabián Alva,Matemática Discreta,2026-1,26.3,3.7,98.3,4,20,20,16.7
E02036,Valeria Aguilar,Matemática Discreta,2026-1,100,4.1,94.0,4,12.8,13.4,13.7
E02037,Paula Pérez,Matemática Discreta,2026-1,55.4,3.2,100,4,11.0,7.4,8.9
E02038,Ana Quispe,Matemática Discreta,2026-1,66.1,4.5,25.8,3,6.0,3.3,9.3
E02039,Ximena Rojas,Matemática Discreta,2025-2,84.3,0,71.1,2,8.4,6.2,7.6
E02040,María Ortiz,Redes de Computadoras,2025-2,86.1,7.3,88.0,3,17.4,17.5,17.6
E02041,Camila Quispe,Redes de Computadoras,2026-1,100,5.3,57.0,5,14.6,8.7,7.9
E02042,Gabriela Delgado,Lenguajes de Programación,2025-2,100,7.3,80.4,1,15.3,15.3,16.5
E02043,Alonso Delgado,Estructuras de Datos,2025-2,75.8,0.7,64.3,2,13.8,12.2,15.5
E02044,Jorge Alva,Lenguajes de Programación,2026-1,47.2,5.3,74.6,1,13.3,10.3,14.5
E02045,Carlos Zapata,Base de Datos,2026-1,77.1,15.3,69.1,3,14.8,10.0,14.0
E02046,Jorge Chávez,Base de Datos,2026-1,91.2,6.3,87.5,3,15.3,12.9,9.8
E02047,Lucía Huamán,Matemática Discreta,2025-2,88.9,3.9,85.9,5,15.2,14.1,13.0
E02048,Iván Ortiz,Matemática Discreta,2025-2,60.5,2.1,,3,9.8,7.4,10.1
E02049,Fernanda Rojas,Lenguajes de Programación,2026-1,38.7,3.9,71.2,3,2.2,2.4,2.5
E02050,Franco Delgado,Base de Datos,2025-2,57.6,8.2,47.9,3,11.6,10.9,11.0
E02051,Bruno Herrera,Estructuras de Datos,2026-1,55.2,2.4,100,4,8.8,5.1,3.9
E02052,Miguel Torres,Redes de Computadoras,2026-1,72.3,5.6,77.3,4,12.8,16.8,15.3
E02053,Antonella Medina,Estructuras de Datos,2025-2,100,10.4,53.6,2,6.5,8.1,10.5
E02054,Carlos Cabrera,Base de Datos,2025-2,50.4,3.8,63.8,3,17.6,18.8,20
E02055,Antonella Aguilar,Estructuras de Datos,2025-2,38.0,4.5,56.7,3,14.3,14.0,14.4
E02056,Mateo García,Base de Datos,2025-2,47.8,4.8,54.5,4,15.1,15.6,12.4
E02057,Milagros Mamani,Matemática Discreta,2026-1,51.8,12.9,97.9,1,12.5,17.9,13.3
E02058,Estefanía Palomino,Base de Datos,2025-2,43.0,0,60.4,2,20,19.8,20
E02059,Manuel Espinoza,Redes de Computadoras,2025-2,72.9,9.0,84.0,3,11.9,,15.7
E02060,Tomás Vargas,Redes de Computadoras,2026-1,87.1,6.6,67.9,3,12.7,17.1,15.4
E02061,Sebastián Cruz,Matemática Discreta,2025-2,66.2,7.0,53.9,4,14.5,,13.4
E02062,Gabriela Mamani,Base de Datos,2026-1,62.2,4.0,99.4,2,19.1,19.3,18.7
E02063,Valeria Medina,Lenguajes de Programación,2025-2,99.8,0,93.5,3,15.4,14.6,11.9
E02064,Emilio Soto,Estructuras de Datos,2026-1,54.5,0,42.1,4,17.0,13.5,14.2
E02065,Antonella Reyes,Matemática Discreta,2025-2,99.5,8.9,94.5,3,14.1,11.3,12.1
E02066,Ricardo Zapata,Estructuras de Datos,2026-1,85.3,2.9,77.0,1,13.9,11.0,5.4
E02067,Sebastián Chávez,Base de Datos,2026-1,78.6,0,53.5,3,15.3,11.7,12.3
E02068,Mateo Ortiz,Lenguajes de Programación,2026-1,84.8,7.6,71.8,1,17.4,12.3,15.8
E02069,Milagros Torres,Redes de Computadoras,2025-2,77.6,0,40.3,2,20,16.0,14.6
E02070,Camila Mamani,Redes de Computadoras,2026-1,44.8,5.0,75.5,5,10.9,2.9,9.0
E02071,Fabián Salazar,Matemática Discreta,2025-2,68.7,10.3,57.7,2,13.7,11.4,8.1
E02072,Emilio Zapata,Base de Datos,2025-2,77.8,0,79.1,5,20,12.7,17.8
E02073,Adrián Quispe,Base de Datos,2026-1,49.1,7.3,88.5,1,12.3,14.4,14.0
E02074,Bruno Quispe,Redes de Computadoras,2025-2,37.2,6.8,59.9,4,12.1,4.4,8.2
E02075,Fabián López,Base de Datos,2026-1,75.2,5.1,72.3,2,16.6,15.8,19.9
E02076,Natalia Medina,Base de Datos,2026-1,60.7,6.8,49.9,5,12.3,11.2,9.6
E02077,Estefanía Castillo,Base de Datos,2026-1,82.8,4.3,78.6,4,14.1,10.9,14.9
E02078,Tomás Ponce,Redes de Computadoras,2025-2,51.8,3.6,50.2,5,19.1,14.5,12.4
E02079,Milagros Delgado,Lenguajes de Programación,2025-2,79.5,7.5,100,2,8.7,10.3,11.0
E02080,Paula Medina,Base de Datos,2025-2,84.3,4.2,90.4,3,14.9,6.9,10.5
E02081,Fernanda Pérez,Estructuras de Datos,2025-2,68.5,7.6,79.4,2,14.6,16.9,13.3
E02082,Emilio Rodríguez,Lenguajes de Programación,2025-2,67.7,4.0,100,3,7.7,9.4,11.3
E02083,Mateo López,Lenguajes de Programación,2025-2,91.3,9.9,66.7,2,,15.1,16.8
E02084,Adrián García,Estructuras de Datos,2026-1,76.4,8.7,74.9,3,8.0,6.2,5.7
E02085,Rosa Sánchez,Base de Datos,2025-2,75.6,3.4,63.0,2,19.2,16.8,13.6
E02086,Ana Zapata,Lenguajes de Programación,2025-2,69.6,0.7,60.3,4,15.4,16.9,20
E02087,Franco Ponce,Matemática Discreta,2025-2,70.1,0.7,76.9,2,7.1,4.9,8.5
E02088,Estefanía Reyes,Base de Datos,2025-2,67.6,9.8,99.9,2,15.1,17.5,17.7
E02089,Emilio Torres,Redes de Computadoras,2025-2,100,14.6,100,3,10.9,8.9,11.8
E02090,Mateo Torres,Lenguajes de Programación,2026-1,72.9,7.9,67.6,4,20,20,20
E02091,María Cruz,Lenguajes de Programación,2026-1,68.0,3.9,88.3,2,17.0,15.2,11.7
E02092,Manuel Vega,Estructuras de Datos,2026-1,80.5,7.6,53.9,3,13.5,8.2,9.6
E02093,Rodrigo Herrera,Estructuras de Datos,2026-1,57.7,7.8,67.4,3,11.5,14.3,17.0
E02094,Isabela Espinoza,Redes de Computadoras,2025-2,86.5,1.7,30.2,3,9.6,3.6,7.0
E02095,Antonella Medina,Redes de Computadoras,2026-1,100,6.4,75.0,3,8.8,7.3,9.2
E02096,Adrián Paredes,Estructuras de Datos,2026-1,100,6.2,72.3,2,16.6,16.0,18.5
E02097,Diego Rodríguez,Estructuras de Datos,2025-2,62.7,10.9,74.0,2,12.9,14.2,14.7
E02098,Sofía Huamán,Lenguajes de Programación,2025-2,100,7.5,58.0,4,12.4,7.4,15.1
E02099,Fabián Rodríguez,Redes de Computadoras,2026-1,80.1,6.7,100,3,14.0,11.3,10.8
E02100,Luis Zapata,Matemática Discreta,2026-1,76.7,1.8,94.5,3,16.1,17.4,15.7
E02101,Antonella Medina,Matemática Discreta,2025-2,80.7,3.1,90.3,4,10.2,11.5,11.0
E02102,Franco Huamán,Base de Datos,2026-1,63.6,10.6,83.9,2,10.4,6.7,10.4
E02103,Valentina Cabrera,Estructuras de Datos,2025-2,87.5,7.4,67.3,2,10.4,14.8,13.4
E02104,Mateo Reyes,Redes de Computadoras,2026-1,59.4,2.0,72.4,2,19.6,12.5,18.2
E02105,Valentina Rivas,Base de Datos,2026-1,84.4,8.3,74.0,4,10.2,16.4,15.0
E02106,Joaquín Salazar,Redes de Computadoras,2026-1,77.0,4.1,47.7,1,12.1,10.4,15.2
E02107,Valentina Ortiz,Base de Datos,2026-1,76.7,0.3,83.1,3,12.0,12.0,10.5
E02108,Natalia Palomino,Redes de Computadoras,2025-2,72.8,3.8,52.7,5,10.4,14.2,14.1
E02109,Milagros Herrera,Matemática Discreta,2025-2,56.1,7.3,97.9,3,11.1,13.0,12.9
E02110,Rosa Rodríguez,Redes de Computadoras,2026-1,84.5,6.6,74.3,3,,20,10.9
E02111,Estefanía Vargas,Lenguajes de Programación,2026-1,61.4,9.4,79.9,1,14.8,20,20
E02112,Isabela Torres,Base de Datos,2025-2,44.7,0,76.4,1,12.3,9.5,9.1
E02113,Valentina Ramírez,Estructuras de Datos,2026-1,45.6,1.9,84.1,4,8.9,7.9,10.7
E02114,Ximena López,Matemática Discreta,2026-1,73.4,4.0,,5,11.4,10.8,9.5
E02115,Sofía Sánchez,Estructuras de Datos,2026-1,74.3,6.4,82.3,2,17.6,16.9,11.8
E02116,Valeria Flores,Redes de Computadoras,2026-1,74.6,4.5,77.2,3,15.7,16.4,16.6
E02117,Ana Sánchez,Lenguajes de Programación,2025-2,75.5,3.8,90.2,3,12.6,11.8,9.3
E02118,Lucía Cabrera,Base de Datos,2025-2,100,13.0,77.0,4,15.9,13.8,16.3
E02119,Lucía Delgado,Base de Datos,2026-1,100,9.8,80.0,3,15.4,10.6,10.4
E02120,Renata Chávez,Matemática Discreta,2025-2,83.7,2.2,68.6,4,12.3,11.5,12.8
E02121,Zoe Pérez,Matemática Discreta,2026-1,99.8,9.2,92.2,3,18.6,18.7,16.7
E02122,Valeria Salazar,Redes de Computadoras,2026-1,79.3,2.7,66.1,3,16.5,19.1,16.3
E02123,Adrián Alva,Matemática Discreta,2026-1,74.6,5.3,84.3,3,11.8,13.2,12.7
E02124,Nicolás Rojas,Redes de Computadoras,2026-1,54.5,12.0,62.9,4,13.4,16.4,11.8
E02125,Gabriela Rivas,Matemática Discreta,2025-2,77.3,4.5,58.6,3,15.8,13.1,12.7
E02126,Sebastián Rivas,Estructuras de Datos,2026-1,43.0,5.0,71.1,3,17.5,18.7,18.1
E02127,Zoe Salazar,Base de Datos,2025-2,26.9,8.0,65.2,3,8.5,6.2,2.2
E02128,Paula Rojas,Redes de Computadoras,2025-2,63.0,8.0,51.1,2,11.4,16.3,9.8
E02129,Mateo Reyes,Base de Datos,2025-2,78.4,3.5,79.1,3,6.7,10.7,12.3
E02130,Rosa Flores,Lenguajes de Programación,2026-1,73.8,5.8,87.5,1,12.8,13.5,17.6
E02131,Luis Salazar,Estructuras de Datos,2026-1,56.3,3.7,49.4,2,13.2,8.8,13.9
E02132,Emilio Rojas,Base de Datos,2026-1,55.1,5.2,74.8,1,13.5,13.7,8.6
E02133,Zoe Cárdenas,Redes de Computadoras,2025-2,37.5,6.3,52.4,4,9.7,13.8,13.4
E02134,Martina Aguilar,Estructuras de Datos,2025-2,76.8,5.5,89.4,4,11.1,,12.0
E02135,Mateo Vargas,Matemática Discreta,2025-2,82.4,3.9,78.5,3,17.1,18.0,14.2
E02136,Valeria Ponce,Lenguajes de Programación,2026-1,48.2,10.4,78.8,2,12.6,16.2,19.2
E02137,Joaquín Salazar,Lenguajes de Programación,2025-2,76.1,7.8,83.5,3,9.5,7.5,17.0
E02138,Ximena Paredes,Matemática Discreta,2025-2,87.7,12.8,76.9,3,20,18.0,20
E02139,Fabián Reyes,Lenguajes de Programación,2026-1,62.7,3.9,94.0,4,20,20,19.2
E02140,Paula Aguilar,Lenguajes de Programación,2025-2,62.7,9.2,80.7,1,11.3,13.2,14.4
E02141,Alejandra Rojas,Lenguajes de Programación,2026-1,100,3.7,43.7,2,20,20,19.3
E02142,Diego Chávez,Estructuras de Datos,2026-1,62.4,6.9,84.8,5,16.2,19.1,16.9
E02143,Rosa Palomino,Redes de Computadoras,2025-2,88.6,9.1,78.6,2,16.8,12.5,15.2
E02144,Natalia Sánchez,Matemática Discreta,2026-1,87.3,10.5,60.8,2,20,16.9,11.2
E02145,Manuel Rivas,Redes de Computadoras,2026-1,87.5,7.0,98.2,2,8.8,8.6,6.6
E02146,Alonso López,Base de Datos,2025-2,76.1,0,75.2,2,18.4,20,20
E02147,Adrián Chávez,Matemática Discreta,2025-2,76.7,2.5,54.6,2,6.8,5.4,9.5
E02148,Rosa Ponce,Redes de Computadoras,2026-1,66.5,3.8,58.3,4,10.1,9.4,9.5
E02149,Bruno Reyes,Matemática Discreta,2026-1,68.7,9.0,81.9,5,9.0,10.4,6.7
E02150,Sebastián Paredes,Base de Datos,2025-2,57.9,3.6,73.7,2,10.4,8.0,6.8
E02151,Ricardo Ortiz,Matemática Discreta,2026-1,76.6,0,100,2,9.2,6.6,10.1
E02152,Carlos Delgado,Estructuras de Datos,2025-2,79.8,0,50.4,3,8.5,12.2,13.3
E02153,Alonso Delgado,Matemática Discreta,2026-1,79.7,6.8,62.3,2,13.6,11.7,10.0
E02154,Alejandra López,Lenguajes de Programación,2025-2,90.6,5.9,90.0,5,16.8,17.4,19.0
E02155,Mateo Paredes,Lenguajes de Programación,2025-2,56.6,8.7,97.0,4,11.9,11.4,8.4
E02156,Franco Rojas,Estructuras de Datos,2026-1,58.3,7.4,51.8,3,4.7,8.5,6.5
E02157,Emilio Ramírez,Lenguajes de Programación,2025-2,68.1,4.6,87.5,2,7.8,6.5,6.2
E02158,Manuel Vargas,Estructuras de Datos,2025-2,61.6,0.0,55.7,2,15.9,14.3,17.4
E02159,Diego Delgado,Matemática Discreta,2025-2,35.5,10.3,93.0,1,12.5,15.9,13.9
E02160,Milagros Espinoza,Estructuras de Datos,2026-1,31.8,3.4,48.2,2,15.4,13.0,14.4
E02161,Gabriela Vargas,Base de Datos,2025-2,100,6.3,53.2,3,17.5,20,14.4
E02162,Adrián Vega,Redes de Computadoras,2025-2,92.5,4.3,79.4,4,13.6,10.4,6.4
E02163,Jorge Huamán,Estructuras de Datos,2025-2,80.6,5.6,52.7,3,14.0,11.0,12.6
E02164,Ximena Huamán,Lenguajes de Programación,2025-2,100,6.4,71.0,2,16.3,20,20
E02165,Camila Paredes,Redes de Computadoras,2025-2,79.6,8.0,74.4,1,16.4,17.8,18.9
E02166,Milagros Espinoza,Base de Datos,2026-1,81.9,3.9,92.6,5,14.0,15.4,11.1
E02167,Martina Rivas,Estructuras de Datos,2026-1,64.3,2.3,89.7,3,15.8,14.2,13.0
E02168,Fernanda Salazar,Matemática Discreta,2025-2,59.4,8.2,62.9,2,17.1,13.5,12.0
E02169,Fernanda Vega,Matemática Discreta,2026-1,66.6,7.3,99.9,3,13.2,8.8,18.7
E02170,Gabriela Espinoza,Estructuras de Datos,2026-1,85.6,7.0,72.1,3,9.3,12.6,13.3
E02171,Diego Ortiz,Estructuras de Datos,2026-1,49.9,5.2,100,4,9.7,10.4,9.1
E02172,Paula Aguilar,Lenguajes de Programación,2025-2,78.8,10.6,39.8,3,10.7,15.2,11.3
E02173,Julio López,Lenguajes de Programación,2025-2,90.3,0,69.8,3,19.9,20,20
E02174,Vicente Gutiérrez,Redes de Computadoras,2025-2,40.1,6.2,51.9,2,8.8,9.6,12.5
E02175,Rosa Delgado,Estructuras de Datos,2026-1,81.7,5.8,56.3,5,5.2,2.5,3.8
E02176,Ana Soto,Estructuras de Datos,2025-2,92.0,3.1,88.2,4,13.9,18.8,19.0
E02177,Zoe Gutiérrez,Lenguajes de Programación,2025-2,62.2,10.1,83.7,3,15.6,13.2,13.4
E02178,Sebastián Paredes,Matemática Discreta,2025-2,64.2,8.9,40.4,3,14.2,14.5,14.0
E02179,Luis Vargas,Estructuras de Datos,2026-1,96.1,0,84.4,3,18.7,17.6,13.5
E02180,Rodrigo Soto,Lenguajes de Programación,2026-1,35.6,0,94.4,2,20,20,15.4
E02181,Martina Cabrera,Matemática Discreta,2025-2,88.5,10.4,88.5,3,11.6,5.3,8.4
E02182,Daniela Huamán,Base de Datos,2026-1,,9.5,82.0,1,15.1,12.7,15.7
E02183,Manuel Vargas,Base de Datos,2026-1,72.6,4.4,53.7,4,17.3,14.2,15.2
E02184,Natalia Cabrera,Base de Datos,2025-2,43.3,13.3,84.8,1,12.0,13.6,9.4
E02185,Gabriela Castillo,Estructuras de Datos,2025-2,70.2,5.3,92.6,3,17.3,12.5,18.9
E02186,Antonella Delgado,Redes de Computadoras,2026-1,58.7,10.0,100,4,11.7,8.5,18.0
E02187,Sebastián Aguilar,Redes de Computadoras,2026-1,63.9,2.6,67.4,1,13.2,5.2,15.9
E02188,Ana García,Estructuras de Datos,2025-2,83.9,8.5,71.8,2,11.2,9.3,11.6
E02189,Renata Rojas,Estructuras de Datos,2026-1,44.4,9.0,63.1,3,17.2,14.3,16.1
E02190,Emilia Rojas,Estructuras de Datos,2026-1,94.5,8.3,65.5,3,0.9,6.8,5.3
E02191,Ximena Soto,Matemática Discreta,2025-2,64.1,3.5,92.1,4,14.8,12.5,9.9
E02192,Alejandra Espinoza,Lenguajes de Programación,2026-1,36.1,8.2,67.5,3,9.1,15.6,11.7
E02193,Ana Ponce,Matemática Discreta,2025-2,53.3,0.1,89.6,4,11.8,,11.4
E02194,Andrés Gutiérrez,Lenguajes de Programación,2026-1,77.8,3.8,57.2,1,11.4,13.5,6.7
E02195,Milagros Herrera,Base de Datos,2025-2,66.7,8.2,72.5,3,13.3,9.1,14.6
E02196,Vicente Mamani,Estructuras de Datos,2026-1,62.6,7.8,63.0,4,7.7,10.0,15.2
E02197,Camila Alva,Estructuras de Datos,2025-2,50.0,0.9,93.2,2,16.3,16.1,11.7
E02198,Bruno Quispe,Base de Datos,2026-1,96.8,1.9,74.1,2,11.1,14.5,14.5
E02199,Zoe Torres,Lenguajes de Programación,2026-1,47.2,2.2,100,2,9.3,15.9,15.8
E02200,Jorge Torres,Lenguajes de Programación,2026-1,44.5,2.4,57.5,1,7.7,7.4,10.9
E02201,Rosa Vega,Matemática Discreta,2025-2,66.5,11.3,64.1,3,19.1,14.5,15.3
E02202,Valeria Rodríguez,Matemática Discreta,2025-2,43.5,9.2,82.4,2,11.1,16.7,17.6
E02203,Paula Cabrera,Matemática Discreta,2025-2,56.9,8.4,55.1,3,11.4,11.7,11.5
E02204,María Mendoza,Estructuras de Datos,2026-1,82.1,3.9,60.7,2,7.2,7.6,15.6
E02205,Iván Aguilar,Estructuras de Datos,2025-2,45.2,6.4,64.3,4,12.7,16.1,18.4
E02206,Iván García,Estructuras de Datos,2025-2,80.7,9.2,70.0,4,8.8,7.7,2.4
E02207,Gabriela Delgado,Base de Datos,2025-2,53.7,8.3,99.3,3,13.6,19.1,20
E02208,Valentina Flores,Matemática Discreta,2026-1,43.3,9.8,55.9,3,16.1,14.8,10.3
E02209,Rosa Chávez,Estructuras de Datos,2025-2,75.7,9.6,79.6,2,9.5,8.1,10.9
E02210,Vicente Palomino,Matemática Discreta,2025-2,77.5,2.9,,4,11.1,15.0,13.6
E02211,Martina Herrera,Base de Datos,2025-2,63.2,10.2,78.5,3,15.4,18.9,18.6
E02212,Camila Cárdenas,Lenguajes de Programación,2025-2,58.2,4.2,75.8,3,14.2,12.2,14.1
E02213,Fabián Ortiz,Lenguajes de Programación,2026-1,74.9,13.1,74.1,3,11.7,14.3,13.3
E02214,Milagros Medina,Redes de Computadoras,2026-1,65.8,7.5,76.1,2,7.3,6.5,11.1
E02215,Emilio López,Base de Datos,2026-1,51.2,2.0,66.2,3,7.0,3.0,8.3
E02216,Joaquín Flores,Redes de Computadoras,2026-1,100,7.9,44.9,3,11.6,9.6,11.0
E02217,Fabián Mamani,Lenguajes de Programación,2025-2,65.3,5.6,99.4,4,7.1,11.4,10.9
E02218,Isabela Flores,Redes de Computadoras,2026-1,72.5,0,67.6,2,11.2,13.9,10.9
E02219,Alejandra Paredes,Matemática Discreta,2026-1,76.4,0.2,54.4,5,18.3,17.6,18.6
E02220,Emilia Mendoza,Matemática Discreta,2026-1,91.4,8.3,100,1,18.1,16.3,16.5
E02221,Jorge Flores,Lenguajes de Programación,2026-1,69.5,15.2,90.8,5,8.5,6.7,10.1
E02222,Mateo Huamán,Lenguajes de Programación,2025-2,36.0,4.5,76.3,1,12.9,15.1,14.0
E02223,Andrés Cárdenas,Matemática Discreta,2026-1,97.7,11.1,35.6,5,,13.0,10.8
E02224,Valeria Aguilar,Estructuras de Datos,2025-2,71.4,12.5,60.2,4,9.3,8.2,8.8
E02225,Adrián Reyes,Lenguajes de Programación,2026-1,28.3,4.2,95.8,4,16.7,15.0,17.5
E02226,Sofía Flores,Base de Datos,2026-1,31.6,10.9,67.4,3,17.7,12.7,15.8
E02227,Ricardo Cabrera,Base de Datos,2026-1,82.8,10.5,70.1,4,18.8,17.0,20
E02228,Nicolás Aguilar,Redes de Computadoras,2026-1,88.5,0,58.4,2,12.6,15.0,12.8
E02229,Bruno Alva,Base de Datos,2025-2,65.2,7.1,84.2,4,17.1,18.7,16.1
E02230,Valeria Vargas,Lenguajes de Programación,2025-2,69.6,1.5,78.7,2,4.9,8.0,3.0
E02231,Gabriela Ortiz,Redes de Computadoras,2026-1,70.0,6.3,78.0,3,8.1,6.0,4.9
E02232,Mateo Espinoza,Base de Datos,2025-2,,8.9,70.7,3,12.8,18.8,17.3
E02233,Franco Rodríguez,Estructuras de Datos,2026-1,88.7,6.0,90.4,3,15.8,13.2,12.2
E02234,Camila Torres,Base de Datos,2026-1,87.5,6.9,72.9,2,6.8,13.4,7.1
E02235,Fernanda Palomino,Lenguajes de Programación,2025-2,49.6,4.4,84.6,2,13.8,19.7,13.0
E02236,Martina Huamán,Estructuras de Datos,2025-2,72.5,8.9,64.0,4,12.7,8.5,7.5
E02237,Lucía Quispe,Redes de Computadoras,2025-2,41.3,3.5,53.5,2,10.9,10.6,9.6
E02238,Rosa Vega,Estructuras de Datos,2026-1,84.5,5.3,99.6,3,15.3,16.0,16.2
E02239,Mateo Rojas,Lenguajes de Programación,2026-1,51.4,8.3,82.1,4,10.1,15.4,14.4
E02240,Nicolás Delgado,Redes de Computadoras,2025-2,68.1,7.6,81.8,4,20,18.6,19.3
E02241,Mateo Mamani,Base de Datos,2026-1,51.8,0.4,84.2,1,13.4,12.9,13.7
E02242,Sofía Cárdenas,Matemática Discreta,2025-2,56.8,5.4,67.6,3,10.6,8.0,7.1
E02243,Camila Cruz,Matemática Discreta,2025-2,64.4,7.1,80.2,4,16.5,20,18.4
E02244,Andrés Reyes,Redes de Computadoras,2026-1,47.0,5.8,97.7,1,8.1,16.5,10.2
E02245,Isabela Ortiz,Lenguajes de Programación,2026-1,74.8,11.8,74.0,3,16.1,12.4,15.6
E02246,Rodrigo Sánchez,Redes de Computadoras,2026-1,69.9,7.6,61.9,3,10.7,6.1,14.4
E02247,Jorge Rodríguez,Redes de Computadoras,2025-2,46.4,8.9,58.0,2,16.7,16.3,14.1
E02248,Zoe López,Estructuras de Datos,2025-2,77.9,5.1,62.8,5,9.8,11.4,12.9
E02249,Renata Ramírez,Lenguajes de Programación,2025-2,99.2,10.4,28.7,2,6.7,3.2,10.9
E02250,María Alva,Lenguajes de Programación,2025-2,52.7,5.9,61.5,4,10.8,8.5,5.5
E02251,Natalia Gutiérrez,Redes de Computadoras,2026-1,55.1,7.4,95.4,5,2.8,11.2,14.8
E02252,Valentina Salazar,Estructuras de Datos,2026-1,92.7,10.3,57.8,3,9.3,14.9,6.1
E02253,Ricardo Pérez,Lenguajes de Programación,2025-2,76.0,10.4,100,2,14.1,14.1,11.8
E02254,Valentina Cruz,Redes de Computadoras,2026-1,45.8,1.3,73.5,3,11.4,13.6,9.3
E02255,Isabela Castillo,Matemática Discreta,2025-2,63.4,6.8,37.1,3,,11.4,14.2
E02256,Julio Palomino,Matemática Discreta,2026-1,92.3,2.1,86.7,2,11.6,19.0,16.3
E02257,Valeria Pérez,Redes de Computadoras,2026-1,92.4,11.7,100,4,2.6,6.7,5.2
E02258,Carlos Vargas,Estructuras de Datos,2026-1,81.5,4.0,65.4,3,16.9,13.9,11.2
E02259,Valentina Delgado,Estructuras de Datos,2026-1,64.8,9.3,78.3,5,20,18.8,19.4
E02260,Valentina Cruz,Lenguajes de Programación,2025-2,93.0,9.6,80.4,5,17.0,12.0,15.0
E02261,Bruno Cárdenas,Lenguajes de Programación,2026-1,80.5,4.0,42.1,2,12.7,12.8,13.3
E02262,Sebastián Rivas,Lenguajes de Programación,2026-1,71.6,11.3,52.3,1,,4.9,8.9
E02263,Gabriela Ramírez,Estructuras de Datos,2025-2,60.1,6.9,74.0,2,15.7,19.8,19.5
E02264,Jorge Flores,Matemática Discreta,2025-2,46.2,1.1,48.2,4,17.8,17.5,16.9
E02265,Valeria Ponce,Estructuras de Datos,2026-1,57.5,8.3,52.7,3,,3.8,8.6
E02266,Bruno Sánchez,Lenguajes de Programación,2025-2,81.1,5.0,62.1,4,16.2,18.1,20
E02267,Bruno Sánchez,Redes de Computadoras,2025-2,84.1,2.5,67.9,2,3.7,6.9,5.6
E02268,Andrés Espinoza,Matemática Discreta,2026-1,51.7,5.9,100,4,7.9,9.5,7.6
E02269,Emilia Reyes,Matemática Discreta,2025-2,67.2,4.1,87.4,2,14.9,18.1,15.3
E02270,Nicolás Mamani,Redes de Computadoras,2025-2,97.3,9.1,58.0,4,5.8,9.3,0.9
E02271,Gabriela Mendoza,Estructuras de Datos,2025-2,64.7,8.6,70.5,3,15.4,12.3,17.2
E02272,Sebastián Sánchez,Base de Datos,2025-2,65.9,5.3,82.1,2,19.3,11.7,18.2
E02273,Bruno Cárdenas,Redes de Computadoras,2025-2,,4.6,60.3,2,20,12.4,19.1
E02274,Luis Paredes,Base de Datos,2026-1,72.8,10.1,66.1,1,16.6,14.7,12.1
E02275,Martina Cabrera,Estructuras de Datos,2025-2,77.6,5.6,63.4,1,15.2,16.5,10.1
E02276,Alonso Medina,Redes de Computadoras,2025-2,75.2,5.3,82.0,3,10.0,6.3,9.6
E02277,Alonso Chávez,Lenguajes de Programación,2025-2,84.0,5.9,100,1,12.0,12.0,8.3
E02278,Sofía Ortiz,Redes de Computadoras,2026-1,81.8,3.4,75.4,3,20,20,19.8
E02279,Luis Rojas,Matemática Discreta,2026-1,61.1,1.2,78.9,4,13.6,14.8,13.4
E02280,Fabián Huamán,Base de Datos,2026-1,64.9,4.1,78.7,3,7.3,10.8,11.5
E02281,Sofía Aguilar,Matemática Discreta,2026-1,54.8,7.6,69.6,2,6.2,4.2,7.5
E02282,Gabriela Huamán,Lenguajes de Programación,2025-2,92.9,0,64.8,4,13.6,11.7,12.5
E02283,Nicolás Vargas,Redes de Computadoras,2026-1,70.6,5.3,82.8,4,13.8,18.7,13.7
E02284,Sebastián Chávez,Lenguajes de Programación,2025-2,78.1,4.0,64.8,4,16.5,13.4,16.1
E02285,Iván Ortiz,Lenguajes de Programación,2025-2,36.2,9.3,99.2,3,13.2,14.0,14.0
E02286,Ana Medina,Lenguajes de Programación,2025-2,78.2,8.1,72.4,3,17.3,17.3,16.4
E02287,Iván Rodríguez,Redes de Computadoras,2026-1,77.6,1.6,97.2,3,15.2,17.0,9.8
E02288,Ricardo Rojas,Estructuras de Datos,2026-1,96.8,6.2,41.1,3,11.3,11.3,11.4
E02289,Vicente Torres,Lenguajes de Programación,2025-2,71.5,3.5,84.4,1,9.1,11.6,8.8
E02290,Fabián Pérez,Base de Datos,2026-1,70.7,10.5,49.3,3,17.4,14.7,18.1
E02291,Zoe Ramírez,Redes de Computadoras,2026-1,91.0,6.9,82.6,3,11.4,12.6,13.5
E02292,Mateo Zapata,Redes de Computadoras,2025-2,92.0,6.4,93.0,1,12.0,9.6,12.2
E02293,Camila Ramírez,Base de Datos,2026-1,45.8,9.9,50.8,4,20,16.0,17.7
E02294,Valentina Soto,Base de Datos,2025-2,36.2,6.9,97.1,4,19.0,20,20
E02295,Ximena Alva,Lenguajes de Programación,2026-1,92.4,9.5,97.6,3,10.3,12.4,8.4
E02296,Milagros Gutiérrez,Base de Datos,2026-1,58.1,2.0,90.0,3,14.4,15.1,13.6
E02297,Tomás Chávez,Matemática Discreta,2026-1,70.5,4.6,76.0,4,17.2,13.3,11.8
E02298,Ana Cruz,Lenguajes de Programación,2025-2,76.4,7.5,88.5,2,1.1,5.7,6.6
E02299,Gabriela Delgado,Estructuras de Datos,2025-2,97.5,0,100,2,10.8,9.8,16.9
E02300,Diego Paredes,Redes de Computadoras,2025-2,63.6,8.0,73.7,5,6.7,4.5,1.9
E02301,Emilio Vargas,Lenguajes de Programación,2026-1,81.5,3.3,89.9,2,12.0,18.6,15.0
E02302,Vicente Delgado,Redes de Computadoras,2026-1,64.0,7.2,60.3,2,15.1,16.3,19.5
E02303,Emilio Zapata,Redes de Computadoras,2025-2,78.6,7.2,57.0,1,13.3,11.7,6.4
E02304,Vicente Sánchez,Base de Datos,2026-1,57.4,2.4,60.4,5,13.1,20,17.6
E02305,Ricardo Aguilar,Estructuras de Datos,2025-2,69.1,8.0,59.6,5,11.8,10.6,14.8
E02306,Lucía Sánchez,Redes de Computadoras,2025-2,91.0,5.3,100,1,20,20,20
E02307,Nicolás Pérez,Redes de Computadoras,2025-2,54.5,7.2,76.8,3,13.0,13.3,13.1
E02308,Gabriela Zapata,Base de Datos,2026-1,65.4,6.2,95.4,2,14.0,17.5,16.4
E02309,Emilia Cárdenas,Lenguajes de Programación,2026-1,77.7,5.8,72.6,3,11.8,9.5,9.0
E02310,Miguel Pérez,Estructuras de Datos,2026-1,73.4,4.7,40.1,3,13.1,12.5,12.7
E02311,Renata Mendoza,Estructuras de Datos,2025-2,61.6,4.2,68.0,3,10.2,9.5,9.2
E02312,Valeria García,Matemática Discreta,2025-2,83.6,2.9,77.9,2,6.3,6.3,4.2
E02313,Sofía Cárdenas,Matemática Discreta,2026-1,71.5,4.9,66.6,2,14.0,17.5,15.3
E02314,Ricardo Chávez,Lenguajes de Programación,2026-1,68.5,13.6,79.4,4,12.2,11.0,12.2
E02315,Julio Reyes,Redes de Computadoras,2026-1,55.2,6.5,88.9,4,17.9,17.7,20
E02316,Alejandra Cruz,Estructuras de Datos,2025-2,65.9,10.8,68.6,2,8.7,11.4,12.1
E02317,Adrián Rodríguez,Lenguajes de Programación,2026-1,67.0,7.7,61.8,2,10.9,11.2,13.6
E02318,Julio Medina,Redes de Computadoras,2025-2,98.2,8.8,84.6,3,10.1,11.7,10.8
E02319,Renata Espinoza,Base de Datos,2025-2,77.3,6.5,97.8,3,8.7,8.0,7.3
E02320,María Salazar,Matemática Discreta,2025-2,59.1,2.9,65.9,4,13.8,15.7,10.3
E02321,Bruno Rodríguez,Estructuras de Datos,2025-2,54.4,0,99.9,3,9.5,14.3,9.1
E02322,Natalia Rojas,Redes de Computadoras,2025-2,58.0,7.0,72.9,3,19.1,20,17.5
E02323,Franco Castillo,Base de Datos,2025-2,54.1,4.2,66.9,5,8.8,5.9,12.4
E02324,Rosa Rivas,Redes de Computadoras,2025-2,73.0,3.8,75.0,4,12.1,14.7,9.6
E02325,Miguel Palomino,Estructuras de Datos,2026-1,88.8,6.6,71.1,2,8.8,9.0,9.6
E02326,Paula Medina,Matemática Discreta,2026-1,24.3,4.8,66.6,3,20,17.8,16.6
E02327,Antonella Rodríguez,Estructuras de Datos,2026-1,100,9.0,90.1,3,19.8,20,17.6
E02328,Miguel Rivas,Redes de Computadoras,2025-2,70.4,2.1,48.6,2,17.7,13.5,13.3
E02329,Joaquín Palomino,Estructuras de Datos,2026-1,77.8,9.9,86.3,4,16.0,9.6,11.4
E02330,Franco Alva,Redes de Computadoras,2026-1,85.1,6.8,84.3,2,11.3,13.7,15.9
E02331,Estefanía Cárdenas,Estructuras de Datos,2025-2,71.1,5.0,46.5,1,10.6,11.0,12.5
E02332,Bruno Chávez,Redes de Computadoras,2025-2,64.1,1.2,56.6,3,18.9,13.8,14.1
E02333,Tomás López,Estructuras de Datos,2026-1,91.0,1.9,80.2,3,6.2,10.0,8.0
E02334,Ana Sánchez,Base de Datos,2026-1,89.3,9.8,95.2,5,8.9,10.6,10.8
E02335,Andrés Reyes,Matemática Discreta,2025-2,91.5,0,68.5,5,18.4,15.0,19.5
E02336,Manuel Huamán,Base de Datos,2025-2,,4.5,72.6,2,16.7,16.6,17.3
E02337,Mateo Medina,Base de Datos,2026-1,68.2,6.0,90.6,4,13.0,15.2,12.6
E02338,Tomás Chávez,Lenguajes de Programación,2025-2,76.0,9.4,79.2,2,20,20,17.5
E02339,Ana Delgado,Estructuras de Datos,2025-2,73.3,2.5,100,3,10.6,12.5,10.5
E02340,Zoe Huamán,Base de Datos,2026-1,71.4,11.4,40.2,3,17.1,,16.0
E02341,Ricardo Vega,Base de Datos,2025-2,73.3,7.6,77.8,4,4.1,11.6,9.4
E02342,Daniela Medina,Matemática Discreta,2025-2,73.4,5.7,67.9,5,10.6,12.3,10.2
E02343,Zoe Delgado,Base de Datos,2026-1,73.4,4.7,93.1,2,15.5,17.1,18.7
E02344,Gabriela Chávez,Redes de Computadoras,2025-2,71.8,5.1,58.1,2,11.0,8.7,10.4
E02345,Valeria Flores,Estructuras de Datos,2025-2,65.7,10.4,61.2,1,10.7,18.2,13.0
E02346,Isabela Castillo,Base de Datos,2025-2,85.5,2.5,98.9,3,8.1,15.3,14.6
E02347,Emilia Vargas,Redes de Computadoras,2025-2,82.1,9.9,71.9,4,20,18.3,18.5
E02348,Martina Torres,Base de Datos,2025-2,40.6,0.7,61.4,3,5.8,7.8,2.5
E02349,Sebastián Ponce,Lenguajes de Programación,2025-2,54.0,5.0,35.1,2,13.8,12.8,10.2
E02350,Alonso Aguilar,Matemática Discreta,2026-1,59.5,2.4,100,4,,10.7,15.1
E02351,Emilio Zapata,Estructuras de Datos,2026-1,77.6,4.4,75.0,4,15.4,11.3,17.6
E02352,Milagros Flores,Base de Datos,2026-1,95.9,8.3,100,3,13.0,13.0,15.8
E02353,Rodrigo Espinoza,Base de Datos,2026-1,86.9,2.1,93.3,3,9.0,11.4,15.5
E02354,Rodrigo Torres,Lenguajes de Programación,2025-2,97.1,4.0,100,4,13.5,12.9,15.9
E02355,Fernanda Rivas,Lenguajes de Programación,2026-1,55.0,9.4,79.4,3,14.7,16.1,12.3
E02356,Rodrigo Herrera,Matemática Discreta,2026-1,69.0,9.4,73.3,4,,18.2,16.5
E02357,Valentina Vargas,Matemática Discreta,2025-2,79.7,10.9,86.4,2,7.4,8.6,4.7
E02358,Miguel Ramírez,Redes de Computadoras,2026-1,45.4,5.4,55.0,4,11.5,14.8,15.4
E02359,Nicolás Salazar,Base de Datos,2026-1,79.7,1.8,86.2,3,18.2,13.1,11.1
E02360,Fabián Quispe,Matemática Discreta,2026-1,55.8,5.3,77.6,2,12.9,13.9,12.3
E02361,Antonella Aguilar,Lenguajes de Programación,2026-1,50.7,8.2,90.8,2,17.8,15.1,20
E02362,Andrés Medina,Redes de Computadoras,2025-2,94.1,5.6,93.8,4,16.5,14.0,12.1
E02363,Nicolás Gutiérrez,Matemática Discreta,2026-1,61.3,3.7,58.0,4,10.2,10.1,7.3
E02364,Ricardo Rojas,Matemática Discreta,2025-2,49.4,6.7,82.1,3,4.2,7.9,7.3
E02365,Miguel Ponce,Base de Datos,2026-1,78.6,7.2,93.5,1,5.4,5.4,7.8
E02366,Fernanda Rodríguez,Base de Datos,2026-1,83.7,0,100,4,14.8,8.5,15.7
E02367,Manuel Mendoza,Base de Datos,2025-2,77.8,7.7,78.2,3,14.0,18.1,16.1
E02368,Estefanía Rojas,Redes de Computadoras,2026-1,68.2,6.0,76.3,3,13.2,14.6,13.0
E02369,Martina Vega,Matemática Discreta,2025-2,96.6,6.0,46.9,4,4.9,12.3,7.8
E02370,Daniela Castillo,Matemática Discreta,2025-2,54.2,5.6,61.1,4,14.2,14.3,15.4
E02371,Miguel Ortiz,Redes de Computadoras,2025-2,57.2,7.8,91.9,5,13.1,11.6,9.5
E02372,Emilio Salazar,Base de Datos,2026-1,65.4,11.3,53.0,4,10.0,12.1,12.0
E02373,Milagros Soto,Matemática Discreta,2026-1,94.4,3.8,79.9,3,11.8,12.1,14.8
E02374,Bruno Vega,Lenguajes de Programación,2026-1,43.2,5.3,54.7,5,14.0,11.2,10.1
E02375,Emilia Quispe,Matemática Discreta,2026-1,44.7,8.8,71.5,1,20,18.6,17.9
E02376,Valentina Chávez,Base de Datos,2026-1,96.6,4.9,53.5,5,12.7,12.1,12.8
E02377,Renata Palomino,Base de Datos,2025-2,47.2,5.6,63.8,4,15.2,16.9,17.0
E02378,Iván Espinoza,Matemática Discreta,2026-1,74.5,1.9,60.6,5,14.1,15.7,17.9
E02379,Valentina Mamani,Estructuras de Datos,2026-1,45.3,4.6,85.6,2,20,17.7,19.9
E02380,Miguel Zapata,Base de Datos,2026-1,33.3,9.9,59.0,3,9.9,13.2,11.8
E02381,Miguel Rodríguez,Estructuras de Datos,2026-1,56.7,6.7,67.7,4,7.2,7.6,9.1
E02382,Luis Chávez,Matemática Discreta,2025-2,22.3,5.4,39.7,1,17.7,11.6,20
E02383,Ana Mamani,Estructuras de Datos,2026-1,100,7.2,63.7,3,20,19.2,20
E02384,Mateo Soto,Matemática Discreta,2025-2,70.7,0.8,62.5,2,14.7,9.9,14.4
E02385,Zoe Vargas,Base de Datos,2025-2,76.5,6.5,73.0,3,4.9,7.7,8.6
E02386,Mateo Sánchez,Lenguajes de Programación,2025-2,52.7,0,94.0,4,14.7,10.8,10.5
E02387,Iván Salazar,Redes de Computadoras,2026-1,68.2,3.4,77.9,2,9.0,11.4,10.2
E02388,Bruno Palomino,Base de Datos,2025-2,54.5,8.6,100,3,6.9,10.5,9.1
E02389,Gabriela Rojas,Base de Datos,2026-1,55.9,7.0,79.5,5,13.2,20,10.4
E02390,Fabián Mamani,Redes de Computadoras,2025-2,79.9,5.4,75.0,2,10.2,5.5,13.2
E02391,Vicente Palomino,Base de Datos,2026-1,78.6,14.1,97.3,3,16.5,14.0,14.2
E02392,Joaquín Mamani,Lenguajes de Programación,2025-2,47.0,8.0,78.1,3,12.0,15.1,12.7
E02393,Zoe Cruz,Estructuras de Datos,2025-2,28.0,6.3,86.7,4,11.3,11.7,9.0
E02394,Renata Rodríguez,Estructuras de Datos,2025-2,83.8,7.9,,5,8.3,12.6,10.3
E02395,Rodrigo Flores,Redes de Computadoras,2026-1,83.6,8.7,84.8,2,11.4,13.3,15.2
E02396,Carlos Mamani,Redes de Computadoras,2025-2,70.2,5.8,50.9,2,16.2,11.7,14.8
E02397,Milagros López,Matemática Discreta,2026-1,70.3,0,80.2,2,13.0,16.0,16.5
E02398,Emilia Rodríguez,Lenguajes de Programación,2026-1,82.0,6.8,67.8,3,13.3,10.1,10.1
E02399,Paula Delgado,Lenguajes de Programación,2025-2,37.5,0,72.0,4,18.0,16.7,20
E02400,Gabriela Herrera,Estructuras de Datos,2025-2,82.2,0,71.5,2,15.0,10.4,9.8
E02401,Natalia Gutiérrez,Matemática Discreta,2025-2,90.2,5.0,61.6,3,13.2,16.4,18.5
E02402,Camila Quispe,Estructuras de Datos,2026-1,85.7,1.5,64.1,2,11.5,10.3,9.9
E02403,Julio Soto,Estructuras de Datos,2025-2,87.7,6.5,87.8,5,15.7,18.5,14.3
E02404,Fabián Torres,Lenguajes de Programación,2025-2,80.9,8.8,100,4,12.2,9.1,13.8
E02405,Tomás Ramírez,Estructuras de Datos,2026-1,49.8,4.9,65.9,3,12.0,15.3,17.1
E02406,Emilia Huamán,Redes de Computadoras,2026-1,82.0,10.6,45.7,5,7.5,10.6,2.7
E02407,Diego Torres,Matemática Discreta,2025-2,60.4,6.5,83.1,4,13.4,9.8,11.0
E02408,Natalia Gutiérrez,Matemática Discreta,2026-1,100,11.6,74.0,4,14.5,13.2,19.3
E02409,Andrés Quispe,Estructuras de Datos,2025-2,76.5,5.6,82.2,4,18.9,18.5,19.8
E02410,Sebastián Herrera,Redes de Computadoras,2025-2,76.7,4.6,100,1,10.3,7.2,11.8
E02411,Valentina Espinoza,Lenguajes de Programación,2026-1,46.6,4.5,86.8,2,13.1,14.7,14.4
E02412,Zoe Castillo,Lenguajes de Programación,2026-1,81.2,4.8,58.3,2,15.2,13.5,17.2
E02413,Andrés Herrera,Redes de Computadoras,2025-2,74.5,4.3,51.5,4,18.9,14.5,18.6
E02414,Emilio Delgado,Matemática Discreta,2026-1,95.1,4.1,75.2,5,15.0,12.4,9.1
E02415,Ximena Herrera,Base de Datos,2026-1,77.1,3.7,64.1,3,16.0,15.4,10.8
E02416,Rodrigo Flores,Estructuras de Datos,2025-2,100,0.9,89.9,2,11.1,12.8,14.6
E02417,Milagros Mendoza,Base de Datos,2026-1,67.2,12.7,83.9,4,9.4,12.2,5.8
E02418,Camila Zapata,Redes de Computadoras,2025-2,73.1,1.3,69.2,5,10.5,9.9,9.8
E02419,Miguel Delgado,Matemática Discreta,2025-2,100,7.6,79.8,2,13.4,16.0,11.6
E02420,Franco García,Lenguajes de Programación,2026-1,78.1,15.0,78.4,3,16.3,17.0,18.4
E02421,Rosa Mendoza,Matemática Discreta,2025-2,63.4,7.0,80.9,3,10.3,10.4,7.7
E02422,Lucía Flores,Estructuras de Datos,2025-2,88.4,4.3,50.3,3,8.5,7.7,8.1
E02423,Andrés Gutiérrez,Base de Datos,2026-1,58.4,8.6,67.3,5,19.7,13.8,12.2
E02424,Miguel Quispe,Lenguajes de Programación,2025-2,60.0,1.1,42.9,4,18.9,12.7,9.2
E02425,Nicolás Mamani,Matemática Discreta,2025-2,71.4,4.2,68.0,4,14.8,8.1,11.0
E02426,Fabián Sánchez,Redes de Computadoras,2026-1,58.5,5.6,71.2,3,13.5,15.2,16.4
E02427,Ana Rivas,Base de Datos,2025-2,92.4,3.5,80.2,3,14.8,17.7,14.8
E02428,Alejandra Vargas,Matemática Discreta,2026-1,66.3,4.5,39.7,3,17.1,13.4,9.9
E02429,Nicolás Mamani,Matemática Discreta,2026-1,44.0,11.3,100,3,12.9,11.0,9.5
E02430,Adrián Ramírez,Matemática Discreta,2026-1,57.4,5.3,75.6,3,16.0,10.0,13.6
E02431,Luis Palomino,Matemática Discreta,2025-2,81.9,6.6,57.1,2,12.4,9.0,10.5
E02432,Estefanía López,Lenguajes de Programación,2026-1,32.8,9.0,82.8,4,13.6,11.8,12.3
E02433,Ana Cabrera,Lenguajes de Programación,2025-2,94.1,4.5,74.4,5,10.1,9.4,6.9
E02434,Estefanía Cárdenas,Estructuras de Datos,2026-1,49.7,6.6,76.3,3,13.5,15.1,12.5
E02435,Andrés Medina,Base de Datos,2026-1,58.5,7.9,74.1,5,12.6,13.3,10.2
E02436,Miguel Torres,Lenguajes de Programación,2026-1,55.4,10.2,92.9,4,16.0,20,18.4
E02437,Ricardo Sánchez,Redes de Computadoras,2026-1,75.7,7.8,54.9,4,11.3,8.2,9.8
E02438,Tomás Mendoza,Lenguajes de Programación,2026-1,90.5,1.1,100,3,15.7,16.5,15.0
E02439,Ricardo Chávez,Redes de Computadoras,2025-2,57.4,9.1,71.3,3,6.5,10.9,13.0
E02440,Camila Rivas,Lenguajes de Programación,2026-1,61.9,4.4,64.5,4,11.5,8.7,12.0
E02441,Martina Paredes,Base de Datos,2025-2,30.9,6.7,100,5,14.3,16.4,17.3
E02442,Joaquín Rojas,Redes de Computadoras,2026-1,73.3,4.5,98.6,4,14.9,19.3,20
E02443,Sebastián Flores,Matemática Discreta,2025-2,93.4,11.6,68.9,3,10.2,15.0,15.9
E02444,Julio Soto,Estructuras de Datos,2026-1,81.2,9.3,71.6,5,17.2,13.2,14.1
E02445,Nicolás Castillo,Matemática Discreta,2026-1,100,7.9,54.2,3,10.3,9.5,8.9
E02446,Fabián Huamán,Estructuras de Datos,2025-2,72.3,8.9,75.8,2,18.0,17.5,16.9
E02447,Alonso Torres,Base de Datos,2026-1,45.5,3.0,82.7,3,10.7,7.6,9.5
E02448,Daniela Vargas,Lenguajes de Programación,2025-2,33.7,5.1,94.2,3,8.4,9.6,12.5
E02449,Franco Cárdenas,Matemática Discreta,2025-2,100,5.0,91.4,4,15.3,14.3,16.9
E02450,Sebastián Rojas,Redes de Computadoras,2025-2,61.8,1.5,77.4,3,20,20,20
E02451,Joaquín Zapata,Matemática Discreta,2025-2,91.6,6.2,96.7,5,17.6,17.2,11.9
E02452,Nicolás Huamán,Matemática Discreta,2026-1,89.7,7.9,85.9,3,4.3,5.7,4.4
E02453,Sebastián Rodríguez,Matemática Discreta,2026-1,91.2,8.3,71.3,5,11.5,15.0,13.0
E02454,Isabela Ponce,Lenguajes de Programación,2025-2,89.8,2.4,100,5,17.1,15.6,14.8
E02455,Iván Reyes,Matemática Discreta,2026-1,72.4,4.8,58.6,3,11.2,16.9,14.2
E02456,Miguel Alva,Matemática Discreta,2026-1,40.3,1.4,100,3,9.5,10.4,10.6
E02457,Ximena Huamán,Redes de Computadoras,2025-2,75.8,3.6,83.2,2,18.7,20,20
E02458,Renata Mamani,Redes de Computadoras,2025-2,100,8.9,100,2,15.9,12.8,11.3
E02459,Iván Espinoza,Redes de Computadoras,2025-2,100,1.7,78.0,3,17.9,15.4,20
E02460,Joaquín Torres,Base de Datos,2025-2,90.3,8.4,64.4,2,15.5,12.3,18.2
E02461,Rosa Mendoza,Matemática Discreta,2026-1,56.0,6.2,80.1,4,15.7,19.8,14.7
E02462,Zoe Delgado,Matemática Discreta,2025-2,93.5,4.1,80.5,3,12.7,16.9,10.3
E02463,Iván Aguilar,Matemática Discreta,2025-2,44.9,6.1,80.3,3,15.5,12.6,19.4
E02464,Renata Rojas,Base de Datos,2025-2,72.6,11.9,99.3,4,5.3,4.4,9.8
E02465,Carlos Soto,Redes de Computadoras,2026-1,75.7,7.5,69.5,4,19.4,13.8,15.5
E02466,Emilio Rodríguez,Base de Datos,2025-2,70.0,0.1,74.2,1,13.9,12.5,19.4
E02467,Ximena Cabrera,Redes de Computadoras,2026-1,68.1,0,52.4,4,20,19.6,18.9
E02468,Fabián Espinoza,Matemática Discreta,2026-1,100,2.8,100,4,12.9,10.1,13.1
E02469,Gabriela Flores,Base de Datos,2026-1,60.7,6.8,96.6,5,16.2,17.6,17.3
E02470,Valeria Espinoza,Estructuras de Datos,2025-2,66.0,6.9,70.5,1,18.3,20,17.6
E02471,Vicente Vargas,Base de Datos,2026-1,71.5,7.0,68.2,4,8.0,9.1,7.9
E02472,Iván Cabrera,Redes de Computadoras,2026-1,71.9,5.5,58.6,1,16.9,18.6,11.8
E02473,Renata Cruz,Matemática Discreta,2026-1,100,5.0,82.6,4,18.3,15.5,12.4
E02474,Mateo Cabrera,Base de Datos,2026-1,69.5,6.8,74.8,2,17.2,15.3,16.3
E02475,Diego Palomino,Redes de Computadoras,2025-2,97.1,7.6,88.0,3,2.5,6.9,0
E02476,Isabela Cabrera,Base de Datos,2026-1,70.2,4.6,71.2,4,14.8,16.5,18.2
E02477,Julio Medina,Redes de Computadoras,2025-2,67.0,5.4,90.6,1,5.9,6.7,9.7
E02478,Gabriela Paredes,Estructuras de Datos,2026-1,83.8,11.5,83.2,3,13.5,10.9,10.1
E02479,Natalia Quispe,Estructuras de Datos,2025-2,58.5,2.1,51.7,3,9.9,10.2,8.6
E02480,Julio Rojas,Estructuras de Datos,2025-2,53.0,11.2,76.7,1,13.2,18.3,16.6
E02481,Emilia Vargas,Matemática Discreta,2026-1,48.9,1.6,100,3,9.3,10.3,11.2
E02482,Vicente Delgado,Redes de Computadoras,2026-1,65.5,6.9,61.5,3,10.4,15.0,12.2
E02483,Daniela Rojas,Base de Datos,2025-2,52.3,9.3,68.0,1,16.8,15.3,9.0
E02484,Paula Cruz,Matemática Discreta,2025-2,73.7,8.6,92.3,2,14.3,20,16.0
E02485,Tomás Rivas,Lenguajes de Programación,2026-1,79.2,7.1,100,3,10.6,14.4,9.0
E02486,Emilio Castillo,Redes de Computadoras,2025-2,69.5,10.8,41.0,4,17.7,18.0,15.9
E02487,María García,Lenguajes de Programación,2026-1,84.6,9.5,85.1,2,9.6,12.7,13.0
E02488,Fabián Pérez,Matemática Discreta,2025-2,98.2,6.8,79.5,3,15.3,14.9,18.7
E02489,Sofía Salazar,Redes de Computadoras,2026-1,43.5,6.8,72.7,3,19.8,15.5,17.8
E02490,Isabela Huamán,Estructuras de Datos,2026-1,76.1,4.5,100,1,5.5,9.0,6.2
E02491,Estefanía Cárdenas,Base de Datos,2026-1,88.7,1.1,95.7,3,4.7,4.3,5.4
E02492,Ximena Mendoza,Matemática Discreta,2025-2,76.9,0.8,86.2,3,5.9,5.4,0.2
E02493,Manuel Ponce,Redes de Computadoras,2026-1,58.1,6.0,99.4,2,12.0,11.6,19.0
E02494,Luis Salazar,Matemática Discreta,2025-2,81.1,5.6,75.5,3,11.9,10.8,12.3
E02495,Diego Pérez,Matemática Discreta,2026-1,90.6,2.5,63.7,3,15.6,16.4,15.5
E02496,Ricardo Pérez,Redes de Computadoras,2025-2,92.0,8.4,90.1,5,20,20,20
E02497,Bruno Chávez,Base de Datos,2026-1,73.9,5.7,62.9,3,9.1,10.8,9.0
E02498,Emilia Cabrera,Matemática Discreta,2025-2,100,3.1,96.8,4,7.7,7.0,10.1
E02499,Bruno Vargas,Estructuras de Datos,2026-1,100,9.9,77.7,3,6.8,10.8,9.1
E02500,Tomás Rojas,Matemática Discreta,2026-1,85.6,0,82.7,2,7.6,12.8,8.6
E02501,Bruno Aguilar,Estructuras de Datos,2026-1,66.4,7.5,70.1,4,18.9,20,15.7
E02502,Nicolás Mamani,Redes de Computadoras,2025-2,72.6,7.7,83.8,1,10.2,19.6,14.0
E02503,Carlos Vega,Estructuras de Datos,2025-2,85.8,1.1,100,2,9.9,8.8,11.1
E02504,Adrián Torres,Estructuras de Datos,2026-1,71.4,2.5,73.0,5,5.9,0.2,1.3
E02505,Carlos Cabrera,Lenguajes de Programación,2025-2,94.1,3.9,95.2,3,13.4,8.2,12.8
E02506,Tomás Paredes,Redes de Computadoras,2025-2,37.7,2.3,75.6,3,16.1,12.5,18.5
E02507,Luis Flores,Estructuras de Datos,2026-1,100,10.2,53.1,4,13.6,15.0,16.6
E02508,Carlos Salazar,Matemática Discreta,2025-2,55.3,7.7,96.4,2,11.3,7.0,11.5
E02509,Estefanía Huamán,Lenguajes de Programación,2026-1,51.3,7.4,74.8,4,11.4,17.3,16.5
E02510,Ricardo Espinoza,Matemática Discreta,2026-1,85.2,5.0,60.1,3,18.2,15.4,13.8
E02511,Franco Pérez,Redes de Computadoras,2026-1,67.4,4.1,57.3,3,5.8,10.7,9.4
E02512,Bruno Rojas,Estructuras de Datos,2026-1,74.0,8.4,89.4,5,12.0,10.7,10.1
E02513,Vicente Quispe,Matemática Discreta,2025-2,76.1,4.2,63.1,3,14.8,16.1,18.7
E02514,Alonso Castillo,Redes de Computadoras,2026-1,92.2,8.4,58.3,4,15.2,13.3,8.9
E02515,Miguel García,Lenguajes de Programación,2026-1,44.0,3.8,62.3,3,20,14.3,16.1
E02516,Diego Huamán,Redes de Computadoras,2026-1,67.1,9.5,71.0,2,18.5,14.6,16.8
E02517,María Ortiz,Base de Datos,2026-1,73.1,5.7,100,2,5.4,3.4,6.9
E02518,Isabela Huamán,Redes de Computadoras,2026-1,78.6,3.7,63.1,5,13.6,11.5,20
E02519,Tomás Quispe,Matemática Discreta,2025-2,88.8,13.8,75.4,3,11.8,10.3,11.7
E02520,Rosa Cabrera,Base de Datos,2025-2,60.3,7.5,74.7,3,15.5,18.3,14.1
E02521,Sebastián García,Estructuras de Datos,2026-1,100,5.3,66.3,2,14.7,16.3,10.7
E02522,Diego Salazar,Matemática Discreta,2025-2,88.8,9.3,57.8,2,10.0,9.2,14.2
E02523,Jorge Herrera,Base de Datos,2025-2,56.3,4.1,76.1,2,20,17.1,15.0
E02524,Natalia Gutiérrez,Estructuras de Datos,2025-2,83.9,7.5,99.4,3,5.4,8.8,6.1
E02525,Emilio Aguilar,Lenguajes de Programación,2025-2,67.3,8.6,67.7,2,14.5,15.1,12.4
E02526,Ricardo Palomino,Base de Datos,2026-1,76.4,0.5,57.3,2,6.4,6.4,14.8
E02527,Rosa Mamani,Lenguajes de Programación,2025-2,76.5,9.2,69.8,4,18.4,20,20
E02528,Renata Huamán,Matemática Discreta,2025-2,96.1,12.9,65.8,4,13.5,12.6,13.3
E02529,Manuel Sánchez,Redes de Computadoras,2026-1,74.1,5.9,68.6,1,14.8,14.9,12.0
E02530,Nicolás Cruz,Matemática Discreta,2025-2,100,9.1,92.7,2,7.6,9.1,7.7
E02531,Ana Quispe,Redes de Computadoras,2026-1,100,8.1,81.9,4,14.3,13.7,13.6
E02532,Julio Ramírez,Redes de Computadoras,2025-2,90.5,11.8,50.5,1,18.1,17.2,13.8
E02533,Estefanía Zapata,Estructuras de Datos,2025-2,49.8,4.8,90.7,4,12.1,9.7,10.1
E02534,Ana Medina,Estructuras de Datos,2026-1,60.2,6.6,78.1,4,6.5,7.3,7.8
E02535,Ana Quispe,Lenguajes de Programación,2025-2,85.4,11.1,63.5,3,13.0,13.4,13.6
E02536,Paula Delgado,Redes de Computadoras,2025-2,63.7,2.1,41.8,3,14.7,9.9,10.5
E02537,Mateo Cruz,Lenguajes de Programación,2026-1,100,5.4,36.2,3,13.0,10.5,11.6
E02538,Sebastián Zapata,Redes de Computadoras,2026-1,100,7.3,91.8,3,13.3,18.7,12.9
E02539,Natalia Reyes,Matemática Discreta,2025-2,73.3,9.9,100,3,9.9,9.1,5.5
E02540,Estefanía Rivas,Matemática Discreta,2025-2,62.0,4.8,63.7,1,9.0,7.1,10.5
E02541,Andrés Sánchez,Estructuras de Datos,2026-1,86.9,2.2,87.4,1,15.7,14.5,14.7
E02542,Alonso Sánchez,Base de Datos,2025-2,61.5,9.6,67.8,4,12.2,9.8,17.5
E02543,Nicolás Delgado,Matemática Discreta,2025-2,82.1,8.3,100,2,7.0,6.8,10.2
E02544,Valeria Vargas,Estructuras de Datos,2025-2,39.6,6.3,49.5,4,13.0,14.0,18.2
E02545,Emilio Ponce,Redes de Computadoras,2025-2,71.5,10.6,68.7,3,,12.7,15.9
E02546,Valentina Espinoza,Lenguajes de Programación,2026-1,65.0,4.2,72.3,5,15.0,20,14.7
E02547,Milagros Alva,Lenguajes de Programación,2026-1,30.3,7.6,67.1,4,15.8,15.0,16.5
E02548,Emilia Mamani,Matemática Discreta,2025-2,91.8,1.7,71.4,4,14.8,18.0,13.1
E02549,Valentina Rodríguez,Redes de Computadoras,2026-1,79.1,8.7,74.6,4,6.4,10.7,9.8
E02550,Fernanda Vargas,Estructuras de Datos,2026-1,67.5,6.6,82.5,4,18.7,18.4,20
E02551,Emilio Flores,Matemática Discreta,2025-2,88.9,12.3,100,3,16.0,7.9,13.1
E02552,Carlos Chávez,Lenguajes de Programación,2026-1,58.2,4.0,46.9,3,12.7,12.9,11.6
E02553,Rodrigo Vargas,Matemática Discreta,2026-1,49.9,3.7,58.2,3,15.7,15.5,15.9
E02554,Estefanía Cruz,Matemática Discreta,2025-2,74.3,13.6,100,4,11.2,10.0,13.5
E02555,Diego Gutiérrez,Redes de Computadoras,2026-1,64.7,8.7,68.3,2,19.0,15.5,20
E02556,Rodrigo Vargas,Redes de Computadoras,2026-1,97.8,4.6,91.0,4,6.6,9.4,6.8
E02557,Daniela Vega,Estructuras de Datos,2025-2,92.2,9.4,63.0,2,14.8,11.4,10.9
E02558,Nicolás Delgado,Base de Datos,2026-1,60.6,6.9,53.6,2,12.3,13.9,14.0
E02559,Estefanía Pérez,Redes de Computadoras,2025-2,83.9,7.7,73.6,3,10.2,6.9,12.5
E02560,Jorge Herrera,Lenguajes de Programación,2026-1,76.6,14.0,36.4,1,7.4,9.8,5.3
E02561,Gabriela Ponce,Matemática Discreta,2025-2,33.6,7.0,68.9,4,5.8,12.1,12.1
E02562,Emilio Soto,Lenguajes de Programación,2025-2,99.5,2.5,58.1,4,10.5,13.0,8.3
E02563,Fabián Torres,Lenguajes de Programación,2026-1,95.7,4.3,74.0,2,10.1,7.4,7.3
E02564,Jorge Salazar,Lenguajes de Programación,2025-2,74.4,5.5,95.9,4,15.4,14.1,16.0
E02565,Ana Zapata,Lenguajes de Programación,2026-1,77.4,3.6,100,4,13.3,12.8,9.7
E02566,Gabriela Flores,Base de Datos,2025-2,90.3,9.8,53.4,4,11.3,5.1,12.1
E02567,Sebastián Herrera,Lenguajes de Programación,2026-1,54.8,15.5,66.4,2,11.7,4.4,7.7
E02568,Nicolás Ortiz,Base de Datos,2025-2,67.2,5.9,80.1,4,20,18.7,16.5
E02569,Valentina Medina,Matemática Discreta,2025-2,71.6,6.3,100,1,16.2,19.9,8.9
E02570,Alonso Rodríguez,Redes de Computadoras,2026-1,46.5,0,71.6,3,10.1,3.8,6.8
E02571,Joaquín Gutiérrez,Redes de Computadoras,2026-1,60.3,8.7,72.0,5,12.6,15.1,11.0
E02572,Ana Mamani,Matemática Discreta,2026-1,55.6,2.6,89.2,5,9.1,6.2,7.8
E02573,Emilia Pérez,Estructuras de Datos,2026-1,59.2,8.3,99.0,5,15.8,19.0,14.1
E02574,Rosa Vega,Matemática Discreta,2026-1,64.8,7.2,66.2,2,13.4,18.2,18.1
E02575,Sebastián Medina,Matemática Discreta,2026-1,81.4,2.5,78.2,2,14.6,,9.7
E02576,Rosa Salazar,Base de Datos,2025-2,88.3,4.8,62.7,3,14.9,14.9,20
E02577,Zoe Huamán,Matemática Discreta,2026-1,31.8,6.4,87.0,5,16.0,13.6,8.1
E02578,Alejandra Paredes,Estructuras de Datos,2025-2,82.2,5.7,89.8,3,9.1,17.4,19.3
E02579,Emilio Vega,Matemática Discreta,2025-2,76.9,5.1,96.8,3,10.7,10.8,8.8
E02580,Valeria Soto,Redes de Computadoras,2025-2,65.7,3.8,95.8,3,6.9,13.6,11.2
E02581,Jorge Mendoza,Lenguajes de Programación,2025-2,85.8,4.4,78.6,5,10.1,5.3,6.2
E02582,Miguel Vargas,Redes de Computadoras,2026-1,77.2,0,63.8,2,8.9,4.3,10.6
E02583,Zoe Rivas,Lenguajes de Programación,2025-2,48.0,8.4,63.1,2,15.0,8.9,9.0
E02584,Carlos Sánchez,Base de Datos,2025-2,83.5,4.5,60.9,3,17.3,16.4,18.6
E02585,Lucía Palomino,Base de Datos,2026-1,59.5,6.4,73.7,3,11.8,10.1,12.1
E02586,Iván Rivas,Estructuras de Datos,2026-1,81.9,9.0,60.6,4,7.7,3.1,7.7
E02587,Paula Herrera,Estructuras de Datos,2025-2,91.6,6.7,70.3,4,7.6,14.0,6.6
E02588,Ana Cruz,Estructuras de Datos,2026-1,80.6,10.1,100,4,15.2,11.6,13.4
E02589,Renata López,Lenguajes de Programación,2025-2,75.1,4.0,65.4,3,18.9,10.0,15.5
E02590,Diego Delgado,Lenguajes de Programación,2025-2,94.9,10.7,90.5,2,3.8,8.6,7.3
E02591,Alejandra Herrera,Lenguajes de Programación,2026-1,100,6.4,74.2,1,8.8,6.6,6.3
E02592,Iván Ramírez,Matemática Discreta,2026-1,63.6,0,50.4,3,14.3,19.4,13.1
E02593,Rodrigo Reyes,Base de Datos,2026-1,62.9,6.9,77.3,3,12.5,10.5,11.8
E02594,Zoe Flores,Lenguajes de Programación,2025-2,76.8,4.9,50.0,4,11.7,13.0,11.0
E02595,Franco Pérez,Estructuras de Datos,2025-2,54.5,1.1,73.1,4,8.8,7.7,12.9
E02596,Alejandra Reyes,Redes de Computadoras,2025-2,80.5,0.8,76.3,3,16.3,11.6,11.6
E02597,Ricardo Mendoza,Base de Datos,2025-2,60.4,5.7,76.5,4,13.0,9.2,9.4
E02598,Alonso Alva,Lenguajes de Programación,2026-1,51.0,5.9,86.2,1,13.1,14.9,13.8
E02599,Ana Cárdenas,Base de Datos,2025-2,78.8,10.2,98.8,3,13.7,13.1,13.3
E02600,Camila Alva,Redes de Computadoras,2026-1,65.5,11.0,100,4,14.4,11.6,11.4
E02601,Sebastián Huamán,Lenguajes de Programación,2026-1,55.1,3.6,74.2,4,10.2,9.9,12.1
E02602,Isabela García,Estructuras de Datos,2025-2,76.0,9.7,75.8,4,5.3,,6.1
E02603,Andrés López,Estructuras de Datos,2026-1,79.3,8.2,66.9,4,6.8,7.1,9.3
E02604,Rosa Gutiérrez,Base de Datos,2026-1,44.0,6.7,94.2,5,9.7,13.7,12.4
E02605,Adrián Pérez,Matemática Discreta,2026-1,50.6,2.6,77.0,3,13.0,15.9,14.4
E02606,Emilio Castillo,Base de Datos,2025-2,61.8,6.1,,2,6.7,5.4,9.4
E02607,Nicolás Palomino,Matemática Discreta,2026-1,100,5.1,83.2,2,20,20,20
E02608,Alejandra Rodríguez,Redes de Computadoras,2025-2,55.7,9.8,78.9,3,16.3,16.2,17.7
E02609,Bruno Sánchez,Base de Datos,2025-2,60.0,1.7,67.1,3,10.5,7.6,13.9
E02610,Martina Cabrera,Redes de Computadoras,2025-2,53.8,3.4,74.6,3,13.5,4.8,9.0
E02611,Ana Ponce,Base de Datos,2026-1,76.9,6.4,86.8,3,7.1,9.7,12.1
E02612,Gabriela Rivas,Matemática Discreta,2026-1,91.4,3.5,86.5,2,10.9,,13.6
E02613,Bruno Ramírez,Base de Datos,2025-2,91.3,5.7,82.5,1,12.3,13.9,8.8
E02614,Camila Castillo,Base de Datos,2025-2,86.5,4.1,87.6,3,12.3,14.9,14.3
E02615,Zoe Vargas,Base de Datos,2025-2,58.1,3.4,70.9,3,18.4,20,12.2
E02616,Tomás Delgado,Lenguajes de Programación,2025-2,46.9,4.0,100,4,8.5,15.3,10.9
E02617,Camila Vargas,Lenguajes de Programación,2025-2,85.6,3.2,87.5,3,15.7,17.1,20
E02618,Ximena Quispe,Estructuras de Datos,2025-2,67.1,9.6,75.0,4,0,5.9,4.8
E02619,Diego Aguilar,Lenguajes de Programación,2026-1,87.2,7.7,40.2,2,16.1,14.9,14.6
E02620,Carlos Salazar,Lenguajes de Programación,2025-2,71.5,10.0,67.1,4,7.8,5.4,9.3
E02621,Estefanía Salazar,Base de Datos,2025-2,62.8,4.8,88.7,2,10.8,18.1,14.5
E02622,Alonso Quispe,Matemática Discreta,2026-1,62.8,9.3,60.9,5,20,20,18.4
E02623,Ricardo Zapata,Redes de Computadoras,2025-2,91.2,3.0,64.4,4,12.3,9.5,10.0
E02624,Adrián Cabrera,Estructuras de Datos,2026-1,90.8,6.3,78.8,4,13.3,12.5,9.1
E02625,Gabriela García,Base de Datos,2026-1,77.1,7.7,100,3,14.2,10.3,14.5
E02626,Antonella Gutiérrez,Base de Datos,2025-2,85.8,4.9,62.3,2,11.7,16.7,14.8
E02627,Renata Paredes,Lenguajes de Programación,2026-1,54.9,4.5,76.3,5,16.0,15.2,15.3
E02628,Zoe Gutiérrez,Matemática Discreta,2025-2,72.0,0,66.5,3,16.5,17.3,17.3
E02629,Alejandra Sánchez,Matemática Discreta,2026-1,100,9.6,79.6,2,8.3,16.4,20
E02630,Paula Palomino,Redes de Computadoras,2026-1,61.2,10.0,87.9,3,11.3,8.9,12.7
E02631,Julio Gutiérrez,Base de Datos,2026-1,79.4,8.5,79.1,4,18.1,18.9,18.9
E02632,Ximena Ortiz,Base de Datos,2026-1,83.8,3.9,36.9,4,9.8,6.8,12.5
E02633,Valeria Espinoza,Matemática Discreta,2025-2,56.4,7.7,81.7,3,7.8,10.4,11.7
E02634,Paula Delgado,Base de Datos,2026-1,78.8,5.3,59.6,1,10.7,10.5,12.9
E02635,Alonso Cárdenas,Matemática Discreta,2026-1,49.1,9.3,65.7,3,7.9,9.2,11.1
E02636,Paula Vega,Base de Datos,2025-2,48.3,4.0,80.3,4,8.4,15.1,8.9
E02637,Renata Rojas,Redes de Computadoras,2025-2,76.2,5.6,85.5,4,10.5,8.9,14.1
E02638,Ximena Palomino,Base de Datos,2025-2,66.2,11.2,42.9,1,11.2,11.2,10.0
E02639,Iván Reyes,Matemática Discreta,2025-2,77.9,7.4,85.8,2,5.9,8.6,7.9
E02640,Daniela Medina,Lenguajes de Programación,2026-1,82.4,5.1,46.8,3,8.9,6.9,7.0
E02641,Nicolás Castillo,Matemática Discreta,2025-2,74.6,5.8,65.8,1,12.4,10.6,13.0
E02642,Camila Espinoza,Estructuras de Datos,2026-1,77.4,6.1,64.9,4,7.7,6.0,8.0
E02643,Alonso Mendoza,Lenguajes de Programación,2025-2,33.4,7.0,76.1,4,10.3,10.3,10.5
E02644,Franco Torres,Lenguajes de Programación,2025-2,62.5,0.3,72.5,2,4.9,7.8,4.5
E02645,Ana Zapata,Base de Datos,2026-1,57.7,5.7,76.0,4,17.6,18.6,17.0
E02646,Paula Rojas,Lenguajes de Programación,2026-1,75.3,7.8,92.4,1,15.8,,12.0
E02647,Rosa Aguilar,Estructuras de Datos,2025-2,59.5,9.5,,1,18.6,15.7,17.9
E02648,Fernanda Cabrera,Matemática Discreta,2026-1,100,2.5,96.4,5,13.6,12.4,15.9
E02649,Rodrigo Delgado,Base de Datos,2025-2,79.9,8.2,73.6,3,17.0,13.6,12.8
E02650,Bruno Espinoza,Base de Datos,2025-2,72.0,5.3,66.1,3,15.9,13.4,19.5
E02651,Julio Mamani,Matemática Discreta,2025-2,75.3,11.2,70.7,4,13.1,12.4,18.6
E02652,Ricardo Herrera,Estructuras de Datos,2026-1,97.3,5.5,85.6,4,20,16.7,20
E02653,Gabriela Flores,Base de Datos,2026-1,92.5,6.9,67.1,4,17.2,10.3,12.3
E02654,Franco Mamani,Redes de Computadoras,2026-1,84.6,4.9,96.7,5,15.4,18.6,16.9
E02655,Valeria Paredes,Base de Datos,2025-2,46.3,5.7,80.1,3,11.9,14.4,15.5
E02656,Gabriela Aguilar,Estructuras de Datos,2025-2,43.3,8.3,84.1,4,4.1,15.3,12.7
E02657,Adrián Vega,Estructuras de Datos,2026-1,76.9,7.2,98.5,3,10.3,10.0,5.7
E02658,Tomás López,Matemática Discreta,2025-2,58.7,5.2,61.5,2,12.0,10.6,9.7
E02659,Valentina Palomino,Matemática Discreta,2026-1,100,6.0,53.7,3,15.9,13.4,19.2
E02660,Valentina López,Estructuras de Datos,2026-1,88.1,4.8,66.5,3,10.2,14.4,15.3
E02661,Mateo Cárdenas,Estructuras de Datos,2026-1,100,6.5,81.3,4,18.8,15.2,11.9
E02662,Andrés Ramírez,Base de Datos,2025-2,63.3,3.1,88.2,4,10.7,10.5,3.9
E02663,Alonso Flores,Redes de Computadoras,2026-1,72.8,6.0,75.4,3,15.6,14.3,13.1
E02664,Nicolás Ramírez,Matemática Discreta,2026-1,78.4,9.8,74.0,4,19.2,20,20
E02665,Ximena Quispe,Lenguajes de Programación,2025-2,83.7,18.2,51.4,2,10.1,6.8,10.3
E02666,Manuel Gutiérrez,Redes de Computadoras,2026-1,97.0,2.6,84.5,1,15.1,14.6,19.8
E02667,Lucía Pérez,Lenguajes de Programación,2026-1,100,8.4,87.4,2,20,20,17.7
E02668,Estefanía Ortiz,Redes de Computadoras,2026-1,75.2,9.6,93.2,5,11.8,12.0,13.4
E02669,Gabriela Reyes,Matemática Discreta,2026-1,71.2,11.5,72.8,5,,17.9,20
E02670,Gabriela Medina,Redes de Computadoras,2026-1,52.4,3.2,93.4,5,16.4,12.2,17.0
E02671,Emilia Sánchez,Base de Datos,2026-1,100,0,66.8,3,10.5,10.1,8.0
E02672,Ana Reyes,Matemática Discreta,2026-1,49.9,6.4,100,2,18.3,12.3,14.1
E02673,Estefanía Huamán,Lenguajes de Programación,2026-1,88.7,6.4,76.6,2,9.6,10.7,8.1
E02674,Valentina Rodríguez,Estructuras de Datos,2025-2,69.1,12.7,87.9,2,16.6,16.7,17.7
E02675,Mateo Delgado,Estructuras de Datos,2026-1,76.9,0,59.5,1,7.2,8.6,7.6
E02676,Valeria Sánchez,Redes de Computadoras,2026-1,38.0,8.8,74.7,1,14.4,10.3,8.0
E02677,Emilio Mamani,Estructuras de Datos,2026-1,73.2,4.5,96.8,3,12.1,9.4,12.1
E02678,Alonso Quispe,Estructuras de Datos,2025-2,73.6,8.1,49.0,3,16.7,19.4,19.2
E02679,Camila Vega,Estructuras de Datos,2026-1,85.6,2.1,42.4,1,15.1,14.1,14.7
E02680,Nicolás Mamani,Base de Datos,2026-1,72.7,11.6,84.8,1,11.8,12.6,13.7
E02681,Daniela Rojas,Matemática Discreta,2026-1,57.1,8.0,100,4,9.6,8.0,8.8
E02682,Camila García,Lenguajes de Programación,2026-1,90.1,3.9,98.3,3,20,16.3,20
E02683,Ana Salazar,Base de Datos,2026-1,60.2,7.6,55.5,3,9.3,3.9,7.1
E02684,Miguel Ponce,Estructuras de Datos,2026-1,77.3,5.4,95.3,3,12.9,10.7,17.5
E02685,Isabela Herrera,Matemática Discreta,2026-1,62.2,3.8,75.3,4,14.0,17.3,16.7
E02686,Alonso Quispe,Estructuras de Datos,2025-2,82.3,0.5,68.9,5,7.1,11.0,8.4
E02687,Sofía García,Matemática Discreta,2026-1,38.9,7.1,95.1,4,13.9,14.1,9.7
E02688,Franco Mendoza,Base de Datos,2026-1,100,6.1,64.6,4,17.3,14.2,14.3
E02689,Alonso Alva,Base de Datos,2025-2,97.0,0,76.6,3,6.9,11.6,10.8
E02690,Andrés Quispe,Lenguajes de Programación,2025-2,40.3,8.1,81.0,2,12.5,15.5,14.9
E02691,Manuel Cárdenas,Redes de Computadoras,2026-1,100,12.8,60.3,1,15.9,15.9,17.6
E02692,Paula Soto,Estructuras de Datos,2026-1,71.1,3.6,98.5,2,11.2,15.8,16.1
E02693,Sofía García,Base de Datos,2025-2,67.9,7.8,78.2,5,7.4,8.3,12.0
E02694,Manuel Medina,Base de Datos,2025-2,82.7,9.3,68.2,4,15.3,18.6,10.6
E02695,Vicente Delgado,Lenguajes de Programación,2026-1,100,9.5,65.0,4,10.8,13.5,14.5
E02696,Emilia Salazar,Base de Datos,2026-1,73.4,2.2,88.5,3,11.3,16.7,15.6
E02697,Rodrigo Aguilar,Lenguajes de Programación,2025-2,82.4,5.9,66.2,2,11.6,8.7,9.1
E02698,Milagros Castillo,Matemática Discreta,2026-1,91.8,9.1,73.1,4,15.5,13.2,16.4
E02699,Martina Rodríguez,Matemática Discreta,2025-2,87.5,6.9,100,3,9.5,12.7,15.0
E02700,Ana Soto,Lenguajes de Programación,2025-2,78.0,0.8,43.7,1,4.9,5.2,11.3
E02701,Zoe Rojas,Redes de Computadoras,2025-2,84.1,8.4,100,2,14.7,12.7,11.9
E02702,Sofía Mendoza,Redes de Computadoras,2025-2,47.1,3.6,55.1,2,0.4,6.4,7.5
E02703,Isabela Paredes,Base de Datos,2025-2,48.8,2.0,64.8,3,12.5,11.0,10.5
E02704,Emilia Rodríguez,Matemática Discreta,2025-2,,1.3,28.0,2,12.6,12.8,13.4
E02705,Lucía Sánchez,Redes de Computadoras,2026-1,35.2,5.4,42.4,1,4.9,13.3,11.4
E02706,Daniela Flores,Matemática Discreta,2025-2,67.3,5.2,82.7,1,11.0,11.5,7.6
E02707,Emilio Ortiz,Estructuras de Datos,2025-2,87.0,8.3,73.1,4,12.1,15.1,11.5
E02708,Daniela Huamán,Redes de Computadoras,2025-2,88.2,7.1,49.8,4,11.2,17.2,10.7
E02709,Natalia Delgado,Base de Datos,2026-1,92.8,4.1,50.5,4,11.5,9.9,12.2
E02710,Emilia Pérez,Estructuras de Datos,2026-1,60.4,6.7,68.9,4,15.3,15.9,18.6
E02711,Adrián Vega,Base de Datos,2025-2,59.2,2.6,50.8,4,9.1,8.4,14.4
E02712,Miguel Cárdenas,Base de Datos,2026-1,70.1,4.5,39.4,3,9.0,12.8,7.4
E02713,Rodrigo Mamani,Matemática Discreta,2026-1,90.7,3.6,76.2,2,17.4,12.0,19.1
E02714,Daniela Torres,Redes de Computadoras,2025-2,52.9,11.6,100,1,7.3,15.6,17.4
E02715,Valentina Torres,Base de Datos,2026-1,39.5,8.4,70.0,4,13.0,11.8,15.0
E02716,Emilio Delgado,Estructuras de Datos,2026-1,,4.2,73.5,3,15.4,16.6,13.5
E02717,Franco García,Redes de Computadoras,2026-1,68.2,7.7,90.4,4,,11.7,8.2
E02718,Ricardo Cabrera,Lenguajes de Programación,2026-1,61.2,9.9,100,2,19.9,14.3,20
E02719,Emilia Cruz,Base de Datos,2026-1,100,3.1,77.2,3,17.5,14.5,15.5
E02720,Nicolás Ramírez,Redes de Computadoras,2026-1,65.4,12.6,62.7,3,16.3,9.8,4.8
E02721,Alonso Quispe,Redes de Computadoras,2025-2,65.6,7.0,62.6,4,4.9,4.3,5.2
E02722,Rosa Medina,Base de Datos,2026-1,71.9,2.4,90.0,1,19.8,19.4,16.9
E02723,Luis Zapata,Estructuras de Datos,2025-2,71.0,7.2,63.5,2,12.2,8.5,11.8
E02724,Andrés Rojas,Estructuras de Datos,2025-2,88.9,4.8,85.1,5,18.3,15.1,14.8
E02725,Zoe Medina,Base de Datos,2025-2,88.7,3.9,69.1,2,16.6,15.9,16.0
E02726,Diego Mamani,Base de Datos,2026-1,60.9,4.7,100,4,8.3,12.5,11.0
E02727,Franco Sánchez,Matemática Discreta,2025-2,100,10.6,70.9,3,20,20,20
E02728,Jorge Soto,Base de Datos,2026-1,96.2,8.7,67.2,5,16.0,15.8,16.5
E02729,Miguel Rojas,Base de Datos,2026-1,90.4,12.3,69.8,3,8.7,11.6,9.7
E02730,Julio Soto,Base de Datos,2026-1,65.1,7.9,59.1,2,13.7,11.8,9.5
E02731,Manuel Cárdenas,Redes de Computadoras,2025-2,66.2,2.7,57.3,3,14.7,11.6,15.6
E02732,Mateo Cárdenas,Redes de Computadoras,2025-2,94.2,14.0,100,5,14.9,15.5,14.9
E02733,Jorge Vega,Redes de Computadoras,2025-2,86.3,3.2,80.5,3,19.7,16.9,20
E02734,Valentina Cruz,Matemática Discreta,2026-1,,1.5,57.7,5,11.0,8.1,13.4
E02735,Franco Palomino,Base de Datos,2025-2,60.8,5.4,48.6,4,17.8,20,18.6
E02736,Daniela Delgado,Lenguajes de Programación,2026-1,45.6,8.3,73.3,4,15.2,11.2,15.6
E02737,Iván Ponce,Matemática Discreta,2025-2,41.1,4.8,62.7,2,15.7,15.4,14.7
E02738,Isabela Espinoza,Matemática Discreta,2026-1,70.2,7.3,85.7,2,12.4,13.7,10.0
E02739,Emilio Mamani,Base de Datos,2026-1,79.2,7.1,54.6,5,8.8,8.4,11.9
E02740,Tomás Aguilar,Matemática Discreta,2025-2,57.5,10.9,70.0,5,14.2,16.3,12.6
E02741,Emilia García,Base de Datos,2025-2,54.6,7.8,66.1,2,12.3,9.8,5.0
E02742,Sebastián Medina,Estructuras de Datos,2026-1,100,6.3,55.1,3,13.1,16.1,15.6
E02743,Milagros Ponce,Matemática Discreta,2025-2,65.0,3.8,100,3,12.5,14.0,16.3
E02744,Valeria Huamán,Base de Datos,2025-2,90.4,0,76.8,1,17.7,19.1,19.0
E02745,Ricardo Rodríguez,Lenguajes de Programación,2026-1,,6.2,100,2,16.1,19.1,16.7
E02746,Isabela Soto,Redes de Computadoras,2026-1,74.1,7.7,67.4,3,9.4,10.4,6.3
E02747,Gabriela Zapata,Redes de Computadoras,2026-1,58.6,5.2,69.0,3,20,,20
E02748,Ximena Palomino,Matemática Discreta,2026-1,33.0,10.2,55.9,3,18.4,17.0,17.8
E02749,Fabián Cruz,Redes de Computadoras,2025-2,58.1,8.1,77.3,4,10.3,4.4,10.7
E02750,Natalia Vargas,Matemática Discreta,2025-2,100,2.8,75.2,3,15.5,20,18.1
E02751,Ricardo López,Lenguajes de Programación,2025-2,98.1,3.1,70.5,3,10.2,9.3,7.0
E02752,Andrés Vargas,Matemática Discreta,2025-2,91.4,3.1,,4,15.6,20,14.5
E02753,Tomás Espinoza,Lenguajes de Programación,2025-2,71.1,1.5,87.5,3,14.7,8.9,10.2
E02754,María Castillo,Lenguajes de Programación,2026-1,58.5,4.9,69.1,3,15.5,11.6,14.4
E02755,Valeria Flores,Base de Datos,2025-2,62.8,9.6,73.2,5,7.5,8.2,12.3
E02756,Iván Vega,Estructuras de Datos,2026-1,56.8,3.4,85.4,5,12.7,14.3,12.3
E02757,Diego Medina,Redes de Computadoras,2025-2,76.6,4.6,91.6,4,6.4,6.0,6.4
E02758,Miguel Mamani,Estructuras de Datos,2026-1,60.5,12.7,44.2,3,12.0,8.1,11.7
E02759,Julio Alva,Estructuras de Datos,2026-1,50.0,8.2,79.3,3,12.6,5.8,6.7
E02760,Daniela Rivas,Redes de Computadoras,2026-1,84.1,3.8,90.9,2,18.4,18.4,14.1
E02761,Fernanda Paredes,Matemática Discreta,2026-1,73.9,0.6,67.9,3,12.8,13.3,13.3
E02762,Carlos Mendoza,Base de Datos,2026-1,73.6,9.4,71.3,2,13.7,16.9,16.9
E02763,Isabela Cabrera,Lenguajes de Programación,2025-2,66.4,3.0,86.6,3,13.2,9.0,13.9
E02764,Miguel Mendoza,Matemática Discreta,2026-1,59.4,10.6,85.7,3,11.8,15.1,13.2
E02765,Miguel Ramírez,Estructuras de Datos,2025-2,95.5,5.4,66.8,1,15.2,18.0,20
E02766,Fabián Soto,Base de Datos,2026-1,79.4,7.0,,4,12.3,11.6,5.6
E02767,Alonso Gutiérrez,Redes de Computadoras,2026-1,67.0,0,81.0,4,12.8,15.4,11.8
E02768,Renata Paredes,Lenguajes de Programación,2025-2,85.1,4.3,64.5,2,8.2,6.1,10.3
E02769,Gabriela Cabrera,Base de Datos,2026-1,62.9,7.0,48.5,1,13.4,9.5,10.2
E02770,Adrián Mendoza,Matemática Discreta,2025-2,30.1,7.3,86.6,2,14.2,12.0,9.2
E02771,Daniela Medina,Estructuras de Datos,2026-1,80.4,7.4,94.6,3,9.2,11.0,11.0
E02772,Valentina Espinoza,Redes de Computadoras,2025-2,98.2,11.9,81.6,2,16.7,16.7,12.4
E02773,Manuel Chávez,Matemática Discreta,2026-1,69.3,3.9,83.0,3,10.7,9.3,15.8
E02774,Sofía Cabrera,Base de Datos,2026-1,47.4,4.1,82.5,1,11.3,11.4,15.9
E02775,Adrián Cruz,Lenguajes de Programación,2026-1,65.2,8.3,69.0,5,15.7,14.0,7.9
E02776,Fabián Soto,Estructuras de Datos,2026-1,67.0,8.5,78.3,4,7.7,8.6,8.4
E02777,Jorge Cárdenas,Matemática Discreta,2026-1,93.8,8.2,78.7,3,15.3,13.1,18.7
E02778,Joaquín Rivas,Redes de Computadoras,2025-2,46.5,6.5,100,4,13.1,16.9,13.7
E02779,Zoe Huamán,Estructuras de Datos,2025-2,60.6,6.2,99.5,2,16.5,17.8,11.0
E02780,Vicente Torres,Lenguajes de Programación,2025-2,56.6,4.7,76.6,1,9.9,15.6,8.8
E02781,Renata Ramírez,Base de Datos,2026-1,76.8,7.4,70.2,3,12.4,20,16.7
E02782,Jorge Mendoza,Base de Datos,2025-2,55.7,7.8,66.1,1,16.2,10.7,9.2
E02783,Estefanía Quispe,Base de Datos,2026-1,78.5,9.3,75.7,4,7.8,10.1,10.9
E02784,Estefanía Cárdenas,Lenguajes de Programación,2026-1,35.8,10.7,96.4,4,12.8,15.2,13.0
E02785,Alonso Cárdenas,Estructuras de Datos,2026-1,50.4,7.1,100,3,14.0,12.4,11.8
E02786,Alejandra Vargas,Base de Datos,2026-1,82.2,2.9,62.7,2,8.7,8.2,6.8
E02787,Joaquín Torres,Matemática Discreta,2025-2,36.0,6.0,95.6,2,15.2,15.0,12.1
E02788,Valeria Gutiérrez,Base de Datos,2026-1,61.2,5.7,30.6,2,14.1,11.5,16.3
E02789,Diego Zapata,Matemática Discreta,2025-2,72.3,7.2,80.4,4,19.8,12.1,19.3
E02790,Isabela Quispe,Matemática Discreta,2026-1,60.4,10.1,99.7,1,15.2,17.4,17.5
E02791,Ana Palomino,Lenguajes de Programación,2026-1,57.8,5.2,90.6,2,15.6,14.6,12.1
E02792,Jorge Chávez,Estructuras de Datos,2025-2,85.8,3.9,76.8,2,8.5,15.0,10.4
E02793,Luis Cabrera,Estructuras de Datos,2025-2,68.9,13.6,51.8,3,8.5,7.7,12.8
E02794,Julio Huamán,Estructuras de Datos,2026-1,92.5,6.1,92.1,3,17.1,11.4,17.1
E02795,Natalia Pérez,Estructuras de Datos,2025-2,45.1,8.2,72.3,3,7.6,13.2,14.8
E02796,Fabián Rivas,Estructuras de Datos,2025-2,69.1,11.3,70.2,2,16.6,17.1,17.5
E02797,Andrés Quispe,Lenguajes de Programación,2025-2,70.9,5.7,78.4,5,13.5,15.3,14.0
E02798,Paula Cruz,Base de Datos,2026-1,64.0,10.8,82.4,2,15.0,13.4,14.5
E02799,Emilia Soto,Redes de Computadoras,2025-2,75.2,5.1,79.3,4,19.8,18.3,16.8
E02800,Alonso Salazar,Base de Datos,2025-2,51.8,11.1,86.7,1,20,20,15.8
E02801,Alejandra Delgado,Estructuras de Datos,2025-2,72.6,8.5,72.9,5,18.5,20,18.1
E02802,Julio Vega,Base de Datos,2025-2,74.7,6.8,73.9,1,14.3,13.4,15.9
E02803,Sebastián Castillo,Base de Datos,2026-1,64.7,9.5,70.2,3,8.6,11.1,12.1
E02804,Renata Chávez,Redes de Computadoras,2025-2,64.0,4.1,72.5,2,12.5,12.7,13.2
E02805,Renata Castillo,Redes de Computadoras,2025-2,91.8,1.7,83.6,3,7.9,6.1,10.6
E02806,Ricardo Soto,Redes de Computadoras,2025-2,83.4,2.3,57.4,3,6.7,12.0,11.8
E02807,Iván Vega,Base de Datos,2026-1,93.0,5.3,78.9,3,17.0,15.3,14.8
E02808,Isabela Medina,Redes de Computadoras,2026-1,55.2,1.3,77.7,4,,10.1,9.8
E02809,Adrián Paredes,Estructuras de Datos,2025-2,63.2,9.9,52.4,3,17.3,12.0,17.2
E02810,Valentina Chávez,Lenguajes de Programación,2025-2,74.0,4.7,97.3,2,20,20,20
E02811,Adrián Quispe,Estructuras de Datos,2025-2,49.1,3.7,70.8,3,10.7,12.6,11.5
E02812,Adrián Ponce,Estructuras de Datos,2026-1,43.3,0.2,77.9,2,16.8,15.8,16.3
E02813,Camila Soto,Estructuras de Datos,2026-1,77.6,5.2,46.0,4,13.1,14.0,14.8
E02814,Martina Zapata,Estructuras de Datos,2026-1,86.3,10.6,69.6,2,11.6,14.6,15.2
E02815,Luis Huamán,Lenguajes de Programación,2025-2,75.7,4.1,91.3,3,17.4,19.9,20
E02816,Iván Huamán,Redes de Computadoras,2026-1,55.8,5.1,84.2,3,13.8,12.1,10.2
E02817,Luis Medina,Redes de Computadoras,2025-2,63.4,10.7,97.4,1,15.8,9.8,12.0
E02818,Bruno Vega,Base de Datos,2026-1,93.4,13.8,76.9,2,13.8,15.5,10.6
E02819,María Mamani,Estructuras de Datos,2025-2,82.5,0.4,59.6,2,8.4,9.8,8.0
E02820,Emilio Vargas,Redes de Computadoras,2026-1,42.7,5.5,48.5,2,9.5,10.5,9.2
E02821,Manuel Castillo,Estructuras de Datos,2025-2,81.2,4.6,78.0,2,11.3,8.4,10.3
E02822,Emilia Paredes,Matemática Discreta,2026-1,71.4,0,59.5,2,13.3,14.4,13.3
E02823,Milagros Gutiérrez,Matemática Discreta,2025-2,93.3,10.5,54.7,3,15.8,14.7,12.4
E02824,Natalia Ortiz,Matemática Discreta,2026-1,56.7,9.1,100,3,16.3,12.6,16.2
E02825,Joaquín Torres,Matemática Discreta,2026-1,67.0,3.5,20.2,3,1.2,5.6,3.3
E02826,Rosa Torres,Estructuras de Datos,2026-1,68.0,9.2,75.0,2,11.7,7.1,5.6
E02827,Joaquín Flores,Matemática Discreta,2025-2,76.7,6.9,82.1,5,11.9,12.8,14.7
E02828,Lucía Ortiz,Redes de Computadoras,2025-2,84.3,4.2,84.0,1,16.5,18.1,15.7
E02829,Ricardo Reyes,Estructuras de Datos,2026-1,70.2,3.5,91.8,3,6.8,12.3,8.1
E02830,Vicente Castillo,Lenguajes de Programación,2026-1,63.4,6.8,71.1,2,11.7,12.1,11.1
E02831,Martina Zapata,Estructuras de Datos,2026-1,76.5,2.8,100,4,9.9,8.4,11.9
E02832,Lucía Soto,Lenguajes de Programación,2026-1,44.4,4.2,87.4,2,5.0,4.9,2.8
E02833,Fabián Mamani,Matemática Discreta,2026-1,74.9,7.5,79.3,5,17.9,11.4,12.6
E02834,Bruno Aguilar,Matemática Discreta,2026-1,88.6,8.1,75.3,4,12.1,14.6,16.4
E02835,María Medina,Base de Datos,2026-1,89.1,10.2,61.7,3,9.1,9.2,9.5
E02836,Miguel Torres,Lenguajes de Programación,2025-2,63.6,8.2,68.2,4,10.8,15.1,14.1
E02837,Joaquín Pérez,Estructuras de Datos,2026-1,58.6,4.6,84.6,2,10.6,6.7,8.0
E02838,Sebastián Vargas,Matemática Discreta,2025-2,69.5,1.5,86.2,5,13.0,11.1,7.5
E02839,Milagros Herrera,Base de Datos,2025-2,58.9,7.0,76.6,4,13.8,11.9,15.2
E02840,Bruno Flores,Estructuras de Datos,2026-1,87.2,1.9,95.1,2,10.8,9.6,9.4
E02841,Emilia Torres,Estructuras de Datos,2026-1,77.9,2.5,92.7,5,4.1,9.2,1.4
E02842,Camila López,Base de Datos,2025-2,96.0,0.1,93.7,3,16.1,11.2,16.7
E02843,Rodrigo García,Lenguajes de Programación,2025-2,89.1,6.1,68.7,3,20,20,20
E02844,Diego Mendoza,Base de Datos,2026-1,68.3,0,62.1,4,17.6,15.1,17.2
E02845,Manuel Aguilar,Matemática Discreta,2026-1,71.0,7.6,100,4,11.9,8.2,10.0
E02846,Milagros Aguilar,Redes de Computadoras,2025-2,64.4,7.1,68.2,1,14.5,16.8,17.0
E02847,Renata Cruz,Lenguajes de Programación,2026-1,45.4,1.4,64.3,3,16.5,14.5,15.6
E02848,Rodrigo Aguilar,Estructuras de Datos,2025-2,67.1,1.8,75.0,4,12.1,11.2,12.4
E02849,Ricardo Ponce,Lenguajes de Programación,2025-2,87.2,6.2,41.1,3,,2.9,3.0
E02850,Manuel Espinoza,Base de Datos,2026-1,57.5,5.6,95.9,4,16.7,16.9,9.7
E02851,Luis Pérez,Redes de Computadoras,2025-2,58.7,0.5,100,1,17.5,14.6,16.5
E02852,Franco Quispe,Estructuras de Datos,2026-1,84.2,2.8,75.7,5,12.0,10.7,11.2
E02853,Daniela Huamán,Matemática Discreta,2026-1,49.1,3.5,99.1,5,12.5,13.1,12.1
E02854,Fabián Sánchez,Base de Datos,2025-2,48.3,7.5,100,3,19.1,17.0,17.2
E02855,Manuel López,Lenguajes de Programación,2026-1,68.3,2.0,80.4,3,15.4,12.9,14.5
E02856,Emilio Paredes,Redes de Computadoras,2026-1,45.6,8.8,54.3,3,9.7,8.3,10.1
E02857,Antonella Ramírez,Redes de Computadoras,2025-2,51.5,10.1,50.8,3,15.0,12.3,12.7
E02858,Ximena Huamán,Redes de Computadoras,2026-1,100.0,7.5,67.8,4,18.0,14.8,12.8
E02859,Zoe Paredes,Base de Datos,2025-2,83.4,2.0,81.2,4,10.6,15.5,6.4
E02860,Camila García,Estructuras de Datos,2026-1,87.1,5.6,87.4,4,13.9,13.6,14.4
E02861,Natalia Rojas,Redes de Computadoras,2025-2,53.5,9.4,71.8,5,11.2,11.5,16.3
E02862,Emilia Castillo,Redes de Computadoras,2025-2,94.1,3.4,74.9,3,18.2,17.1,18.2
E02863,Nicolás Aguilar,Base de Datos,2025-2,79.9,9.2,52.6,4,13.8,12.7,13.6
E02864,Rodrigo Mendoza,Matemática Discreta,2026-1,53.8,3.4,83.2,5,12.7,15.2,11.9
E02865,Alejandra López,Lenguajes de Programación,2025-2,79.2,7.9,62.1,5,11.5,15.7,12.5
E02866,Martina Ortiz,Estructuras de Datos,2026-1,75.2,3.9,86.3,4,16.1,13.3,10.6
E02867,Franco Soto,Redes de Computadoras,2025-2,59.1,5.8,95.7,3,13.3,16.0,16.6
E02868,Franco Sánchez,Lenguajes de Programación,2025-2,75.6,6.9,74.9,5,15.6,8.8,16.2
E02869,Milagros Reyes,Lenguajes de Programación,2026-1,95.1,6.7,59.6,3,9.9,10.6,10.0
E02870,María Pérez,Redes de Computadoras,2025-2,66.6,2.7,85.3,4,14.4,17.1,13.9
E02871,Nicolás Castillo,Matemática Discreta,2026-1,73.2,1.2,55.0,2,19.9,20,20
E02872,Mateo García,Base de Datos,2026-1,72.2,8.0,70.7,3,20,20,20
E02873,Antonella Sánchez,Lenguajes de Programación,2026-1,69.0,4.4,98.6,5,10.8,8.8,6.6
E02874,Franco García,Lenguajes de Programación,2026-1,69.1,6.1,85.2,3,5.8,9.7,3.0
E02875,Mateo Soto,Estructuras de Datos,2025-2,40.1,12.1,100,1,1.4,1.0,1.1
E02876,Ana Pérez,Estructuras de Datos,2025-2,91.8,7.6,87.8,4,14.4,13.6,5.5
E02877,Antonella Ponce,Redes de Computadoras,2026-1,76.7,6.5,62.2,1,13.8,12.4,9.5
E02878,Daniela Rojas,Base de Datos,2026-1,51.2,5.0,61.9,3,18.5,17.2,15.9
E02879,Adrián Vargas,Matemática Discreta,2026-1,76.0,1.7,72.4,5,8.6,12.1,11.1
E02880,Luis Cruz,Redes de Computadoras,2025-2,48.7,7.6,93.0,5,19.9,20,14.5
E02881,Lucía Cárdenas,Estructuras de Datos,2026-1,57.6,2.6,71.1,2,8.2,8.5,6.9
E02882,Jorge Soto,Redes de Computadoras,2025-2,100,4.3,73.5,3,9.5,8.2,6.1
E02883,Manuel Rojas,Redes de Computadoras,2025-2,90.5,3.6,81.9,2,14.5,14.7,14.0
E02884,Fernanda Mamani,Matemática Discreta,2026-1,76.3,7.1,91.9,4,13.8,9.7,12.5
E02885,Milagros Herrera,Estructuras de Datos,2025-2,71.8,5.9,100,2,17.6,18.9,20
E02886,Alonso Flores,Estructuras de Datos,2025-2,75.4,8.3,76.8,4,13.5,14.1,18.0
E02887,Jorge Reyes,Estructuras de Datos,2026-1,62.4,4.1,85.7,5,20,17.3,20
E02888,Ricardo Quispe,Estructuras de Datos,2026-1,57.8,10.2,73.2,4,9.5,12.4,8.6
E02889,Jorge Rodríguez,Matemática Discreta,2026-1,71.3,4.3,81.8,2,17.9,17.5,18.0
E02890,Lucía Vargas,Matemática Discreta,2025-2,,4.7,70.0,5,10.5,11.6,11.0
E02891,Paula Palomino,Base de Datos,2026-1,100,0.3,50.3,3,12.3,12.8,14.8
E02892,Gabriela Alva,Estructuras de Datos,2025-2,94.3,0,46.0,1,20,15.2,15.5
E02893,Mateo Cabrera,Redes de Computadoras,2026-1,52.6,3.6,84.5,4,10.9,15.7,18.5
E02894,Isabela Vega,Redes de Computadoras,2026-1,48.6,6.4,52.4,2,15.1,13.5,12.1
E02895,Lucía Sánchez,Estructuras de Datos,2025-2,40.9,4.9,100,4,17.5,16.4,10.9
E02896,Sofía Pérez,Base de Datos,2026-1,92.2,2.5,84.3,3,7.4,2.6,4.1
E02897,Joaquín Medina,Base de Datos,2026-1,100,4.7,60.9,1,9.8,9.8,7.4
E02898,Zoe Mendoza,Estructuras de Datos,2025-2,78.9,3.4,36.6,4,18.3,15.0,15.0
E02899,Ana Ortiz,Base de Datos,2026-1,97.9,4.9,75.9,2,20,17.1,17.5
E02900,Miguel Ramírez,Redes de Computadoras,2025-2,93.1,8.0,87.1,4,8.5,8.2,8.1
E02901,Emilia Alva,Base de Datos,2026-1,79.3,9.1,75.3,3,17.9,8.8,10.0
E02902,Alejandra García,Estructuras de Datos,2026-1,80.1,6.3,66.5,3,12.5,,13.0
E02903,Daniela Gutiérrez,Lenguajes de Programación,2025-2,53.5,15.9,74.7,3,14.8,8.8,10.5
E02904,Bruno Mendoza,Redes de Computadoras,2026-1,62.3,6.1,68.8,5,8.4,10.0,9.0
E02905,Diego Cruz,Lenguajes de Programación,2025-2,81.4,0,48.4,1,13.9,7.2,11.7
E02906,Luis Mendoza,Lenguajes de Programación,2026-1,67.2,3.4,69.7,3,13.2,15.6,14.2
E02907,Ximena Huamán,Matemática Discreta,2026-1,61.8,8.8,71.0,3,3.7,,9.6
E02908,Bruno Huamán,Matemática Discreta,2026-1,100,0.1,59.4,1,16.0,16.8,15.3
E02909,Renata Zapata,Base de Datos,2025-2,57.7,5.8,58.6,2,13.5,12.0,15.6
E02910,Ricardo Quispe,Matemática Discreta,2026-1,74.4,2.5,81.4,5,15.1,14.0,16.1
E02911,Ana Quispe,Redes de Computadoras,2025-2,82.7,0,61.2,4,17.4,16.6,15.1
E02912,Antonella Reyes,Matemática Discreta,2026-1,74.5,10.5,94.9,1,20,20,20
E02913,Daniela Medina,Redes de Computadoras,2026-1,74.0,5.7,89.7,4,20,20,15.3
E02914,Tomás Paredes,Redes de Computadoras,2026-1,64.7,3.8,48.0,3,4.0,8.3,6.8
E02915,Sebastián Ortiz,Matemática Discreta,2025-2,81.6,2.3,91.0,2,7.7,9.5,10.9
E02916,Zoe Quispe,Matemática Discreta,2025-2,71.4,6.1,72.4,3,16.2,19.2,19.3
E02917,Sofía Mendoza,Estructuras de Datos,2025-2,94.1,5.1,100,5,10.4,12.8,11.7
E02918,Carlos Soto,Matemática Discreta,2026-1,77.5,9.2,67.0,1,4.0,5.5,8.3
E02919,Paula Zapata,Redes de Computadoras,2026-1,81.5,9.1,44.4,2,14.2,13.7,15.2
E02920,Estefanía Reyes,Estructuras de Datos,2026-1,95.8,2.5,96.0,2,13.0,10.1,9.9
E02921,Rosa Castillo,Estructuras de Datos,2026-1,57.8,2.5,100,3,16.0,20,14.5
E02922,Emilio Cárdenas,Base de Datos,2025-2,56.6,2.9,84.8,3,14.0,19.3,16.8
E02923,Emilia Cruz,Base de Datos,2025-2,68.6,0,82.7,5,7.0,5.7,3.2
E02924,María Alva,Base de Datos,2026-1,73.5,4.7,100,3,16.4,15.7,14.2
E02925,Valeria Cruz,Base de Datos,2025-2,47.2,7.3,91.2,4,17.7,20,17.5
E02926,Camila Reyes,Lenguajes de Programación,2025-2,65.5,6.1,98.6,3,12.2,13.9,12.7
E02927,Manuel Reyes,Redes de Computadoras,2026-1,71.2,9.6,69.2,4,14.6,10.2,19.6
E02928,Alonso Mendoza,Redes de Computadoras,2026-1,87.3,4.3,100,4,9.1,6.4,16.3
E02929,Tomás Flores,Matemática Discreta,2025-2,90.9,6.8,27.7,2,7.9,8.0,7.7
E02930,Ximena Espinoza,Lenguajes de Programación,2025-2,60.8,3.0,82.8,4,9.9,20,15.2
E02931,Camila Espinoza,Matemática Discreta,2026-1,86.2,1.4,72.5,3,16.9,12.5,12.9
E02932,Isabela López,Estructuras de Datos,2025-2,65.0,9.9,70.5,3,17.2,13.1,17.0
E02933,Isabela Torres,Lenguajes de Programación,2025-2,49.1,9.1,77.0,2,8.7,8.2,9.3
E02934,Carlos Ortiz,Estructuras de Datos,2025-2,72.5,0.8,72.4,3,7.3,12.3,7.3
E02935,Manuel García,Base de Datos,2025-2,60.3,14.9,99.2,4,14.3,17.7,11.6
E02936,Paula Rodríguez,Redes de Computadoras,2026-1,80.9,6.4,100,3,10.6,15.2,19.0
E02937,Sofía Sánchez,Base de Datos,2025-2,56.0,4.8,55.2,2,15.3,18.0,18.0
E02938,Daniela Delgado,Base de Datos,2026-1,68.7,6.6,100,3,8.9,2.9,5.4
E02939,Gabriela Mamani,Base de Datos,2026-1,82.1,8.9,63.9,3,20,20,20
E02940,Camila Paredes,Matemática Discreta,2025-2,71.5,8.4,67.8,2,11.6,12.2,10.4
E02941,Zoe Zapata,Redes de Computadoras,2025-2,54.5,7.7,66.3,1,12.3,11.8,9.8
E02942,Andrés Ponce,Lenguajes de Programación,2025-2,52.3,3.0,84.3,5,14.6,15.4,13.8
E02943,Jorge Espinoza,Lenguajes de Programación,2026-1,100,2.9,73.1,5,10.7,11.5,12.7
E02944,Zoe Huamán,Matemática Discreta,2026-1,61.6,6.1,90.2,3,15.5,15.8,16.0
E02945,Ximena Vargas,Lenguajes de Programación,2025-2,81.0,4.1,68.0,3,14.7,14.8,15.5
E02946,Camila Ramírez,Base de Datos,2026-1,88.1,8.0,89.0,3,17.1,20,15.5
E02947,Gabriela Reyes,Matemática Discreta,2026-1,59.4,11.2,77.5,3,13.4,14.4,16.1
E02948,Alejandra Quispe,Matemática Discreta,2025-2,58.3,7.6,77.1,3,15.0,16.7,20
E02949,Milagros Medina,Estructuras de Datos,2026-1,42.2,9.6,53.4,4,13.1,11.0,11.4
E02950,Sebastián Torres,Estructuras de Datos,2025-2,48.3,3.4,65.3,4,18.4,20,18.1
E02951,Andrés Cabrera,Estructuras de Datos,2025-2,73.2,8.7,40.3,4,15.2,9.1,10.9
E02952,Vicente Ortiz,Lenguajes de Programación,2025-2,87.7,8.8,75.3,3,20,20,20
E02953,Emilio Torres,Redes de Computadoras,2025-2,97.5,9.3,83.8,3,9.8,10.5,11.7
E02954,Sebastián Salazar,Matemática Discreta,2026-1,78.3,4.9,35.8,2,11.7,9.1,14.0
E02955,Ximena Delgado,Redes de Computadoras,2025-2,74.9,2.0,77.1,5,12.3,14.0,13.6
E02956,Lucía Ramírez,Matemática Discreta,2025-2,83.0,9.6,59.8,4,13.6,,12.9
E02957,Alejandra Cruz,Lenguajes de Programación,2026-1,59.0,5.9,89.1,5,5.0,13.8,9.3
E02958,Rosa Salazar,Redes de Computadoras,2026-1,62.0,7.4,72.0,2,16.6,13.1,13.2
E02959,Milagros Ortiz,Base de Datos,2025-2,46.9,0.4,48.3,5,12.9,15.1,12.7
E02960,Lucía Delgado,Lenguajes de Programación,2025-2,47.3,9.6,100,4,6.8,4.7,8.3
E02961,Nicolás Aguilar,Base de Datos,2025-2,43.1,9.8,65.9,4,14.7,17.6,16.6
E02962,Isabela Reyes,Base de Datos,2026-1,73.5,11.6,100,3,17.8,11.9,12.7
E02963,Tomás Delgado,Estructuras de Datos,2025-2,36.9,7.9,65.2,3,10.3,10.5,10.8
E02964,Luis Espinoza,Matemática Discreta,2025-2,59.7,11.5,100,3,12.2,12.2,13.1
E02965,Joaquín Sánchez,Redes de Computadoras,2025-2,71.9,10.1,54.4,5,14.6,14.0,14.5
E02966,Ana Rojas,Base de Datos,2025-2,67.2,7.6,41.8,5,18.0,20,17.1
E02967,Alejandra Espinoza,Lenguajes de Programación,2026-1,80.6,2.3,81.3,5,13.7,11.9,15.4
E02968,Ximena Salazar,Redes de Computadoras,2026-1,55.9,0,92.7,2,8.4,8.6,9.0
E02969,Andrés Soto,Redes de Computadoras,2026-1,84.0,4.2,62.3,2,8.0,10.5,14.4
E02970,Mateo Ponce,Lenguajes de Programación,2025-2,80.6,4.2,38.9,2,8.9,13.3,11.8
E02971,Antonella Huamán,Redes de Computadoras,2026-1,97.3,1.2,73.7,3,18.9,15.3,17.4
E02972,Ana Vargas,Redes de Computadoras,2026-1,64.8,13.1,62.5,2,9.3,11.0,14.0
E02973,Iván Mamani,Lenguajes de Programación,2025-2,70.6,4.3,85.4,2,15.3,12.1,12.9
E02974,Gabriela Salazar,Base de Datos,2026-1,75.8,5.5,77.7,4,7.8,12.9,9.4
E02975,Alejandra Quispe,Lenguajes de Programación,2025-2,58.8,7.1,61.8,5,11.6,8.6,8.1
E02976,Renata Ponce,Redes de Computadoras,2026-1,100,3.6,58.3,4,4.5,0,6.4
E02977,Bruno Zapata,Estructuras de Datos,2025-2,76.1,8.4,67.9,3,20,20,20
E02978,Sofía Zapata,Base de Datos,2026-1,65.1,0,34.8,3,5.9,5.7,4.4
E02979,Sebastián Flores,Lenguajes de Programación,2025-2,70.5,0,57.8,3,16.0,17.8,15.7
E02980,Iván Paredes,Lenguajes de Programación,2026-1,87.7,8.3,100,2,8.9,7.6,10.7
E02981,Isabela Ortiz,Estructuras de Datos,2025-2,51.9,9.5,55.6,3,9.5,9.5,12.7
E02982,Milagros Pérez,Redes de Computadoras,2025-2,91.6,2.6,85.1,2,10.9,8.8,6.9
E02983,Sofía Ortiz,Matemática Discreta,2026-1,58.5,11.0,41.5,3,16.5,19.0,15.5
E02984,Camila Paredes,Redes de Computadoras,2026-1,75.2,4.9,71.1,2,11.1,9.2,10.5
E02985,Rosa Gutiérrez,Redes de Computadoras,2026-1,66.5,5.8,,2,13.8,9.2,10.5
E02986,Ricardo Ortiz,Lenguajes de Programación,2026-1,65.0,0,52.8,5,4.0,10.0,1.7
E02987,Sofía Mendoza,Lenguajes de Programación,2026-1,42.2,7.7,68.5,2,10.5,10.1,8.5
E02988,Estefanía Chávez,Matemática Discreta,2026-1,73.5,10.5,68.3,2,16.4,14.0,14.5
E02989,Andrés Zapata,Base de Datos,2025-2,93.8,6.0,97.0,3,12.8,10.1,17.3
E02990,Estefanía Soto,Base de Datos,2026-1,74.4,3.0,100,2,11.5,8.7,6.7
E02991,Zoe Medina,Redes de Computadoras,2025-2,92.5,8.6,84.1,4,11.2,15.9,14.0
E02992,Valentina Castillo,Base de Datos,2026-1,74.6,5.8,62.9,2,13.2,17.8,12.1
E02993,Paula Ortiz,Matemática Discreta,2025-2,60.8,2.2,48.9,2,12.4,9.3,15.4
E02994,Emilio Mamani,Estructuras de Datos,2025-2,75.7,6.4,66.8,4,18.5,20,19.0
E02995,Manuel Rivas,Estructuras de Datos,2026-1,97.2,8.0,57.7,3,13.4,7.2,12.2
E02996,Alejandra Reyes,Redes de Computadoras,2025-2,67.7,4.9,90.9,2,8.7,10.4,9.4
E02997,Emilio Mendoza,Lenguajes de Programación,2025-2,100,2.3,75.9,3,10.3,11.9,10.4
E02998,Julio Cabrera,Base de Datos,2026-1,74.6,2.9,100,2,11.1,15.8,14.3
E02999,Manuel Quispe,Lenguajes de Programación,2026-1,100,8.5,76.9,2,13.6,15.0,6.6
E03000,Daniela Ponce,Matemática Discreta,2026-1,47.0,4.9,100,3,10.8,8.3,11.3
E03001,Fabián Salazar,Estructuras de Datos,2025-2,96.2,0,66.5,3,8.6,14.2,11.8
E03002,Carlos Vega,Lenguajes de Programación,2025-2,63.4,7.8,91.5,3,13.4,6.5,8.3
E03003,María Paredes,Estructuras de Datos,2026-1,75.3,3.2,84.8,1,10.5,13.1,12.7
E03004,Isabela Rojas,Lenguajes de Programación,2026-1,63.2,8.2,88.4,3,12.7,12.3,12.0
E03005,Julio Palomino,Redes de Computadoras,2026-1,76.9,8.2,98.3,4,20,,11.8
E03006,Milagros Castillo,Lenguajes de Programación,2025-2,53.4,6.0,78.2,2,11.8,11.5,16.1
E03007,Franco Paredes,Lenguajes de Programación,2025-2,96.4,5.8,74.1,4,20,19.9,20
E03008,Camila Huamán,Lenguajes de Programación,2025-2,68.5,6.6,81.8,4,7.7,14.3,15.5
E03009,Adrián Rivas,Lenguajes de Programación,2025-2,60.9,6.9,81.7,4,15.3,13.3,11.3
E03010,Estefanía Zapata,Redes de Computadoras,2025-2,76.2,3.3,59.6,4,11.5,,16.6
E03011,Gabriela Aguilar,Base de Datos,2025-2,60.6,3.8,73.8,4,16.4,15.9,15.0
E03012,Bruno Quispe,Lenguajes de Programación,2026-1,53.6,7.2,84.1,4,8.7,5.8,10.3
E03013,Natalia Herrera,Base de Datos,2026-1,100,10.8,,2,8.8,18.2,12.9
E03014,Franco García,Lenguajes de Programación,2026-1,70.5,5.9,55.0,2,13.9,19.3,20.0
E03015,Antonella Chávez,Base de Datos,2025-2,43.4,13.1,87.6,3,17.7,16.2,18.9
E03016,Adrián Gutiérrez,Base de Datos,2026-1,76.6,4.7,94.0,2,20,20,20
E03017,Ricardo Quispe,Lenguajes de Programación,2025-2,94.5,9.2,100,4,14.4,13.4,12.2
E03018,Emilia Salazar,Estructuras de Datos,2026-1,100,4.0,85.3,2,15.2,18.2,12.1
E03019,Renata Gutiérrez,Redes de Computadoras,2025-2,73.1,12.9,97.3,3,10.9,12.1,11.8
E03020,Diego Zapata,Estructuras de Datos,2026-1,61.5,3.1,66.7,4,17.5,15.8,16.3
E03021,Sebastián Espinoza,Base de Datos,2026-1,74.3,11.0,78.7,2,20,20,18.3
E03022,Estefanía Aguilar,Estructuras de Datos,2026-1,55.5,1.9,50.1,2,15.2,15.5,17.3
E03023,Mateo Zapata,Matemática Discreta,2026-1,85.4,0.2,70.8,1,8.8,6.9,3.5
E03024,Andrés Flores,Estructuras de Datos,2026-1,73.6,2.8,100,3,8.6,6.2,4.5
E03025,Sebastián Medina,Redes de Computadoras,2025-2,68.7,6.7,75.9,5,17.2,17.7,18.9
E03026,Rodrigo Salazar,Base de Datos,2026-1,49.6,3.6,43.7,2,14.6,13.7,18.3
E03027,Estefanía Ponce,Base de Datos,2026-1,73.9,6.2,35.3,5,12.5,17.4,10.8
E03028,Zoe Zapata,Matemática Discreta,2025-2,73.4,4.9,65.7,2,16.4,17.8,14.2
E03029,Julio Vargas,Redes de Computadoras,2025-2,85.3,8.6,69.0,1,15.3,16.8,12.2
E03030,Jorge Rodríguez,Base de Datos,2025-2,53.4,3.2,73.9,1,16.2,19.0,18.3
E03031,Iván Palomino,Estructuras de Datos,2025-2,63.2,3.1,100,2,17.8,15.5,15.4
E03032,Mateo Soto,Redes de Computadoras,2026-1,37.9,0.8,89.8,3,12.1,15.1,18.8
E03033,Carlos Chávez,Base de Datos,2026-1,75.3,3.7,100,5,14.0,13.8,12.2
E03034,Alejandra Rojas,Matemática Discreta,2026-1,52.9,8.2,86.0,4,7.5,8.9,9.1
E03035,Vicente Espinoza,Lenguajes de Programación,2025-2,31.1,11.5,46.7,3,16.4,13.1,15.8
E03036,Estefanía García,Lenguajes de Programación,2026-1,75.1,0,58.6,3,7.1,5.0,9.1
E03037,Fabián Rojas,Redes de Computadoras,2025-2,90.7,1.0,78.8,3,20,20,20
E03038,Ximena Mendoza,Lenguajes de Programación,2026-1,42.6,9.4,96.7,2,10.4,11.9,11.9
E03039,Fabián Aguilar,Estructuras de Datos,2025-2,76.4,11.8,75.7,3,15.1,11.0,19.2
E03040,Martina Delgado,Lenguajes de Programación,2025-2,75.3,5.3,78.4,3,16.1,,14.6
E03041,Manuel Rodríguez,Estructuras de Datos,2026-1,42.9,9.9,66.2,4,10.0,11.2,17.7
E03042,Ricardo Pérez,Redes de Computadoras,2025-2,59.6,10.0,68.3,4,13.2,15.8,9.8
E03043,Sebastián Rivas,Redes de Computadoras,2026-1,66.5,0.7,70.8,4,12.6,14.6,10.6
E03044,Carlos Flores,Estructuras de Datos,2026-1,64.2,9.1,51.1,3,11.2,9.9,9.8
E03045,Fernanda Sánchez,Base de Datos,2026-1,100,7.6,44.1,2,6.4,8.8,7.0
E03046,Adrián Huamán,Lenguajes de Programación,2025-2,79.4,6.0,91.7,3,15.0,12.9,18.5
E03047,Milagros Salazar,Redes de Computadoras,2025-2,89.7,0.2,92.5,4,10.3,6.4,7.6
E03048,Vicente Soto,Base de Datos,2025-2,77.8,5.3,93.4,2,13.2,12.3,11.2
E03049,Ana Rojas,Estructuras de Datos,2026-1,75.1,14.4,72.8,1,12.8,18.8,10.5
E03050,Adrián Flores,Redes de Computadoras,2026-1,75.0,0.9,90.3,2,14.3,13.1,15.5
E03051,Isabela Mamani,Lenguajes de Programación,2025-2,81.0,1.7,73.2,2,7.1,12.1,9.1
E03052,Fabián Ponce,Redes de Computadoras,2025-2,58.2,5.2,59.9,3,9.7,9.0,7.9
E03053,Valentina Cruz,Base de Datos,2025-2,38.2,7.1,62.7,1,19.3,20,20
E03054,Franco Vargas,Base de Datos,2025-2,76.6,6.8,64.7,4,12.5,11.7,13.9
E03055,Camila Quispe,Lenguajes de Programación,2025-2,54.6,2.9,84.6,4,13.4,12.2,11.7
E03056,Luis Reyes,Redes de Computadoras,2025-2,78.7,0,70.3,2,11.4,17.8,16.3
E03057,María García,Redes de Computadoras,2025-2,81.8,2.6,98.6,4,19.8,20,16.3
E03058,Mateo Huamán,Matemática Discreta,2025-2,96.1,11.4,63.5,5,10.6,6.4,9.8
E03059,Alonso Reyes,Lenguajes de Programación,2025-2,36.4,5.1,57.8,2,12.2,8.2,12.7
E03060,Fabián Chávez,Estructuras de Datos,2026-1,83.7,6.8,86.9,4,15.5,11.4,13.9
E03061,Joaquín Alva,Redes de Computadoras,2026-1,94.2,8.5,87.7,3,16.0,12.9,17.4
E03062,Ana López,Lenguajes de Programación,2025-2,75.3,7.6,82.5,3,10.9,11.2,10.3
E03063,Luis Vega,Base de Datos,2025-2,100,9.9,69.1,3,8.0,6.1,6.7
E03064,Milagros Vargas,Redes de Computadoras,2025-2,71.8,8.7,91.6,3,13.3,7.5,12.9
E03065,Isabela Cárdenas,Estructuras de Datos,2025-2,78.3,5.2,71.0,2,3.5,8.2,8.6
E03066,María Chávez,Redes de Computadoras,2026-1,80.8,9.3,83.2,5,19.0,20,20
E03067,Miguel Ponce,Lenguajes de Programación,2025-2,77.4,6.5,100,3,17.5,17.0,15.3
E03068,Vicente Zapata,Lenguajes de Programación,2025-2,65.7,9.0,83.7,1,8.9,8.2,4.5
E03069,Ricardo Cabrera,Base de Datos,2025-2,,3.2,35.0,4,14.2,9.8,11.6
E03070,Estefanía Cárdenas,Estructuras de Datos,2025-2,69.6,10.7,95.3,2,19.6,20,17.6
E03071,Iván Paredes,Lenguajes de Programación,2026-1,95.1,5.4,83.4,3,16.0,12.8,16.8
E03072,Adrián Salazar,Base de Datos,2025-2,58.9,3.4,69.7,4,12.0,16.1,13.8
E03073,Martina Rodríguez,Matemática Discreta,2025-2,66.0,4.7,99.6,2,10.1,7.3,12.6
E03074,Ana Flores,Matemática Discreta,2026-1,67.2,14.4,65.7,3,15.4,19.7,15.1
E03075,Isabela Soto,Lenguajes de Programación,2026-1,87.6,7.0,75.7,4,13.4,17.7,12.5
E03076,Diego López,Matemática Discreta,2026-1,71.6,8.8,66.6,2,13.9,13.0,9.6
E03077,Franco Vega,Estructuras de Datos,2025-2,100,8.0,100,2,14.6,13.6,8.1
E03078,Rosa López,Base de Datos,2026-1,36.2,6.8,51.5,3,12.4,10.3,12.8
E03079,Fabián García,Redes de Computadoras,2025-2,93.7,3.5,83.2,4,13.8,13.5,20
E03080,Camila Quispe,Base de Datos,2026-1,66.2,8.6,86.1,5,12.3,9.6,9.3
E03081,Rosa Cabrera,Redes de Computadoras,2026-1,60.0,5.0,80.6,2,8.7,0.6,8.2
E03082,Alonso García,Redes de Computadoras,2026-1,78.7,7.7,95.3,5,18.7,18.7,15.0
E03083,Isabela Quispe,Lenguajes de Programación,2026-1,65.1,0,73.4,3,7.3,9.2,6.8
E03084,Iván López,Matemática Discreta,2026-1,83.9,5.7,92.9,4,7.9,13.8,4.7
E03085,Natalia Reyes,Matemática Discreta,2026-1,88.4,3.5,75.1,3,19.3,16.1,19.6
E03086,Adrián López,Redes de Computadoras,2025-2,94.3,5.2,71.1,4,12.8,11.5,17.8
E03087,Valentina Reyes,Matemática Discreta,2026-1,65.3,6.7,90.8,3,12.6,18.0,16.0
E03088,Martina Gutiérrez,Matemática Discreta,2025-2,65.4,4.2,81.8,3,11.3,7.0,7.5
E03089,Tomás Gutiérrez,Lenguajes de Programación,2025-2,58.9,9.4,70.2,4,16.5,15.1,14.8
E03090,Joaquín Reyes,Estructuras de Datos,2025-2,52.1,2.8,83.8,3,14.2,10.5,6.0
E03091,Estefanía Herrera,Estructuras de Datos,2025-2,86.3,4.7,65.8,3,11.5,10.7,13.4
E03092,Diego Quispe,Base de Datos,2026-1,91.6,4.2,70.8,2,14.2,16.4,16.2
E03093,Alejandra Rojas,Matemática Discreta,2026-1,76.7,5.2,82.5,4,19.0,14.9,15.2
E03094,Antonella Torres,Estructuras de Datos,2025-2,46.9,4.6,55.7,2,11.1,8.8,11.7
E03095,Luis Cruz,Base de Datos,2026-1,73.5,7.2,62.1,2,12.9,14.4,14.4
E03096,Daniela Vargas,Redes de Computadoras,2026-1,75.2,11.9,45.5,4,17.1,17.7,18.1
E03097,Iván Chávez,Base de Datos,2025-2,44.5,9.0,73.2,3,18.7,,18.9
E03098,Ricardo Paredes,Lenguajes de Programación,2026-1,54.6,4.7,54.2,1,13.5,20,20
E03099,Valeria Zapata,Lenguajes de Programación,2025-2,78.8,2.4,65.3,2,20,16.6,20
E03100,Nicolás Rodríguez,Base de Datos,2025-2,34.8,1.2,81.1,2,17.8,11.1,19.2
E03101,Rodrigo Espinoza,Matemática Discreta,2026-1,57.6,6.9,84.4,3,20,16.6,18.3
E03102,Gabriela Gutiérrez,Lenguajes de Programación,2025-2,65.4,12.6,83.3,3,16.3,12.8,18.7
E03103,Lucía Herrera,Lenguajes de Programación,2025-2,88.3,11.6,80.4,3,12.2,8.7,16.0
E03104,Fernanda Espinoza,Matemática Discreta,2025-2,69.8,11.9,91.8,2,7.7,9.1,15.6
E03105,Martina Castillo,Base de Datos,2026-1,75.7,3.3,99.1,3,12.7,18.8,11.9
E03106,Fernanda Rivas,Matemática Discreta,2026-1,90.3,8.4,94.1,4,10.2,10.0,7.9
E03107,Joaquín Huamán,Matemática Discreta,2025-2,74.8,5.8,74.6,3,8.6,10.6,13.7
E03108,Fernanda Espinoza,Lenguajes de Programación,2025-2,66.5,3.5,89.8,3,14.3,15.9,15.3
E03109,Antonella Vargas,Matemática Discreta,2025-2,84.4,3.8,53.4,3,17.5,16.1,17.2
E03110,Bruno Espinoza,Redes de Computadoras,2025-2,68.8,6.1,96.3,4,12.9,14.7,14.1
E03111,Ricardo Delgado,Estructuras de Datos,2026-1,86.4,5.5,94.3,2,13.5,17.2,17.9
E03112,Gabriela Mamani,Lenguajes de Programación,2026-1,100,12.9,78.3,2,14.6,20,19.1
E03113,Estefanía Paredes,Matemática Discreta,2025-2,48.6,9.6,79.9,1,7.8,6.4,12.5
E03114,Sebastián Espinoza,Base de Datos,2026-1,65.9,4.1,53.4,1,2.3,5.2,9.3
E03115,Manuel López,Lenguajes de Programación,2026-1,81.1,1.0,62.6,1,10.2,4.2,5.4
E03116,Emilia Ramírez,Redes de Computadoras,2025-2,64.4,3.0,99.3,2,19.0,12.5,15.6
E03117,Alejandra Delgado,Base de Datos,2026-1,98.4,4.7,77.4,3,12.3,14.2,20
E03118,Zoe Flores,Lenguajes de Programación,2025-2,25.1,6.1,97.4,3,18.6,17.7,16.9
E03119,Valentina Sánchez,Redes de Computadoras,2026-1,60.7,3.9,68.4,3,19.7,16.8,12.7
E03120,Daniela Rojas,Estructuras de Datos,2026-1,100,10.6,62.2,4,11.5,8.5,13.6
E03121,Paula Aguilar,Lenguajes de Programación,2026-1,59.6,2.6,94.8,2,12.5,14.5,15.3
E03122,Ximena Huamán,Lenguajes de Programación,2025-2,100,8.8,82.0,2,11.3,9.7,16.8
E03123,Ana Reyes,Lenguajes de Programación,2026-1,85.9,9.7,98.5,4,17.5,17.9,13.9
E03124,Ana Reyes,Redes de Computadoras,2025-2,100,2.5,73.3,2,13.3,16.3,18.2
E03125,Miguel Soto,Lenguajes de Programación,2026-1,59.2,5.9,63.9,4,15.3,16.3,17.8
E03126,Valeria García,Redes de Computadoras,2025-2,67.3,6.2,66.8,1,7.4,3.8,5.0
E03127,Nicolás Medina,Lenguajes de Programación,2025-2,59.8,5.5,93.7,3,18.4,20,11.1
E03128,Daniela Vargas,Estructuras de Datos,2026-1,94.1,5.5,74.8,3,11.5,4.1,13.2
E03129,Alejandra Zapata,Estructuras de Datos,2026-1,40.2,5.7,96.6,3,17.6,12.3,15.7
E03130,Daniela Vargas,Redes de Computadoras,2025-2,91.2,10.4,93.7,3,10.8,7.8,8.0
E03131,Camila Gutiérrez,Redes de Computadoras,2025-2,,10.0,63.5,3,8.2,12.0,10.9
E03132,Estefanía Huamán,Base de Datos,2025-2,100,5.5,61.6,4,13.6,8.1,6.4
E03133,Joaquín Delgado,Redes de Computadoras,2025-2,71.6,9.9,98.8,3,7.1,13.6,12.9
E03134,Jorge Cruz,Base de Datos,2025-2,43.7,3.0,96.1,3,5.9,7.1,13.5
E03135,Manuel Flores,Lenguajes de Programación,2025-2,91.2,5.5,70.4,2,12.2,12.0,15.3
E03136,Martina Alva,Estructuras de Datos,2026-1,74.9,6.1,70.7,2,11.8,16.3,14.4
E03137,Alonso Herrera,Estructuras de Datos,2026-1,84.5,4.1,93.5,4,17.9,13.4,13.2
E03138,Carlos Aguilar,Lenguajes de Programación,2026-1,78.7,6.5,66.9,4,16.2,6.9,8.3
E03139,Fabián Pérez,Matemática Discreta,2025-2,61.5,9.6,39.6,5,16.5,15.2,18.1
E03140,Ricardo Reyes,Base de Datos,2025-2,74.3,3.3,45.0,3,5.9,8.9,5.2
E03141,Lucía Mendoza,Base de Datos,2026-1,61.6,9.3,92.9,4,8.0,12.2,10.3
E03142,Paula Sánchez,Estructuras de Datos,2025-2,73.9,10.9,49.3,3,13.1,13.0,9.9
E03143,Manuel Espinoza,Estructuras de Datos,2025-2,51.0,8.5,64.4,3,15.1,14.5,12.4
E03144,Isabela Ponce,Estructuras de Datos,2026-1,67.8,6.1,90.1,4,13.0,14.2,11.3
E03145,Jorge Gutiérrez,Base de Datos,2026-1,41.3,10.6,73.9,2,10.7,10.6,3.9
E03146,Fernanda Delgado,Lenguajes de Programación,2026-1,61.9,6.0,34.6,3,14.5,20,15.2
E03147,Vicente Herrera,Base de Datos,2026-1,73.3,9.7,72.0,3,8.9,9.9,11.9
E03148,Miguel Rivas,Base de Datos,2026-1,64.4,7.4,87.5,2,15.9,17.2,15.1
E03149,Estefanía Aguilar,Matemática Discreta,2026-1,78.0,7.2,72.3,3,12.7,15.5,13.9
E03150,Emilio Vargas,Lenguajes de Programación,2026-1,89.2,7.8,84.7,1,10.0,10.6,11.3
E03151,Adrián Medina,Base de Datos,2025-2,76.1,2.0,65.0,4,18.5,9.2,10.7
E03152,Natalia Herrera,Lenguajes de Programación,2026-1,79.2,13.6,79.7,5,6.5,12.0,8.9
E03153,Nicolás Mendoza,Redes de Computadoras,2025-2,57.0,4.3,100,1,10.3,13.9,13.5
E03154,Camila Flores,Redes de Computadoras,2025-2,58.1,5.1,77.3,3,14.0,11.8,14.3
E03155,Andrés Rojas,Base de Datos,2025-2,55.0,6.9,49.5,2,7.5,10.7,10.4
E03156,María Vega,Lenguajes de Programación,2025-2,83.2,8.1,100,4,14.5,17.0,18.7
E03157,Ximena Rodríguez,Matemática Discreta,2026-1,67.9,3.5,80.8,5,13.1,9.4,15.0
E03158,Manuel Rodríguez,Redes de Computadoras,2026-1,52.5,6.5,46.0,4,9.0,1.7,5.7
E03159,Lucía Paredes,Redes de Computadoras,2026-1,70.8,5.8,53.0,4,9.1,10.6,10.6
E03160,Ximena Zapata,Lenguajes de Programación,2026-1,94.2,4.4,,5,12.5,13.2,10.7
E03161,Emilia Mendoza,Estructuras de Datos,2025-2,75.3,4.1,55.8,3,20,19.9,20
E03162,Ana Delgado,Estructuras de Datos,2025-2,46.7,3.4,89.3,3,15.6,18.2,15.8
E03163,Iván Sánchez,Estructuras de Datos,2026-1,86.6,4.7,99.4,3,12.8,9.2,13.3
E03164,Emilio Cabrera,Lenguajes de Programación,2025-2,26.0,8.3,70.8,3,15.1,15.4,9.2
E03165,Paula Rivas,Lenguajes de Programación,2025-2,48.6,9.9,86.6,3,17.0,19.9,20
E03166,Vicente Gutiérrez,Lenguajes de Programación,2025-2,55.1,3.4,100,3,12.7,12.3,11.1
E03167,Adrián Soto,Base de Datos,2025-2,68.0,9.8,87.3,3,10.0,10.1,9.9
E03168,Isabela Cabrera,Estructuras de Datos,2025-2,86.0,5.8,77.6,3,4.3,4.7,8.4
E03169,Ximena Soto,Estructuras de Datos,2025-2,79.0,14.1,67.8,2,9.6,6.7,11.4
E03170,Andrés Torres,Base de Datos,2025-2,58.3,0.3,94.5,3,11.1,10.4,9.5
E03171,Martina Vega,Redes de Computadoras,2025-2,19.2,5.5,52.2,1,13.7,9.0,3.8
E03172,Estefanía Rivas,Lenguajes de Programación,2025-2,90.2,5.6,68.2,2,13.6,12.1,18.3
E03173,Daniela Herrera,Base de Datos,2025-2,77.6,4.5,61.8,2,15.6,,20.0
E03174,Camila Cárdenas,Redes de Computadoras,2025-2,99.3,2.5,80.3,4,4.8,8.7,4.9
E03175,Iván Castillo,Estructuras de Datos,2025-2,67.7,8.7,95.4,2,15.3,14.6,13.0
E03176,Iván Ortiz,Estructuras de Datos,2026-1,59.3,7.2,92.0,3,11.6,9.9,9.5
E03177,Lucía Palomino,Lenguajes de Programación,2025-2,73.5,7.2,79.6,2,20,17.3,20
E03178,Sofía Cárdenas,Base de Datos,2026-1,58.8,10.7,65.5,3,13.0,13.9,10.2
E03179,Camila Rodríguez,Estructuras de Datos,2026-1,74.5,3.3,47.9,1,15.6,14.7,15.6
E03180,Zoe Espinoza,Base de Datos,2026-1,62.9,7.0,80.3,4,14.7,11.3,16.6
E03181,Joaquín Palomino,Base de Datos,2025-2,83.0,4.6,81.9,2,15.0,,7.8
E03182,Alonso Cabrera,Matemática Discreta,2025-2,37.8,3.0,64.3,3,17.4,16.2,16.9
E03183,Ana Salazar,Estructuras de Datos,2025-2,81.9,8.5,71.3,4,10.8,11.6,8.2
E03184,Adrián Rojas,Matemática Discreta,2025-2,46.7,8.6,100,5,15.0,16.4,15.2
E03185,Valentina Paredes,Base de Datos,2025-2,62.0,7.0,94.7,5,8.8,12.9,11.2
E03186,Alejandra Herrera,Matemática Discreta,2026-1,80.4,3.4,,4,18.2,20,16.4
E03187,Bruno Delgado,Redes de Computadoras,2026-1,49.9,9.6,99.6,1,10.0,5.3,10.9
E03188,Joaquín Vega,Base de Datos,2025-2,36.9,1.9,100,5,14.9,14.5,13.6
E03189,Miguel Rodríguez,Redes de Computadoras,2025-2,64.1,7.5,67.7,1,19.2,16.4,16.4
E03190,Manuel García,Matemática Discreta,2026-1,71.6,0.8,79.9,3,17.2,17.7,15.9
E03191,Estefanía Vega,Estructuras de Datos,2026-1,84.9,0.6,85.6,4,18.1,16.3,9.5
E03192,Miguel Pérez,Lenguajes de Programación,2025-2,92.7,4.4,57.4,2,12.9,9.7,11.8
E03193,Andrés Mendoza,Matemática Discreta,2026-1,95.1,4.7,69.4,4,13.2,13.4,13.7
E03194,Tomás Rivas,Base de Datos,2026-1,54.3,1.6,68.4,3,9.5,15.2,16.4
E03195,Ricardo Zapata,Matemática Discreta,2025-2,,7.4,78.2,3,5.8,10.3,9.1
E03196,Franco López,Lenguajes de Programación,2025-2,62.8,0,74.5,1,15.8,13.9,11.3
E03197,Sofía Rojas,Lenguajes de Programación,2026-1,69.5,3.5,84.6,3,13.5,11.3,12.8
E03198,Daniela Ramírez,Base de Datos,2025-2,96.2,6.8,94.9,5,0,6.0,0
E03199,Rosa Espinoza,Base de Datos,2026-1,,5.1,96.9,4,13.2,8.9,17.3
E03200,Lucía Gutiérrez,Matemática Discreta,2026-1,81.3,0.1,73.5,3,14.2,10.9,12.6
E03201,Lucía Ponce,Redes de Computadoras,2025-2,68.2,7.5,77.0,4,15.5,12.9,11.7
E03202,Alejandra López,Estructuras de Datos,2025-2,57.2,7.1,57.8,3,17.2,18.6,19.7
E03203,Antonella Cabrera,Lenguajes de Programación,2026-1,86.9,11.7,86.1,5,14.8,20,16.0
E03204,Lucía Paredes,Redes de Computadoras,2025-2,77.4,5.9,84.3,3,17.8,13.2,17.3
E03205,Camila Sánchez,Lenguajes de Programación,2026-1,71.0,6.6,60.3,5,9.1,5.9,10.3
E03206,Paula Ramírez,Base de Datos,2026-1,65.9,11.3,72.8,1,9.7,11.5,12.4
E03207,Fabián Torres,Base de Datos,2026-1,73.0,4.8,57.8,2,12.3,20,16.4
E03208,Diego Soto,Base de Datos,2026-1,92.5,2.0,75.3,4,15.1,11.9,10.1
E03209,Paula Vargas,Redes de Computadoras,2026-1,72.7,3.7,56.8,3,7.5,6.9,11.8
E03210,Miguel Delgado,Lenguajes de Programación,2025-2,70.9,4.1,71.8,3,4.0,2.9,6.7
E03211,Joaquín Reyes,Estructuras de Datos,2026-1,77.8,4.6,49.1,4,8.8,11.8,10.5
E03212,Luis Reyes,Estructuras de Datos,2025-2,31.2,6.3,97.7,3,10.7,11.5,10.8
E03213,Valentina López,Matemática Discreta,2026-1,86.2,4.5,64.6,4,8.5,11.8,10.6
E03214,Estefanía Ponce,Base de Datos,2025-2,100,2.5,76.8,5,9.2,11.9,13.2
E03215,María García,Base de Datos,2025-2,82.9,6.5,76.7,2,11.7,12.5,17.2
E03216,Emilia Cabrera,Base de Datos,2025-2,86.5,3.8,75.0,1,19.9,16.6,17.3
E03217,Antonella Castillo,Redes de Computadoras,2025-2,76.4,4.4,71.2,3,0.7,1.9,7.0
E03218,Rodrigo Quispe,Redes de Computadoras,2026-1,78.5,0.4,76.4,4,14.8,9.2,15.1
E03219,Camila Vargas,Matemática Discreta,2026-1,52.4,10.0,,4,12.4,10.6,15.5
E03220,Daniela Pérez,Lenguajes de Programación,2025-2,82.4,0,63.0,3,8.6,7.3,14.1
E03221,Sebastián Gutiérrez,Matemática Discreta,2025-2,88.7,7.4,64.3,5,12.1,15.3,17.0
E03222,Julio Alva,Matemática Discreta,2025-2,45.5,8.8,62.3,2,9.5,7.6,6.2
E03223,Joaquín Delgado,Estructuras de Datos,2025-2,67.9,6.0,82.1,2,17.9,12.9,18.3
E03224,Isabela Rojas,Base de Datos,2025-2,63.1,2.5,80.8,1,13.7,11.8,9.5
E03225,Jorge Quispe,Matemática Discreta,2026-1,88.6,11.9,78.3,4,16.9,13.4,11.0
E03226,Luis Paredes,Estructuras de Datos,2026-1,58.5,9.6,63.5,5,16.3,13.9,17.6
E03227,Daniela García,Estructuras de Datos,2025-2,51.2,4.6,77.3,5,13.5,17.0,15.2
E03228,Rosa Alva,Base de Datos,2025-2,38.2,0,65.2,4,4.6,0,6.4
E03229,Emilio López,Lenguajes de Programación,2025-2,41.1,3.0,72.3,4,10.6,8.6,9.4
E03230,Antonella Mamani,Base de Datos,2026-1,89.8,5.2,100,1,16.0,15.4,12.7
E03231,Daniela Pérez,Base de Datos,2025-2,95.0,8.1,78.4,3,14.6,16.2,11.2
E03232,Bruno Herrera,Base de Datos,2026-1,71.0,5.7,45.2,4,9.4,,12.1
E03233,Joaquín Castillo,Base de Datos,2025-2,64.4,5.5,42.5,2,11.0,15.5,11.9
E03234,Bruno Sánchez,Base de Datos,2025-2,50.8,2.4,73.6,2,11.5,16.1,15.4
E03235,Emilio Rojas,Lenguajes de Programación,2026-1,100,2.7,50.9,5,6.9,13.3,9.2
E03236,Adrián Alva,Matemática Discreta,2026-1,84.2,7.3,100,2,19.4,17.7,18.9
E03237,Julio Chávez,Lenguajes de Programación,2026-1,77.0,7.3,81.4,4,9.0,12.6,13.7
E03238,Manuel Espinoza,Base de Datos,2026-1,88.7,15.5,67.1,3,13.4,15.5,20
E03239,Jorge Rodríguez,Matemática Discreta,2025-2,85.7,6.6,52.2,4,14.9,13.0,11.6
E03240,Andrés Rodríguez,Redes de Computadoras,2025-2,58.7,10.3,83.1,3,14.6,12.8,12.2
E03241,Zoe Ortiz,Base de Datos,2026-1,90.4,5.3,53.1,3,13.6,,17.4
E03242,Bruno Ponce,Base de Datos,2026-1,96.6,6.3,100,3,11.8,15.5,8.8
E03243,Renata Ortiz,Redes de Computadoras,2025-2,63.8,4.9,90.6,4,12.6,14.5,13.8
E03244,Tomás Zapata,Redes de Computadoras,2026-1,68.5,8.9,78.9,2,8.6,12.3,9.7
E03245,Joaquín García,Redes de Computadoras,2026-1,79.5,5.9,91.1,2,19.8,19.5,15.3
E03246,Joaquín Delgado,Matemática Discreta,2025-2,100,6.4,68.1,4,9.0,9.7,13.9
E03247,Sebastián Pérez,Base de Datos,2025-2,68.6,1.9,91.1,2,14.1,15.3,16.8
E03248,Julio Rodríguez,Estructuras de Datos,2025-2,84.2,3.9,100,4,12.0,6.6,14.4
E03249,Estefanía Flores,Redes de Computadoras,2025-2,91.6,10.6,87.4,1,13.9,18.4,18.7
E03250,Diego Sánchez,Estructuras de Datos,2025-2,93.5,1.5,96.2,3,14.0,14.2,11.9
E03251,Emilio Soto,Redes de Computadoras,2025-2,94.6,6.0,100,3,10.5,11.1,9.4
E03252,Ximena Palomino,Lenguajes de Programación,2025-2,75.0,3.0,58.9,3,15.9,13.6,17.4
E03253,Emilia Reyes,Lenguajes de Programación,2025-2,92.8,2.8,51.1,2,11.6,12.5,15.9
E03254,Tomás Soto,Matemática Discreta,2025-2,100,6.9,92.6,3,14.3,12.9,9.1
E03255,Gabriela Gutiérrez,Estructuras de Datos,2025-2,68.7,2.6,80.0,3,15.5,15.5,13.9
E03256,Daniela Paredes,Matemática Discreta,2026-1,47.2,4.2,73.2,5,14.7,6.9,11.4
E03257,Natalia Rodríguez,Matemática Discreta,2026-1,40.2,8.3,75.7,3,8.7,12.0,10.3
E03258,Rodrigo Rodríguez,Base de Datos,2025-2,92.8,8.1,75.6,2,19.8,15.6,15.1
E03259,Emilio Cruz,Estructuras de Datos,2025-2,69.4,11.2,34.0,4,10.9,10.1,10.5
E03260,Valeria Alva,Lenguajes de Programación,2025-2,98.3,8.0,78.3,3,12.4,13.2,11.2
E03261,Mateo Ortiz,Base de Datos,2025-2,72.0,10.8,100,3,15.7,18.2,16.0
E03262,Ana Espinoza,Lenguajes de Programación,2026-1,80.8,9.5,100,1,6.7,7.1,6.3
E03263,Sofía Salazar,Estructuras de Datos,2025-2,71.9,9.2,69.4,2,8.5,6.3,7.9
E03264,Sebastián Gutiérrez,Matemática Discreta,2026-1,57.2,6.3,77.8,3,9.7,5.6,3.6
E03265,Antonella Espinoza,Matemática Discreta,2025-2,40.1,9.3,64.8,4,13.4,13.2,15.0
E03266,María Cabrera,Matemática Discreta,2025-2,48.7,4.0,86.1,3,16.0,11.9,10.4
E03267,Mateo Gutiérrez,Matemática Discreta,2025-2,59.4,6.1,94.4,3,12.9,18.5,14.5
E03268,Gabriela Zapata,Estructuras de Datos,2026-1,70.3,2.3,73.7,3,0.8,3.7,8.0
E03269,Alejandra Chávez,Base de Datos,2026-1,87.6,6.8,88.4,1,10.9,12.6,8.4
E03270,Carlos Rivas,Matemática Discreta,2025-2,68.5,6.3,53.0,4,9.1,8.8,13.2
E03271,Manuel Castillo,Lenguajes de Programación,2025-2,59.9,6.9,70.7,1,11.3,3.1,12.9
E03272,Jorge Paredes,Redes de Computadoras,2025-2,48.5,7.0,69.4,2,18.8,20,20
E03273,Bruno Vargas,Estructuras de Datos,2026-1,63.6,3.8,62.5,5,10.6,9.4,7.6
E03274,Jorge López,Base de Datos,2026-1,57.1,5.7,91.9,4,6.0,12.6,7.8
E03275,Alonso Medina,Lenguajes de Programación,2026-1,88.9,8.8,64.2,3,18.5,18.7,20
E03276,Milagros Chávez,Base de Datos,2026-1,86.4,7.9,81.6,3,12.0,8.6,10.4
E03277,Ximena Huamán,Estructuras de Datos,2025-2,71.5,8.3,86.2,5,12.6,10.2,16.3
E03278,Manuel Vargas,Lenguajes de Programación,2026-1,74.8,3.0,48.8,4,15.7,19.0,17.8
E03279,Isabela García,Lenguajes de Programación,2025-2,62.6,6.5,80.4,1,18.2,16.6,18.2
E03280,Alejandra Zapata,Base de Datos,2026-1,87.8,5.9,53.2,3,13.8,,12.5
E03281,Andrés Flores,Redes de Computadoras,2026-1,71.5,7.2,95.6,3,14.4,18.2,14.7
E03282,Estefanía Soto,Redes de Computadoras,2025-2,39.3,8.8,72.1,2,5.9,9.1,7.4
E03283,Rosa Cabrera,Lenguajes de Programación,2026-1,33.9,5.1,58.2,4,17.2,12.9,19.8
E03284,Daniela Flores,Matemática Discreta,2025-2,74.1,11.0,72.8,2,15.5,16.3,17.2
E03285,Emilia Sánchez,Matemática Discreta,2026-1,61.2,0.7,99.7,1,6.3,10.0,9.5
E03286,Mateo García,Estructuras de Datos,2026-1,70.9,5.8,47.0,3,12.4,11.7,8.7
E03287,Emilio Delgado,Base de Datos,2026-1,53.8,6.1,60.1,3,16.2,16.5,13.2
E03288,Andrés Herrera,Base de Datos,2025-2,71.1,6.3,87.6,2,12.1,9.3,9.7
E03289,Julio Ortiz,Lenguajes de Programación,2025-2,63.5,7.2,85.2,2,15.3,16.6,12.5
E03290,Camila Ponce,Estructuras de Datos,2026-1,100,13.8,80.5,5,17.0,16.3,13.6
E03291,Adrián Gutiérrez,Matemática Discreta,2026-1,52.8,0.5,99.2,4,11.3,8.3,12.7
E03292,Vicente Flores,Redes de Computadoras,2026-1,80.5,4.1,89.2,3,13.5,14.2,11.1
E03293,Rodrigo Cruz,Estructuras de Datos,2025-2,78.7,3.2,48.3,3,16.5,15.2,15.6
E03294,Camila Ramírez,Redes de Computadoras,2025-2,49.9,0.7,41.6,3,4.9,6.5,4.9
E03295,Antonella Torres,Matemática Discreta,2025-2,84.8,2.7,70.1,3,10.5,8.7,11.6
E03296,Tomás Flores,Matemática Discreta,2025-2,59.6,0.4,77.4,3,11.1,14.3,11.8
E03297,Camila Vega,Estructuras de Datos,2025-2,76.3,4.7,85.2,2,11.5,9.9,5.4
E03298,Milagros Soto,Matemática Discreta,2026-1,60.5,7.9,100,4,8.3,1.2,12.1
E03299,Joaquín Chávez,Base de Datos,2026-1,61.7,3.7,61.9,2,19.1,20,20
E03300,Fabián Zapata,Base de Datos,2025-2,68.9,2.3,93.0,4,16.0,15.8,14.4
E03301,Antonella Cabrera,Matemática Discreta,2025-2,87.0,6.7,59.8,2,19.4,20,16.6
E03302,María Reyes,Estructuras de Datos,2026-1,51.8,9.7,100,1,8.8,9.9,14.6
E03303,Valeria Espinoza,Base de Datos,2025-2,88.2,0,91.9,2,7.4,10.3,6.8
E03304,Sofía Flores,Base de Datos,2026-1,77.6,3.4,100,4,11.0,11.7,13.3
E03305,Emilia Zapata,Redes de Computadoras,2025-2,49.5,9.5,76.8,2,10.2,11.1,10.6
E03306,Paula Soto,Redes de Computadoras,2026-1,83.8,7.5,86.3,4,7.6,10.7,10.7
E03307,Julio Ortiz,Base de Datos,2025-2,38.5,5.3,57.7,2,4.6,2.9,12.1
E03308,Alonso Ortiz,Redes de Computadoras,2026-1,92.9,5.5,97.0,3,15.9,12.7,17.0
E03309,Sofía Castillo,Redes de Computadoras,2025-2,60.1,8.2,83.0,3,14.4,16.3,18.5
E03310,Fernanda Castillo,Redes de Computadoras,2026-1,83.8,3.7,48.4,2,8.7,15.9,15.2
E03311,Milagros Palomino,Estructuras de Datos,2026-1,59.2,5.1,60.0,4,17.9,5.4,11.1
E03312,Fernanda Huamán,Matemática Discreta,2026-1,56.0,11.4,66.8,2,16.7,13.2,10.0
E03313,Valeria Huamán,Estructuras de Datos,2026-1,100,9.4,97.4,1,8.1,6.4,6.8
E03314,Franco Cárdenas,Estructuras de Datos,2025-2,69.0,9.5,72.6,3,12.3,14.0,11.8
E03315,Gabriela Huamán,Base de Datos,2025-2,98.8,8.2,77.5,2,13.2,16.1,15.0
E03316,Rosa Ortiz,Base de Datos,2026-1,57.3,10.0,72.0,4,11.1,7.5,8.1
E03317,Valentina Ortiz,Matemática Discreta,2025-2,99.7,1.7,79.3,5,12.8,14.7,13.3
E03318,Mateo Aguilar,Base de Datos,2026-1,92.0,8.4,93.3,4,16.4,10.8,16.7
E03319,Rodrigo Ortiz,Base de Datos,2025-2,88.1,9.1,71.2,3,18.3,18.5,19.9
E03320,Fabián Palomino,Lenguajes de Programación,2025-2,85.9,5.0,69.9,5,16.6,10.9,16.2
E03321,María Espinoza,Base de Datos,2026-1,99.1,5.6,60.9,3,16.9,17.9,19.7
E03322,Valeria García,Base de Datos,2025-2,60.6,1.9,70.3,2,9.1,14.3,11.3
E03323,Daniela García,Estructuras de Datos,2026-1,74.0,3.6,91.3,1,,11.8,8.5
E03324,Natalia Delgado,Redes de Computadoras,2025-2,65.1,6.5,67.4,4,18.0,16.2,13.3
E03325,Julio Pérez,Base de Datos,2025-2,45.8,0,61.4,4,12.2,14.3,16.7
E03326,Renata Flores,Redes de Computadoras,2026-1,83.7,4.8,77.3,3,10.9,11.1,16.0
E03327,Daniela García,Redes de Computadoras,2025-2,74.3,4.1,49.8,2,8.9,14.2,9.8
E03328,Alejandra Gutiérrez,Base de Datos,2025-2,70.9,9.2,81.3,5,3.7,7.8,2.6
E03329,Iván Medina,Base de Datos,2026-1,82.2,4.1,98.7,4,20.0,,13.9
E03330,Paula Chávez,Redes de Computadoras,2025-2,62.1,4.4,85.3,3,10.9,10.9,11.3
E03331,Bruno Soto,Lenguajes de Programación,2026-1,65.7,2.9,59.7,3,10.1,8.7,10.8
E03332,Renata Cabrera,Base de Datos,2026-1,82.2,9.5,75.7,4,8.2,6.6,5.0
E03333,Joaquín Quispe,Estructuras de Datos,2025-2,64.8,3.7,76.8,3,10.0,8.3,10.1
E03334,Julio Rivas,Base de Datos,2026-1,76.4,9.3,84.0,5,9.5,6.7,9.7
E03335,Camila Medina,Matemática Discreta,2025-2,73.4,7.0,74.5,2,3.8,8.9,7.2
E03336,Gabriela Vega,Matemática Discreta,2025-2,67.4,3.5,85.5,4,5.5,4.1,4.4
E03337,Franco Medina,Estructuras de Datos,2026-1,77.8,5.0,84.0,3,12.7,9.7,14.3
E03338,Fernanda Cabrera,Redes de Computadoras,2025-2,63.4,7.7,69.2,3,14.0,20,17.8
E03339,Martina Vega,Lenguajes de Programación,2025-2,74.9,8.7,58.3,2,20,19.4,20
E03340,Renata Quispe,Estructuras de Datos,2026-1,74.6,4.1,75.1,1,16.7,16.8,16.7
E03341,Bruno Huamán,Matemática Discreta,2026-1,39.1,9.4,94.3,4,13.2,14.0,12.3
E03342,Camila Chávez,Base de Datos,2026-1,47.7,7.8,92.4,3,18.8,13.6,17.0
E03343,Ricardo Mendoza,Base de Datos,2026-1,86.5,6.7,85.3,2,19.8,15.0,18.8
E03344,Renata Herrera,Base de Datos,2025-2,64.1,11.3,30.5,1,19.1,17.7,17.0
E03345,Daniela Torres,Estructuras de Datos,2026-1,64.5,0,94.0,2,15.3,18.3,15.0
E03346,Ricardo Gutiérrez,Matemática Discreta,2025-2,60.7,3.2,61.8,2,12.2,17.3,7.5
E03347,Miguel Aguilar,Redes de Computadoras,2025-2,82.4,9.7,58.8,3,8.2,17.8,14.1
E03348,Bruno Torres,Lenguajes de Programación,2026-1,97.7,7.1,60.9,4,6.9,10.2,9.6
E03349,Carlos Herrera,Lenguajes de Programación,2025-2,80.3,11.7,49.6,4,13.9,14.9,10.9
E03350,Zoe Salazar,Redes de Computadoras,2025-2,83.6,5.9,82.1,3,12.2,14.8,11.1
E03351,Milagros Flores,Redes de Computadoras,2025-2,80.5,8.5,76.8,3,15.6,14.7,20
E03352,Sofía García,Lenguajes de Programación,2026-1,67.6,10.0,73.2,3,12.6,8.0,7.4
E03353,Sebastián López,Lenguajes de Programación,2025-2,58.1,4.1,68.8,3,13.5,15.1,12.8
E03354,Martina Soto,Matemática Discreta,2025-2,59.4,10.5,82.6,3,4.4,10.7,7.5
E03355,Ricardo López,Redes de Computadoras,2025-2,95.7,3.1,44.4,4,16.1,18.8,15.4
E03356,Alejandra Espinoza,Redes de Computadoras,2025-2,78.4,7.0,84.0,3,16.8,12.1,17.0
E03357,Joaquín Rivas,Base de Datos,2026-1,77.2,4.6,95.2,2,7.8,6.0,12.2
E03358,Diego Flores,Matemática Discreta,2025-2,52.9,9.3,76.4,1,10.9,14.1,9.3
E03359,Daniela Reyes,Lenguajes de Programación,2025-2,57.1,8.1,70.1,3,17.9,17.6,13.9
E03360,Emilio Rodríguez,Estructuras de Datos,2025-2,100,3.7,72.0,1,17.3,15.7,16.9
E03361,Zoe Alva,Redes de Computadoras,2026-1,77.2,7.8,86.7,2,17.6,15.3,14.9
E03362,Ana Reyes,Redes de Computadoras,2025-2,85.4,3.7,82.6,5,,16.2,13.9
E03363,Milagros Ponce,Estructuras de Datos,2026-1,,11.3,94.8,3,11.5,10.0,9.4
E03364,Natalia Torres,Matemática Discreta,2025-2,73.2,2.1,83.0,3,10.1,10.2,14.6
E03365,María Reyes,Redes de Computadoras,2025-2,49.4,12.3,100,3,,12.5,14.3
E03366,Ricardo López,Redes de Computadoras,2025-2,70.0,13.6,97.4,3,11.9,15.2,12.7
E03367,Gabriela Chávez,Lenguajes de Programación,2026-1,46.1,2.9,65.3,4,15.1,19.3,13.8
E03368,Julio Huamán,Base de Datos,2025-2,38.0,4.0,91.5,3,9.6,12.2,8.3
E03369,Emilia Mendoza,Lenguajes de Programación,2026-1,86.5,7.3,61.9,5,14.8,11.1,10.9
E03370,Manuel Cabrera,Lenguajes de Programación,2026-1,48.2,9.7,95.6,3,12.4,13.2,12.1
E03371,Gabriela Cárdenas,Estructuras de Datos,2026-1,69.2,2.5,63.7,5,15.2,12.6,17.7
E03372,Miguel Palomino,Estructuras de Datos,2026-1,75.6,8.2,70.8,2,12.2,9.1,12.6
E03373,Emilia López,Base de Datos,2026-1,43.1,11.9,58.6,3,3.5,0.7,5.5
E03374,Daniela Herrera,Lenguajes de Programación,2026-1,74.3,3.2,61.4,3,10.1,7.7,10.8
E03375,Camila Huamán,Base de Datos,2025-2,29.1,4.2,52.1,3,13.2,12.0,18.8
E03376,Nicolás Mamani,Estructuras de Datos,2026-1,85.6,3.4,81.2,4,16.9,,18.8
E03377,Ximena Gutiérrez,Matemática Discreta,2025-2,,5.2,70.7,1,14.5,13.2,12.6
E03378,María Cabrera,Matemática Discreta,2026-1,57.4,7.4,63.1,3,16.7,14.6,14.0
E03379,Jorge Pérez,Lenguajes de Programación,2026-1,74.4,7.2,100,3,13.6,14.9,16.2
E03380,Valeria Ponce,Estructuras de Datos,2025-2,57.5,7.0,97.4,4,13.8,7.0,13.5
E03381,Milagros Aguilar,Redes de Computadoras,2025-2,79.5,9.1,80.4,2,8.7,9.1,13.3
E03382,Tomás Medina,Matemática Discreta,2026-1,65.4,6.9,69.7,4,16.7,11.7,15.6
E03383,Valentina García,Redes de Computadoras,2025-2,92.6,9.9,63.2,4,7.3,13.5,10.1
E03384,Rodrigo Cruz,Matemática Discreta,2025-2,80.8,3.1,100,5,20,15.6,17.0
E03385,Valeria López,Base de Datos,2026-1,61.0,2.5,78.3,3,16.5,12.8,16.1
E03386,Carlos Pérez,Estructuras de Datos,2026-1,41.7,2.1,67.4,3,14.8,20,15.1
E03387,Isabela Mendoza,Base de Datos,2025-2,90.3,0,71.1,4,12.0,10.8,13.2
E03388,Bruno Alva,Estructuras de Datos,2026-1,90.0,4.1,100,5,18.7,13.9,19.4
E03389,Emilia Mendoza,Base de Datos,2026-1,68.1,7.7,100,3,20,13.9,16.7
E03390,Rodrigo Mamani,Lenguajes de Programación,2026-1,52.8,9.7,82.2,1,10.5,11.3,17.3
E03391,Natalia Gutiérrez,Matemática Discreta,2026-1,74.2,9.8,73.2,3,13.0,6.7,10.8
E03392,Estefanía Alva,Base de Datos,2025-2,55.8,8.2,63.3,1,9.8,8.3,10.6
E03393,Nicolás Zapata,Matemática Discreta,2026-1,57.7,5.3,66.9,1,14.7,16.4,9.5
E03394,Ana Rodríguez,Base de Datos,2026-1,100,4.9,75.3,1,15.5,8.9,15.3
E03395,Lucía Mendoza,Matemática Discreta,2026-1,85.0,7.2,76.2,3,7.7,9.7,9.2
E03396,Ximena López,Matemática Discreta,2026-1,86.5,4.9,52.2,5,13.9,15.8,11.3
E03397,Natalia Salazar,Estructuras de Datos,2026-1,100,3.6,90.1,2,16.6,,10.3
E03398,Valentina Cruz,Redes de Computadoras,2026-1,93.5,16.1,72.1,3,2.9,7.0,8.7
E03399,Estefanía Ramírez,Redes de Computadoras,2026-1,95.8,11.9,79.6,5,13.8,15.9,8.1
E03400,Luis Flores,Estructuras de Datos,2026-1,55.0,4.2,77.0,1,20,20,17.4
E03401,Sofía Salazar,Lenguajes de Programación,2025-2,68.2,6.0,83.4,4,12.6,13.3,16.9
E03402,Sofía Pérez,Lenguajes de Programación,2025-2,81.0,11.8,66.7,1,10.1,10.6,9.8
E03403,Sebastián Palomino,Base de Datos,2025-2,49.6,1.6,56.9,2,14.3,18.6,16.6
E03404,Iván Medina,Matemática Discreta,2026-1,83.1,10.5,70.9,1,20,19.7,18.7
E03405,Bruno Sánchez,Base de Datos,2025-2,95.6,0,,2,16.4,18.7,16.3
E03406,Franco Alva,Matemática Discreta,2025-2,100,6.3,70.2,1,13.4,11.9,13.1
E03407,Carlos Paredes,Matemática Discreta,2026-1,63.1,8.0,66.6,2,12.9,10.9,13.3
E03408,Martina Mamani,Estructuras de Datos,2025-2,93.5,9.4,76.7,3,14.7,11.6,13.0
E03409,Emilia Cabrera,Matemática Discreta,2025-2,90.4,2.9,65.1,2,11.5,11.0,12.8
E03410,María Herrera,Lenguajes de Programación,2025-2,77.5,3.9,71.6,1,20,17.6,15.3
E03411,Estefanía Rodríguez,Base de Datos,2025-2,87.9,10.7,84.1,1,13.2,14.5,9.1
E03412,Alonso Cárdenas,Lenguajes de Programación,2025-2,94.5,9.8,93.3,4,10.0,13.0,10.9
E03413,Fernanda Ponce,Lenguajes de Programación,2026-1,73.4,2.4,100,3,9.2,9.6,14.5
E03414,Ximena Flores,Lenguajes de Programación,2026-1,65.7,7.2,50.3,4,8.5,12.7,11.8
E03415,Franco Torres,Redes de Computadoras,2026-1,81.4,9.6,79.5,3,15.6,16.6,13.4
E03416,Rodrigo Medina,Matemática Discreta,2025-2,60.3,3.9,,4,16.1,20,18.2
E03417,Estefanía Soto,Matemática Discreta,2026-1,74.5,10.1,69.8,2,2.2,5.1,6.7
E03418,Renata Huamán,Matemática Discreta,2026-1,75.5,1.1,72.5,4,14.0,12.8,10.0
E03419,Daniela Flores,Matemática Discreta,2025-2,77.4,0.1,83.6,2,12.6,14.3,14.5
E03420,Vicente Mendoza,Redes de Computadoras,2025-2,77.1,1.9,74.5,5,15.6,19.0,13.9
E03421,Iván Rivas,Redes de Computadoras,2026-1,66.4,5.9,100,1,10.7,9.4,6.2
E03422,Valeria Ramírez,Matemática Discreta,2025-2,78.8,9.1,85.7,5,10.9,9.6,10.4
E03423,Martina Paredes,Estructuras de Datos,2025-2,67.4,9.3,53.6,1,11.0,11.2,9.8
E03424,Emilio Cárdenas,Redes de Computadoras,2026-1,83.3,10.4,65.7,5,12.5,13.5,12.8
E03425,Natalia Torres,Matemática Discreta,2025-2,57.3,10.5,66.7,2,14.0,15.0,13.0
E03426,Valeria Rodríguez,Matemática Discreta,2026-1,94.3,9.4,81.2,3,19.0,20,13.2
E03427,Andrés Castillo,Redes de Computadoras,2026-1,73.7,10.9,46.4,1,4.2,12.7,15.0
E03428,Renata Aguilar,Estructuras de Datos,2025-2,100,4.4,75.0,2,17.8,,19.0
E03429,Mateo Zapata,Redes de Computadoras,2026-1,77.6,7.7,38.9,3,11.8,9.7,8.1
E03430,Isabela Vega,Base de Datos,2025-2,31.8,11.6,97.6,4,18.5,17.1,20
E03431,Alonso Torres,Redes de Computadoras,2026-1,,7.5,59.5,2,17.3,10.6,15.3
E03432,Estefanía Espinoza,Lenguajes de Programación,2026-1,64.0,6.5,93.9,4,7.6,8.8,11.3
E03433,Vicente Palomino,Matemática Discreta,2026-1,75.8,10.3,95.5,4,15.7,13.0,16.5
E03434,Renata López,Matemática Discreta,2026-1,100,13.1,56.2,4,4.6,13.7,9.4
E03435,Bruno Huamán,Redes de Computadoras,2026-1,93.3,3.3,79.2,4,12.4,18.8,20
E03436,Iván Cruz,Base de Datos,2026-1,89.6,7.9,80.4,2,9.5,9.6,10.5
E03437,Sebastián Zapata,Lenguajes de Programación,2026-1,66.1,5.4,82.4,4,11.4,2.5,4.4
E03438,Jorge Zapata,Lenguajes de Programación,2025-2,78.3,4.2,73.7,3,15.1,12.9,16.4
E03439,Renata Espinoza,Matemática Discreta,2026-1,94.4,11.0,81.8,4,9.3,14.8,10.0
E03440,Manuel Cabrera,Estructuras de Datos,2025-2,60.0,1.9,54.4,1,20,17.4,18.6
E03441,Renata Huamán,Base de Datos,2026-1,65.5,1.3,53.5,2,11.5,13.3,8.3
E03442,Carlos Gutiérrez,Matemática Discreta,2026-1,54.0,1.7,46.9,2,6.7,8.8,7.6
E03443,Paula Herrera,Base de Datos,2026-1,84.7,2.3,96.4,4,14.4,15.2,14.9
E03444,Isabela Vega,Estructuras de Datos,2026-1,61.2,7.3,63.8,3,8.5,6.5,8.8
E03445,Valeria Cruz,Lenguajes de Programación,2026-1,83.2,8.2,66.6,5,12.4,11.3,8.0
E03446,Natalia Rivas,Matemática Discreta,2026-1,42.5,0,51.9,2,11.8,9.4,15.0
E03447,Gabriela Sánchez,Lenguajes de Programación,2026-1,79.7,3.7,75.5,3,8.4,10.2,12.1
E03448,Luis Vega,Estructuras de Datos,2025-2,86.0,11.3,95.2,3,7.0,8.7,4.7
E03449,Jorge López,Redes de Computadoras,2025-2,46.5,0.9,69.5,5,19.0,19.6,15.9
E03450,Gabriela Vargas,Estructuras de Datos,2026-1,77.4,12.6,94.4,3,15.4,16.2,11.7
E03451,Vicente Pérez,Matemática Discreta,2026-1,93.6,6.2,80.2,3,16.1,12.8,18.5
E03452,Adrián López,Matemática Discreta,2025-2,48.5,4.6,69.1,2,9.6,4.3,8.9
E03453,Paula Gutiérrez,Matemática Discreta,2026-1,61.0,1.2,88.1,1,8.8,14.3,8.4
E03454,Lucía Reyes,Base de Datos,2025-2,70.8,8.1,63.4,2,18.0,14.5,15.7
E03455,Paula Sánchez,Estructuras de Datos,2025-2,62.1,6.6,71.9,3,15.5,13.5,17.4
E03456,Emilia Rodríguez,Base de Datos,2025-2,66.7,1.6,70.5,1,11.1,11.1,10.6
E03457,Emilio López,Matemática Discreta,2026-1,53.0,7.0,100,3,13.5,10.4,11.0
E03458,Natalia García,Estructuras de Datos,2026-1,89.0,12.9,93.0,5,10.4,12.5,17.0
E03459,Sebastián Delgado,Lenguajes de Programación,2025-2,49.1,7.9,79.9,4,15.0,12.6,12.6
E03460,Franco Cabrera,Estructuras de Datos,2025-2,64.4,2.5,89.0,3,15.0,19.6,13.2
E03461,Joaquín García,Estructuras de Datos,2025-2,91.1,2.4,81.0,5,10.8,12.5,12.6
E03462,Manuel Chávez,Matemática Discreta,2026-1,67.5,7.4,63.5,4,12.2,16.0,14.2
E03463,Andrés Alva,Lenguajes de Programación,2025-2,99.4,11.8,93.8,1,12.8,15.9,13.5
E03464,Emilia Salazar,Estructuras de Datos,2026-1,79.9,13.2,87.9,3,,5.1,2.5
E03465,Ana Castillo,Estructuras de Datos,2026-1,60.4,12.5,73.9,3,,6.6,15.1
E03466,Miguel Medina,Base de Datos,2026-1,89.0,3.1,98.1,3,8.8,4.0,9.5
E03467,Gabriela Chávez,Base de Datos,2026-1,72.6,10.1,53.8,3,20,16.6,16.3
E03468,Nicolás Cabrera,Redes de Computadoras,2025-2,70.6,5.2,70.2,3,9.6,10.1,13.8
E03469,Iván Paredes,Estructuras de Datos,2026-1,93.2,3.8,69.3,4,7.3,15.2,12.5
E03470,Fernanda Chávez,Matemática Discreta,2026-1,79.6,6.2,97.4,4,11.9,11.0,15.7
E03471,Sofía Herrera,Base de Datos,2025-2,66.8,1.8,48.8,2,10.3,13.3,15.9
E03472,Milagros Herrera,Lenguajes de Programación,2026-1,83.6,4.5,100,2,8.6,10.5,10.0
E03473,Luis Medina,Base de Datos,2025-2,98.3,5.0,72.5,5,9.3,13.0,15.0
E03474,Sofía Rodríguez,Base de Datos,2025-2,79.2,5.5,51.4,3,13.2,7.1,10.2
E03475,Antonella Palomino,Lenguajes de Programación,2026-1,58.8,0,92.1,3,12.0,12.6,5.4
E03476,Paula Ramírez,Lenguajes de Programación,2026-1,71.0,11.4,92.8,4,15.9,14.2,13.8
E03477,Daniela Delgado,Redes de Computadoras,2025-2,62.1,2.5,71.9,3,8.8,12.3,3.7
E03478,Paula Vargas,Matemática Discreta,2025-2,85.1,7.2,95.2,4,11.4,7.8,9.7
E03479,Renata Torres,Estructuras de Datos,2025-2,56.6,7.8,89.2,2,7.3,4.5,4.7
E03480,Martina Salazar,Lenguajes de Programación,2026-1,69.8,9.0,52.5,5,10.3,13.5,12.0
E03481,Estefanía Huamán,Redes de Computadoras,2025-2,44.7,0.5,46.0,4,4.0,9.9,8.9
E03482,Antonella López,Redes de Computadoras,2026-1,88.3,7.7,81.5,2,16.8,20,17.1
E03483,Valentina Rivas,Matemática Discreta,2025-2,42.9,4.9,53.2,5,15.5,12.8,15.4
E03484,Ana Castillo,Base de Datos,2026-1,74.6,3.4,40.3,3,9.4,12.3,12.8
E03485,Zoe Cabrera,Estructuras de Datos,2025-2,73.7,5.0,74.4,3,14.4,12.5,13.8
E03486,Julio Pérez,Redes de Computadoras,2025-2,31.6,6.8,58.6,5,6.4,4.0,10.1
E03487,Manuel Mamani,Redes de Computadoras,2026-1,82.7,8.1,95.7,3,14.6,17.0,16.3
E03488,Camila Cruz,Base de Datos,2025-2,80.7,8.5,50.9,3,16.6,17.1,13.5
E03489,Natalia Salazar,Matemática Discreta,2026-1,,0.9,100,2,14.8,13.5,15.9
E03490,Julio Rodríguez,Lenguajes de Programación,2025-2,86.9,5.2,,2,11.0,7.9,5.7
E03491,Renata Vargas,Matemática Discreta,2025-2,94.7,8.7,77.1,5,17.2,17.7,20
E03492,María Vega,Redes de Computadoras,2025-2,74.0,4.5,74.9,2,12.4,14.0,11.9
E03493,Diego Chávez,Redes de Computadoras,2025-2,57.4,9.4,67.2,3,12.9,12.8,15.8
E03494,Vicente Cruz,Estructuras de Datos,2025-2,43.4,4.0,90.3,3,14.8,18.3,11.1
E03495,Daniela Rojas,Redes de Computadoras,2026-1,79.4,0.6,54.8,1,12.9,6.4,7.7
E03496,Mateo Zapata,Matemática Discreta,2025-2,60.4,3.9,91.0,2,17.4,18.1,17.4
E03497,Joaquín Ortiz,Matemática Discreta,2026-1,52.7,6.0,40.6,4,8.3,14.3,9.8
E03498,Miguel Rivas,Base de Datos,2026-1,76.9,6.2,43.4,5,11.1,10.3,6.8
E03499,Emilia Alva,Base de Datos,2025-2,90.9,5.2,63.7,4,8.1,6.2,7.0
E03500,Rosa Herrera,Matemática Discreta,2026-1,69.6,7.2,52.2,4,0.4,8.6,2.9
E03501,Renata Gutiérrez,Matemática Discreta,2026-1,70.4,6.5,55.1,3,7.3,2.4,9.6
E03502,Valentina Castillo,Base de Datos,2026-1,86.9,13.5,68.8,5,10.2,9.7,7.9
E03503,Joaquín Aguilar,Matemática Discreta,2025-2,51.3,2.7,88.7,4,10.8,12.3,11.7
E03504,Renata Delgado,Base de Datos,2025-2,38.4,7.5,,4,8.2,14.8,19.2
E03505,Ximena Cruz,Lenguajes de Programación,2026-1,65.9,0,70.2,4,11.2,16.5,9.6
E03506,Fabián Quispe,Lenguajes de Programación,2026-1,94.8,8.1,54.3,3,7.2,10.2,10.2
E03507,Estefanía García,Base de Datos,2026-1,73.0,6.5,80.8,2,4.8,11.6,9.7
E03508,Joaquín Gutiérrez,Lenguajes de Programación,2026-1,61.9,0,37.0,4,16.0,16.6,12.0
E03509,Manuel Zapata,Matemática Discreta,2026-1,66.3,2.3,100,3,12.1,14.7,16.4
E03510,Franco Paredes,Matemática Discreta,2025-2,60.3,6.0,59.0,3,15.9,13.5,10.9
E03511,Tomás Zapata,Estructuras de Datos,2026-1,100,8.4,88.0,3,8.0,10.9,12.2
E03512,Emilia Delgado,Matemática Discreta,2025-2,96.1,6.6,49.2,2,6.6,9.0,7.0
E03513,Ana Medina,Matemática Discreta,2025-2,99.4,6.8,78.4,1,9.9,5.0,8.2
E03514,Vicente Cruz,Base de Datos,2025-2,47.0,3.7,100,5,18.5,17.4,18.4
E03515,Nicolás Quispe,Base de Datos,2026-1,83.0,12.3,100,1,14.1,12.6,15.9
E03516,Lucía Torres,Matemática Discreta,2026-1,77.6,3.7,78.2,4,16.6,13.5,17.5
E03517,Ximena Gutiérrez,Base de Datos,2026-1,61.7,0.2,93.5,2,9.4,14.4,11.2
E03518,Estefanía Huamán,Redes de Computadoras,2026-1,92.6,7.3,82.0,4,8.1,13.6,12.7
E03519,Nicolás Salazar,Redes de Computadoras,2025-2,83.4,10.1,100,2,2.4,3.4,7.3
E03520,Lucía Vega,Redes de Computadoras,2026-1,95.9,1.5,53.2,4,9.0,9.1,11.6
E03521,Ana Reyes,Estructuras de Datos,2026-1,47.3,8.0,65.6,1,17.0,17.8,18.8
E03522,Tomás Cabrera,Redes de Computadoras,2026-1,52.8,0.9,100,2,13.4,9.3,9.7
E03523,Bruno Mamani,Base de Datos,2026-1,71.8,1.1,75.6,3,10.6,9.8,5.3
E03524,Franco Mendoza,Base de Datos,2025-2,61.8,5.1,48.5,4,20,20,20
E03525,Renata Mamani,Lenguajes de Programación,2025-2,50.1,5.4,33.1,3,14.0,9.4,10.0
E03526,Adrián Sánchez,Estructuras de Datos,2026-1,90.0,5.3,51.6,2,16.4,11.8,12.2
E03527,Manuel Quispe,Base de Datos,2025-2,100,2.7,86.5,4,8.8,7.0,10.0
E03528,Gabriela Gutiérrez,Base de Datos,2025-2,72.7,8.9,81.5,3,15.9,20,18.1
E03529,Antonella Rivas,Matemática Discreta,2026-1,76.1,9.3,75.1,2,13.7,19.4,20
E03530,Miguel Salazar,Estructuras de Datos,2025-2,78.3,7.6,84.1,4,12.8,7.8,6.4
E03531,Julio Mendoza,Redes de Computadoras,2025-2,76.0,4.7,80.1,3,16.4,7.5,12.0
E03532,Joaquín Vargas,Base de Datos,2026-1,55.7,7.9,35.2,4,20,20,19.2
E03533,Valeria Huamán,Matemática Discreta,2026-1,72.6,7.7,58.6,3,8.9,8.8,6.7
E03534,Ana García,Lenguajes de Programación,2026-1,57.4,2.2,70.5,3,16.0,16.9,17.9
E03535,Alonso Mendoza,Redes de Computadoras,2026-1,92.1,7.4,56.7,3,19.4,14.1,15.5
E03536,Antonella Torres,Redes de Computadoras,2025-2,79.2,9.8,77.2,3,10.7,16.1,13.1
E03537,Carlos Alva,Base de Datos,2026-1,67.8,2.9,72.5,4,11.6,11.4,15.0
E03538,Miguel Torres,Matemática Discreta,2025-2,73.6,2.8,68.9,3,18.0,19.0,19.7
E03539,Mateo Rivas,Estructuras de Datos,2025-2,61.5,9.2,67.8,4,12.6,6.1,11.5
E03540,Nicolás Cruz,Redes de Computadoras,2026-1,74.0,4.7,75.2,3,10.7,10.7,8.8
E03541,Julio García,Matemática Discreta,2025-2,64.9,2.1,67.5,2,13.0,9.1,10.9
E03542,Jorge Vega,Lenguajes de Programación,2025-2,75.7,8.5,77.4,4,10.0,14.9,15.1
E03543,Franco Gutiérrez,Redes de Computadoras,2026-1,87.6,0,42.1,3,16.0,17.9,14.9
E03544,Jorge Mendoza,Matemática Discreta,2026-1,77.5,5.7,55.9,4,11.7,11.9,5.0
E03545,Gabriela Gutiérrez,Base de Datos,2025-2,26.5,9.3,80.5,4,18.1,12.5,19.1
E03546,Renata Ortiz,Estructuras de Datos,2026-1,75.4,6.5,91.7,4,20,20,20
E03547,Martina Flores,Estructuras de Datos,2025-2,67.4,6.6,80.1,5,9.6,14.3,12.3
E03548,Julio Vega,Base de Datos,2026-1,73.0,14.2,95.5,4,19.2,16.9,18.9
E03549,Valentina López,Base de Datos,2025-2,56.7,8.5,59.6,3,17.6,18.5,14.2
E03550,Luis Sánchez,Lenguajes de Programación,2026-1,60.8,5.5,54.8,5,7.7,7.0,8.2
E03551,Renata Cruz,Estructuras de Datos,2025-2,60.2,5.2,100,4,9.5,15.0,15.1
E03552,Ricardo Aguilar,Base de Datos,2026-1,89.9,5.9,67.5,3,13.9,18.6,17.4
E03553,Andrés Pérez,Estructuras de Datos,2025-2,45.7,10.6,56.4,1,8.6,9.3,8.1
E03554,Miguel Ponce,Lenguajes de Programación,2026-1,100,7.0,59.6,2,9.9,7.6,10.9
E03555,Ximena Rodríguez,Estructuras de Datos,2026-1,71.4,6.9,81.8,3,17.3,17.4,16.5
E03556,Valentina Reyes,Estructuras de Datos,2026-1,80.9,6.0,31.1,2,19.7,19.7,20
E03557,Franco Huamán,Matemática Discreta,2026-1,79.8,0,78.3,3,17.5,18.7,15.4
E03558,Diego Huamán,Matemática Discreta,2026-1,,6.4,49.8,3,7.3,9.4,7.0
E03559,Gabriela Gutiérrez,Estructuras de Datos,2026-1,81.2,3.0,88.1,4,18.1,17.0,14.3
E03560,Vicente Rodríguez,Redes de Computadoras,2026-1,95.5,1.3,100,3,10.6,13.2,9.8
E03561,Milagros Mamani,Base de Datos,2025-2,33.2,11.8,92.9,2,8.8,6.9,6.0
E03562,Joaquín Cruz,Base de Datos,2025-2,83.4,5.1,60.7,1,0,6.1,4.9
E03563,Alejandra Gutiérrez,Matemática Discreta,2026-1,70.7,9.8,49.9,1,11.9,13.3,16.9
E03564,Camila Castillo,Redes de Computadoras,2025-2,45.9,2.8,77.4,2,14.7,12.1,14.7
E03565,Emilia Mamani,Estructuras de Datos,2025-2,64.6,6.8,71.5,2,19.4,17.1,16.0
E03566,Tomás Mendoza,Matemática Discreta,2026-1,55.1,0.7,80.3,2,13.6,13.6,9.5
E03567,Zoe Castillo,Redes de Computadoras,2025-2,56.5,0,53.1,3,15.5,13.4,20
E03568,Franco López,Estructuras de Datos,2025-2,62.4,7.8,57.7,1,8.4,10.0,10.5
E03569,Paula Delgado,Base de Datos,2026-1,51.0,5.4,96.1,3,7.4,7.5,9.8
E03570,Julio Espinoza,Base de Datos,2026-1,100,6.5,91.0,4,8.3,2.2,6.7
E03571,Nicolás Chávez,Base de Datos,2025-2,56.5,8.3,99.3,2,10.3,13.1,13.5
E03572,Ricardo Ramírez,Matemática Discreta,2025-2,63.5,8.8,79.6,3,20,20,20
E03573,Julio Quispe,Lenguajes de Programación,2026-1,55.3,5.9,63.1,2,20,18.5,18.5
E03574,Julio Vargas,Base de Datos,2026-1,85.5,3.9,77.4,2,13.9,14.2,12.6
E03575,Ricardo Vargas,Base de Datos,2025-2,100,3.8,77.1,3,18.2,18.4,19.9
E03576,Paula Cárdenas,Matemática Discreta,2026-1,86.1,7.0,68.1,3,10.9,12.2,11.2
E03577,Martina Rodríguez,Estructuras de Datos,2025-2,74.1,7.0,64.6,2,11.5,13.0,15.2
E03578,Alonso Mendoza,Estructuras de Datos,2026-1,79.5,6.6,65.7,5,10.0,12.9,11.6
E03579,Franco Flores,Base de Datos,2026-1,56.5,7.7,69.5,3,19.8,13.6,15.2
E03580,Zoe Quispe,Base de Datos,2026-1,66.9,2.8,45.1,1,5.7,11.0,7.7
E03581,Mateo Torres,Matemática Discreta,2026-1,73.4,0.1,92.1,2,7.2,8.1,7.6
E03582,Tomás Herrera,Estructuras de Datos,2026-1,60.5,4.0,38.3,4,11.3,11.9,10.3
E03583,Rodrigo Herrera,Matemática Discreta,2025-2,63.0,10.6,100,2,6.8,12.3,12.0
E03584,Vicente Mendoza,Lenguajes de Programación,2026-1,70.9,2.6,48.1,3,19.5,18.1,19.9
E03585,Gabriela Flores,Estructuras de Datos,2026-1,45.7,10.7,93.3,2,15.6,17.0,14.2
E03586,Estefanía Ponce,Matemática Discreta,2025-2,61.4,9.9,83.2,2,12.1,13.1,19.4
E03587,Zoe Chávez,Redes de Computadoras,2026-1,42.0,8.9,82.7,3,6.0,9.9,10.7
E03588,Rodrigo Vega,Base de Datos,2026-1,98.1,9.9,71.7,5,16.0,17.4,16.5
E03589,Adrián Salazar,Estructuras de Datos,2025-2,64.5,7.2,97.4,2,11.6,10.3,10.5
E03590,Vicente Rodríguez,Redes de Computadoras,2025-2,73.1,3.2,66.0,5,12.6,6.0,9.4
E03591,Alonso Paredes,Lenguajes de Programación,2025-2,,5.5,72.0,1,11.8,15.6,9.5
E03592,Luis Soto,Base de Datos,2025-2,52.5,3.4,62.9,3,9.7,9.9,9.7
E03593,Iván Sánchez,Estructuras de Datos,2025-2,78.2,2.8,70.8,3,8.9,13.2,13.4
E03594,Diego Palomino,Base de Datos,2025-2,57.4,5.4,87.1,3,15.4,12.4,16.3
E03595,Rodrigo Zapata,Redes de Computadoras,2025-2,80.6,3.9,75.1,3,11.7,10.1,13.4
E03596,Milagros Ramírez,Matemática Discreta,2026-1,100,7.0,52.7,3,5.7,9.6,10.3
E03597,Valentina Chávez,Base de Datos,2026-1,46.6,7.5,56.4,3,9.5,10.2,12.0
E03598,Gabriela Cabrera,Redes de Computadoras,2025-2,76.7,10.6,45.5,1,11.3,14.9,13.4
E03599,Martina Mamani,Base de Datos,2026-1,52.1,8.5,82.3,3,17.4,14.5,15.5
E03600,Nicolás Castillo,Redes de Computadoras,2025-2,89.8,9.8,72.5,2,10.9,4.3,7.3
E03601,Emilio Ramírez,Base de Datos,2025-2,75.3,1.9,53.8,5,12.4,14.0,8.8
E03602,Estefanía Rojas,Lenguajes de Programación,2026-1,51.8,1.4,96.2,3,14.6,14.1,14.4
E03603,Luis Mendoza,Matemática Discreta,2026-1,100,9.9,,3,10.6,11.7,19.0
E03604,Luis Zapata,Estructuras de Datos,2026-1,55.0,4.4,84.1,4,19.4,12.9,10.0
E03605,Alejandra Sánchez,Base de Datos,2025-2,54.9,0.3,100,2,12.9,13.8,11.6
E03606,Rodrigo Delgado,Matemática Discreta,2025-2,70.6,1.2,50.3,4,13.8,12.4,10.6
E03607,Daniela Soto,Base de Datos,2025-2,62.7,8.7,95.0,4,13.7,15.3,13.6
E03608,Jorge Flores,Redes de Computadoras,2026-1,81.0,6.8,56.2,2,14.1,12.3,13.6
E03609,Daniela Rivas,Base de Datos,2025-2,36.1,8.1,79.9,3,11.8,14.5,19.3
E03610,Vicente Ponce,Base de Datos,2025-2,71.7,7.8,79.1,2,10.3,12.1,18.5
E03611,Andrés Rivas,Estructuras de Datos,2026-1,100,8.0,95.4,4,15.4,13.8,11.9
E03612,Emilia Paredes,Redes de Computadoras,2026-1,74.1,5.6,53.0,4,9.7,3.1,9.2
E03613,Manuel Soto,Estructuras de Datos,2025-2,61.9,3.4,87.2,2,14.1,,14.1
E03614,Fabián Mendoza,Estructuras de Datos,2025-2,56.5,7.1,58.2,4,19.3,14.7,19.6
E03615,Estefanía Herrera,Lenguajes de Programación,2026-1,75.4,9.1,61.8,1,7.5,13.9,11.8
E03616,Iván García,Matemática Discreta,2026-1,76.4,7.3,87.9,3,4.7,7.2,8.1
E03617,Franco Paredes,Lenguajes de Programación,2025-2,80.9,3.7,64.7,1,15.9,11.7,14.2
E03618,Ricardo Delgado,Lenguajes de Programación,2026-1,89.6,11.5,62.7,4,,6.9,1.1
E03619,Nicolás Herrera,Estructuras de Datos,2026-1,100,4.8,70.1,3,16.1,10.8,8.6
E03620,Milagros Cruz,Base de Datos,2026-1,56.7,3.4,62.9,2,9.9,5.8,10.8
E03621,Renata Ponce,Matemática Discreta,2026-1,76.1,12.3,67.4,4,15.4,20,18.2
E03622,Rosa Cárdenas,Redes de Computadoras,2026-1,25.4,10.8,100,4,18.2,16.5,14.2
E03623,Antonella Alva,Matemática Discreta,2026-1,94.0,5.5,93.6,2,14.8,15.0,15.4
E03624,Lucía Espinoza,Base de Datos,2026-1,72.3,7.5,60.8,4,12.2,15.0,9.8
E03625,Manuel Castillo,Matemática Discreta,2025-2,69.9,8.0,74.1,5,19.2,19.7,20
E03626,Zoe Sánchez,Matemática Discreta,2025-2,75.1,1.4,86.5,3,15.1,15.0,20
E03627,Isabela Torres,Redes de Computadoras,2026-1,83.1,5.6,77.1,4,16.5,16.3,11.6
E03628,Valeria Paredes,Lenguajes de Programación,2025-2,70.6,6.4,100,4,19.4,17.9,20
E03629,Gabriela Cabrera,Matemática Discreta,2025-2,82.9,0.8,64.5,4,9.9,7.5,7.5
E03630,Andrés Rodríguez,Base de Datos,2026-1,59.7,9.4,97.4,2,12.8,15.3,15.0
E03631,Emilio Vega,Estructuras de Datos,2025-2,70.2,2.5,80.9,1,19.1,15.9,12.7
E03632,Martina Rivas,Matemática Discreta,2026-1,50.8,11.4,88.0,4,9.3,8.0,5.8
E03633,Luis Cruz,Base de Datos,2025-2,75.4,3.6,48.0,3,8.9,12.9,10.6
E03634,Iván Delgado,Lenguajes de Programación,2025-2,61.4,7.6,52.1,2,7.9,14.7,11.1
E03635,Rodrigo Rodríguez,Base de Datos,2025-2,71.9,4.1,62.0,2,11.2,13.6,17.7
E03636,Rosa Ramírez,Estructuras de Datos,2025-2,84.2,0,56.9,1,16.5,15.4,15.3
E03637,Alejandra Alva,Estructuras de Datos,2026-1,86.9,7.8,78.3,1,17.4,9.7,11.3
E03638,Diego Palomino,Redes de Computadoras,2026-1,59.5,0.3,90.3,3,9.4,6.5,9.0
E03639,Paula Herrera,Base de Datos,2026-1,59.4,4.4,73.8,2,6.3,6.8,9.8
E03640,Natalia Aguilar,Estructuras de Datos,2025-2,68.3,7.5,86.7,3,5.2,7.0,10.5
E03641,Fernanda Soto,Matemática Discreta,2025-2,97.1,5.6,54.3,2,8.3,9.5,1.2
E03642,Diego Sánchez,Matemática Discreta,2025-2,100,1.0,100,3,6.8,11.9,9.5
E03643,María Rivas,Lenguajes de Programación,2026-1,98.0,3.6,64.8,2,11.7,11.3,14.7
E03644,Fabián Herrera,Matemática Discreta,2026-1,100,4.5,100,1,20,20,13.6
E03645,Luis Medina,Lenguajes de Programación,2026-1,59.5,8.9,100,5,13.3,18.4,17.1
E03646,Camila Chávez,Matemática Discreta,2026-1,100,6.9,75.1,3,,20,19.1
E03647,Renata Aguilar,Estructuras de Datos,2025-2,58.6,7.4,76.0,3,20,18.9,16.3
E03648,Estefanía Mendoza,Matemática Discreta,2026-1,74.9,6.5,84.9,3,10.3,15.4,10.0
E03649,Gabriela Castillo,Redes de Computadoras,2025-2,71.7,5.1,62.4,3,8.5,13.3,11.3
E03650,Mateo Cruz,Matemática Discreta,2026-1,55.7,10.1,100,2,11.4,14.6,15.4
E03651,Adrián Delgado,Matemática Discreta,2026-1,56.1,3.1,79.4,3,14.6,17.9,19.1
E03652,Manuel Salazar,Matemática Discreta,2025-2,67.8,11.1,61.7,3,19.6,20,17.2
E03653,Jorge Rodríguez,Lenguajes de Programación,2026-1,64.3,6.0,83.0,3,11.3,11.6,9.8
E03654,Iván Quispe,Base de Datos,2026-1,73.0,4.0,40.0,5,15.7,17.9,20
E03655,Daniela Delgado,Base de Datos,2026-1,84.2,5.8,91.9,3,9.2,6.4,9.5
E03656,Franco Rojas,Matemática Discreta,2025-2,67.0,10.5,66.4,3,13.3,13.9,12.9
E03657,Nicolás Ponce,Base de Datos,2026-1,80.1,2.2,100,2,12.7,15.2,12.7
E03658,Renata Vega,Redes de Computadoras,2026-1,54.9,8.0,37.2,1,10.2,10.5,9.7
E03659,Emilia Reyes,Base de Datos,2025-2,89.3,2.5,100,4,7.1,10.5,8.2
E03660,Nicolás García,Estructuras de Datos,2025-2,56.2,6.1,53.0,4,19.6,15.0,16.3
E03661,Milagros Herrera,Matemática Discreta,2025-2,75.9,5.2,73.3,4,16.5,10.0,12.7
E03662,Natalia Medina,Base de Datos,2026-1,66.5,2.6,73.0,2,19.2,13.6,15.8
E03663,Fabián Medina,Estructuras de Datos,2026-1,71.1,6.7,76.0,3,17.0,18.5,15.5
E03664,Lucía Alva,Matemática Discreta,2026-1,75.2,5.5,88.1,3,6.9,8.8,6.9
E03665,Antonella Gutiérrez,Lenguajes de Programación,2026-1,,10.5,49.7,1,10.0,10.5,10.0
E03666,Franco Quispe,Base de Datos,2025-2,60.9,9.4,94.6,2,11.6,10.7,10.8
E03667,Rosa Rodríguez,Matemática Discreta,2026-1,63.3,4.2,93.3,5,9.5,10.3,11.1
E03668,Fernanda García,Estructuras de Datos,2025-2,80.9,10.5,91.9,4,19.0,12.1,15.8
E03669,Emilia Castillo,Matemática Discreta,2026-1,54.9,8.1,81.7,3,16.8,19.7,17.7
E03670,Manuel Rojas,Lenguajes de Programación,2026-1,81.7,8.7,57.0,2,13.9,16.2,11.1
E03671,Valentina Quispe,Estructuras de Datos,2026-1,39.1,7.7,70.0,3,10.1,7.7,10.6
E03672,Gabriela Huamán,Redes de Computadoras,2025-2,96.7,6.0,,2,7.0,12.6,9.0
E03673,Ana Medina,Base de Datos,2026-1,68.1,7.5,67.0,2,11.6,7.7,6.5
E03674,Iván Ponce,Lenguajes de Programación,2026-1,94.7,3.9,63.5,4,15.1,13.2,17.4
E03675,Julio Gutiérrez,Matemática Discreta,2025-2,98.8,10.5,77.4,3,14.1,12.2,14.1
E03676,Adrián Cabrera,Redes de Computadoras,2026-1,74.1,10.3,82.7,3,20,17.0,18.2
E03677,Natalia Herrera,Base de Datos,2025-2,80.4,8.7,81.4,1,6.0,1.4,3.9
E03678,Zoe Aguilar,Estructuras de Datos,2026-1,78.4,3.4,83.2,3,14.1,16.2,18.1
E03679,Ricardo Sánchez,Redes de Computadoras,2025-2,76.6,11.2,80.7,2,8.7,14.3,9.7
E03680,Manuel Paredes,Estructuras de Datos,2025-2,100,10.4,53.8,2,20,20,20
E03681,Martina Aguilar,Base de Datos,2025-2,100,8.0,48.2,3,11.9,12.8,8.7
E03682,Sofía Herrera,Lenguajes de Programación,2025-2,81.8,7.7,68.5,5,11.8,15.0,10.7
E03683,Milagros Ramírez,Lenguajes de Programación,2025-2,59.0,4.7,62.2,4,14.7,15.4,15.0
E03684,Carlos Torres,Base de Datos,2025-2,68.5,7.7,72.4,2,12.0,11.8,12.3
E03685,Iván Chávez,Matemática Discreta,2026-1,47.1,6.8,97.5,3,8.7,7.3,8.3
E03686,Valeria Ortiz,Redes de Computadoras,2025-2,80.4,0.3,65.0,3,9.9,9.9,7.9
E03687,Diego Rivas,Redes de Computadoras,2025-2,72.9,3.8,73.6,3,17.6,16.8,15.3
E03688,Julio Ramírez,Lenguajes de Programación,2026-1,70.9,9.0,63.2,1,14.3,17.5,16.3
E03689,Rosa Rojas,Estructuras de Datos,2025-2,68.7,6.1,86.4,5,14.8,9.8,12.7
E03690,Iván Palomino,Base de Datos,2026-1,80.0,4.7,100,1,14.0,14.8,16.7
E03691,Natalia Ramírez,Base de Datos,2026-1,83.2,11.3,95.7,2,10.5,10.6,7.9
E03692,Alonso Huamán,Base de Datos,2025-2,82.3,4.1,75.0,2,11.1,9.6,13.7
E03693,Paula García,Redes de Computadoras,2026-1,55.0,2.6,71.9,2,10.3,7.4,8.8
E03694,Alejandra López,Base de Datos,2026-1,54.2,7.3,94.4,1,20,20,18.4
E03695,Luis Mamani,Estructuras de Datos,2025-2,90.8,8.5,96.6,2,8.1,4.7,10.3
E03696,Daniela López,Redes de Computadoras,2026-1,78.8,12.2,76.3,2,20,15.4,18.6
E03697,Jorge Zapata,Matemática Discreta,2025-2,89.8,1.4,71.3,3,11.6,13.9,15.1
E03698,Julio Flores,Matemática Discreta,2025-2,90.6,4.6,85.8,2,14.1,13.2,8.2
E03699,Renata Aguilar,Estructuras de Datos,2026-1,44.4,10.4,78.8,4,9.8,6.9,6.7
E03700,Alejandra Castillo,Matemática Discreta,2025-2,84.6,3.5,65.5,2,13.8,15.3,11.3
E03701,Iván Rojas,Estructuras de Datos,2025-2,45.5,4.5,78.3,4,10.4,10.8,12.0
E03702,Nicolás Flores,Matemática Discreta,2026-1,67.2,5.4,42.2,5,14.4,14.4,11.8
E03703,Luis Torres,Estructuras de Datos,2025-2,68.5,6.5,86.4,1,9.2,5.3,12.9
E03704,Alonso Aguilar,Redes de Computadoras,2026-1,35.9,7.4,56.0,3,12.7,14.4,12.9
E03705,Jorge Quispe,Matemática Discreta,2026-1,61.2,8.6,89.3,2,11.3,17.2,14.6
E03706,Julio Alva,Base de Datos,2025-2,90.4,0.3,77.6,4,10.5,16.0,13.1
E03707,Manuel Espinoza,Estructuras de Datos,2026-1,73.2,7.6,47.2,4,7.6,10.0,12.9
E03708,Ricardo Rivas,Estructuras de Datos,2026-1,90.8,3.5,51.0,3,18.7,12.9,14.1
E03709,Estefanía Cabrera,Base de Datos,2025-2,97.3,9.3,63.8,3,17.6,14.6,20
E03710,Renata Torres,Base de Datos,2025-2,88.7,8.9,66.8,1,11.4,9.4,6.0
E03711,Fabián Huamán,Estructuras de Datos,2026-1,70.9,6.1,51.5,2,11.4,9.0,9.4
E03712,Rosa Huamán,Lenguajes de Programación,2026-1,58.1,4.9,88.6,4,13.4,11.5,11.6
E03713,Valeria Palomino,Lenguajes de Programación,2025-2,68.7,9.1,89.3,5,15.0,18.4,12.5
E03714,Ricardo Paredes,Matemática Discreta,2026-1,51.5,0,87.2,3,6.5,12.3,6.9
E03715,Fernanda Cabrera,Lenguajes de Programación,2026-1,81.4,11.5,60.3,5,20,14.1,20
E03716,Sofía Delgado,Base de Datos,2025-2,52.4,4.4,89.0,3,5.9,8.0,4.2
E03717,Valeria Paredes,Estructuras de Datos,2025-2,59.1,8.5,49.3,2,8.7,11.8,17.3
E03718,Renata Ortiz,Estructuras de Datos,2025-2,71.4,7.2,49.9,4,16.3,15.5,14.7
E03719,Adrián Paredes,Estructuras de Datos,2026-1,57.2,7.7,80.3,3,20,17.6,20
E03720,Bruno Espinoza,Base de Datos,2026-1,81.1,8.9,90.9,3,16.4,7.8,17.4
E03721,Adrián Espinoza,Redes de Computadoras,2025-2,70.7,7.7,74.7,3,6.8,9.9,10.3
E03722,Jorge Palomino,Matemática Discreta,2026-1,51.2,3.0,55.7,2,18.5,17.8,20
E03723,Jorge Cárdenas,Base de Datos,2026-1,90.1,5.3,44.7,3,13.7,14.8,19.1
E03724,Mateo López,Lenguajes de Programación,2025-2,92.3,9.9,60.8,3,9.8,16.6,13.8
E03725,Mateo Chávez,Estructuras de Datos,2026-1,100,8.8,79.1,2,8.5,13.3,9.5
E03726,Milagros Mamani,Estructuras de Datos,2025-2,83.0,1.8,73.6,5,14.1,5.6,4.5
E03727,Andrés Vargas,Estructuras de Datos,2026-1,95.8,6.4,77.1,2,14.6,15.5,14.0
E03728,Vicente García,Matemática Discreta,2026-1,73.0,4.4,95.0,2,14.6,12.0,10.0
E03729,Camila Ortiz,Redes de Computadoras,2026-1,73.0,3.2,100,3,15.9,15.4,14.1
E03730,Isabela Paredes,Estructuras de Datos,2025-2,75.6,5.5,66.1,3,12.9,11.1,18.4
E03731,Miguel Flores,Estructuras de Datos,2026-1,83.7,1.7,67.0,3,11.5,6.5,6.0
E03732,Alonso Torres,Estructuras de Datos,2026-1,50.3,4.3,77.5,4,10.8,17.7,15.1
E03733,Julio Mendoza,Matemática Discreta,2026-1,74.9,4.4,76.4,5,11.1,17.5,18.1
E03734,Alonso Mamani,Matemática Discreta,2025-2,79.6,2.6,71.1,2,5.3,2.2,7.5
E03735,María Ortiz,Matemática Discreta,2025-2,76.5,8.1,73.9,3,8.3,8.1,6.3
E03736,Sebastián Vargas,Estructuras de Datos,2025-2,63.5,1.7,81.8,4,10.2,12.2,11.9
E03737,Natalia Huamán,Estructuras de Datos,2026-1,85.9,12.2,97.1,2,13.4,19.1,15.4
E03738,Mateo Cabrera,Redes de Computadoras,2025-2,84.8,7.9,80.6,2,12.4,14.0,9.3
E03739,Martina Cárdenas,Estructuras de Datos,2026-1,61.3,4.8,100,3,9.3,14.6,9.4
E03740,Iván Reyes,Lenguajes de Programación,2026-1,75.2,4.5,64.8,3,11.2,10.5,11.2
E03741,Daniela Soto,Lenguajes de Programación,2026-1,48.2,8.4,56.8,2,10.6,8.4,11.8
E03742,Andrés Rivas,Estructuras de Datos,2026-1,47.5,2.3,78.1,3,9.5,11.7,11.3
E03743,Diego Aguilar,Redes de Computadoras,2026-1,97.8,0,100,5,11.3,15.1,9.3
E03744,Fabián López,Redes de Computadoras,2026-1,72.1,0,94.8,3,,7.0,15.2
E03745,Julio Huamán,Redes de Computadoras,2026-1,71.4,11.7,84.2,1,13.2,16.3,15.9
E03746,Rosa Espinoza,Base de Datos,2026-1,100,5.2,76.2,2,11.8,9.0,6.1
E03747,Manuel Soto,Redes de Computadoras,2025-2,75.7,4.6,68.2,5,14.4,9.9,9.2
E03748,Bruno López,Redes de Computadoras,2025-2,47.6,8.1,77.0,2,3.7,,13.0
E03749,Sebastián Ortiz,Base de Datos,2026-1,59.8,9.0,46.6,3,20,20,20
E03750,Rodrigo Herrera,Matemática Discreta,2025-2,63.5,0,43.5,3,12.0,8.5,10.4
E03751,Ricardo Cruz,Estructuras de Datos,2025-2,70.5,0.1,74.3,4,18.7,16.8,18.2
E03752,Daniela Salazar,Matemática Discreta,2025-2,65.6,9.5,49.6,3,15.2,17.5,16.5
E03753,Alonso Rivas,Redes de Computadoras,2025-2,63.8,3.1,100.0,3,16.1,10.7,13.0
E03754,Renata Rivas,Matemática Discreta,2026-1,83.1,3.2,90.0,2,9.1,9.5,15.2
E03755,Miguel Mendoza,Estructuras de Datos,2025-2,66.7,6.6,42.2,4,9.9,16.9,12.6
E03756,María Paredes,Estructuras de Datos,2025-2,62.5,9.3,100,2,9.8,13.9,17.6
E03757,Manuel Gutiérrez,Redes de Computadoras,2026-1,77.3,7.3,76.1,3,15.2,13.4,12.3
E03758,Zoe Cabrera,Matemática Discreta,2026-1,87.9,2.9,72.9,2,18.5,20,17.1
E03759,Julio Medina,Redes de Computadoras,2025-2,100,0,73.7,5,9.7,9.8,9.6
E03760,Valentina Vega,Redes de Computadoras,2026-1,67.2,9.4,37.3,1,8.8,11.3,7.1
E03761,Isabela Alva,Base de Datos,2026-1,63.9,4.7,65.0,5,11.0,14.1,9.9
E03762,Mateo Cabrera,Base de Datos,2026-1,70.1,1.1,78.7,3,11.0,7.4,5.7
E03763,Alejandra Cabrera,Redes de Computadoras,2026-1,72.3,6.6,63.3,2,6.1,3.2,3.7
E03764,Joaquín Chávez,Lenguajes de Programación,2025-2,44.5,0,61.2,3,20,17.6,15.4
E03765,María Delgado,Base de Datos,2026-1,84.3,11.9,100,3,8.7,12.0,13.0
E03766,Camila Quispe,Lenguajes de Programación,2026-1,71.3,7.8,56.6,3,11.5,8.6,15.8
E03767,Natalia Palomino,Matemática Discreta,2025-2,53.8,9.0,48.2,2,12.9,19.6,12.2
E03768,Milagros Cabrera,Matemática Discreta,2025-2,83.6,3.9,89.1,2,13.1,15.0,10.7
E03769,Emilio Castillo,Lenguajes de Programación,2025-2,67.9,2.1,100,5,12.4,16.2,15.9
E03770,Valeria Rivas,Matemática Discreta,2026-1,74.7,3.9,75.3,3,11.4,12.2,10.3
E03771,Carlos Ortiz,Base de Datos,2025-2,77.6,4.2,66.6,3,8.9,14.0,10.0
E03772,Ricardo Ramírez,Lenguajes de Programación,2025-2,55.1,3.4,55.0,3,13.8,14.0,18.1
E03773,Mateo Palomino,Matemática Discreta,2026-1,63.0,6.6,47.4,3,13.4,16.3,13.5
E03774,Manuel Pérez,Matemática Discreta,2025-2,52.7,4.8,83.9,3,20,20,20
E03775,Mateo Vega,Matemática Discreta,2025-2,100,0.4,83.5,2,13.3,7.7,12.0
E03776,Mateo Sánchez,Lenguajes de Programación,2026-1,92.0,5.5,100,4,15.6,14.3,14.1
E03777,Paula Reyes,Base de Datos,2026-1,71.8,6.9,67.0,2,9.8,9.6,14.5
E03778,Diego Delgado,Lenguajes de Programación,2025-2,99.0,5.2,76.9,5,15.4,15.3,20
E03779,Diego Cruz,Matemática Discreta,2025-2,74.0,5.3,65.3,3,12.6,12.2,9.3
E03780,Franco Mendoza,Lenguajes de Programación,2025-2,61.4,11.2,88.8,5,13.3,14.7,16.4
E03781,Bruno Espinoza,Matemática Discreta,2025-2,70.0,5.2,56.2,4,14.5,15.4,12.2
E03782,Gabriela Salazar,Matemática Discreta,2025-2,70.2,10.6,58.6,3,13.8,17.0,14.9
E03783,Milagros Medina,Lenguajes de Programación,2026-1,100,3.8,76.0,3,5.6,10.9,8.7
E03784,Mateo Paredes,Matemática Discreta,2025-2,74.7,11.5,70.3,1,17.2,20,20
E03785,Natalia Sánchez,Matemática Discreta,2025-2,65.5,7.2,80.8,4,12.7,12.1,13.5
E03786,Martina Delgado,Redes de Computadoras,2026-1,63.3,10.5,72.3,2,13.3,19.0,8.9
E03787,Jorge Mendoza,Estructuras de Datos,2026-1,61.9,10.0,76.4,3,14.6,17.0,14.1
E03788,Daniela Vargas,Matemática Discreta,2025-2,87.5,7.8,70.1,4,5.3,11.4,8.8
E03789,Sofía López,Estructuras de Datos,2026-1,55.2,2.4,45.8,1,20,16.9,11.4
E03790,Zoe Espinoza,Redes de Computadoras,2026-1,63.3,9.1,90.1,4,8.8,9.2,12.2
E03791,Fernanda Ortiz,Redes de Computadoras,2026-1,62.0,1.8,59.2,2,12.1,14.0,16.7
E03792,Milagros Ponce,Lenguajes de Programación,2025-2,73.6,0,48.1,3,6.6,7.8,9.0
E03793,Milagros Aguilar,Matemática Discreta,2026-1,73.1,1.4,100,3,12.2,12.4,7.9
E03794,Natalia Vega,Matemática Discreta,2025-2,68.7,4.4,50.7,4,,12.1,10.8
E03795,Renata Aguilar,Lenguajes de Programación,2025-2,100,9.1,60.9,2,13.6,8.0,8.4
E03796,Adrián Rojas,Matemática Discreta,2026-1,54.0,9.0,94.5,3,10.0,12.4,6.9
E03797,Carlos Paredes,Base de Datos,2026-1,75.2,6.4,78.0,2,15.7,13.3,13.4
E03798,Milagros Paredes,Matemática Discreta,2026-1,64.6,9.2,100,3,15.7,12.0,12.8
E03799,Ricardo Alva,Matemática Discreta,2026-1,94.2,4.0,71.7,2,17.2,12.6,13.2
E03800,Ximena Salazar,Matemática Discreta,2026-1,33.9,7.2,78.5,5,10.9,9.3,14.6
E03801,Joaquín Palomino,Estructuras de Datos,2025-2,29.9,6.5,68.0,1,19.0,18.2,18.1
E03802,Alonso Vega,Lenguajes de Programación,2026-1,94.7,0.3,51.5,4,,9.5,5.6
E03803,Carlos Mamani,Matemática Discreta,2025-2,82.5,9.9,69.6,3,11.9,10.9,10.6
E03804,Carlos García,Matemática Discreta,2025-2,76.2,7.4,71.5,4,12.2,11.8,16.4
E03805,Valentina Castillo,Base de Datos,2026-1,76.5,6.5,97.1,3,0.2,3.8,0
E03806,Sofía Gutiérrez,Estructuras de Datos,2025-2,75.2,13.3,72.9,4,16.2,16.1,16.7
E03807,Ximena Espinoza,Estructuras de Datos,2026-1,82.0,8.2,78.9,1,12.3,,17.6
E03808,Zoe Espinoza,Matemática Discreta,2025-2,79.9,5.3,76.0,1,15.7,12.1,18.4
E03809,Sofía Palomino,Redes de Computadoras,2025-2,76.5,7.8,81.9,3,6.5,10.2,13.2
E03810,Luis Rojas,Matemática Discreta,2026-1,56.8,5.5,88.6,1,15.0,15.5,16.7
E03811,Fernanda Cabrera,Estructuras de Datos,2025-2,64.5,3.3,57.4,2,7.8,6.7,7.6
E03812,Julio Soto,Estructuras de Datos,2025-2,80.5,10.9,72.5,4,16.9,12.4,16.4
E03813,Paula Quispe,Matemática Discreta,2025-2,58.0,6.8,70.2,2,11.6,13.3,18.6
E03814,Estefanía Reyes,Lenguajes de Programación,2025-2,54.2,10.2,91.4,2,13.6,9.3,18.6
E03815,Martina Mendoza,Lenguajes de Programación,2026-1,57.3,2.5,86.0,3,14.3,14.6,18.1
E03816,Mateo Cárdenas,Matemática Discreta,2025-2,59.6,6.3,90.8,3,8.6,7.9,8.3
E03817,Nicolás López,Redes de Computadoras,2025-2,77.5,5.4,61.7,1,13.6,11.8,13.9
E03818,Isabela Ortiz,Redes de Computadoras,2025-2,66.7,4.3,77.0,3,20,19.3,16.9
E03819,Alonso Alva,Estructuras de Datos,2026-1,46.1,4.4,62.7,1,15.4,18.0,18.3
E03820,Antonella Flores,Matemática Discreta,2026-1,76.3,5.1,69.4,2,7.1,9.4,9.2
E03821,Ricardo Chávez,Matemática Discreta,2025-2,68.6,0,60.6,1,7.2,10.7,10.4
E03822,Joaquín Palomino,Estructuras de Datos,2025-2,63.4,9.4,100,2,8.9,11.5,11.1
E03823,Isabela Cabrera,Redes de Computadoras,2026-1,81.3,8.5,70.5,3,18.2,12.0,15.0
E03824,Ricardo Quispe,Base de Datos,2025-2,86.3,3.5,92.1,4,9.3,11.5,14.2
E03825,Gabriela Torres,Base de Datos,2026-1,72.8,4.6,62.9,5,8.0,12.2,12.0
E03826,Fernanda Chávez,Redes de Computadoras,2026-1,55.9,5.1,75.6,4,12.9,12.0,14.5
E03827,Adrián Aguilar,Matemática Discreta,2025-2,66.5,2.5,90.1,4,14.3,12.0,13.5
E03828,Alonso Palomino,Base de Datos,2026-1,58.9,6.5,86.8,2,15.9,20,16.6
E03829,Tomás Mendoza,Matemática Discreta,2026-1,58.3,4.6,95.8,3,15.3,11.1,10.7
E03830,Rosa Alva,Matemática Discreta,2025-2,63.6,3.6,100,3,11.0,14.0,12.6
E03831,Estefanía Soto,Redes de Computadoras,2025-2,61.5,5.8,78.2,3,15.3,8.9,8.3
E03832,Camila Ponce,Lenguajes de Programación,2026-1,87.7,2.2,86.6,4,17.5,16.4,16.6
E03833,Carlos Rivas,Lenguajes de Programación,2025-2,91.2,5.4,61.4,3,7.0,9.4,6.7
E03834,Ximena Herrera,Redes de Computadoras,2026-1,100,4.8,,4,1.0,4.8,8.7
E03835,Andrés Medina,Base de Datos,2025-2,73.9,0.6,91.1,4,0,0,5.0
E03836,Iván Gutiérrez,Estructuras de Datos,2025-2,69.2,7.6,,2,20,16.9,12.0
E03837,María Ortiz,Redes de Computadoras,2025-2,80.4,6.9,76.0,3,10.2,13.5,7.2
E03838,Franco Delgado,Redes de Computadoras,2026-1,65.6,6.9,64.9,3,8.3,10.8,12.0
E03839,Carlos Cruz,Lenguajes de Programación,2025-2,76.8,9.6,87.5,3,8.2,9.9,10.2
E03840,Franco Zapata,Estructuras de Datos,2025-2,71.2,4.4,83.5,3,12.6,12.9,19.5
E03841,Fabián Medina,Lenguajes de Programación,2026-1,74.4,13.4,100,4,20,19.1,16.0
E03842,Valeria Alva,Base de Datos,2026-1,85.6,8.7,74.9,3,8.9,11.1,11.3
E03843,Mateo López,Estructuras de Datos,2026-1,48.0,3.3,100,3,11.1,10.4,12.2
E03844,Emilio Paredes,Matemática Discreta,2026-1,94.8,6.1,95.5,4,16.1,16.3,14.3
E03845,Alejandra Zapata,Matemática Discreta,2026-1,68.3,11.5,68.3,2,15.1,7.7,15.2
E03846,Daniela Chávez,Lenguajes de Programación,2026-1,66.8,7.3,95.6,4,18.0,13.2,20
E03847,Bruno Alva,Estructuras de Datos,2026-1,67.0,6.0,80.9,5,17.3,20,18.7
E03848,María Sánchez,Redes de Computadoras,2026-1,22.1,2.8,97.5,2,17.3,15.4,14.7
E03849,Manuel Soto,Lenguajes de Programación,2025-2,88.2,7.5,100,3,13.3,15.1,12.2
E03850,Isabela Paredes,Base de Datos,2026-1,69.7,8.9,60.6,3,14.7,14.7,10.6
E03851,Iván Mendoza,Matemática Discreta,2026-1,63.3,6.0,70.0,5,11.0,6.8,10.4
E03852,Ximena Reyes,Matemática Discreta,2025-2,99.9,2.9,73.0,3,13.6,14.0,16.6
E03853,Daniela García,Estructuras de Datos,2025-2,86.9,10.1,79.2,4,14.6,8.4,14.4
E03854,Valentina Gutiérrez,Base de Datos,2026-1,41.0,12.9,81.5,3,12.5,17.5,15.3
E03855,Martina Alva,Lenguajes de Programación,2025-2,52.4,8.0,60.8,1,17.7,,10.7
E03856,Vicente Herrera,Estructuras de Datos,2025-2,87.4,8.4,77.2,5,14.5,18.4,16.0
E03857,Lucía Ponce,Lenguajes de Programación,2026-1,59.6,3.5,89.5,1,4.7,8.2,13.1
E03858,Adrián Cruz,Base de Datos,2025-2,69.2,6.7,84.1,1,9.1,9.4,11.2
E03859,Sebastián Ortiz,Estructuras de Datos,2026-1,72.5,8.0,33.5,1,13.8,17.9,12.0
E03860,Alejandra Herrera,Base de Datos,2025-2,86.7,11.8,83.5,4,8.9,10.9,11.4
E03861,Alonso Gutiérrez,Base de Datos,2026-1,84.9,5.3,90.6,2,14.0,17.3,13.0
E03862,Fernanda Zapata,Matemática Discreta,2025-2,77.4,9.0,,3,11.9,12.1,13.1
E03863,Milagros Huamán,Estructuras de Datos,2026-1,100,7.0,93.0,1,12.7,14.8,14.6
E03864,Andrés López,Redes de Computadoras,2026-1,57.6,10.8,54.2,2,9.4,5.9,11.6
E03865,Natalia Cabrera,Redes de Computadoras,2026-1,68.7,12.6,76.7,1,18.4,20,14.3
E03866,Luis García,Lenguajes de Programación,2025-2,40.5,4.9,69.5,1,13.3,14.0,13.3
E03867,Rosa Chávez,Matemática Discreta,2025-2,29.4,4.9,66.5,4,6.6,5.7,1.5
E03868,Ana Vargas,Lenguajes de Programación,2025-2,53.9,1.4,79.7,2,9.5,12.7,9.0
E03869,Isabela Paredes,Base de Datos,2026-1,89.5,3.9,100,3,9.6,10.4,11.8
E03870,Emilio Ortiz,Matemática Discreta,2025-2,90.6,6.7,78.4,3,14.5,11.0,13.2
E03871,Mateo Sánchez,Redes de Computadoras,2026-1,100,0,85.6,3,20,19.6,18.9
E03872,Tomás Ramírez,Estructuras de Datos,2026-1,100,4.9,77.4,2,13.4,9.5,6.8
E03873,Mateo Palomino,Lenguajes de Programación,2025-2,86.5,4.5,57.3,3,12.0,12.4,12.0
E03874,Miguel Soto,Lenguajes de Programación,2026-1,64.0,9.7,60.0,5,10.8,11.5,11.9
E03875,Ricardo López,Estructuras de Datos,2026-1,65.7,7.9,85.3,3,13.6,8.0,6.7
E03876,Adrián Pérez,Base de Datos,2026-1,86.6,4.8,83.0,1,12.7,14.9,10.0
E03877,Alejandra Mendoza,Lenguajes de Programación,2025-2,69.3,3.4,74.8,2,11.1,19.0,14.8
E03878,Daniela Herrera,Lenguajes de Programación,2025-2,94.8,8.2,56.6,3,5.6,1.9,8.5
E03879,Fernanda Ramírez,Redes de Computadoras,2025-2,56.6,10.5,56.2,3,13.8,19.8,14.1
E03880,Daniela Aguilar,Lenguajes de Programación,2025-2,90.9,11.2,81.6,2,20,19.7,17.4
E03881,Emilia Cabrera,Matemática Discreta,2026-1,63.2,0,50.1,4,7.4,8.8,9.8
E03882,Fernanda Rivas,Base de Datos,2025-2,,7.3,81.9,3,13.8,11.8,11.5
E03883,Diego Sánchez,Estructuras de Datos,2025-2,89.0,5.6,51.2,4,11.1,14.3,17.5
E03884,Emilio Castillo,Lenguajes de Programación,2025-2,46.6,2.5,48.5,3,17.3,20,20
E03885,Valentina Paredes,Base de Datos,2025-2,73.3,5.2,84.0,2,13.8,10.9,11.6
E03886,Milagros Medina,Redes de Computadoras,2025-2,82.7,4.1,,2,19.1,17.6,20
E03887,Valeria Reyes,Base de Datos,2026-1,81.7,1.8,75.1,3,18.9,17.4,20
E03888,Bruno Ponce,Estructuras de Datos,2025-2,63.3,2.8,52.6,2,13.6,14.8,9.5
E03889,Alejandra Ortiz,Lenguajes de Programación,2025-2,37.5,5.0,83.2,4,16.5,19.3,17.0
E03890,Alonso Chávez,Redes de Computadoras,2025-2,69.2,5.7,58.6,2,16.1,19.1,18.1
E03891,Tomás Espinoza,Estructuras de Datos,2025-2,79.4,3.5,74.7,2,18.4,11.5,16.1
E03892,María López,Estructuras de Datos,2026-1,64.7,11.0,67.8,3,9.6,,15.8
E03893,Isabela Cárdenas,Estructuras de Datos,2025-2,84.4,10.7,79.5,2,10.1,14.0,14.4
E03894,Ximena Zapata,Estructuras de Datos,2026-1,96.6,3.7,40.1,3,14.3,10.8,16.0
E03895,Sofía Zapata,Redes de Computadoras,2025-2,66.5,6.0,71.9,4,18.6,18.3,20
E03896,Iván Cárdenas,Base de Datos,2025-2,100,2.6,54.9,4,11.0,11.5,12.4
E03897,Valeria Chávez,Base de Datos,2026-1,72.3,13.9,50.0,3,14.9,6.7,9.7
E03898,Adrián Ortiz,Lenguajes de Programación,2026-1,63.4,8.3,69.9,2,11.7,13.2,11.1
E03899,Nicolás Soto,Redes de Computadoras,2025-2,51.4,4.1,75.3,3,8.0,7.0,7.9
E03900,Daniela Medina,Matemática Discreta,2026-1,56.2,2.3,57.7,2,12.3,10.3,13.5
E03901,Joaquín Flores,Base de Datos,2026-1,62.4,3.5,82.6,3,13.1,11.9,10.8
E03902,Rodrigo Espinoza,Lenguajes de Programación,2026-1,77.6,4.1,100,5,20,14.5,11.0
E03903,Valeria Vega,Base de Datos,2025-2,87.0,8.7,54.1,3,10.4,12.0,13.1
E03904,Bruno Ramírez,Matemática Discreta,2026-1,78.3,6.2,83.5,5,11.5,14.6,13.8
E03905,Franco Sánchez,Base de Datos,2025-2,92.8,9.0,92.1,5,16.0,13.9,20
E03906,Paula Zapata,Estructuras de Datos,2025-2,95.1,5.6,78.0,4,17.2,19.1,17.2
E03907,Valeria Aguilar,Matemática Discreta,2025-2,74.2,6.2,89.6,4,17.0,14.6,19.5
E03908,Renata Flores,Matemática Discreta,2025-2,42.8,7.4,78.9,2,14.8,20,10.8
E03909,Isabela Ponce,Redes de Computadoras,2026-1,75.1,9.3,40.5,4,6.1,5.2,7.1
E03910,Valentina Herrera,Estructuras de Datos,2025-2,87.9,7.2,82.9,1,12.8,10.5,16.3
E03911,Daniela Ortiz,Estructuras de Datos,2026-1,46.4,5.8,93.4,2,14.5,,15.2
E03912,Rodrigo Sánchez,Estructuras de Datos,2026-1,40.2,4.2,54.2,1,12.0,9.1,10.3
E03913,Renata Cruz,Lenguajes de Programación,2026-1,64.8,7.2,65.7,2,10.9,14.6,12.1
E03914,Mateo Aguilar,Base de Datos,2026-1,33.0,7.6,70.5,3,8.7,6.4,10.1
E03915,Tomás Salazar,Estructuras de Datos,2025-2,79.4,5.3,87.4,3,,3.6,9.0
E03916,Paula Cruz,Estructuras de Datos,2025-2,88.1,8.5,98.1,2,6.9,4.3,10.3
E03917,Isabela Zapata,Base de Datos,2025-2,79.4,4.4,47.3,4,8.8,11.1,8.8
E03918,Camila Ponce,Base de Datos,2026-1,61.7,8.6,58.3,3,13.4,15.9,12.7
E03919,Luis Reyes,Lenguajes de Programación,2026-1,56.1,10.8,97.2,2,13.8,12.2,9.9
E03920,María Reyes,Lenguajes de Programación,2026-1,96.1,5.9,47.5,4,12.2,9.4,14.0
E03921,Franco Palomino,Estructuras de Datos,2025-2,57.4,7.5,55.3,3,19.4,19.9,17.7
E03922,Ricardo García,Redes de Computadoras,2025-2,99.8,8.8,91.8,2,17.3,17.7,16.8
E03923,Carlos Pérez,Base de Datos,2026-1,61.0,9.0,68.6,3,11.4,10.4,10.4
E03924,Adrián Chávez,Estructuras de Datos,2026-1,,7.9,100,4,13.0,16.9,12.9
E03925,María Chávez,Estructuras de Datos,2026-1,95.5,11.7,53.5,4,6.5,8.5,6.2
E03926,Milagros Rivas,Estructuras de Datos,2026-1,87.0,3.7,72.3,1,10.9,17.9,14.9
E03927,Mateo Cárdenas,Matemática Discreta,2025-2,80.2,3.9,100,4,10.5,12.4,11.4
E03928,Daniela Huamán,Matemática Discreta,2025-2,53.9,8.6,60.6,4,9.9,7.7,12.6
E03929,Valeria Rodríguez,Lenguajes de Programación,2026-1,61.5,9.4,91.0,2,12.4,15.7,10.6
E03930,Miguel Rodríguez,Lenguajes de Programación,2025-2,89.2,9.6,88.6,1,11.9,12.0,16.2
E03931,Diego López,Base de Datos,2025-2,100,10.1,92.4,2,13.4,17.6,19.6
E03932,Antonella Salazar,Redes de Computadoras,2025-2,51.5,5.3,95.1,1,12.0,9.4,12.8
E03933,Camila Zapata,Redes de Computadoras,2026-1,82.4,2.6,80.6,2,13.1,13.2,13.4
E03934,Natalia Pérez,Base de Datos,2026-1,93.3,8.5,67.7,3,18.3,19.4,16.8
E03935,Andrés Vega,Matemática Discreta,2025-2,69.4,2.3,69.0,3,16.7,15.4,17.8
E03936,Emilio Palomino,Matemática Discreta,2026-1,87.8,6.8,83.8,1,1.9,7.3,7.4
E03937,Manuel García,Redes de Computadoras,2025-2,62.0,0,66.9,1,15.3,16.0,20
E03938,Natalia Delgado,Matemática Discreta,2025-2,77.3,5.8,54.9,3,17.8,17.0,20
E03939,Renata Rodríguez,Redes de Computadoras,2026-1,66.3,1.6,74.3,2,19.9,20,19.0
E03940,Joaquín Soto,Matemática Discreta,2025-2,60.7,6.8,65.5,3,17.0,13.4,13.6
E03941,Martina Quispe,Base de Datos,2026-1,56.5,6.8,67.0,4,14.1,17.9,14.5
E03942,Ximena Ponce,Estructuras de Datos,2026-1,83.8,7.1,100,2,6.3,12.3,9.7
E03943,Paula Soto,Redes de Computadoras,2026-1,67.0,9.0,88.3,3,8.1,13.9,8.6
E03944,Daniela Medina,Redes de Computadoras,2025-2,65.2,7.0,64.1,2,4.2,10.3,13.5
E03945,María Cruz,Estructuras de Datos,2025-2,72.5,9.6,62.6,4,17.5,16.5,17.6
E03946,Ana Rojas,Redes de Computadoras,2026-1,63.9,10.0,87.0,1,12.3,11.2,13.1
E03947,Camila Torres,Base de Datos,2025-2,66.0,3.7,93.5,2,16.9,19.0,15.5
E03948,Natalia Torres,Matemática Discreta,2026-1,34.3,6.9,91.4,4,9.0,8.3,17.6
E03949,Joaquín Quispe,Lenguajes de Programación,2026-1,76.1,6.5,49.0,2,12.6,13.6,15.2
E03950,Natalia Sánchez,Base de Datos,2026-1,62.3,2.4,99.0,4,11.4,13.7,16.7
E03951,Andrés Cabrera,Lenguajes de Programación,2026-1,56.5,5.7,59.7,4,13.2,13.6,16.2
E03952,Renata Salazar,Base de Datos,2025-2,88.8,6.7,100,3,13.5,10.9,12.5
E03953,Nicolás Sánchez,Matemática Discreta,2025-2,73.9,1.2,90.7,2,1.7,6.1,4.0
E03954,Lucía Ramírez,Lenguajes de Programación,2026-1,40.3,2.5,99.8,3,7.8,7.6,12.7
E03955,Carlos Palomino,Base de Datos,2026-1,69.8,3.9,59.5,2,9.0,10.2,4.7
E03956,Sofía Cabrera,Base de Datos,2025-2,43.4,6.5,65.8,1,12.3,10.8,14.0
E03957,Isabela Reyes,Estructuras de Datos,2026-1,73.5,9.5,88.8,2,8.9,10.5,11.5
E03958,Iván Quispe,Redes de Computadoras,2026-1,39.3,7.5,64.6,3,14.9,14.6,18.6
E03959,Milagros Vega,Lenguajes de Programación,2025-2,42.0,2.7,38.2,2,13.1,12.5,14.4
E03960,Paula Vargas,Matemática Discreta,2025-2,67.0,2.3,65.5,2,8.9,8.0,14.5
E03961,Rodrigo Herrera,Estructuras de Datos,2026-1,63.3,4.5,64.1,2,15.8,15.2,16.7
E03962,Estefanía Espinoza,Estructuras de Datos,2026-1,54.6,3.4,80.3,2,18.8,10.6,13.5
E03963,Adrián Huamán,Redes de Computadoras,2026-1,79.5,10.2,75.8,3,6.7,8.1,7.2
E03964,Mateo Gutiérrez,Base de Datos,2026-1,90.0,7.5,63.4,4,9.2,15.9,15.3
E03965,Zoe Ortiz,Estructuras de Datos,2026-1,66.2,4.7,35.3,3,12.1,11.0,14.9
E03966,Joaquín Cabrera,Lenguajes de Programación,2025-2,78.1,10.2,62.9,3,19.3,15.2,18.2
E03967,Adrián Sánchez,Lenguajes de Programación,2025-2,60.3,4.5,58.0,3,12.1,11.4,10.5
E03968,Lucía Mamani,Estructuras de Datos,2026-1,89.6,6.0,65.9,2,16.2,20,18.4
E03969,Franco Vega,Base de Datos,2026-1,98.7,8.8,75.8,4,15.1,11.4,12.5
E03970,Martina Zapata,Base de Datos,2026-1,87.4,6.8,94.9,3,18.1,19.9,20
E03971,Ricardo Chávez,Matemática Discreta,2025-2,96.9,8.8,100,3,15.3,17.9,15.8
E03972,Martina Cabrera,Redes de Computadoras,2026-1,60.9,0,65.3,2,16.3,,16.3
E03973,Iván Gutiérrez,Matemática Discreta,2026-1,59.5,4.4,89.8,3,9.2,11.3,11.7
E03974,Antonella Reyes,Lenguajes de Programación,2026-1,57.7,6.4,69.6,3,16.9,17.3,18.0
E03975,Alejandra Torres,Base de Datos,2025-2,85.1,7.5,38.9,3,14.9,9.4,10.6
E03976,Nicolás Palomino,Redes de Computadoras,2026-1,35.6,7.2,72.5,2,13.3,8.7,16.9
E03977,Antonella Gutiérrez,Lenguajes de Programación,2026-1,72.1,8.9,56.0,5,14.5,12.9,12.9
E03978,Sebastián López,Estructuras de Datos,2025-2,44.6,6.1,99.2,2,15.2,17.3,14.3
E03979,Renata Pérez,Base de Datos,2025-2,84.7,9.3,89.1,2,11.0,10.8,12.5
E03980,Lucía Paredes,Lenguajes de Programación,2026-1,91.1,8.7,49.9,5,13.5,12.8,10.6
E03981,Joaquín Cruz,Matemática Discreta,2026-1,84.3,7.7,55.7,4,17.5,10.2,14.7
E03982,Diego Alva,Matemática Discreta,2025-2,66.8,8.9,67.6,2,9.7,16.8,17.1
E03983,Emilio Vargas,Lenguajes de Programación,2025-2,63.0,11.3,91.1,3,13.1,11.1,14.3
E03984,Martina Zapata,Redes de Computadoras,2025-2,100,1.3,74.6,3,12.9,12.4,13.2
E03985,Lucía Quispe,Estructuras de Datos,2026-1,88.6,6.3,58.9,3,6.1,9.3,8.0
E03986,Rosa Rojas,Redes de Computadoras,2025-2,85.7,10.1,66.8,3,17.2,17.1,13.3
E03987,Ana Vargas,Lenguajes de Programación,2026-1,64.7,10.8,57.2,5,15.9,20,20
E03988,Valentina García,Matemática Discreta,2026-1,70.5,0.6,65.0,2,18.9,19.7,20
E03989,Mateo Espinoza,Base de Datos,2026-1,77.7,4.2,75.6,2,7.5,4.2,5.6
E03990,Manuel Rivas,Estructuras de Datos,2025-2,64.6,4.1,69.9,2,8.3,10.6,11.9
E03991,Diego Vega,Matemática Discreta,2025-2,100,10.3,93.8,2,8.7,13.8,12.5
E03992,Bruno Delgado,Redes de Computadoras,2025-2,93.3,8.3,100,2,14.7,14.4,19.0
E03993,Renata Torres,Estructuras de Datos,2026-1,59.3,3.8,56.6,1,7.5,9.1,10.3
E03994,Carlos Sánchez,Redes de Computadoras,2026-1,100,1.3,77.7,5,7.8,9.6,7.9
E03995,Milagros Ponce,Lenguajes de Programación,2026-1,86.9,0,60.2,2,20,20,20
E03996,Sebastián Cárdenas,Redes de Computadoras,2025-2,65.4,11.2,58.1,2,15.4,20,14.3
E03997,Natalia Zapata,Base de Datos,2025-2,89.7,11.2,60.3,3,8.5,11.1,8.8
E03998,Milagros López,Redes de Computadoras,2025-2,80.8,0,80.7,3,8.4,0,6.0
E03999,Alejandra Palomino,Redes de Computadoras,2025-2,98.4,3.4,76.9,2,12.2,11.8,18.6
E04000,Estefanía Pérez,Matemática Discreta,2025-2,84.4,7.6,87.2,3,11.8,12.9,14.1
E04001,Tomás Sánchez,Matemática Discreta,2026-1,91.2,6.0,87.1,3,16.4,13.0,20
E04002,Antonella Ponce,Base de Datos,2025-2,100,0.3,96.7,3,20,20,19.2
E04003,Nicolás García,Matemática Discreta,2025-2,77.7,6.8,88.2,3,5.4,5.0,6.0
E04004,Milagros Vargas,Base de Datos,2025-2,96.1,4.8,98.7,3,14.3,17.4,14.3
E04005,Camila Palomino,Lenguajes de Programación,2025-2,73.1,2.1,37.4,5,,17.6,20
E04006,Estefanía Sánchez,Matemática Discreta,2026-1,74.9,2.9,87.2,2,8.5,6.6,10.9
E04007,Julio Mamani,Base de Datos,2025-2,55.1,4.3,96.7,1,2.1,0,8.4
E04008,Milagros Flores,Redes de Computadoras,2026-1,35.3,0,95.8,3,20,18.0,19.9
E04009,María Sánchez,Estructuras de Datos,2026-1,79.3,7.4,78.9,5,15.7,12.3,8.5
E04010,Manuel Sánchez,Base de Datos,2025-2,82.4,7.5,96.6,3,13.7,17.0,12.2
E04011,Ana Soto,Base de Datos,2025-2,100,8.4,59.5,3,7.6,7.1,13.9
E04012,Andrés Rodríguez,Matemática Discreta,2025-2,83.1,7.4,88.3,3,12.0,10.9,12.9
E04013,Alonso Vega,Estructuras de Datos,2025-2,89.1,2.5,64.4,5,15.7,14.1,15.4
E04014,Paula Soto,Base de Datos,2026-1,63.1,0.0,91.8,5,13.9,10.0,15.1
E04015,Gabriela Espinoza,Estructuras de Datos,2026-1,63.7,6.0,100,5,12.6,10.6,7.5
E04016,Lucía Quispe,Redes de Computadoras,2026-1,73.5,6.0,64.5,3,18.4,17.8,20
E04017,Daniela Vargas,Base de Datos,2025-2,82.6,5.6,64.1,4,17.6,13.5,19.3
E04018,Nicolás Espinoza,Base de Datos,2026-1,89.8,0.7,65.6,1,17.4,14.9,14.1
E04019,Emilia Ponce,Matemática Discreta,2026-1,54.8,5.1,67.8,3,12.6,9.9,9.0
E04020,Julio Vargas,Redes de Computadoras,2025-2,100,5.7,77.1,4,8.2,8.6,14.0
E04021,Bruno Salazar,Redes de Computadoras,2025-2,65.1,3.4,96.9,1,14.7,16.3,12.5
E04022,Manuel Quispe,Base de Datos,2026-1,64.1,7.8,82.9,4,16.9,18.5,18.2
E04023,Gabriela Torres,Base de Datos,2025-2,77.9,12.0,100,3,12.9,13.1,10.8
E04024,Daniela García,Matemática Discreta,2026-1,75.9,2.0,51.5,2,16.0,10.8,19.2
E04025,Gabriela Reyes,Estructuras de Datos,2025-2,89.9,5.8,72.3,4,16.5,15.7,15.3
E04026,Emilia Delgado,Estructuras de Datos,2025-2,73.1,2.8,80.7,3,13.6,16.3,18.1
E04027,Joaquín Mendoza,Lenguajes de Programación,2025-2,74.1,9.0,68.2,4,15.0,12.1,9.5
E04028,Ximena Delgado,Base de Datos,2026-1,51.8,4.3,30.9,2,13.3,12.7,14.1
E04029,Fernanda Rojas,Base de Datos,2026-1,86.8,11.3,87.9,3,6.6,11.7,7.9
E04030,Milagros Torres,Lenguajes de Programación,2025-2,100,0,75.8,4,13.6,12.3,12.7
E04031,Estefanía Ponce,Redes de Computadoras,2026-1,70.7,5.4,55.1,2,12.7,18.6,18.4
E04032,Camila López,Lenguajes de Programación,2026-1,79.2,10.6,54.6,4,,10.0,12.4
E04033,Milagros Torres,Matemática Discreta,2026-1,54.0,0,67.4,5,12.5,18.5,16.7
E04034,Martina Ponce,Base de Datos,2025-2,61.5,2.0,98.2,3,12.1,9.0,12.7
E04035,Antonella Medina,Estructuras de Datos,2026-1,100,2.8,76.5,3,14.9,13.2,11.2
E04036,Iván Reyes,Redes de Computadoras,2025-2,78.0,6.6,60.5,5,15.5,14.6,14.7
E04037,Rosa Rivas,Lenguajes de Programación,2025-2,59.2,6.7,72.7,4,9.7,8.0,8.8
E04038,Isabela Sánchez,Base de Datos,2025-2,67.0,10.5,78.2,3,12.5,13.1,12.6
E04039,Bruno Cruz,Matemática Discreta,2025-2,58.9,3.0,46.2,3,17.5,20,15.6
E04040,Bruno Paredes,Lenguajes de Programación,2026-1,72.3,6.8,85.9,2,10.2,6.1,4.7
E04041,Miguel Delgado,Matemática Discreta,2026-1,56.1,6.6,88.5,4,11.8,7.6,12.0
E04042,Ricardo Cabrera,Lenguajes de Programación,2025-2,96.2,3.5,86.0,5,13.9,19.7,12.9
E04043,Ximena Torres,Base de Datos,2026-1,91.8,0,100,5,19.1,11.9,14.0
E04044,Alonso Soto,Base de Datos,2025-2,89.8,6.2,100,4,12.6,9.1,6.3
E04045,Bruno Delgado,Lenguajes de Programación,2026-1,53.9,2.4,78.8,3,10.3,5.9,9.2
E04046,Andrés Mamani,Redes de Computadoras,2025-2,71.4,5.7,88.0,3,11.0,11.8,17.8
E04047,Iván Rodríguez,Estructuras de Datos,2025-2,59.7,0,100,3,20,20,19.4
E04048,Zoe Cruz,Base de Datos,2025-2,88.0,6.2,80.3,2,8.8,4.4,2.8
E04049,Joaquín Mendoza,Matemática Discreta,2026-1,100,7.0,56.7,3,13.5,9.1,13.2
E04050,Emilia Vargas,Matemática Discreta,2026-1,34.1,9.5,76.7,4,7.2,9.1,5.1
E04051,Isabela Chávez,Lenguajes de Programación,2026-1,96.1,3.8,60.7,2,14.0,17.9,18.2
E04052,Daniela Ponce,Matemática Discreta,2025-2,69.0,7.0,68.3,3,12.7,6.9,1.7
E04053,Carlos Torres,Matemática Discreta,2026-1,70.7,4.4,89.2,3,11.9,10.6,9.8
E04054,María Chávez,Redes de Computadoras,2026-1,68.9,5.3,62.4,3,8.2,11.1,6.8
E04055,Ximena Medina,Lenguajes de Programación,2025-2,77.6,0.9,93.4,4,14.1,11.4,11.1
E04056,Joaquín Salazar,Base de Datos,2025-2,68.2,6.9,51.1,1,8.6,11.2,5.6
E04057,Renata Ortiz,Matemática Discreta,2025-2,78.5,2.0,61.8,3,11.0,8.8,13.9
E04058,Rodrigo Mamani,Redes de Computadoras,2026-1,67.2,3.9,63.3,2,11.4,13.9,14.1
E04059,Valentina Quispe,Base de Datos,2026-1,51.3,0,80.7,3,9.9,12.4,12.9
E04060,Carlos Aguilar,Base de Datos,2025-2,57.3,1.7,100,2,17.0,20,20
E04061,Antonella Chávez,Lenguajes de Programación,2026-1,67.2,9.2,77.3,3,6.7,18.0,11.1
E04062,Renata Pérez,Estructuras de Datos,2026-1,51.7,3.9,100,5,17.8,19.7,18.3
E04063,Miguel Alva,Redes de Computadoras,2025-2,74.0,5.0,44.5,4,14.4,16.3,12.3
E04064,Carlos Quispe,Estructuras de Datos,2026-1,65.0,6.1,92.1,1,10.2,12.8,10.5
E04065,Rosa Torres,Lenguajes de Programación,2025-2,76.9,6.8,100,1,15.7,14.3,19.3
E04066,Ximena Rodríguez,Redes de Computadoras,2026-1,81.4,8.4,81.1,5,17.6,16.3,11.1
E04067,Zoe Gutiérrez,Base de Datos,2026-1,54.5,0.6,100,2,9.7,12.6,9.8
E04068,Joaquín Cabrera,Matemática Discreta,2026-1,74.8,6.6,82.1,3,11.2,6.4,5.0
E04069,Emilia Paredes,Lenguajes de Programación,2026-1,91.3,8.2,54.9,2,12.9,17.0,15.4
E04070,Iván Castillo,Estructuras de Datos,2025-2,68.0,3.5,40.4,3,15.2,14.2,9.6
E04071,Alonso Sánchez,Base de Datos,2026-1,90.5,8.6,79.5,3,20,20,14.9
E04072,Daniela Soto,Lenguajes de Programación,2026-1,100,4.2,91.6,3,13.6,13.6,14.6
E04073,Renata Rodríguez,Redes de Computadoras,2026-1,42.8,4.8,71.7,5,11.5,13.0,8.0
E04074,Valentina Torres,Redes de Computadoras,2026-1,67.6,7.2,100,3,12.1,15.3,15.0
E04075,Adrián López,Redes de Computadoras,2026-1,,8.1,87.3,1,7.1,8.8,5.5
E04076,Milagros Medina,Base de Datos,2025-2,66.5,10.1,76.9,3,13.3,17.2,20
E04077,Vicente Cárdenas,Matemática Discreta,2025-2,37.1,3.7,74.2,2,13.1,8.7,7.8
E04078,Julio Sánchez,Matemática Discreta,2025-2,79.8,2.3,97.9,2,15.7,11.5,19.3
E04079,Camila Rodríguez,Base de Datos,2026-1,90.3,1.5,100,2,20,20,20
E04080,Martina Cruz,Matemática Discreta,2026-1,68.8,3.0,77.4,4,12.5,12.2,13.3
E04081,Camila Cruz,Matemática Discreta,2026-1,66.9,6.6,85.9,3,16.5,15.3,14.9
E04082,Sebastián Alva,Base de Datos,2026-1,77.7,1.4,60.8,4,,12.2,18.1
E04083,Tomás Mendoza,Redes de Computadoras,2025-2,61.3,4.1,72.4,3,10.7,5.9,5.9
E04084,Julio Soto,Base de Datos,2026-1,64.2,6.4,80.2,2,9.0,10.8,13.6
E04085,Franco Delgado,Base de Datos,2025-2,77.6,5.6,93.6,3,15.7,15.9,16.4
E04086,Franco Castillo,Redes de Computadoras,2025-2,69.3,6.0,60.8,1,19.9,14.7,16.9
E04087,Iván Cruz,Matemática Discreta,2025-2,86.1,10.6,32.9,4,20,16.7,15.9
E04088,Ana Cruz,Redes de Computadoras,2025-2,54.1,9.3,76.5,2,11.2,15.5,12.1
E04089,Emilio Pérez,Lenguajes de Programación,2025-2,69.7,4.6,58.8,2,9.8,14.4,13.6
E04090,Bruno Chávez,Matemática Discreta,2026-1,59.5,7.8,87.0,4,,16.8,14.7
E04091,Adrián Cabrera,Base de Datos,2025-2,100,8.3,61.0,1,10.6,20,16.7
E04092,Isabela Ponce,Estructuras de Datos,2025-2,100,1.3,64.6,3,,17.2,20
E04093,Emilia Mamani,Lenguajes de Programación,2025-2,59.0,7.5,65.0,4,20,19.3,20
E04094,Julio Alva,Estructuras de Datos,2026-1,58.7,3.5,76.5,4,15.0,16.8,15.4
E04095,Ana Ortiz,Lenguajes de Programación,2025-2,79.6,4.6,85.7,2,14.1,10.8,17.1
E04096,Milagros Vega,Base de Datos,2026-1,72.6,8.9,75.7,3,9.1,8.7,12.5
E04097,Daniela Rojas,Lenguajes de Programación,2026-1,75.1,10.5,100,3,11.1,11.0,8.9
E04098,Antonella Vargas,Estructuras de Datos,2025-2,37.2,9.1,45.3,5,11.9,9.8,11.4
E04099,Nicolás López,Lenguajes de Programación,2025-2,67.3,3.7,74.1,2,11.1,9.5,6.2
E04100,Joaquín Paredes,Redes de Computadoras,2026-1,68.4,11.2,46.4,2,12.6,14.0,13.9
E04101,Iván Rivas,Matemática Discreta,2026-1,70.8,5.6,74.9,3,12.7,20,18.8
E04102,Fabián Rojas,Base de Datos,2026-1,83.0,6.8,45.8,4,15.5,19.1,12.1
E04103,Tomás Quispe,Redes de Computadoras,2026-1,64.8,3.2,54.8,2,18.7,16.6,18.0
E04104,Andrés Gutiérrez,Redes de Computadoras,2026-1,100,7.4,99.2,2,14.2,5.9,10.7
E04105,Natalia Ponce,Base de Datos,2025-2,65.5,9.2,76.5,3,9.1,8.8,7.3
E04106,Alejandra Herrera,Estructuras de Datos,2026-1,68.6,10.0,75.6,3,14.0,13.2,14.9
E04107,Alonso Ponce,Matemática Discreta,2026-1,81.4,9.1,58.0,1,17.7,17.8,17.1
E04108,Renata Ponce,Lenguajes de Programación,2025-2,77.2,9.6,56.3,2,13.6,11.5,11.4
E04109,Estefanía Ponce,Matemática Discreta,2025-2,63.3,2.6,32.8,2,8.8,13.1,13.4
E04110,Gabriela López,Base de Datos,2026-1,71.8,14.3,77.3,4,15.2,16.5,14.6
E04111,Adrián Palomino,Lenguajes de Programación,2026-1,42.3,8.3,98.3,2,13.8,20,19.9
E04112,Franco Medina,Base de Datos,2026-1,65.9,7.1,79.6,4,12.3,14.2,11.3
E04113,Ximena Aguilar,Lenguajes de Programación,2025-2,53.8,7.0,69.8,3,17.5,12.6,12.9
E04114,Jorge Sánchez,Estructuras de Datos,2025-2,77.3,4.3,71.1,1,8.8,7.6,7.0
E04115,Nicolás Ponce,Base de Datos,2025-2,38.3,4.7,61.6,2,6.1,10.9,11.6
E04116,Rosa López,Base de Datos,2025-2,63.6,4.8,91.5,3,13.6,13.9,13.2
E04117,Mateo Rojas,Redes de Computadoras,2026-1,69.5,0,78.0,4,6.2,11.7,15.2
E04118,Miguel Mamani,Redes de Computadoras,2025-2,100,2.1,49.1,3,13.8,8.6,10.9
E04119,Milagros Cruz,Estructuras de Datos,2026-1,55.7,2.6,83.0,5,15.0,10.3,8.1
E04120,Ana Cárdenas,Lenguajes de Programación,2026-1,100,0,77.4,3,12.0,15.6,13.9
E04121,Julio Soto,Matemática Discreta,2026-1,100,9.8,69.0,4,16.8,16.6,18.1
E04122,Natalia Gutiérrez,Estructuras de Datos,2025-2,58.6,4.5,62.6,3,5.6,10.0,13.3
E04123,Diego Rivas,Base de Datos,2025-2,49.4,2.4,68.4,2,15.0,15.2,12.8
E04124,Valeria Cabrera,Estructuras de Datos,2025-2,66.8,4.7,71.9,3,13.7,20,13.5
E04125,Paula Quispe,Matemática Discreta,2026-1,45.9,4.5,81.6,2,15.9,,15.8
E04126,Rodrigo Mamani,Redes de Computadoras,2026-1,66.6,0,74.2,1,18.8,14.3,13.7
E04127,Luis Cruz,Redes de Computadoras,2025-2,64.8,10.0,79.3,3,9.1,4.5,12.5
E04128,Antonella Torres,Matemática Discreta,2026-1,35.3,6.9,36.8,3,,15.3,11.3
E04129,Luis Mamani,Matemática Discreta,2026-1,73.1,8.5,62.3,5,14.2,16.0,18.5
E04130,Alejandra Huamán,Base de Datos,2026-1,76.8,14.5,87.1,2,6.3,13.8,11.0
E04131,Valeria Sánchez,Matemática Discreta,2026-1,100,10.8,48.3,2,2.6,5.7,1.6
E04132,Rodrigo Delgado,Lenguajes de Programación,2026-1,42.7,6.3,68.2,3,13.2,14.6,13.6
E04133,Vicente Chávez,Lenguajes de Programación,2025-2,65.3,6.1,91.8,1,3.4,9.4,5.8
E04134,Ricardo Medina,Lenguajes de Programación,2026-1,84.6,11.1,86.7,3,6.4,4.6,7.0
E04135,Nicolás Herrera,Redes de Computadoras,2026-1,84.8,3.7,70.7,3,14.4,13.7,14.3
E04136,Paula Paredes,Matemática Discreta,2026-1,39.9,7.0,79.9,1,17.5,14.2,15.1
E04137,Joaquín Zapata,Base de Datos,2025-2,79.1,4.7,29.4,2,18.7,18.3,20
E04138,Bruno Cárdenas,Base de Datos,2025-2,74.4,10.3,61.9,4,17.0,19.6,17.4
E04139,Sebastián García,Lenguajes de Programación,2025-2,100,9.7,88.2,4,11.0,8.3,8.4
E04140,Valentina Ramírez,Base de Datos,2026-1,86.8,8.0,78.2,3,14.4,17.2,12.2
E04141,Renata Espinoza,Lenguajes de Programación,2025-2,76.3,2.8,52.1,2,17.2,16.8,18.1
E04142,Valentina Mendoza,Lenguajes de Programación,2025-2,49.9,5.9,61.9,3,5.8,7.1,10.3
E04143,Vicente Cabrera,Estructuras de Datos,2026-1,77.8,3.5,59.4,1,17.9,18.7,17.2
E04144,María Reyes,Redes de Computadoras,2026-1,85.1,0,65.9,5,14.5,13.7,10.6
E04145,Miguel Rojas,Estructuras de Datos,2025-2,77.5,3.0,82.7,2,7.6,9.5,6.6
E04146,Manuel Delgado,Lenguajes de Programación,2025-2,62.4,5.2,72.0,4,10.8,16.5,19.5
E04147,Antonella Rivas,Base de Datos,2025-2,81.6,12.0,100,3,10.6,9.1,11.5
E04148,Paula Rojas,Lenguajes de Programación,2026-1,,3.6,76.7,4,15.7,17.5,15.3
E04149,Daniela García,Estructuras de Datos,2026-1,72.6,2.7,98.1,3,16.6,13.0,16.6
E04150,Renata Rivas,Estructuras de Datos,2026-1,38.9,0,87.9,2,12.3,9.8,15.9
E04151,Valentina Palomino,Estructuras de Datos,2026-1,79.7,11.5,72.3,2,15.5,13.3,15.7
E04152,Zoe Salazar,Matemática Discreta,2026-1,57.1,4.2,98.9,2,12.9,16.0,18.3
E04153,Fabián Gutiérrez,Base de Datos,2026-1,22.8,0.8,93.0,4,9.0,14.8,5.4
E04154,Emilia Ortiz,Lenguajes de Programación,2025-2,95.7,7.3,68.4,4,7.6,8.7,8.3
E04155,Renata Soto,Matemática Discreta,2025-2,99.2,0.9,98.2,2,13.6,13.6,15.5
E04156,Vicente López,Lenguajes de Programación,2025-2,45.1,6.8,76.9,3,13.8,9.2,18.6
E04157,Ricardo Cruz,Lenguajes de Programación,2025-2,95.3,3.1,76.8,4,13.9,15.5,13.6
E04158,Alonso Delgado,Base de Datos,2026-1,24.0,8.4,63.5,5,5.5,6.3,5.3
E04159,Fernanda Mendoza,Redes de Computadoras,2025-2,73.8,11.6,85.6,2,9.2,15.2,13.1
E04160,Lucía Pérez,Base de Datos,2026-1,52.8,2.0,100,3,11.9,9.1,7.2
E04161,Gabriela García,Base de Datos,2025-2,90.8,3.9,41.3,2,14.6,14.1,9.3
E04162,Paula Gutiérrez,Redes de Computadoras,2026-1,90.3,5.3,54.9,3,13.1,14.9,16.6
E04163,Fernanda Paredes,Matemática Discreta,2025-2,69.8,1.4,60.7,3,9.1,5.0,8.8
E04164,Isabela Herrera,Redes de Computadoras,2026-1,78.2,6.2,54.1,3,14.5,6.4,11.4
E04165,Adrián Alva,Lenguajes de Programación,2026-1,100,9.4,100,3,14.6,11.4,13.6
E04166,Daniela Alva,Lenguajes de Programación,2026-1,95.4,6.4,87.7,2,10.2,,11.4
E04167,Sebastián Herrera,Base de Datos,2025-2,98.9,9.5,95.2,5,9.6,14.9,13.7
E04168,Gabriela Salazar,Estructuras de Datos,2026-1,76.9,4.3,74.9,1,10.9,9.1,11.0
E04169,Diego Torres,Redes de Computadoras,2026-1,62.2,7.5,70.6,3,11.6,14.1,12.8
E04170,Paula Mendoza,Estructuras de Datos,2025-2,70.8,3.5,78.7,3,9.3,11.7,14.1
E04171,Natalia García,Base de Datos,2025-2,64.8,3.0,100,2,9.1,10.3,9.9
E04172,Iván Huamán,Lenguajes de Programación,2025-2,68.5,13.2,72.8,4,18.2,8.9,12.1
E04173,Daniela Huamán,Lenguajes de Programación,2025-2,78.7,9.0,91.5,4,10.1,11.5,10.5
E04174,Mateo Cabrera,Lenguajes de Programación,2026-1,98.7,4.4,69.5,3,13.0,14.8,13.2
E04175,Mateo Reyes,Base de Datos,2026-1,57.8,5.5,81.1,1,14.8,16.5,14.9
E04176,Adrián Espinoza,Lenguajes de Programación,2025-2,51.6,9.3,100,2,19.0,18.6,20
E04177,Estefanía López,Base de Datos,2026-1,74.8,9.5,81.6,1,9.6,5.0,7.3
E04178,Tomás Soto,Lenguajes de Programación,2026-1,24.7,2.2,80.5,2,8.9,11.2,7.8
E04179,Tomás Torres,Matemática Discreta,2026-1,100,5.0,85.4,2,12.0,12.6,7.5
E04180,Rosa Cabrera,Matemática Discreta,2025-2,91.3,8.1,62.0,2,10.1,8.9,12.9
E04181,Joaquín Espinoza,Base de Datos,2025-2,91.0,9.0,53.6,2,14.2,20,12.2
E04182,Manuel Sánchez,Matemática Discreta,2025-2,85.3,3.1,89.9,4,14.7,12.0,12.0
E04183,Sofía Espinoza,Base de Datos,2026-1,74.1,10.8,76.3,4,9.9,11.8,7.1
E04184,Lucía Gutiérrez,Redes de Computadoras,2026-1,59.7,6.8,65.9,3,18.7,17.1,11.6
E04185,Iván Huamán,Lenguajes de Programación,2026-1,30.1,8.9,69.4,3,16.0,13.7,15.1
E04186,Manuel Salazar,Redes de Computadoras,2025-2,42.8,13.1,79.2,4,7.5,5.9,12.5
E04187,Ana Ortiz,Redes de Computadoras,2025-2,47.2,7.9,100,2,8.0,8.4,15.2
E04188,Martina Vega,Base de Datos,2025-2,58.0,5.3,91.8,3,11.0,18.2,12.6
E04189,Mateo Rodríguez,Estructuras de Datos,2026-1,51.6,14.6,32.3,1,12.0,17.8,17.2
E04190,Andrés Ramírez,Lenguajes de Programación,2026-1,50.0,16.9,61.7,1,15.6,13.1,16.4
E04191,Estefanía Medina,Base de Datos,2026-1,56.5,3.7,52.6,1,13.0,13.2,17.3
E04192,Emilio Salazar,Base de Datos,2025-2,58.7,9.9,71.1,4,8.8,3.6,7.1
E04193,Gabriela Cárdenas,Estructuras de Datos,2026-1,84.0,5.2,92.0,5,15.8,15.4,15.6
E04194,Adrián Vargas,Redes de Computadoras,2026-1,49.9,7.1,100,5,18.8,18.7,15.6
E04195,Milagros López,Redes de Computadoras,2025-2,83.0,4.5,35.7,2,14.8,14.9,11.1
E04196,Bruno Quispe,Redes de Computadoras,2026-1,73.9,7.5,98.5,4,8.2,11.4,6.5
E04197,Estefanía Rodríguez,Matemática Discreta,2025-2,74.6,8.8,77.5,3,8.8,14.5,11.1
E04198,Jorge Delgado,Estructuras de Datos,2026-1,97.4,5.3,56.3,3,11.5,9.5,10.9
E04199,Carlos Cárdenas,Estructuras de Datos,2026-1,37.8,5.3,83.9,2,10.3,12.7,11.4
E04200,Gabriela Rivas,Lenguajes de Programación,2025-2,98.5,6.6,86.8,4,11.7,9.2,12.6
E04201,Vicente Castillo,Lenguajes de Programación,2025-2,89.1,9.6,66.5,4,10.4,6.0,9.1
E04202,Ricardo Aguilar,Lenguajes de Programación,2026-1,63.8,5.4,41.6,4,8.0,8.9,8.5
E04203,Valentina Soto,Estructuras de Datos,2026-1,68.0,2.2,36.7,1,8.3,10.1,3.6
E04204,Daniela Alva,Base de Datos,2026-1,72.7,0.4,100,1,18.8,20,11.4
E04205,Gabriela Huamán,Base de Datos,2026-1,66.2,13.0,79.8,3,7.5,8.6,8.0
E04206,Lucía García,Redes de Computadoras,2026-1,97.2,4.8,97.7,4,17.1,13.3,16.2
E04207,Valeria Huamán,Matemática Discreta,2025-2,77.1,5.2,67.2,2,9.3,11.7,10.0
E04208,Sebastián Cárdenas,Estructuras de Datos,2026-1,74.0,2.0,52.9,2,11.0,16.4,10.3
E04209,Julio Ponce,Base de Datos,2026-1,76.4,7.1,75.5,1,,14.4,15.6
E04210,Ana Cárdenas,Redes de Computadoras,2026-1,71.4,4.4,73.9,2,14.0,14.0,9.2
E04211,Estefanía Delgado,Base de Datos,2025-2,55.5,8.0,68.4,2,13.6,13.8,10.9
E04212,María Palomino,Estructuras de Datos,2025-2,61.7,6.2,74.2,5,16.1,16.9,9.4
E04213,Diego Cárdenas,Base de Datos,2026-1,48.9,7.0,60.8,3,5.7,7.0,13.1
E04214,Ximena Cabrera,Lenguajes de Programación,2026-1,30.0,6.0,63.8,3,13.0,12.5,16.2
E04215,Gabriela Palomino,Base de Datos,2026-1,67.9,6.2,56.2,4,10.2,14.7,9.1
E04216,Valeria Rodríguez,Redes de Computadoras,2026-1,86.9,11.7,58.4,4,14.1,14.4,9.1
E04217,Adrián Cabrera,Estructuras de Datos,2025-2,,1.5,56.2,3,11.3,13.9,13.8
E04218,Julio Mamani,Base de Datos,2026-1,,2.3,83.8,3,15.1,9.4,14.2
E04219,Lucía Cruz,Redes de Computadoras,2025-2,100,15.4,56.5,2,17.4,11.7,13.5
E04220,Fabián Rivas,Lenguajes de Programación,2025-2,36.0,10.8,79.9,1,16.4,14.2,12.7
E04221,Natalia Soto,Lenguajes de Programación,2025-2,73.9,3.6,97.5,3,12.5,13.3,11.3
E04222,Antonella Cárdenas,Lenguajes de Programación,2025-2,87.4,3.1,97.4,3,13.5,12.1,15.3
E04223,Vicente Quispe,Lenguajes de Programación,2026-1,34.4,7.6,90.8,3,16.0,14.0,7.8
E04224,Andrés Rojas,Estructuras de Datos,2026-1,77.2,4.1,100,3,20,13.9,14.8
E04225,Ricardo Sánchez,Lenguajes de Programación,2025-2,88.9,8.0,52.3,2,14.6,15.2,19.1
E04226,Carlos Huamán,Base de Datos,2026-1,97.5,6.1,84.9,2,14.7,11.6,15.4
E04227,Rosa Vargas,Redes de Computadoras,2026-1,93.5,6.1,95.3,3,14.3,16.4,9.9
E04228,Vicente Salazar,Estructuras de Datos,2025-2,98.8,0.7,55.1,4,13.6,13.1,9.6
E04229,Alejandra Aguilar,Lenguajes de Programación,2025-2,70.4,2.5,58.9,2,10.5,13.4,13.0
E04230,Emilia Aguilar,Estructuras de Datos,2026-1,67.8,6.4,100,2,13.0,16.0,17.5
E04231,Jorge Cruz,Lenguajes de Programación,2025-2,84.4,5.1,43.9,5,14.8,12.9,9.4
E04232,Renata Soto,Estructuras de Datos,2025-2,77.0,10.6,55.0,5,6.2,5.8,4.2
E04233,Fernanda Rojas,Matemática Discreta,2026-1,57.2,4.1,31.6,2,9.5,8.6,8.3
E04234,Nicolás Cárdenas,Lenguajes de Programación,2025-2,74.7,11.9,92.1,2,2.6,4.3,5.3
E04235,Tomás Rojas,Matemática Discreta,2026-1,97.5,3.6,80.5,3,6.7,8.7,11.6
E04236,Andrés Espinoza,Matemática Discreta,2025-2,96.0,2.6,86.6,3,14.6,13.3,15.5
E04237,Camila Flores,Matemática Discreta,2025-2,75.8,9.9,82.0,4,15.9,6.8,11.2
E04238,Zoe Paredes,Matemática Discreta,2026-1,92.5,7.0,78.5,3,12.5,10.0,14.6
E04239,Milagros Herrera,Redes de Computadoras,2025-2,75.4,2.8,70.7,4,11.5,11.5,9.9
E04240,Estefanía Reyes,Base de Datos,2026-1,73.1,7.9,81.4,1,7.5,10.5,11.1
E04241,Fernanda Cabrera,Estructuras de Datos,2026-1,50.9,8.1,48.0,2,14.6,14.2,13.6
E04242,Renata Castillo,Matemática Discreta,2026-1,80.1,11.5,79.4,3,16.0,8.8,15.1
E04243,Carlos Ponce,Estructuras de Datos,2025-2,53.4,0,70.9,1,13.7,15.0,14.8
E04244,Estefanía Rojas,Matemática Discreta,2026-1,81.0,3.4,31.7,3,12.5,11.7,10.4
E04245,Rosa Palomino,Redes de Computadoras,2025-2,86.6,8.2,50.0,2,14.9,18.7,16.0
E04246,Isabela Paredes,Redes de Computadoras,2025-2,56.6,13.8,,1,8.8,8.5,7.9
E04247,Ana García,Base de Datos,2025-2,60.5,16.7,58.7,2,20,19.9,19.3
E04248,Fernanda Reyes,Matemática Discreta,2026-1,69.5,7.2,69.8,2,18.7,19.2,17.1
E04249,Sebastián Delgado,Base de Datos,2025-2,100,5.2,60.6,3,13.3,19.5,17.2
E04250,Andrés Cárdenas,Matemática Discreta,2025-2,51.3,2.9,69.2,3,13.1,13.0,15.7
E04251,Camila Zapata,Matemática Discreta,2025-2,57.5,7.2,81.1,4,14.4,15.4,13.5
E04252,Jorge López,Base de Datos,2026-1,78.8,11.5,52.3,3,9.9,8.8,6.4
E04253,Valentina Ramírez,Matemática Discreta,2026-1,76.6,5.6,70.7,1,12.7,17.4,14.1
E04254,Gabriela Salazar,Base de Datos,2025-2,77.8,5.3,69.3,3,9.8,11.3,11.5
E04255,Julio Sánchez,Redes de Computadoras,2026-1,79.7,6.3,80.1,2,9.7,,12.3
E04256,Emilia Castillo,Matemática Discreta,2025-2,67.3,3.7,78.7,3,18.1,12.3,15.4
E04257,Emilio Zapata,Matemática Discreta,2025-2,69.7,10.0,46.3,5,20,20,20
E04258,Rodrigo Vargas,Redes de Computadoras,2026-1,57.0,3.7,100,1,12.6,14.7,14.0
E04259,Ricardo Paredes,Estructuras de Datos,2026-1,83.3,7.4,84.1,1,8.0,7.3,17.4
E04260,Tomás Reyes,Lenguajes de Programación,2026-1,77.3,4.4,73.1,5,10.6,15.6,13.1
E04261,Rosa Mamani,Base de Datos,2026-1,94.1,0,60.3,1,13.2,8.1,11.5
E04262,Manuel Reyes,Lenguajes de Programación,2025-2,61.7,3.3,59.8,3,16.7,16.1,14.7
E04263,Estefanía Medina,Lenguajes de Programación,2025-2,59.6,3.3,61.6,5,8.2,3.3,1.8
E04264,Estefanía Espinoza,Redes de Computadoras,2026-1,59.0,4.4,48.3,3,20,14.6,18.6
E04265,Milagros Cárdenas,Lenguajes de Programación,2026-1,61.2,0.8,56.8,3,11.2,11.0,12.8
E04266,Valentina Ramírez,Matemática Discreta,2025-2,60.7,9.2,68.4,4,7.0,9.8,9.2
E04267,Alonso Soto,Estructuras de Datos,2026-1,100,8.2,76.7,2,9.3,12.0,14.2
E04268,Ricardo Palomino,Base de Datos,2025-2,92.6,4.7,100,2,6.7,6.4,5.0
E04269,Antonella Salazar,Base de Datos,2026-1,81.8,11.8,54.5,3,15.8,14.7,16.2
E04270,Julio Cruz,Estructuras de Datos,2025-2,69.8,3.0,88.7,5,13.8,18.7,18.9
E04271,Lucía Ponce,Matemática Discreta,2026-1,50.7,2.9,95.3,3,20,11.1,13.6
E04272,Fernanda Cabrera,Estructuras de Datos,2026-1,70.5,7.9,52.3,4,18.3,13.8,17.1
E04273,Rosa Rodríguez,Lenguajes de Programación,2025-2,88.7,9.3,100,4,20,20,20
E04274,Estefanía Cárdenas,Lenguajes de Programación,2026-1,83.5,6.6,66.5,3,3.2,5.7,12.5
E04275,Carlos Mendoza,Lenguajes de Programación,2025-2,88.3,8.6,93.4,5,17.4,16.1,16.7
E04276,Natalia Salazar,Redes de Computadoras,2026-1,,11.3,100,4,10.0,10.3,6.2
E04277,Alonso Rodríguez,Matemática Discreta,2025-2,65.9,4.3,45.8,2,17.1,11.7,18.5
E04278,Camila Paredes,Redes de Computadoras,2025-2,100,10.8,86.9,4,12.8,10.5,15.5
E04279,Franco Salazar,Base de Datos,2025-2,70.3,7.3,66.3,2,14.4,13.1,7.0
E04280,Sebastián Alva,Lenguajes de Programación,2025-2,35.7,8.1,69.0,3,18.2,18.2,19.9
E04281,Estefanía López,Matemática Discreta,2026-1,92.3,1.2,92.8,3,11.3,10.3,11.4
E04282,Valentina Cabrera,Lenguajes de Programación,2026-1,79.1,5.4,66.0,2,7.1,,6.1
E04283,Milagros Vargas,Base de Datos,2026-1,95.8,7.6,85.5,3,10.4,7.4,9.3
E04284,Joaquín Aguilar,Redes de Computadoras,2025-2,39.5,2.0,84.1,3,19.9,14.1,20
E04285,Natalia Gutiérrez,Base de Datos,2026-1,88.1,8.4,66.3,3,13.6,13.5,11.3
E04286,Daniela Vega,Matemática Discreta,2026-1,85.8,13.8,100,1,16.7,20,20
E04287,Alejandra Aguilar,Redes de Computadoras,2025-2,83.0,3.3,100,4,14.6,12.8,15.9
E04288,Renata García,Redes de Computadoras,2025-2,93.9,3.2,50.1,1,14.8,16.0,17.4
E04289,Milagros Delgado,Base de Datos,2026-1,52.8,7.5,69.8,4,12.3,13.7,11.7
E04290,Renata Delgado,Lenguajes de Programación,2025-2,73.8,0,60.1,4,5.3,5.3,6.3
E04291,Rosa Rivas,Lenguajes de Programación,2026-1,30.0,4.2,46.1,4,20,14.8,19.2
E04292,Milagros Vargas,Redes de Computadoras,2026-1,64.7,13.4,81.6,3,16.3,16.0,17.2
E04293,Andrés Rojas,Lenguajes de Programación,2026-1,100,1.8,56.1,3,17.3,19.4,19.5
E04294,Alonso Cruz,Lenguajes de Programación,2025-2,95.5,7.9,77.9,3,13.8,13.6,10.7
E04295,Fernanda Medina,Estructuras de Datos,2025-2,99.0,7.9,86.4,3,18.1,20,18.4
E04296,Mateo Mendoza,Estructuras de Datos,2025-2,16.9,2.5,89.1,5,8.0,14.3,8.6
E04297,Vicente Castillo,Matemática Discreta,2025-2,77.3,2.5,57.7,4,14.1,12.7,18.8
E04298,Sofía Pérez,Lenguajes de Programación,2026-1,98.6,9.1,44.3,1,11.1,14.1,14.3
E04299,Jorge Salazar,Base de Datos,2026-1,71.5,5.6,52.0,3,19.2,19.0,20
E04300,Andrés García,Base de Datos,2026-1,64.1,3.2,61.5,3,14.8,16.5,13.0
E04301,Antonella Rojas,Lenguajes de Programación,2025-2,74.0,8.8,82.9,4,9.4,16.2,14.4
E04302,Daniela Espinoza,Lenguajes de Programación,2025-2,64.9,7.0,77.9,3,18.5,20,20
E04303,Alejandra Mamani,Redes de Computadoras,2026-1,24.5,1.0,84.3,3,17.0,13.0,16.7
E04304,Jorge Ramírez,Redes de Computadoras,2025-2,75.1,15.3,74.5,2,5.9,7.0,8.0
E04305,Diego Paredes,Lenguajes de Programación,2026-1,29.2,6.1,81.5,3,9.7,2.2,3.3
E04306,Joaquín Herrera,Lenguajes de Programación,2025-2,54.6,8.7,62.9,3,13.4,10.9,13.8
E04307,Ricardo Rivas,Base de Datos,2026-1,71.8,3.6,84.2,4,7.1,10.7,9.1
E04308,Camila Castillo,Lenguajes de Programación,2026-1,53.0,6.1,57.2,3,7.3,7.6,7.4
E04309,Nicolás Sánchez,Redes de Computadoras,2026-1,70.5,9.7,42.8,5,11.9,13.1,15.8
E04310,Rosa Cabrera,Redes de Computadoras,2025-2,82.6,5.9,100,3,13.9,19.4,17.5
E04311,Nicolás Alva,Redes de Computadoras,2026-1,90.2,12.2,85.0,3,14.0,19.1,16.3
E04312,Ana Cruz,Matemática Discreta,2026-1,62.6,5.4,100,1,13.6,14.1,12.9
E04313,Carlos Salazar,Matemática Discreta,2025-2,100,1.9,82.6,1,10.5,10.3,12.0
E04314,Emilia Ortiz,Estructuras de Datos,2025-2,57.9,7.9,40.3,3,10.8,7.8,6.8
E04315,Bruno Flores,Lenguajes de Programación,2025-2,100,5.6,86.6,5,13.4,18.8,16.1
E04316,Natalia Reyes,Lenguajes de Programación,2025-2,86.4,3.6,69.5,1,7.7,,11.4
E04317,Fernanda Rojas,Matemática Discreta,2025-2,35.0,5.4,71.9,3,12.5,13.2,9.9
E04318,Milagros Palomino,Redes de Computadoras,2026-1,46.0,5.7,64.2,4,12.3,12.8,14.1
E04319,María García,Estructuras de Datos,2026-1,83.7,0,100,1,20,11.6,15.3
E04320,Manuel Mendoza,Matemática Discreta,2025-2,86.1,0,,4,12.0,15.5,17.7
E04321,Ricardo Huamán,Lenguajes de Programación,2025-2,73.8,4.0,80.4,5,16.0,16.6,20.0
E04322,Carlos Soto,Matemática Discreta,2026-1,65.4,8.3,94.5,5,13.4,11.0,9.5
E04323,Andrés Vega,Base de Datos,2025-2,87.0,8.5,84.4,1,10.6,16.4,8.7
E04324,Natalia Mamani,Estructuras de Datos,2025-2,51.9,7.8,65.1,2,18.1,20,12.9
E04325,María López,Redes de Computadoras,2025-2,90.4,1.6,90.5,4,13.5,7.1,11.2
E04326,María Aguilar,Estructuras de Datos,2025-2,78.5,5.9,52.6,3,18.7,20,20
E04327,Ricardo Quispe,Matemática Discreta,2026-1,90.9,0,65.6,3,8.2,7.7,12.2
E04328,Ana Ortiz,Matemática Discreta,2025-2,65.9,6.6,100,4,9.8,9.0,9.4
E04329,Valentina Huamán,Estructuras de Datos,2025-2,66.1,10.6,70.6,5,5.3,10.3,11.4
E04330,Sebastián Delgado,Base de Datos,2026-1,83.5,10.5,68.9,4,4.4,4.4,7.0
E04331,Camila Delgado,Lenguajes de Programación,2025-2,57.7,10.1,51.7,1,11.1,10.3,8.9
E04332,Isabela Aguilar,Redes de Computadoras,2026-1,56.9,7.2,87.4,3,9.3,11.2,8.0
E04333,Jorge Aguilar,Estructuras de Datos,2025-2,81.7,6.1,65.2,3,14.3,14.6,17.3
E04334,Jorge Espinoza,Base de Datos,2026-1,67.4,7.7,76.7,2,12.3,14.9,20
E04335,Fernanda Alva,Redes de Computadoras,2026-1,94.2,3.6,73.7,3,13.9,13.7,13.7
E04336,Bruno Flores,Base de Datos,2026-1,86.7,4.9,66.2,2,15.7,15.1,16.2
E04337,Joaquín Mamani,Matemática Discreta,2026-1,77.4,3.9,68.7,2,7.5,12.2,14.4
E04338,Martina Reyes,Base de Datos,2026-1,79.8,3.2,83.9,3,3.4,,5.9
E04339,Andrés Zapata,Base de Datos,2026-1,87.9,5.5,68.0,3,14.3,16.2,14.8
E04340,Iván Gutiérrez,Lenguajes de Programación,2026-1,100,5.0,98.7,3,11.0,10.5,12.6
E04341,Jorge Reyes,Estructuras de Datos,2025-2,84.1,9.1,83.1,4,15.3,13.7,13.3
E04342,Gabriela Quispe,Redes de Computadoras,2026-1,56.2,0,83.8,3,11.0,7.3,9.5
E04343,Bruno Rivas,Base de Datos,2025-2,75.8,8.1,71.5,4,14.0,9.1,7.4
E04344,Tomás Zapata,Estructuras de Datos,2026-1,48.7,6.2,87.6,3,12.2,15.0,16.9
E04345,Luis Rojas,Matemática Discreta,2025-2,65.3,0.4,73.1,4,9.5,12.5,8.7
E04346,Sofía Cabrera,Lenguajes de Programación,2025-2,48.8,3.9,67.2,5,18.3,17.0,17.7
E04347,Fabián Pérez,Matemática Discreta,2025-2,82.6,3.1,65.7,5,3.6,3.1,4.0
E04348,Luis Herrera,Matemática Discreta,2026-1,78.2,8.4,58.0,2,7.6,9.4,11.7
E04349,Sofía Ortiz,Estructuras de Datos,2025-2,84.2,2.7,78.2,1,9.4,12.7,9.0
E04350,Miguel Palomino,Lenguajes de Programación,2026-1,100,8.5,92.6,3,8.1,8.5,10.9
E04351,Andrés Zapata,Redes de Computadoras,2026-1,53.4,7.7,72.0,4,7.3,9.5,6.9
E04352,Camila Ponce,Lenguajes de Programación,2026-1,77.0,11.4,100,2,7.9,8.4,6.0
E04353,Estefanía Ramírez,Lenguajes de Programación,2026-1,58.4,11.6,100,3,15.2,15.4,13.3
E04354,Isabela López,Estructuras de Datos,2026-1,54.1,6.3,50.1,4,19.0,17.0,15.9
E04355,Martina Vega,Estructuras de Datos,2025-2,54.6,6.9,100,4,11.7,15.4,14.2
E04356,Carlos López,Redes de Computadoras,2026-1,67.7,4.5,59.8,5,19.3,14.1,17.1
E04357,Fernanda Medina,Matemática Discreta,2026-1,30.8,7.5,61.8,3,20,11.7,16.0
E04358,Sebastián Paredes,Matemática Discreta,2025-2,69.1,5.6,71.0,2,18.8,11.9,18.0
E04359,Valeria Vega,Lenguajes de Programación,2025-2,66.7,0,91.8,3,13.4,11.6,10.8
E04360,Nicolás Alva,Estructuras de Datos,2025-2,54.8,11.0,68.8,3,7.8,9.6,11.6
E04361,Miguel Ponce,Matemática Discreta,2025-2,100,10.4,54.4,5,18.7,19.4,19.7
E04362,Carlos Mamani,Estructuras de Datos,2026-1,85.4,5.3,81.5,5,9.4,14.3,15.9
E04363,Paula Salazar,Matemática Discreta,2026-1,100,9.1,92.0,3,14.5,14.6,13.5
E04364,Paula Castillo,Base de Datos,2026-1,75.8,4.6,56.6,1,13.6,17.7,14.7
E04365,Emilio Rodríguez,Estructuras de Datos,2025-2,51.7,4.9,75.6,4,15.5,13.7,12.1
E04366,Ximena Zapata,Base de Datos,2025-2,100,8.1,70.4,4,16.3,14.0,14.5
E04367,Ricardo Vega,Lenguajes de Programación,2025-2,28.0,8.2,93.8,1,10.0,11.7,11.9
E04368,Jorge Alva,Lenguajes de Programación,2025-2,100,0.6,54.5,3,,12.5,17.5
E04369,Valentina Herrera,Lenguajes de Programación,2026-1,48.7,0.3,83.4,5,12.3,10.6,12.8
E04370,Vicente Zapata,Estructuras de Datos,2026-1,86.8,8.7,87.6,5,7.7,14.5,12.7
E04371,Isabela Salazar,Matemática Discreta,2025-2,55.2,9.7,61.2,5,12.5,14.9,16.1
E04372,Alonso López,Lenguajes de Programación,2025-2,92.9,11.1,89.6,2,12.4,15.1,18.4
E04373,Sebastián Vargas,Base de Datos,2025-2,89.6,7.5,49.7,5,20,19.9,18.6
E04374,Paula Salazar,Base de Datos,2025-2,63.5,7.2,79.4,2,9.7,9.4,8.0
E04375,Camila Cabrera,Base de Datos,2025-2,49.9,11.4,60.4,1,20,20,17.0
E04376,Rodrigo Palomino,Estructuras de Datos,2025-2,84.7,5.3,65.5,1,9.4,12.4,14.8
E04377,Sebastián Mendoza,Estructuras de Datos,2026-1,76.2,4.7,62.5,2,11.1,13.3,15.3
E04378,Sebastián Torres,Lenguajes de Programación,2026-1,76.5,6.1,87.5,3,5.9,7.8,12.8
E04379,Valentina Mamani,Base de Datos,2025-2,73.8,12.8,54.4,2,6.0,10.4,7.8
E04380,Fernanda Gutiérrez,Base de Datos,2025-2,67.8,9.5,91.2,1,19.1,20,16.3
E04381,Natalia Vega,Redes de Computadoras,2026-1,72.8,12.4,82.5,4,16.7,17.7,17.3
E04382,Fernanda Aguilar,Lenguajes de Programación,2026-1,81.7,14.4,88.4,5,17.9,18.5,10.9
E04383,Sebastián Vega,Redes de Computadoras,2025-2,61.4,0,68.6,3,15.3,16.8,17.0
E04384,Fernanda Palomino,Matemática Discreta,2025-2,53.6,5.3,91.5,2,14.4,11.5,16.4
E04385,Isabela Delgado,Base de Datos,2025-2,60.3,6.4,76.6,4,16.0,11.4,11.4
E04386,Camila Cabrera,Redes de Computadoras,2026-1,100,7.1,59.2,3,17.8,15.1,20
E04387,Isabela Ramírez,Base de Datos,2026-1,54.2,3.5,66.8,4,13.6,9.0,15.1
E04388,Alejandra Mamani,Matemática Discreta,2026-1,50.8,0,77.0,1,11.8,5.5,8.9
E04389,Alonso Flores,Estructuras de Datos,2026-1,60.5,7.8,44.8,3,13.9,14.4,14.8
E04390,Tomás Vargas,Base de Datos,2026-1,67.4,3.3,94.8,5,13.1,19.9,19.2
E04391,Julio Gutiérrez,Base de Datos,2026-1,100,0.7,70.8,2,5.1,7.1,5.7
E04392,Emilia Salazar,Estructuras de Datos,2025-2,59.9,8.1,91.6,4,15.6,14.6,13.7
E04393,Ximena Reyes,Redes de Computadoras,2025-2,100,11.4,94.9,2,8.1,13.6,5.6
E04394,Antonella Cárdenas,Matemática Discreta,2026-1,73.1,10.4,64.6,3,9.0,12.8,7.7
E04395,María Flores,Lenguajes de Programación,2025-2,71.0,10.5,100,3,20,18.1,20
E04396,Emilia Alva,Matemática Discreta,2026-1,97.4,4.1,75.1,3,12.8,12.3,8.7
E04397,Miguel Alva,Lenguajes de Programación,2025-2,63.3,3.0,71.2,3,,11.8,8.6
E04398,Paula Delgado,Base de Datos,2026-1,75.7,7.1,88.1,1,19.1,13.2,16.5
E04399,Valentina Paredes,Lenguajes de Programación,2026-1,81.3,7.1,100,4,8.6,5.7,13.2
E04400,Iván Salazar,Lenguajes de Programación,2025-2,55.7,4.3,88.3,2,10.6,9.0,11.4
E04401,Valentina Aguilar,Base de Datos,2026-1,76.2,0.2,54.5,3,15.4,14.3,13.2
E04402,Valeria Quispe,Redes de Computadoras,2026-1,45.3,8.8,85.5,2,20,19.4,20
E04403,Jorge Rivas,Matemática Discreta,2026-1,53.5,10.1,67.8,4,12.0,8.1,8.2
E04404,Joaquín Zapata,Redes de Computadoras,2026-1,100,7.4,57.5,3,13.6,11.2,14.2
E04405,Estefanía Reyes,Matemática Discreta,2026-1,93.4,9.1,98.4,4,7.9,5.3,8.2
E04406,Tomás Soto,Matemática Discreta,2025-2,57.5,2.3,64.9,2,15.4,15.0,8.3
E04407,Rosa Cabrera,Redes de Computadoras,2025-2,83.5,2.3,60.8,3,7.0,6.2,5.7
E04408,Adrián Salazar,Estructuras de Datos,2026-1,58.4,7.4,68.5,2,8.2,12.8,14.9
E04409,Ricardo Aguilar,Lenguajes de Programación,2026-1,55.0,3.9,71.6,2,20,20,20
E04410,Andrés Palomino,Redes de Computadoras,2026-1,67.1,3.3,77.0,2,14.9,11.2,15.5
E04411,Martina Salazar,Base de Datos,2026-1,100,10.0,77.3,4,20,15.1,18.3
E04412,Rosa Chávez,Estructuras de Datos,2025-2,63.0,1.1,73.1,4,15.6,12.8,13.1
E04413,Alejandra Sánchez,Estructuras de Datos,2026-1,78.6,7.7,93.6,3,15.5,15.0,13.2
E04414,Daniela Pérez,Redes de Computadoras,2026-1,53.5,4.2,100,5,14.8,16.4,14.8
E04415,Manuel Rojas,Redes de Computadoras,2026-1,56.9,7.2,80.4,4,14.5,16.8,16.1
E04416,Natalia Rojas,Matemática Discreta,2025-2,88.4,9.6,79.4,5,13.2,18.9,17.1
E04417,Isabela Quispe,Base de Datos,2025-2,70.9,5.8,46.9,4,16.6,20,17.3
E04418,Milagros Gutiérrez,Lenguajes de Programación,2025-2,54.9,2.5,64.9,3,3.7,8.0,9.7
E04419,Carlos Zapata,Base de Datos,2025-2,100,4.5,79.7,3,10.3,8.8,11.3
E04420,Sebastián Herrera,Matemática Discreta,2025-2,49.5,3.0,76.1,3,8.8,7.0,12.4
E04421,Manuel Medina,Estructuras de Datos,2025-2,53.2,7.9,31.6,3,11.2,11.6,9.0
E04422,Camila Paredes,Base de Datos,2025-2,83.9,5.0,100,3,11.8,11.2,7.0
E04423,Antonella Espinoza,Redes de Computadoras,2025-2,93.0,9.9,79.4,4,12.6,7.6,7.1
E04424,Gabriela Paredes,Base de Datos,2026-1,76.2,9.5,97.1,3,19.4,17.0,13.7
E04425,Daniela Aguilar,Matemática Discreta,2025-2,69.0,2.5,65.6,2,12.1,12.6,18.3
E04426,Joaquín Ramírez,Matemática Discreta,2025-2,98.5,5.8,90.7,3,7.6,7.0,5.8
E04427,Renata Palomino,Redes de Computadoras,2025-2,67.1,6.5,76.9,5,9.2,8.6,10.1
E04428,Sebastián Flores,Estructuras de Datos,2026-1,67.7,1.0,66.4,5,9.1,11.7,11.6
E04429,Estefanía Alva,Lenguajes de Programación,2025-2,81.1,5.7,57.2,2,12.4,12.6,13.5
E04430,Fabián Ortiz,Base de Datos,2025-2,55.9,9.1,77.7,2,7.6,8.0,6.7
E04431,Paula Rivas,Lenguajes de Programación,2025-2,96.5,8.9,88.0,3,18.1,20,15.1
E04432,Miguel García,Base de Datos,2025-2,40.9,7.0,74.4,4,7.2,7.0,4.0
E04433,Luis Palomino,Lenguajes de Programación,2026-1,86.8,9.1,100,4,12.2,12.3,13.1
E04434,Ana Vargas,Matemática Discreta,2025-2,88.3,11.5,60.3,3,13.3,12.7,8.6
E04435,María Gutiérrez,Estructuras de Datos,2026-1,79.5,8.4,100,4,17.3,20,20
E04436,Fernanda Zapata,Redes de Computadoras,2026-1,72.0,7.1,59.5,1,20,18.4,20
E04437,Isabela Flores,Lenguajes de Programación,2025-2,68.5,7.5,100,4,11.7,13.1,15.3
E04438,Iván Pérez,Estructuras de Datos,2026-1,63.7,7.5,68.3,1,9.4,11.1,7.2
E04439,Joaquín Medina,Redes de Computadoras,2025-2,67.5,0.7,58.8,3,15.1,15.3,12.1
E04440,Sebastián Salazar,Estructuras de Datos,2026-1,93.4,9.4,42.9,3,11.5,9.7,11.3
E04441,Sebastián Paredes,Estructuras de Datos,2026-1,66.2,1.4,75.6,4,17.7,16.1,19.5
E04442,Alejandra Ramírez,Redes de Computadoras,2025-2,66.1,2.5,58.0,4,20,14.9,13.3
E04443,Milagros Quispe,Matemática Discreta,2026-1,57.9,12.8,68.4,4,12.9,7.0,9.8
E04444,Emilia Quispe,Matemática Discreta,2025-2,80.4,10.0,79.3,4,17.6,13.9,16.6
E04445,Manuel Mendoza,Lenguajes de Programación,2025-2,63.6,3.6,67.5,3,13.4,6.9,13.6
E04446,Ana Pérez,Redes de Computadoras,2026-1,64.0,3.6,79.9,4,14.4,13.8,15.6
E04447,Alejandra Paredes,Matemática Discreta,2026-1,72.3,3.6,82.9,2,14.3,17.7,12.5
E04448,Carlos Palomino,Base de Datos,2025-2,100,6.0,100,1,14.1,13.9,16.7
E04449,Mateo Cárdenas,Matemática Discreta,2025-2,55.1,6.3,72.0,4,10.5,11.6,18.5
E04450,Natalia Cruz,Redes de Computadoras,2025-2,81.1,3.5,61.5,2,12.0,10.2,5.2
E04451,Mateo Huamán,Redes de Computadoras,2026-1,100,9.3,67.7,1,13.3,16.3,11.5
E04452,Rosa Cabrera,Base de Datos,2025-2,37.6,4.3,73.7,4,14.7,13.0,16.6
E04453,Luis Torres,Redes de Computadoras,2025-2,93.9,6.2,53.1,1,6.7,0.7,0
E04454,Paula Cabrera,Lenguajes de Programación,2026-1,72.2,3.3,81.6,3,10.1,12.6,14.7
E04455,Emilia Ortiz,Base de Datos,2025-2,53.8,2.4,32.9,4,11.3,8.4,7.1
E04456,Valeria Huamán,Redes de Computadoras,2025-2,84.1,3.4,63.4,4,9.7,13.6,17.7
E04457,Manuel Pérez,Redes de Computadoras,2025-2,79.7,5.8,66.6,3,8.8,10.9,8.1
E04458,Joaquín Ponce,Redes de Computadoras,2025-2,70.8,3.9,91.8,3,11.2,9.1,8.6
E04459,Sebastián Huamán,Matemática Discreta,2025-2,72.2,1.7,62.9,4,16.0,11.1,20
E04460,Estefanía Castillo,Base de Datos,2026-1,54.7,5.5,100,4,12.0,6.0,12.1
E04461,Fernanda Chávez,Base de Datos,2025-2,100,8.6,100,5,8.8,8.8,9.5
E04462,Rodrigo Rodríguez,Estructuras de Datos,2026-1,73.9,4.2,69.7,3,13.6,11.9,10.1
E04463,Antonella Mamani,Estructuras de Datos,2026-1,69.3,6.1,84.8,4,16.3,14.4,12.9
E04464,Nicolás Paredes,Redes de Computadoras,2025-2,80.5,6.5,87.2,2,11.0,9.6,8.3
E04465,Martina Rojas,Matemática Discreta,2026-1,76.1,6.6,86.0,2,13.3,13.0,11.0
E04466,Vicente Aguilar,Matemática Discreta,2025-2,63.4,11.5,56.4,4,17.8,17.8,20
E04467,Valentina Zapata,Estructuras de Datos,2025-2,55.0,9.5,74.1,5,11.9,10.3,15.6
E04468,Fabián Torres,Redes de Computadoras,2026-1,55.6,8.6,87.4,2,7.5,4.0,7.0
E04469,Sofía Medina,Base de Datos,2026-1,65.7,7.1,74.8,4,16.8,14.5,11.9
E04470,Alejandra Cárdenas,Redes de Computadoras,2025-2,50.9,9.2,78.0,2,13.5,9.8,10.4
E04471,Franco Chávez,Redes de Computadoras,2025-2,75.8,2.4,64.6,3,6.6,7.4,6.9
E04472,Fabián Ramírez,Base de Datos,2025-2,72.2,9.7,88.0,5,7.9,10.1,8.5
E04473,Julio Quispe,Base de Datos,2026-1,99.3,5.9,92.1,4,9.8,9.7,14.0
E04474,Iván Soto,Redes de Computadoras,2026-1,77.8,4.4,93.8,1,14.3,17.0,12.7
E04475,Valentina Gutiérrez,Estructuras de Datos,2025-2,68.1,6.4,69.8,5,13.9,7.2,13.2
E04476,Jorge Cruz,Redes de Computadoras,2026-1,78.8,4.6,37.8,4,14.8,14.2,14.3
E04477,Sebastián García,Estructuras de Datos,2026-1,88.5,4.2,62.3,4,14.6,20,17.5
E04478,Alejandra Pérez,Redes de Computadoras,2025-2,50.3,4.1,55.9,5,12.9,13.5,14.8
E04479,Emilio Sánchez,Matemática Discreta,2025-2,39.6,0,98.7,2,13.1,16.0,20
E04480,Emilio Reyes,Base de Datos,2025-2,71.8,4.9,59.3,2,7.9,11.6,14.2
E04481,Ricardo Paredes,Matemática Discreta,2025-2,78.3,5.2,100,4,12.1,13.6,9.9
E04482,Manuel Ramírez,Base de Datos,2025-2,42.8,10.0,100,2,14.2,11.7,8.3
E04483,Sofía Medina,Redes de Computadoras,2025-2,73.1,8.9,45.5,4,17.8,10.8,14.3
E04484,Andrés Cabrera,Lenguajes de Programación,2026-1,100,4.2,62.2,4,15.3,20,20
E04485,Ana Herrera,Matemática Discreta,2025-2,27.1,9.6,80.4,2,14.7,12.0,13.4
E04486,Antonella Rivas,Base de Datos,2026-1,74.7,8.6,52.5,2,11.0,11.4,19.9
E04487,Manuel Soto,Redes de Computadoras,2026-1,66.9,3.7,86.6,1,8.1,6.6,5.8
E04488,Bruno Cabrera,Redes de Computadoras,2025-2,85.9,4.5,59.8,5,17.0,11.7,15.2
E04489,Ana Vargas,Estructuras de Datos,2026-1,82.0,6.5,56.5,2,9.5,5.0,11.2
E04490,Milagros Soto,Redes de Computadoras,2025-2,77.2,12.8,48.6,3,13.4,16.0,18.0
E04491,Andrés Mamani,Redes de Computadoras,2026-1,61.4,5.0,84.4,2,8.9,11.8,9.8
E04492,Daniela Rojas,Base de Datos,2025-2,47.5,3.6,95.7,3,16.1,12.5,16.1
E04493,Martina Ortiz,Lenguajes de Programación,2026-1,63.2,4.0,63.4,4,20,18.7,13.9
E04494,Milagros López,Redes de Computadoras,2025-2,60.2,10.4,46.1,2,13.1,10.2,13.0
E04495,Zoe López,Estructuras de Datos,2026-1,50.6,5.9,83.0,2,16.9,11.5,12.5
E04496,Bruno Herrera,Matemática Discreta,2025-2,45.6,11.9,100,4,8.6,17.1,13.8
E04497,Isabela Herrera,Estructuras de Datos,2026-1,85.4,9.7,85.7,3,18.4,15.1,11.9
E04498,Mateo Torres,Estructuras de Datos,2026-1,74.0,11.2,95.0,4,16.1,18.6,20
E04499,Adrián Soto,Base de Datos,2025-2,81.7,7.6,86.1,1,13.3,6.4,12.8
E04500,Martina Palomino,Redes de Computadoras,2026-1,57.5,0,63.3,3,14.1,17.8,20
E04501,Rodrigo Vargas,Base de Datos,2025-2,100,6.8,55.0,5,13.3,20,11.1
E04502,Estefanía Medina,Base de Datos,2025-2,74.0,5.0,100,5,15.0,11.5,7.8
E04503,Andrés Rodríguez,Redes de Computadoras,2026-1,54.0,8.8,94.5,2,8.3,9.7,12.2
E04504,Sebastián Cabrera,Lenguajes de Programación,2026-1,86.2,5.3,80.2,3,13.1,9.2,7.5
E04505,Ricardo Cruz,Lenguajes de Programación,2025-2,69.0,9.9,58.3,5,15.8,17.1,8.8
E04506,Rodrigo Herrera,Base de Datos,2026-1,80.2,3.1,58.7,3,17.8,12.4,16.5
E04507,Camila Quispe,Redes de Computadoras,2026-1,79.8,5.3,51.1,1,17.1,9.3,16.5
E04508,Rosa Cárdenas,Matemática Discreta,2026-1,97.3,11.6,88.3,3,16.4,18.5,16.0
E04509,Paula Gutiérrez,Redes de Computadoras,2025-2,70.6,4.5,53.2,2,14.0,13.2,12.5
E04510,Andrés Soto,Redes de Computadoras,2026-1,81.9,5.9,64.6,3,14.2,20,17.7
E04511,Ricardo Salazar,Base de Datos,2026-1,77.1,0,,4,8.1,6.4,1.2
E04512,Carlos Cabrera,Lenguajes de Programación,2025-2,55.3,8.7,45.6,2,10.2,11.0,7.6
E04513,Joaquín Alva,Estructuras de Datos,2026-1,48.3,0,76.4,2,,13.9,10.3
E04514,Miguel Chávez,Redes de Computadoras,2026-1,94.2,0,91.2,4,16.7,20,19.0
E04515,Rosa Aguilar,Base de Datos,2025-2,62.1,2.6,76.2,3,15.7,17.6,16.9
E04516,Diego Reyes,Base de Datos,2025-2,62.3,4.4,92.3,4,5.3,4.2,1.7
E04517,Iván Ponce,Estructuras de Datos,2026-1,74.9,12.4,100,4,12.3,12.4,12.6
E04518,Valentina Chávez,Base de Datos,2026-1,83.0,6.9,100,5,17.5,20,18.2
E04519,Diego Sánchez,Lenguajes de Programación,2025-2,56.2,4.7,81.2,4,12.0,15.7,16.5
E04520,Luis Herrera,Estructuras de Datos,2025-2,79.5,11.0,80.3,1,10.4,11.1,18.0
E04521,Daniela Huamán,Redes de Computadoras,2026-1,73.5,1.4,96.2,5,15.5,13.3,14.1
E04522,Daniela Castillo,Matemática Discreta,2026-1,39.6,10.2,87.6,4,11.7,12.3,12.7
E04523,Gabriela Vega,Estructuras de Datos,2025-2,100,8.5,96.6,1,14.2,16.7,17.3
E04524,Estefanía Vega,Redes de Computadoras,2025-2,51.3,7.8,80.4,2,12.9,10.1,13.4
E04525,Bruno Ortiz,Redes de Computadoras,2026-1,60.4,2.2,100,4,20,20,17.7
E04526,Fernanda Sánchez,Matemática Discreta,2026-1,57.8,7.0,80.1,5,12.3,20,13.9
E04527,Emilio Palomino,Lenguajes de Programación,2025-2,72.7,9.9,98.8,1,6.3,6.0,6.6
E04528,Franco Zapata,Matemática Discreta,2025-2,84.2,12.5,100,2,20,18.9,18.3
E04529,Zoe Zapata,Matemática Discreta,2026-1,91.7,8.5,94.4,3,9.6,9.8,10.0
E04530,Emilia Soto,Redes de Computadoras,2025-2,90.8,6.9,62.5,5,12.5,12.9,19.8
E04531,Iván Sánchez,Estructuras de Datos,2025-2,55.1,13.7,82.1,3,13.1,8.3,11.3
E04532,Adrián Rivas,Redes de Computadoras,2025-2,66.6,8.9,80.8,3,11.0,14.4,14.3
E04533,Alejandra Sánchez,Estructuras de Datos,2026-1,71.6,3.7,83.8,2,14.1,13.4,13.9
E04534,Diego Vega,Base de Datos,2025-2,77.3,6.0,97.4,3,12.9,12.6,13.0
E04535,Luis Reyes,Lenguajes de Programación,2025-2,53.4,5.5,100,1,14.2,13.0,12.4
E04536,Joaquín Quispe,Lenguajes de Programación,2025-2,71.8,8.2,62.6,3,9.5,13.2,10.5
E04537,Carlos Cárdenas,Lenguajes de Programación,2026-1,81.7,5.1,66.8,2,5.4,7.9,7.0
E04538,Diego Rodríguez,Redes de Computadoras,2026-1,99.4,3.9,72.6,4,12.7,11.5,11.4
E04539,Zoe Flores,Estructuras de Datos,2026-1,52.1,0,100,5,13.6,15.9,11.4
E04540,Valeria Mamani,Lenguajes de Programación,2026-1,61.2,5.5,76.4,1,15.3,13.9,9.8
E04541,María Cabrera,Base de Datos,2026-1,54.9,2.9,57.7,4,9.9,13.2,10.0
E04542,Mateo Ponce,Redes de Computadoras,2026-1,58.4,11.7,69.7,2,14.7,15.0,16.4
E04543,Joaquín Medina,Redes de Computadoras,2025-2,78.6,6.9,43.0,2,17.2,20,17.7
E04544,Antonella Rivas,Lenguajes de Programación,2026-1,69.2,7.8,100,4,12.4,14.1,16.8
E04545,Alonso Rivas,Lenguajes de Programación,2026-1,88.1,0,97.9,3,6.9,12.5,10.8
E04546,Gabriela Torres,Redes de Computadoras,2025-2,73.7,2.5,83.2,1,10.2,10.6,10.5
E04547,Emilio Flores,Matemática Discreta,2025-2,52.3,6.1,61.3,4,19.9,16.9,18.2
E04548,Emilio Quispe,Estructuras de Datos,2026-1,100,4.7,53.8,3,9.9,14.5,6.7
E04549,Natalia Rivas,Base de Datos,2025-2,56.9,14.9,72.7,4,11.0,13.3,13.6
E04550,Alonso Medina,Estructuras de Datos,2026-1,34.7,9.5,89.6,5,20,20,20
E04551,Martina Cabrera,Estructuras de Datos,2025-2,70.0,5.2,68.8,3,19.1,18.6,17.7
E04552,Camila Delgado,Matemática Discreta,2025-2,56.4,3.6,100,2,7.8,11.2,8.0
E04553,Luis Alva,Matemática Discreta,2025-2,78.4,2.1,89.8,2,15.9,16.8,13.9
E04554,María Quispe,Redes de Computadoras,2026-1,78.9,2.7,78.0,3,15.1,16.8,13.1
E04555,Camila Gutiérrez,Base de Datos,2025-2,52.2,4.2,66.8,3,12.0,13.2,12.9
E04556,Bruno Chávez,Lenguajes de Programación,2026-1,100,11.7,58.5,2,17.6,8.8,16.4
E04557,Adrián Reyes,Estructuras de Datos,2025-2,57.9,5.9,50.3,1,10.3,9.9,13.1
E04558,Zoe Rodríguez,Estructuras de Datos,2026-1,40.8,6.3,29.0,2,10.4,11.6,13.0
E04559,Rosa Huamán,Base de Datos,2026-1,70.7,14.1,72.2,3,12.9,11.5,15.2
E04560,Emilio Salazar,Redes de Computadoras,2026-1,77.0,8.3,76.1,5,9.1,9.0,12.9
E04561,Lucía Ponce,Base de Datos,2026-1,90.9,4.6,68.7,4,12.4,10.0,3.8
E04562,Valentina Soto,Estructuras de Datos,2025-2,61.0,6.3,90.8,3,16.6,15.4,12.9
E04563,Alonso Sánchez,Estructuras de Datos,2026-1,77.4,3.8,66.0,2,9.8,14.4,5.6
E04564,Alonso Chávez,Estructuras de Datos,2025-2,51.5,0.2,85.4,3,16.6,14.3,14.0
E04565,Alonso Vega,Estructuras de Datos,2026-1,56.6,3.6,83.9,2,17.9,16.2,18.4
E04566,Emilia Medina,Matemática Discreta,2025-2,56.2,4.3,37.6,3,11.1,12.6,12.6
E04567,Fernanda Zapata,Redes de Computadoras,2025-2,90.3,6.1,74.6,2,18.9,17.2,15.9
E04568,Renata Castillo,Lenguajes de Programación,2026-1,80.9,5.3,70.7,4,12.1,11.2,13.8
E04569,Iván Flores,Estructuras de Datos,2026-1,67.3,9.0,100,3,14.0,13.8,7.9
E04570,Renata Cárdenas,Matemática Discreta,2026-1,65.8,9.5,79.4,2,18.4,18.3,17.2
E04571,María Castillo,Base de Datos,2025-2,80.5,4.5,81.6,5,14.2,15.8,12.2
E04572,Tomás Paredes,Estructuras de Datos,2025-2,91.9,1.3,89.4,1,19.6,18.2,17.6
E04573,Daniela Palomino,Base de Datos,2025-2,65.8,8.0,83.5,5,10.0,14.1,11.6
E04574,Jorge Medina,Base de Datos,2026-1,59.2,9.4,44.4,2,16.9,19.1,14.2
E04575,Isabela Huamán,Matemática Discreta,2026-1,100,3.3,47.9,4,7.3,10.3,7.6
E04576,Isabela Mendoza,Redes de Computadoras,2025-2,53.5,6.9,66.1,3,16.7,12.3,13.2
E04577,Julio Delgado,Lenguajes de Programación,2026-1,66.8,1.7,76.2,4,14.9,12.3,10.3
E04578,Zoe Gutiérrez,Redes de Computadoras,2026-1,84.0,2.8,46.8,4,10.7,12.6,10.5
E04579,Bruno Alva,Matemática Discreta,2025-2,63.7,10.5,94.4,4,20,19.3,15.7
E04580,Paula Rivas,Estructuras de Datos,2026-1,63.1,6.3,90.3,2,10.7,13.2,6.6
E04581,Lucía Cruz,Matemática Discreta,2025-2,71.8,5.6,86.3,3,10.9,11.3,7.4
E04582,Rodrigo Aguilar,Matemática Discreta,2025-2,100,9.8,100,4,16.9,15.1,15.7
E04583,Jorge Medina,Redes de Computadoras,2026-1,69.0,11.4,60.4,1,19.4,14.6,17.2
E04584,Emilia Herrera,Matemática Discreta,2026-1,99.9,8.7,72.8,3,7.3,10.3,16.1
E04585,Valentina Castillo,Lenguajes de Programación,2026-1,63.1,7.6,69.3,1,13.7,20,17.8
E04586,Camila Palomino,Estructuras de Datos,2025-2,88.1,5.8,70.3,5,11.2,10.5,11.6
E04587,María Reyes,Redes de Computadoras,2025-2,58.9,8.0,85.1,4,2.8,4.7,5.4
E04588,Daniela Vega,Lenguajes de Programación,2025-2,56.6,3.4,66.9,2,12.9,,14.1
E04589,Rodrigo Rodríguez,Base de Datos,2025-2,82.3,9.2,96.4,2,20,20,20
E04590,Julio Palomino,Lenguajes de Programación,2026-1,66.0,2.8,47.8,3,13.7,16.2,17.5
E04591,Daniela Mamani,Redes de Computadoras,2025-2,78.5,5.5,57.0,2,9.9,11.5,13.0
E04592,Jorge García,Lenguajes de Programación,2026-1,82.0,7.7,100,3,14.7,12.9,15.1
E04593,Franco Paredes,Estructuras de Datos,2025-2,80.8,4.8,37.8,3,18.0,17.9,20
E04594,Andrés López,Estructuras de Datos,2025-2,88.1,2.6,68.0,3,16.2,10.5,15.7
E04595,Julio Medina,Estructuras de Datos,2025-2,57.0,3.1,73.1,3,16.8,16.8,13.1
E04596,Andrés Mamani,Lenguajes de Programación,2025-2,84.3,5.3,100,3,14.8,15.0,13.8
E04597,Paula Quispe,Matemática Discreta,2026-1,86.2,5.9,69.1,2,12.7,12.2,12.5
E04598,Tomás Flores,Redes de Computadoras,2025-2,46.8,3.8,84.2,1,11.1,14.3,12.8
E04599,Fabián Torres,Base de Datos,2026-1,69.8,8.3,62.6,3,20,15.1,16.6
E04600,Miguel Ramírez,Estructuras de Datos,2026-1,59.0,5.0,59.9,2,13.2,13.9,12.9
E04601,Alonso Cruz,Matemática Discreta,2025-2,58.6,3.7,79.6,3,15.6,17.8,16.1
E04602,María Pérez,Base de Datos,2025-2,72.1,8.1,75.8,3,17.5,18.3,20
E04603,Luis Ponce,Base de Datos,2026-1,71.2,11.4,61.0,2,10.7,6.5,10.9
E04604,Andrés Delgado,Estructuras de Datos,2025-2,49.3,7.8,99.2,3,5.0,4.9,4.1
E04605,Bruno Mendoza,Redes de Computadoras,2025-2,89.8,6.6,79.7,1,8.8,8.5,12.0
E04606,Emilia Vega,Matemática Discreta,2025-2,61.0,7.7,62.1,3,14.5,19.0,11.9
E04607,Alonso Espinoza,Base de Datos,2025-2,75.8,4.5,79.1,2,15.0,13.5,10.4
E04608,Fernanda Castillo,Redes de Computadoras,2026-1,49.4,4.0,87.7,4,14.6,12.8,12.8
E04609,Julio Torres,Base de Datos,2025-2,86.5,6.7,60.1,2,18.5,17.8,19.2
E04610,Andrés Gutiérrez,Redes de Computadoras,2025-2,79.9,11.0,73.2,3,8.9,12.2,14.3
E04611,Sofía Soto,Matemática Discreta,2026-1,63.4,10.3,100,3,16.0,19.2,16.3
E04612,Miguel Mamani,Lenguajes de Programación,2025-2,71.6,8.2,88.5,5,19.9,16.6,20
E04613,Daniela López,Base de Datos,2025-2,83.6,3.5,81.0,3,8.6,11.2,8.8
E04614,Rosa García,Estructuras de Datos,2026-1,69.8,5.5,68.3,1,15.3,11.1,9.7
E04615,Ricardo Alva,Matemática Discreta,2025-2,77.1,6.1,100,2,13.0,9.7,12.3
E04616,María Zapata,Matemática Discreta,2026-1,72.1,9.4,96.3,2,14.4,9.8,11.0
E04617,Rosa Mamani,Base de Datos,2026-1,94.6,3.1,69.4,3,18.8,18.3,14.8
E04618,Emilio Castillo,Matemática Discreta,2025-2,100,3.4,76.8,3,17.2,10.4,9.6
E04619,Fabián Herrera,Redes de Computadoras,2025-2,81.5,6.4,96.4,3,18.3,17.9,13.1
E04620,Jorge Sánchez,Matemática Discreta,2025-2,61.2,3.9,50.1,2,7.5,10.0,10.8
E04621,Alejandra Alva,Estructuras de Datos,2026-1,57.9,12.0,100,4,15.7,16.3,19.0
E04622,Estefanía Espinoza,Matemática Discreta,2026-1,83.9,6.1,37.4,2,,11.2,13.4
E04623,Martina Zapata,Estructuras de Datos,2026-1,59.2,4.2,70.5,3,17.2,11.8,17.4
E04624,Sebastián Castillo,Lenguajes de Programación,2025-2,100,1.9,84.4,2,8.5,8.8,11.4
E04625,Jorge Pérez,Estructuras de Datos,2026-1,64.2,1.4,,3,13.1,12.1,11.2
E04626,Fabián Rodríguez,Matemática Discreta,2025-2,44.0,9.1,97.9,4,16.1,18.5,19.3
E04627,Franco Sánchez,Lenguajes de Programación,2026-1,61.0,0,100,3,19.7,20,15.3
E04628,Tomás Paredes,Estructuras de Datos,2026-1,84.9,4.9,56.1,2,7.4,5.9,12.1
E04629,Nicolás Zapata,Matemática Discreta,2025-2,57.8,3.8,100,3,19.0,,19.4
E04630,Jorge Torres,Redes de Computadoras,2025-2,53.4,6.2,41.0,2,8.4,11.0,11.3
E04631,Ximena Rojas,Matemática Discreta,2025-2,45.9,5.9,100,1,6.6,13.0,13.4
E04632,Isabela Espinoza,Estructuras de Datos,2026-1,100,9.8,49.1,1,9.7,13.7,14.0
E04633,Natalia Paredes,Estructuras de Datos,2025-2,53.9,3.3,71.6,3,7.8,9.4,8.7
E04634,Alejandra Ponce,Estructuras de Datos,2026-1,76.6,2.3,99.7,4,13.8,11.7,9.5
E04635,Joaquín Sánchez,Redes de Computadoras,2025-2,100,6.0,73.2,3,4.0,3.0,6.6
E04636,Emilia Rodríguez,Base de Datos,2026-1,51.8,4.7,94.2,5,9.4,12.0,7.7
E04637,Sebastián Palomino,Base de Datos,2026-1,84.5,9.0,84.9,3,11.6,11.1,14.0
E04638,Sofía Pérez,Matemática Discreta,2026-1,75.7,3.5,77.1,3,10.4,16.4,17.6
E04639,Ricardo Torres,Lenguajes de Programación,2026-1,91.9,14.0,57.6,2,8.7,7.1,11.5
E04640,Valentina Flores,Matemática Discreta,2026-1,71.8,6.4,96.2,2,20,20,20
E04641,Natalia Rivas,Base de Datos,2026-1,71.8,11.1,70.9,2,4.8,6.4,7.5
E04642,Natalia Torres,Matemática Discreta,2026-1,77.1,13.9,100,3,19.9,15.8,13.6
E04643,Daniela Mamani,Lenguajes de Programación,2026-1,67.0,5.4,72.2,5,16.7,14.7,11.9
E04644,Franco Quispe,Estructuras de Datos,2025-2,95.9,1.8,100,5,12.9,15.3,11.4
E04645,Ricardo Zapata,Base de Datos,2025-2,44.4,4.3,38.2,5,4.6,8.3,8.7
E04646,Nicolás Huamán,Redes de Computadoras,2025-2,64.9,9.3,100,5,12.7,15.9,14.4
E04647,Carlos Palomino,Estructuras de Datos,2025-2,96.7,1.4,54.8,3,14.9,15.0,14.3
E04648,Alejandra Ramírez,Matemática Discreta,2026-1,51.5,1.9,83.4,4,14.4,11.9,16.4
E04649,Alejandra Vargas,Matemática Discreta,2026-1,47.7,2.2,69.8,3,13.9,17.1,13.9
E04650,Daniela Ortiz,Estructuras de Datos,2025-2,62.2,0.7,50.2,4,9.4,10.9,12.1
E04651,Alejandra Vargas,Matemática Discreta,2025-2,58.8,4.5,70.3,2,11.2,10.2,13.2
E04652,Fabián Herrera,Lenguajes de Programación,2026-1,49.0,5.1,91.9,3,10.0,14.5,7.6
E04653,Miguel Cruz,Base de Datos,2025-2,56.3,3.5,72.8,2,13.3,13.4,9.2
E04654,Joaquín Rodríguez,Redes de Computadoras,2026-1,73.7,13.5,61.1,1,19.1,14.6,9.7
E04655,Natalia Paredes,Estructuras de Datos,2025-2,86.3,5.0,92.2,1,12.6,14.5,14.0
E04656,Carlos Torres,Lenguajes de Programación,2026-1,77.7,9.1,50.7,2,13.9,11.8,13.4
E04657,Nicolás Castillo,Estructuras de Datos,2025-2,64.7,7.5,39.0,2,16.3,14.8,16.2
E04658,Andrés Flores,Redes de Computadoras,2025-2,74.3,2.4,72.0,3,10.0,11.3,9.8
E04659,Julio Sánchez,Estructuras de Datos,2026-1,58.9,1.8,78.6,4,12.4,11.5,13.9
E04660,Camila López,Lenguajes de Programación,2025-2,60.5,6.4,87.3,4,20,20,16.5
E04661,Alonso Herrera,Estructuras de Datos,2026-1,,6.2,100,2,13.7,15.7,15.5
E04662,Emilia Quispe,Lenguajes de Programación,2025-2,75.4,7.1,46.8,1,16.5,11.6,10.5
E04663,Manuel Vega,Base de Datos,2026-1,100,13.0,83.9,3,9.2,5.3,11.4
E04664,Ximena Ponce,Estructuras de Datos,2025-2,63.9,6.5,35.0,2,13.0,9.9,15.1
E04665,Estefanía Castillo,Base de Datos,2026-1,76.1,1.5,82.6,3,20,17.7,19.0
E04666,Emilio Ramírez,Lenguajes de Programación,2026-1,87.4,9.8,73.7,1,15.4,10.3,12.4
E04667,Zoe Zapata,Base de Datos,2025-2,60.3,3.3,57.8,5,4.5,8.0,4.9
E04668,Daniela García,Redes de Computadoras,2025-2,59.1,5.3,59.4,3,6.2,12.1,5.8
E04669,Ana Rivas,Redes de Computadoras,2025-2,82.2,7.4,74.4,3,14.6,14.8,18.3
E04670,Ricardo Rivas,Lenguajes de Programación,2025-2,93.2,2.8,54.2,2,10.8,20,20
E04671,Franco Vega,Base de Datos,2026-1,88.3,7.4,85.2,5,7.1,6.3,6.5
E04672,Miguel Soto,Redes de Computadoras,2026-1,74.8,3.9,83.0,3,11.1,10.0,10.6
E04673,Gabriela Chávez,Estructuras de Datos,2025-2,82.9,7.7,83.8,4,17.3,15.1,12.0
E04674,María Cabrera,Lenguajes de Programación,2026-1,54.2,5.3,75.5,4,8.1,8.3,6.7
E04675,María Aguilar,Base de Datos,2025-2,62.3,5.3,90.4,3,18.9,17.5,18.0
E04676,Sebastián Cruz,Redes de Computadoras,2025-2,76.1,6.8,80.3,2,7.2,5.1,9.3
E04677,Milagros Delgado,Estructuras de Datos,2026-1,87.0,4.3,26.7,3,20,19.2,20
E04678,Martina Pérez,Lenguajes de Programación,2025-2,27.1,6.2,62.9,4,19.4,11.9,16.5
E04679,Andrés Mendoza,Lenguajes de Programación,2026-1,66.9,3.2,86.9,3,13.3,11.2,8.9
E04680,Ximena Reyes,Matemática Discreta,2025-2,85.4,3.5,71.6,2,8.6,10.6,9.8
E04681,Luis López,Estructuras de Datos,2026-1,83.3,12.0,46.4,4,11.2,14.6,11.4
E04682,Rodrigo Ortiz,Lenguajes de Programación,2026-1,100,2.7,100,5,12.9,9.4,9.6
E04683,Alonso Reyes,Estructuras de Datos,2025-2,60.4,14.9,60.8,1,18.0,19.1,20
E04684,Nicolás Ramírez,Lenguajes de Programación,2025-2,100,1.8,67.7,5,13.1,16.9,14.5
E04685,Ana Delgado,Base de Datos,2026-1,61.8,10.0,76.3,2,13.8,13.9,15.0
E04686,Emilia Sánchez,Lenguajes de Programación,2026-1,23.4,5.3,60.6,3,10.6,13.3,7.2
E04687,Ana Ortiz,Lenguajes de Programación,2026-1,64.0,9.0,80.0,4,17.4,20,19.8
E04688,Carlos Castillo,Base de Datos,2025-2,63.6,8.8,64.2,5,9.1,9.5,12.7
E04689,Bruno Castillo,Base de Datos,2026-1,51.0,4.1,78.4,4,14.3,16.0,13.7
E04690,Emilia Soto,Base de Datos,2026-1,84.2,9.6,66.5,4,,13.9,14.9
E04691,Valentina Medina,Lenguajes de Programación,2025-2,66.9,1.9,95.8,3,12.3,9.7,15.2
E04692,Miguel Castillo,Estructuras de Datos,2025-2,79.0,4.8,76.5,3,20,18.4,18.0
E04693,Fabián Paredes,Lenguajes de Programación,2026-1,53.1,1.0,61.0,3,8.9,13.2,9.7
E04694,Diego Soto,Estructuras de Datos,2025-2,71.1,9.0,66.8,3,20,18.3,18.7
E04695,Emilia Pérez,Base de Datos,2025-2,43.5,8.1,71.9,1,10.3,8.4,12.7
E04696,Gabriela Mendoza,Base de Datos,2025-2,67.9,9.6,72.9,2,17.9,12.6,17.2
E04697,Ricardo Vargas,Base de Datos,2025-2,67.5,4.3,79.3,4,18.6,15.6,14.3
E04698,Renata Quispe,Redes de Computadoras,2025-2,72.1,6.6,88.7,3,11.2,11.0,11.6
E04699,María Palomino,Lenguajes de Programación,2026-1,88.1,8.2,97.4,5,11.5,15.8,9.6
E04700,Ricardo Torres,Base de Datos,2025-2,46.2,7.7,65.8,5,13.0,14.6,11.7
E04701,Ricardo Quispe,Matemática Discreta,2025-2,95.6,0.8,70.9,2,12.2,8.2,10.4
E04702,Ana Quispe,Lenguajes de Programación,2025-2,88.1,7.1,78.4,2,15.3,10.6,15.1
E04703,Camila Rodríguez,Redes de Computadoras,2025-2,59.8,2.4,47.5,3,17.1,20,13.1
E04704,Miguel Pérez,Estructuras de Datos,2026-1,83.8,8.9,62.5,1,18.5,20,16.0
E04705,Gabriela Chávez,Estructuras de Datos,2026-1,66.1,9.3,78.7,3,17.2,14.7,16.1
E04706,Mateo Cárdenas,Lenguajes de Programación,2025-2,58.7,2.2,45.4,1,10.5,13.7,7.6
E04707,Franco López,Lenguajes de Programación,2025-2,78.8,1.8,89.9,3,13.5,15.1,13.4
E04708,Diego Ramírez,Estructuras de Datos,2026-1,92.2,5.5,40.0,3,14.2,15.2,12.8
E04709,Emilio Torres,Estructuras de Datos,2026-1,42.0,7.0,93.2,1,20,17.6,18.1
E04710,Manuel Espinoza,Matemática Discreta,2026-1,66.6,7.2,46.8,3,16.7,16.4,15.1
E04711,Gabriela García,Redes de Computadoras,2025-2,51.8,2.7,81.6,3,16.2,14.9,15.7
E04712,Ximena Zapata,Base de Datos,2026-1,60.8,6.7,100,1,9.0,16.6,18.6
E04713,Fabián Soto,Redes de Computadoras,2026-1,86.3,5.1,67.1,4,3.8,4.9,12.7
E04714,Julio Ramírez,Estructuras de Datos,2025-2,100,6.9,77.0,2,11.9,11.0,16.1
E04715,Valeria Pérez,Base de Datos,2026-1,80.4,1.3,84.2,3,12.7,15.5,11.4
E04716,Milagros López,Base de Datos,2025-2,87.1,5.2,41.9,4,19.8,16.5,18.1
E04717,Iván Gutiérrez,Lenguajes de Programación,2025-2,76.4,13.5,76.6,2,13.3,11.6,17.8
E04718,Ana Ramírez,Base de Datos,2025-2,82.3,6.3,83.7,4,13.4,17.4,18.8
E04719,Fabián Cárdenas,Redes de Computadoras,2026-1,80.7,6.1,80.4,2,20,13.5,19.6
E04720,Andrés Rivas,Lenguajes de Programación,2025-2,75.6,1.1,77.7,3,8.7,10.6,10.4
E04721,Bruno Soto,Lenguajes de Programación,2026-1,79.3,6.8,80.8,1,10.6,13.6,12.0
E04722,Fernanda Chávez,Base de Datos,2025-2,56.3,7.7,46.3,3,15.8,20,15.9
E04723,Rosa Ramírez,Matemática Discreta,2025-2,77.2,0.7,68.9,2,13.8,16.2,15.5
E04724,Rosa Espinoza,Base de Datos,2025-2,73.4,5.7,82.6,3,17.7,9.4,17.9
E04725,Alonso Delgado,Lenguajes de Programación,2026-1,72.7,0.6,100,5,18.3,12.6,19.3
E04726,Emilio Huamán,Redes de Computadoras,2025-2,76.0,8.4,82.6,3,13.9,12.7,18.4
E04727,Camila Delgado,Base de Datos,2025-2,100,6.7,98.0,2,10.8,14.2,13.6
E04728,Antonella Ramírez,Lenguajes de Programación,2026-1,31.6,5.7,78.7,3,12.3,14.3,11.2
E04729,Diego Paredes,Estructuras de Datos,2026-1,42.6,2.7,43.3,5,16.2,15.2,13.3
E04730,Paula Cruz,Estructuras de Datos,2025-2,70.3,9.0,60.3,4,19.4,19.1,16.5
E04731,Joaquín Aguilar,Redes de Computadoras,2025-2,84.8,4.2,57.3,3,8.8,9.1,13.0
E04732,Alonso Zapata,Lenguajes de Programación,2025-2,81.5,4.2,61.1,2,11.5,13.4,13.2
E04733,Diego Sánchez,Estructuras de Datos,2026-1,100.0,4.4,89.6,4,11.2,8.8,5.3
E04734,Camila Cruz,Estructuras de Datos,2025-2,96.2,9.4,69.3,3,16.6,15.4,18.4
E04735,Estefanía Herrera,Matemática Discreta,2025-2,59.5,11.8,79.5,4,10.5,5.2,11.9
E04736,Carlos Rodríguez,Base de Datos,2026-1,32.7,3.1,44.9,4,18.7,14.2,20
E04737,Gabriela Mamani,Matemática Discreta,2025-2,76.9,7.2,90.7,4,13.9,13.2,16.3
E04738,Andrés Huamán,Base de Datos,2026-1,70.9,6.5,72.2,2,7.3,9.8,5.1
E04739,Franco Chávez,Lenguajes de Programación,2025-2,58.3,12.4,64.4,3,11.0,7.7,10.9
E04740,Rodrigo Gutiérrez,Lenguajes de Programación,2025-2,97.2,0.3,55.1,3,17.6,9.0,12.1
E04741,Alonso Mamani,Redes de Computadoras,2026-1,,4.3,23.2,1,14.6,11.9,14.0
E04742,Daniela Rodríguez,Lenguajes de Programación,2025-2,56.9,16.7,76.8,2,6.2,8.6,12.3
E04743,Gabriela López,Estructuras de Datos,2026-1,90.1,2.1,65.0,1,14.2,15.0,20
E04744,Antonella Ortiz,Matemática Discreta,2025-2,71.8,4.2,47.4,1,10.1,9.2,9.4
E04745,Franco Rojas,Matemática Discreta,2026-1,45.2,5.4,62.5,2,15.8,9.1,10.4
E04746,Antonella Reyes,Lenguajes de Programación,2025-2,83.1,5.1,54.8,3,7.0,13.5,16.8
E04747,Zoe Rojas,Matemática Discreta,2025-2,84.6,5.1,62.7,3,15.8,10.6,16.9
E04748,Sofía Mendoza,Lenguajes de Programación,2025-2,89.2,6.5,76.8,4,10.9,11.7,11.3
E04749,Daniela Gutiérrez,Base de Datos,2025-2,69.9,8.6,77.1,3,12.8,14.8,18.4
E04750,Joaquín Chávez,Estructuras de Datos,2026-1,91.4,6.5,78.5,2,17.4,15.4,16.4
E04751,Lucía Medina,Redes de Computadoras,2026-1,100,6.6,77.9,3,7.7,12.1,14.8
E04752,Ximena Rojas,Matemática Discreta,2025-2,76.8,2.2,50.9,3,13.8,14.0,12.3
E04753,Paula Palomino,Lenguajes de Programación,2025-2,46.9,3.1,61.9,3,11.1,13.8,10.9
E04754,María Rojas,Redes de Computadoras,2025-2,62.8,0.3,85.9,2,13.0,10.4,14.1
E04755,Ricardo Aguilar,Matemática Discreta,2025-2,86.0,9.5,63.7,1,8.3,10.2,15.0
E04756,Ana Espinoza,Estructuras de Datos,2026-1,52.4,8.0,98.3,1,12.6,18.2,15.1
E04757,Antonella Castillo,Lenguajes de Programación,2026-1,64.5,1.7,60.0,5,13.0,14.7,20
E04758,Estefanía Castillo,Estructuras de Datos,2026-1,64.4,5.3,53.9,5,12.0,14.0,3.2
E04759,Natalia Torres,Estructuras de Datos,2026-1,96.6,8.7,77.8,2,3.6,10.5,5.7
E04760,Milagros Cruz,Base de Datos,2025-2,70.0,8.7,80.7,3,16.0,16.3,16.5
E04761,Isabela Rojas,Base de Datos,2025-2,84.0,2.2,76.7,3,15.3,14.0,13.6
E04762,Sofía Cabrera,Matemática Discreta,2026-1,74.5,10.5,88.5,4,13.4,14.2,11.5
E04763,Diego Sánchez,Matemática Discreta,2025-2,59.0,5.3,68.2,5,13.6,15.0,10.5
E04764,Mateo García,Lenguajes de Programación,2025-2,100,4.0,71.0,1,9.4,14.7,18.9
E04765,Gabriela Alva,Base de Datos,2026-1,57.8,1.1,85.1,5,19.6,15.4,16.4
E04766,Manuel Vega,Lenguajes de Programación,2025-2,72.9,6.1,65.0,4,8.6,12.0,12.2
E04767,Carlos Reyes,Redes de Computadoras,2025-2,78.8,13.4,86.5,3,16.6,15.4,14.3
E04768,Zoe Pérez,Estructuras de Datos,2025-2,56.6,4.1,34.9,2,8.5,8.6,6.7
E04769,Luis Herrera,Lenguajes de Programación,2025-2,88.0,5.5,86.7,3,11.6,10.3,7.2
E04770,Emilia Huamán,Matemática Discreta,2026-1,67.7,0.4,70.9,3,8.0,8.2,7.1
E04771,Renata Mamani,Base de Datos,2026-1,62.3,6.4,72.5,2,10.7,10.2,11.8
E04772,Fabián Zapata,Lenguajes de Programación,2026-1,98.0,7.2,80.9,2,5.7,3.9,9.9
E04773,Valentina Medina,Base de Datos,2026-1,74.7,3.1,72.8,1,9.5,15.7,11.4
E04774,Manuel Rivas,Estructuras de Datos,2026-1,69.3,3.8,82.6,1,12.8,13.0,11.9
E04775,Renata Herrera,Matemática Discreta,2026-1,60.1,5.9,92.5,4,15.6,17.0,15.0
E04776,Manuel Mamani,Redes de Computadoras,2025-2,62.5,5.8,100,3,17.4,17.8,19.2
E04777,Nicolás Ponce,Matemática Discreta,2025-2,85.9,5.5,97.2,3,14.9,16.7,13.9
E04778,Valeria Medina,Estructuras de Datos,2026-1,53.1,4.7,74.4,2,17.5,14.7,20
E04779,Mateo Flores,Lenguajes de Programación,2026-1,43.1,8.5,76.6,2,6.5,10.1,9.6
E04780,Nicolás Torres,Lenguajes de Programación,2025-2,65.2,7.9,46.3,1,16.6,13.3,16.2
E04781,Manuel Sánchez,Matemática Discreta,2025-2,47.2,8.3,45.6,4,7.9,6.9,8.2
E04782,Fabián Flores,Redes de Computadoras,2026-1,72.8,1.8,53.4,4,11.9,10.7,13.3
E04783,Emilio Medina,Redes de Computadoras,2026-1,81.2,5.6,71.9,2,19.6,16.9,16.9
E04784,María Salazar,Matemática Discreta,2026-1,90.6,8.0,70.6,3,12.8,18.5,15.6
E04785,Renata Castillo,Base de Datos,2025-2,69.1,4.4,71.8,1,15.0,13.3,11.3
E04786,Joaquín Gutiérrez,Redes de Computadoras,2025-2,65.5,1.9,50.8,5,14.9,12.5,13.3
E04787,Ana Pérez,Lenguajes de Programación,2025-2,65.5,8.2,100,5,20,17.8,17.6
E04788,Sofía Chávez,Lenguajes de Programación,2025-2,89.6,5.3,68.9,2,14.9,12.9,17.9
E04789,Ricardo Mendoza,Matemática Discreta,2026-1,77.7,4.4,79.2,4,15.3,16.0,19.7
E04790,Emilio Rojas,Lenguajes de Programación,2026-1,80.4,10.2,73.2,3,9.6,7.7,8.9
E04791,Lucía López,Lenguajes de Programación,2026-1,69.7,2.6,66.5,4,14.5,10.5,11.8
E04792,Renata Espinoza,Estructuras de Datos,2026-1,64.4,8.8,100,3,8.2,13.9,12.2
E04793,Valeria Gutiérrez,Matemática Discreta,2025-2,,7.2,61.7,2,1.0,3.5,6.2
E04794,Bruno Rivas,Redes de Computadoras,2026-1,82.6,4.9,61.8,2,15.1,15.6,20.0
E04795,Valentina Mendoza,Lenguajes de Programación,2026-1,90.9,9.2,61.6,3,20,16.4,18.9
E04796,Carlos Pérez,Base de Datos,2026-1,42.1,0,68.2,5,10.9,12.0,10.1
E04797,Emilio Cruz,Base de Datos,2026-1,65.3,8.9,82.9,2,12.4,12.3,10.3
E04798,Rodrigo Alva,Base de Datos,2025-2,96.1,10.4,75.4,2,13.1,11.2,9.7
E04799,Jorge Espinoza,Base de Datos,2025-2,69.9,5.8,87.4,5,12.3,8.4,3.1
E04800,Emilio Mamani,Base de Datos,2025-2,51.1,10.1,82.8,3,20,16.5,18.6
E04801,Renata Rivas,Redes de Computadoras,2026-1,82.6,5.6,61.0,3,20,20,20
E04802,Mateo Alva,Estructuras de Datos,2026-1,97.7,15.0,100,5,4.8,7.0,5.5
E04803,Gabriela Rodríguez,Redes de Computadoras,2025-2,87.9,8.2,63.0,2,20,20,20
E04804,Carlos Vega,Matemática Discreta,2026-1,70.4,11.8,84.6,3,12.4,13.5,11.6
E04805,Mateo Pérez,Lenguajes de Programación,2026-1,78.7,5.7,71.5,1,16.4,10.3,15.6
E04806,Milagros Mamani,Estructuras de Datos,2026-1,63.8,2.0,59.3,4,13.4,17.3,14.6
E04807,Antonella Vega,Lenguajes de Programación,2026-1,45.3,8.0,70.2,3,10.5,9.3,2.3
E04808,Zoe Ortiz,Redes de Computadoras,2026-1,44.6,8.7,72.0,2,17.9,16.2,13.3
E04809,María Torres,Lenguajes de Programación,2026-1,98.3,10.2,97.2,3,10.1,0,5.0
E04810,Ana Palomino,Redes de Computadoras,2025-2,78.9,7.2,38.3,2,10.8,16.3,11.4
E04811,Mateo Quispe,Base de Datos,2025-2,41.0,4.4,51.7,2,8.5,14.5,8.3
E04812,Carlos Torres,Lenguajes de Programación,2026-1,84.2,1.8,73.2,1,13.8,10.8,15.1
E04813,Sofía Alva,Estructuras de Datos,2026-1,68.8,0,94.8,5,19.5,17.5,18.2
E04814,Lucía Soto,Redes de Computadoras,2025-2,85.4,4.8,88.7,2,17.1,19.4,14.5
E04815,Andrés Rojas,Matemática Discreta,2025-2,100,9.2,55.0,1,8.7,6.5,6.7
E04816,Luis Ortiz,Redes de Computadoras,2025-2,62.4,2.1,53.2,1,6.7,11.4,14.9
E04817,Bruno Cárdenas,Estructuras de Datos,2026-1,59.4,1.0,87.1,3,15.8,10.4,10.6
E04818,Renata Salazar,Base de Datos,2025-2,77.8,1.1,58.1,3,15.2,15.2,15.6
E04819,Jorge Huamán,Base de Datos,2025-2,48.2,12.3,83.7,3,19.4,12.7,16.8
E04820,Mateo Torres,Base de Datos,2026-1,84.5,8.5,90.3,2,14.3,15.1,17.9
E04821,Valentina Paredes,Base de Datos,2026-1,100,12.0,45.9,2,10.6,7.8,9.4
E04822,Valeria Pérez,Estructuras de Datos,2026-1,78.6,13.1,100,1,19.9,14.4,14.4
E04823,Vicente Delgado,Redes de Computadoras,2025-2,79.4,11.3,62.9,5,20,20,20
E04824,Andrés Zapata,Redes de Computadoras,2026-1,100,10.9,68.5,4,15.6,15.3,16.8
E04825,Daniela Aguilar,Base de Datos,2025-2,54.0,1.4,65.4,3,17.6,18.2,20
E04826,Iván Medina,Redes de Computadoras,2026-1,53.9,8.9,81.6,4,13.7,12.0,11.4
E04827,Bruno Rojas,Redes de Computadoras,2026-1,59.8,5.4,47.8,3,10.6,13.7,12.9
E04828,Ana García,Estructuras de Datos,2025-2,100,6.0,89.0,2,0.3,0,0
E04829,Valentina García,Estructuras de Datos,2026-1,100,1.4,86.3,1,8.9,9.5,11.8
E04830,Andrés Herrera,Matemática Discreta,2025-2,59.4,10.7,86.6,1,8.6,3.5,2.6
E04831,Camila Castillo,Estructuras de Datos,2026-1,90.0,5.2,89.9,3,10.4,6.1,8.1
E04832,Ana Reyes,Redes de Computadoras,2026-1,74.6,6.2,83.5,3,5.6,9.5,9.4
E04833,Valentina Huamán,Lenguajes de Programación,2026-1,55.1,11.1,91.7,1,6.7,5.3,9.6
E04834,Bruno Castillo,Lenguajes de Programación,2026-1,72.3,5.9,26.9,4,20,11.3,14.6
E04835,Diego Ramírez,Lenguajes de Programación,2026-1,80.0,3.0,67.8,2,13.8,19.0,18.2
E04836,Martina Reyes,Base de Datos,2026-1,95.2,6.4,38.4,3,13.8,16.8,8.4
E04837,Estefanía García,Estructuras de Datos,2026-1,66.2,6.4,100,2,19.8,20,15.5
E04838,Franco García,Lenguajes de Programación,2025-2,86.5,10.9,58.3,3,9.8,8.8,6.4
E04839,Iván Cárdenas,Base de Datos,2025-2,91.5,3.6,71.3,4,16.4,14.8,11.1
E04840,Andrés Palomino,Redes de Computadoras,2026-1,48.5,4.6,78.2,5,9.3,8.7,8.1
E04841,María Aguilar,Lenguajes de Programación,2025-2,100,5.2,76.2,4,18.0,19.6,8.8
E04842,Jorge Mendoza,Estructuras de Datos,2025-2,79.8,4.7,58.2,2,17.8,15.2,15.9
E04843,Gabriela Torres,Matemática Discreta,2026-1,53.0,6.5,81.1,2,18.9,13.2,15.5
E04844,Alejandra Aguilar,Redes de Computadoras,2026-1,62.3,11.9,60.9,4,9.1,8.0,7.7
E04845,Emilia Vega,Redes de Computadoras,2025-2,,0.2,69.6,3,11.0,11.7,15.7
E04846,Miguel Vargas,Estructuras de Datos,2026-1,76.0,0.8,88.0,5,12.9,8.9,8.9
E04847,Fernanda Rivas,Redes de Computadoras,2025-2,75.4,4.7,50.3,2,12.4,7.7,9.3
E04848,Zoe Paredes,Matemática Discreta,2026-1,62.6,1.4,100,3,15.3,17.2,11.7
E04849,Valentina López,Base de Datos,2026-1,83.8,0,91.8,3,18.7,17.2,20
E04850,Ana García,Redes de Computadoras,2025-2,48.2,10.3,67.8,5,12.6,12.2,6.3
E04851,Manuel López,Redes de Computadoras,2026-1,100,5.5,44.6,4,14.0,12.9,10.9
E04852,Estefanía Reyes,Estructuras de Datos,2025-2,58.4,5.7,41.8,2,9.5,14.7,14.3
E04853,Natalia Rivas,Matemática Discreta,2025-2,73.8,0.2,76.5,1,17.3,12.0,7.2
E04854,María Vega,Estructuras de Datos,2025-2,64.4,3.4,45.5,3,12.9,7.9,17.9
E04855,Ana Espinoza,Estructuras de Datos,2025-2,52.2,4.5,72.7,5,14.5,13.8,13.8
E04856,Ximena Mamani,Redes de Computadoras,2025-2,88.1,12.9,54.5,3,9.4,16.2,13.3
E04857,Mateo Medina,Redes de Computadoras,2026-1,62.0,5.8,79.9,2,8.3,10.3,11.1
E04858,Nicolás Cruz,Estructuras de Datos,2025-2,76.6,8.6,75.1,4,16.9,11.2,15.6
E04859,Fernanda Vega,Matemática Discreta,2026-1,91.4,4.5,75.4,4,8.5,7.2,7.1
E04860,Rosa Rodríguez,Lenguajes de Programación,2026-1,91.6,9.0,81.3,4,8.3,11.8,12.8
E04861,Andrés Huamán,Base de Datos,2025-2,84.3,12.3,75.4,3,13.5,11.2,15.7
E04862,Isabela Rodríguez,Lenguajes de Programación,2026-1,62.0,6.7,100,5,20,11.9,18.8
E04863,Luis Ponce,Redes de Computadoras,2025-2,65.7,4.9,93.1,3,19.0,11.2,13.2
E04864,Fernanda Medina,Lenguajes de Programación,2026-1,33.4,9.8,100,4,9.6,11.6,12.6
E04865,Alonso Rojas,Matemática Discreta,2026-1,63.8,6.9,71.7,1,13.3,16.6,12.8
E04866,Ximena Salazar,Matemática Discreta,2025-2,74.1,8.9,100,3,9.4,4.2,6.0
E04867,Rosa Zapata,Redes de Computadoras,2025-2,74.0,5.0,77.5,2,20,13.8,14.8
E04868,Emilio Paredes,Base de Datos,2025-2,74.9,5.8,76.6,2,9.4,7.8,10.7
E04869,Rodrigo Rojas,Base de Datos,2026-1,67.6,6.1,62.8,3,17.8,19.3,16.2
E04870,Estefanía Quispe,Base de Datos,2025-2,43.3,4.0,56.8,3,20,19.8,19.9
E04871,Fernanda Castillo,Redes de Computadoras,2025-2,58.0,5.0,83.7,2,18.4,14.6,14.5
E04872,Franco Paredes,Base de Datos,2025-2,85.2,5.7,100,5,20,20,20
E04873,Luis Vega,Redes de Computadoras,2026-1,67.3,7.1,100,3,10.7,8.7,10.3
E04874,Zoe Ponce,Estructuras de Datos,2025-2,54.1,8.6,76.7,2,12.1,10.6,12.3
E04875,Franco Rodríguez,Estructuras de Datos,2025-2,100,0.2,82.0,3,10.3,11.6,8.7
E04876,Julio García,Estructuras de Datos,2026-1,53.3,5.0,93.2,2,15.7,10.2,11.2
E04877,Miguel Vega,Base de Datos,2025-2,61.4,7.1,78.7,3,9.7,9.0,11.9
E04878,Martina Salazar,Estructuras de Datos,2025-2,100,7.0,81.8,2,6.3,8.5,7.0
E04879,Emilio Reyes,Lenguajes de Programación,2025-2,32.9,3.7,90.3,5,16.6,10.3,10.5
E04880,Manuel Medina,Matemática Discreta,2025-2,73.1,7.5,67.7,1,8.4,14.2,9.8
E04881,Diego Cruz,Estructuras de Datos,2026-1,76.1,0.6,82.1,4,14.3,9.2,13.0
E04882,Miguel Gutiérrez,Lenguajes de Programación,2025-2,63.6,0,85.5,3,8.8,13.5,9.2
E04883,Camila Torres,Base de Datos,2026-1,59.9,8.8,50.3,2,1.3,0.7,3.9
E04884,Rodrigo Cabrera,Lenguajes de Programación,2026-1,59.4,2.4,59.1,4,18.2,15.2,12.8
E04885,Manuel Castillo,Matemática Discreta,2026-1,73.7,5.2,48.1,3,9.8,10.2,10.8
E04886,Mateo Zapata,Base de Datos,2025-2,58.1,9.5,67.6,1,15.0,13.9,17.3
E04887,Sofía Rivas,Redes de Computadoras,2026-1,55.3,4.4,71.6,3,10.3,13.3,11.8
E04888,Renata Herrera,Redes de Computadoras,2025-2,99.0,4.9,79.0,5,14.4,12.6,11.1
E04889,Daniela Ramírez,Estructuras de Datos,2026-1,55.0,4.1,100,1,19.9,13.8,17.5
E04890,Julio Mamani,Redes de Computadoras,2025-2,65.4,6.7,87.7,2,9.1,12.4,10.2
E04891,Milagros Herrera,Estructuras de Datos,2026-1,36.2,11.7,100,4,15.1,16.6,18.9
E04892,Daniela Reyes,Base de Datos,2025-2,84.4,11.6,88.9,5,6.8,13.3,8.2
E04893,Rosa Rodríguez,Base de Datos,2026-1,83.6,7.3,86.3,3,6.5,11.5,11.0
E04894,Adrián López,Estructuras de Datos,2026-1,76.1,8.7,88.2,2,7.4,12.1,5.6
E04895,Miguel Cárdenas,Lenguajes de Programación,2026-1,100,6.8,86.5,3,17.2,11.7,15.5
E04896,Luis Mamani,Redes de Computadoras,2026-1,61.0,7.7,90.9,4,13.7,14.6,13.7
E04897,Sofía Palomino,Redes de Computadoras,2025-2,56.1,8.4,78.4,4,11.2,10.9,16.2
E04898,Lucía Cruz,Matemática Discreta,2025-2,60.4,2.1,81.0,4,9.3,8.1,6.7
E04899,Mateo Castillo,Redes de Computadoras,2026-1,55.2,2.5,100,2,19.1,15.8,13.7
E04900,Daniela Quispe,Matemática Discreta,2025-2,85.1,9.3,73.9,2,13.4,10.8,9.0
E04901,Andrés Ramírez,Base de Datos,2026-1,98.0,4.9,100,3,18.4,12.8,13.7
E04902,Julio Alva,Redes de Computadoras,2025-2,60.9,9.2,64.6,2,13.4,11.9,12.1
E04903,Joaquín Pérez,Lenguajes de Programación,2025-2,69.1,1.5,45.3,4,11.8,11.8,9.2
E04904,Julio García,Base de Datos,2025-2,84.1,10.8,78.6,4,17.0,11.0,15.7
E04905,Luis Vega,Base de Datos,2025-2,74.0,0.0,56.4,4,8.9,8.1,11.9
E04906,Sofía Cárdenas,Estructuras de Datos,2025-2,46.8,15.3,37.1,2,10.7,11.0,15.2
E04907,Franco Cabrera,Lenguajes de Programación,2026-1,75.7,4.4,56.0,2,2.7,6.0,8.5
E04908,Alonso Ponce,Matemática Discreta,2025-2,42.4,1.5,95.9,4,14.1,14.1,9.4
E04909,Julio Delgado,Lenguajes de Programación,2026-1,60.3,7.2,71.9,5,16.4,19.8,11.8
E04910,Paula Alva,Estructuras de Datos,2026-1,97.5,11.4,97.2,3,14.4,12.4,13.8
E04911,Franco Vega,Lenguajes de Programación,2025-2,96.1,7.0,78.9,3,11.8,12.7,15.8
E04912,Iván Cárdenas,Base de Datos,2025-2,70.0,10.1,91.1,4,13.8,10.9,12.6
E04913,Milagros Reyes,Redes de Computadoras,2025-2,91.1,1.8,99.3,4,9.1,9.4,7.0
E04914,Ricardo Alva,Estructuras de Datos,2025-2,,9.8,71.3,4,13.6,15.4,14.5
E04915,Alejandra Sánchez,Estructuras de Datos,2025-2,39.8,8.8,75.6,3,11.6,13.0,9.2
E04916,Mateo Zapata,Matemática Discreta,2026-1,44.6,9.7,41.4,2,18.2,14.7,13.2
E04917,Martina Rojas,Matemática Discreta,2025-2,90.7,0,98.3,2,14.3,13.4,12.1
E04918,Jorge Quispe,Lenguajes de Programación,2025-2,100,9.8,100,4,12.3,12.2,15.4
E04919,Camila Alva,Matemática Discreta,2025-2,85.8,7.5,79.0,3,14.6,17.1,13.5
E04920,Estefanía Delgado,Matemática Discreta,2025-2,65.6,8.8,55.7,2,13.9,10.6,13.4
E04921,Ana Rojas,Matemática Discreta,2025-2,76.2,12.8,88.6,2,9.9,11.0,19.3
E04922,María Cabrera,Redes de Computadoras,2026-1,55.3,4.4,64.4,4,13.2,16.1,14.9
E04923,Iván Sánchez,Base de Datos,2025-2,30.1,1.5,75.1,3,16.4,15.6,17.9
E04924,Alejandra Castillo,Estructuras de Datos,2025-2,92.2,2.4,58.8,4,18.5,12.3,15.3
E04925,Julio Castillo,Estructuras de Datos,2026-1,46.0,2.7,92.0,3,15.7,16.6,14.0
E04926,Bruno Chávez,Matemática Discreta,2026-1,69.2,8.8,79.0,1,13.2,11.1,12.7
E04927,Jorge Zapata,Estructuras de Datos,2026-1,100,4.1,30.3,3,11.2,15.1,9.9
E04928,Julio Delgado,Base de Datos,2026-1,80.0,8.3,57.2,3,11.5,20,11.9
E04929,Franco Cárdenas,Base de Datos,2026-1,90.1,11.0,100,3,17.2,15.1,11.3
E04930,Lucía Salazar,Lenguajes de Programación,2026-1,62.1,8.9,52.1,4,6.8,7.0,10.8
E04931,Martina Gutiérrez,Lenguajes de Programación,2025-2,77.2,7.9,,1,10.2,11.4,11.6
E04932,Miguel Mendoza,Base de Datos,2026-1,55.5,9.3,63.8,3,12.3,11.6,11.2
E04933,Joaquín García,Lenguajes de Programación,2025-2,60.0,0.4,78.7,2,15.8,11.9,16.0
E04934,Lucía Ortiz,Lenguajes de Programación,2025-2,63.8,5.7,78.8,1,12.1,16.7,13.1
E04935,Gabriela Rivas,Redes de Computadoras,2026-1,75.0,8.4,64.6,2,13.8,16.6,14.2
E04936,Carlos Ramírez,Base de Datos,2025-2,77.5,4.9,71.5,3,2.4,8.2,5.5
E04937,Ricardo Delgado,Matemática Discreta,2026-1,49.8,5.5,100,1,12.6,11.6,11.9
E04938,Tomás Mendoza,Estructuras de Datos,2025-2,51.6,5.5,89.8,4,18.3,19.0,20
E04939,Miguel Mamani,Estructuras de Datos,2026-1,84.5,0,98.8,4,15.3,15.3,15.9
E04940,Emilia Mamani,Estructuras de Datos,2025-2,64.1,10.5,84.0,1,13.2,11.6,19.3
E04941,Mateo Ortiz,Lenguajes de Programación,2026-1,82.3,8.6,100,5,14.9,11.5,13.2
E04942,Tomás Medina,Matemática Discreta,2025-2,74.3,8.8,51.6,3,17.2,13.3,10.9
E04943,Martina García,Base de Datos,2026-1,52.7,3.4,75.9,4,3.9,2.6,5.0
E04944,Camila Medina,Redes de Computadoras,2026-1,100,2.6,60.9,3,20,20,17.6
E04945,Diego Ramírez,Redes de Computadoras,2026-1,91.8,8.9,84.4,4,16.3,14.4,14.5
E04946,Daniela López,Base de Datos,2026-1,41.9,0,81.9,3,5.5,12.9,10.4
E04947,Emilia Rojas,Matemática Discreta,2026-1,,4.0,77.1,5,16.5,20,18.1
E04948,Fernanda Sánchez,Estructuras de Datos,2025-2,61.6,8.8,72.4,2,16.2,15.4,20
E04949,Paula Espinoza,Redes de Computadoras,2026-1,69.0,7.1,73.2,4,12.4,14.7,13.6
E04950,Sebastián Paredes,Redes de Computadoras,2026-1,76.2,6.9,77.4,3,14.5,,12.4
E04951,Antonella Flores,Lenguajes de Programación,2025-2,97.1,4.0,61.6,2,20,20,18.5
E04952,Valentina Vega,Lenguajes de Programación,2025-2,68.5,9.9,83.5,3,7.7,10.7,9.9
E04953,Carlos Medina,Estructuras de Datos,2026-1,63.5,0.0,70.2,1,16.7,10.3,11.1
E04954,Ricardo Medina,Redes de Computadoras,2026-1,53.9,7.7,46.4,3,16.4,12.0,16.9
E04955,Ximena Medina,Estructuras de Datos,2025-2,85.6,4.4,66.6,2,8.6,9.9,3.7
E04956,Fernanda García,Redes de Computadoras,2026-1,71.3,2.2,43.7,2,16.3,14.2,11.5
E04957,Carlos Ramírez,Matemática Discreta,2025-2,62.0,9.8,85.5,3,6.6,,12.1
E04958,Adrián Cárdenas,Redes de Computadoras,2026-1,88.7,1.7,89.6,2,11.0,9.9,9.7
E04959,Milagros Mamani,Lenguajes de Programación,2025-2,50.8,6.6,70.4,2,14.6,10.9,14.5
E04960,Ricardo Gutiérrez,Redes de Computadoras,2025-2,31.0,7.8,100,4,15.1,8.8,10.0
E04961,Fernanda Palomino,Lenguajes de Programación,2026-1,82.2,0.4,65.0,3,18.3,18.5,14.6
E04962,Emilio Quispe,Lenguajes de Programación,2025-2,61.8,0.2,55.9,2,13.2,5.0,13.9
E04963,Lucía Rivas,Estructuras de Datos,2026-1,86.8,6.1,85.1,2,9.1,8.4,10.5
E04964,Estefanía Chávez,Redes de Computadoras,2026-1,71.4,5.8,91.9,2,20,11.9,15.8
E04965,Luis Rodríguez,Redes de Computadoras,2025-2,55.0,6.1,91.2,4,12.8,9.9,17.7
E04966,Sofía Quispe,Matemática Discreta,2026-1,79.8,6.8,64.3,3,7.8,11.7,13.6
E04967,Ricardo Quispe,Estructuras de Datos,2026-1,68.6,8.1,75.8,3,18.5,13.1,16.0
E04968,Tomás Huamán,Redes de Computadoras,2026-1,51.5,4.1,85.4,2,10.8,8.6,5.3
E04969,Luis Sánchez,Matemática Discreta,2026-1,67.5,1.8,72.6,5,16.2,15.6,13.6
E04970,Miguel Delgado,Redes de Computadoras,2025-2,84.9,2.7,57.5,4,17.0,20,17.4
E04971,Sebastián Alva,Estructuras de Datos,2025-2,92.9,6.3,,1,13.9,18.7,15.7
E04972,Lucía Huamán,Redes de Computadoras,2025-2,59.0,11.7,82.0,3,12.2,12.4,6.6
E04973,Andrés Paredes,Base de Datos,2026-1,49.0,1.4,89.9,3,16.3,13.3,10.4
E04974,Tomás Mendoza,Base de Datos,2025-2,80.4,5.8,62.2,2,6.0,9.0,10.1
E04975,Joaquín Reyes,Matemática Discreta,2025-2,47.9,4.7,68.8,4,12.6,,9.1
E04976,Joaquín Herrera,Redes de Computadoras,2026-1,60.7,0,,3,12.6,14.6,11.9
E04977,Bruno Ramírez,Matemática Discreta,2026-1,58.0,0,100,2,16.4,14.6,13.1
E04978,Daniela Sánchez,Matemática Discreta,2026-1,66.8,9.5,85.4,4,11.2,16.0,16.5
E04979,Valentina Cárdenas,Base de Datos,2026-1,30.6,6.0,58.3,2,11.9,12.3,9.9
E04980,Alonso Salazar,Matemática Discreta,2026-1,100,6.7,71.9,1,5.7,5.6,7.3
E04981,Ricardo Salazar,Estructuras de Datos,2025-2,75.7,0.7,75.6,5,19.0,17.9,18.9
E04982,Antonella Cárdenas,Base de Datos,2025-2,59.0,10.3,87.8,5,5.6,9.3,4.5
E04983,Manuel Mamani,Estructuras de Datos,2025-2,77.7,0,97.3,4,6.7,10.3,10.2
E04984,Daniela Cabrera,Estructuras de Datos,2026-1,69.9,6.4,52.7,2,5.7,0,0
E04985,Ana Ortiz,Estructuras de Datos,2025-2,65.0,0,59.7,2,15.3,15.0,15.1
E04986,Valentina Flores,Estructuras de Datos,2026-1,55.2,0,79.2,4,18.7,19.7,16.2
E04987,Antonella Rodríguez,Matemática Discreta,2025-2,82.2,7.1,77.3,4,9.2,12.4,10.3
E04988,Joaquín Alva,Base de Datos,2025-2,80.3,11.5,84.3,4,16.0,17.0,18.2
E04989,Miguel Medina,Redes de Computadoras,2026-1,41.1,6.5,90.8,1,6.3,10.3,10.2
E04990,Emilia Mamani,Lenguajes de Programación,2026-1,55.6,8.1,53.2,4,5.7,7.3,5.4
E04991,Carlos Paredes,Lenguajes de Programación,2025-2,63.6,6.0,69.4,4,16.3,16.5,16.0
E04992,Emilia Palomino,Estructuras de Datos,2026-1,68.6,5.6,79.3,2,6.9,8.7,9.7
E04993,Ana Mendoza,Matemática Discreta,2025-2,68.0,3.6,85.5,2,6.3,11.8,10.8
E04994,Luis Delgado,Redes de Computadoras,2025-2,76.8,14.2,47.0,3,9.1,11.6,15.0
E04995,Fabián Mendoza,Redes de Computadoras,2026-1,84.2,8.5,75.1,1,14.8,12.6,14.7
E04996,Daniela Castillo,Estructuras de Datos,2026-1,61.5,8.9,95.9,4,18.5,12.7,16.0
E04997,Andrés Reyes,Redes de Computadoras,2026-1,100,8.4,62.6,5,8.2,8.1,8.8
E04998,Camila Cruz,Matemática Discreta,2025-2,47.4,4.5,67.3,3,13.6,15.8,18.3
E04999,Ricardo Alva,Matemática Discreta,2025-2,83.7,7.3,92.1,3,2.9,0.6,2.2
E05000,Iván Torres,Redes de Computadoras,2026-1,78.5,5.6,72.7,3,16.8,16.7,18.8
