id_estudiante,nombre,curso,promedio,asistencia_pct,indice_compromiso,nivel_riesgo,recomendacion
E00001,Mateo Cárdenas,Base de Datos,13.88,86.0,88.67,Bajo,Mantener el desempeno actual; sin acciones urgentes.
E00002,Carlos López,Estructuras de Datos,6.95,66.8,68.93,Alto,Requiere tutoria academica inmediata y seguimiento semanal.
E00003,Iván Sánchez,Lenguajes de Programación,7.75,76.0,71.4,Medio,Se recomienda reforzar habitos de estudio y asistencia.
E00004,Fabián Paredes,Base de Datos,14.7,85.5,90.0,Bajo,Mantener el desempeno actual; sin acciones urgentes.
E00005,Paula Medina,Estructuras de Datos,13.8,85.8,62.43,Medio,Se recomienda reforzar habitos de estudio y asistencia.
E00006,Valeria Rivas,Redes de Computadoras,18.15,44.6,48.9,Medio,Se recomienda reforzar habitos de estudio y asistencia.
E00007,Zoe Reyes,Redes de Computadoras,11.6,71.9,77.73,Medio,Se recomienda reforzar habitos de estudio y asistencia.
E00008,Milagros Castillo,Base de Datos,19.35,32.3,49.23,Medio,Se recomienda reforzar habitos de estudio y asistencia.
E00009,Daniela Salazar,Base de Datos,12.35,61.6,60.1,Medio,Se recomienda reforzar habitos de estudio y asistencia.
E00010,Manuel Quispe,Lenguajes de Programación,12.93,61.8,61.0,Medio,Se recomienda reforzar habitos de estudio y asistencia.
E00011,Antonella Quispe,Matemática Discreta,7.73,100.0,71.0,Medio,Se recomienda reforzar habitos de estudio y asistencia.
E00012,Natalia Herrera,Lenguajes de Programación,9.22,77.5,61.83,Medio,Se recomienda reforzar habitos de estudio y asistencia.
E00013,Alonso Ponce,Lenguajes de Programación,12.1,62.9,51.3,Medio,Se recomienda reforzar habitos de estudio y asistencia.
E00014,Valentina Reyes,Lenguajes de Programación,18.6,50.0,69.8,Medio,Se recomienda reforzar habitos de estudio y asistencia.
E00015,Daniela Flores,Lenguajes de Programación,6.8,30.4,57.8,Alto,Requiere tutoria academica inmediata y seguimiento semanal.
E00016,Emilio Huamán,Redes de Computadoras,16.1,63.9,63.7,Medio,Se recomienda reforzar habitos de estudio y asistencia.
E00017,Joaquín Vargas,Estructuras de Datos,10.2,81.3,62.37,Medio,Se recomienda reforzar habitos de estudio y asistencia.
E00018,Antonella Quispe,Estructuras de Datos,12.68,82.5,67.73,Medio,Se recomienda reforzar habitos de estudio y asistencia.
E00019,Daniela Soto,Redes de Computadoras,14.28,66.6,84.77,Medio,Se recomienda reforzar habitos de estudio y asistencia.
E00020,Mateo Zapata,Matemática Discreta,11.57,76.0,68.67,Medio,Se recomienda reforzar habitos de estudio y asistencia.
E00021,Sebastián Torres,Matemática Discreta,19.0,64.0,56.4,Medio,Se recomienda reforzar habitos de estudio y asistencia.
E00022,Paula Aguilar,Estructuras de Datos,19.75,81.2,54.13,Medio,Se recomienda reforzar habitos de estudio y asistencia.
E00023,Antonella Rojas,Lenguajes de Programación,12.4,91.6,75.4,Medio,Se recomienda reforzar habitos de estudio y asistencia.
E00024,Alonso Cárdenas,Lenguajes de Programación,18.55,92.9,83.7,Bajo,Mantener el desempeno actual; sin acciones urgentes.
E00025,Ximena Medina,Estructuras de Datos,12.6,62.5,72.3,Medio,Se recomienda reforzar habitos de estudio y asistencia.
E00026,María Herrera,Lenguajes de Programación,11.1,35.0,47.17,Medio,Se recomienda reforzar habitos de estudio y asistencia.
E00027,Alonso García,Redes de Computadoras,16.05,64.3,50.47,Medio,Se recomienda reforzar habitos de estudio y asistencia.
E00028,Carlos Aguilar,Redes de Computadoras,9.27,53.6,45.8,Alto,Requiere tutoria academica inmediata y seguimiento semanal.
E00029,Valentina Aguilar,Base de Datos,19.8,51.4,72.43,Medio,Se recomienda reforzar habitos de estudio y asistencia.
E00030,Ricardo Pérez,Redes de Computadoras,11.8,78.0,70.07,Medio,Se recomienda reforzar habitos de estudio y asistencia.
E00031,Camila Pérez,Matemática Discreta,10.6,89.2,79.2,Medio,Se recomienda reforzar habitos de estudio y asistencia.
E00032,Fernanda Alva,Lenguajes de Programación,14.68,100.0,73.17,Bajo,Mantener el desempeno actual; sin acciones urgentes.
E00033,Joaquín Mendoza,Matemática Discreta,15.48,84.2,54.43,Medio,Se recomienda reforzar habitos de estudio y asistencia.
E00034,Alonso Rojas,Estructuras de Datos,5.03,70.2,70.03,Medio,Se recomienda reforzar habitos de estudio y asistencia.
E00035,Andrés Reyes,Lenguajes de Programación,14.7,33.1,41.03,Medio,Se recomienda reforzar habitos de estudio y asistencia.
E00036,Andrés Flores,Estructuras de Datos,15.8,100.0,92.5,Bajo,Mantener el desempeno actual; sin acciones urgentes.
E00037,Gabriela Rivas,Matemática Discreta,8.05,39.1,64.8,Alto,Requiere tutoria academica inmediata y seguimiento semanal.
E00038,Alonso Castillo,Base de Datos,15.35,88.2,77.5,Bajo,Mantener el desempeno actual; sin acciones urgentes.
E00039,Sofía Rivas,Estructuras de Datos,10.07,90.2,65.17,Medio,Se recomienda reforzar habitos de estudio y asistencia.
E00040,Natalia Rojas,Matemática Discreta,14.48,37.8,56.33,Medio,Se recomienda reforzar habitos de estudio y asistencia.
E00041,Joaquín Ortiz,Estructuras de Datos,19.4,34.7,68.1,Medio,Se recomienda reforzar habitos de estudio y asistencia.
E00042,Fabián Gutiérrez,Estructuras de Datos,16.68,78.6,60.47,Medio,Se recomienda reforzar habitos de estudio y asistencia.
E00043,Vicente Palomino,Base de Datos,10.98,76.6,69.9,Medio,Se recomienda reforzar habitos de estudio y asistencia.
E00044,Bruno Alva,Lenguajes de Programación,11.62,83.6,70.63,Medio,Se recomienda reforzar habitos de estudio y asistencia.
E00045,Tomás Sánchez,Redes de Computadoras,10.8,78.7,67.3,Medio,Se recomienda reforzar habitos de estudio y asistencia.
E00046,Ximena Castillo,Matemática Discreta,13.68,72.1,74.1,Medio,Se recomienda reforzar habitos de estudio y asistencia.
E00047,Milagros Aguilar,Redes de Computadoras,15.03,48.3,56.1,Medio,Se recomienda reforzar habitos de estudio y asistencia.
E00048,Sofía Rodríguez,Lenguajes de Programación,13.12,83.8,81.27,Bajo,Mantener el desempeno actual; sin acciones urgentes.
E00049,Vicente Espinoza,Lenguajes de Programación,10.38,78.1,63.5,Medio,Se recomienda reforzar habitos de estudio y asistencia.
E00050,Nicolás Rivas,Lenguajes de Programación,15.17,61.5,73.27,Medio,Se recomienda reforzar habitos de estudio y asistencia.
E00051,Emilio Flores,Redes de Computadoras,17.52,70.3,55.93,Medio,Se recomienda reforzar habitos de estudio y asistencia.
E00052,Luis Cruz,Redes de Computadoras,11.53,73.0,63.6,Medio,Se recomienda reforzar habitos de estudio y asistencia.
E00053,Manuel Flores,Redes de Computadoras,11.45,61.8,67.83,Medio,Se recomienda reforzar habitos de estudio y asistencia.
E00054,Ximena Aguilar,Redes de Computadoras,11.07,62.0,48.3,Medio,Se recomienda reforzar habitos de estudio y asistencia.
E00055,Lucía Rivas,Lenguajes de Programación,14.05,97.2,67.13,Bajo,Mantener el desempeno actual; sin acciones urgentes.
E00056,Andrés Pérez,Estructuras de Datos,17.23,85.5,71.37,Bajo,Mantener el desempeno actual; sin acciones urgentes.
E00057,Adrián Ortiz,Lenguajes de Programación,8.85,71.8,64.2,Medio,Se recomienda reforzar habitos de estudio y asistencia.
E00058,Emilia Medina,Estructuras de Datos,15.72,53.0,70.5,Medio,Se recomienda reforzar habitos de estudio y asistencia.
E00059,Daniela Rodríguez,Base de Datos,19.23,48.0,53.37,Medio,Se recomienda reforzar habitos de estudio y asistencia.
E00060,Alonso Espinoza,Lenguajes de Programación,15.82,100.0,87.17,Bajo,Mantener el desempeno actual; sin acciones urgentes.
E00061,Sebastián Espinoza,Redes de Computadoras,6.5,74.2,60.67,Medio,Se recomienda reforzar habitos de estudio y asistencia.
E00062,Gabriela Torres,Lenguajes de Programación,13.9,97.4,84.43,Bajo,Mantener el desempeno actual; sin acciones urgentes.
E00063,Natalia Pérez,Matemática Discreta,13.38,77.1,62.17,Medio,Se recomienda reforzar habitos de estudio y asistencia.
E00064,Milagros Rodríguez,Lenguajes de Programación,10.3,57.5,56.7,Alto,Requiere tutoria academica inmediata y seguimiento semanal.
E00065,Andrés Huamán,Matemática Discreta,8.85,93.4,82.23,Medio,Se recomienda reforzar habitos de estudio y asistencia.
E00066,Franco Cruz,Lenguajes de Programación,16.42,100.0,86.97,Bajo,Mantener el desempeno actual; sin acciones urgentes.
E00067,Fabián Alva,Redes de Computadoras,15.85,73.7,70.2,Medio,Se recomienda reforzar habitos de estudio y asistencia.
E00068,Zoe Soto,Estructuras de Datos,10.57,89.4,66.97,Medio,Se recomienda reforzar habitos de estudio y asistencia.
E00069,Martina Ortiz,Lenguajes de Programación,16.45,97.5,91.23,Bajo,Mantener el desempeno actual; sin acciones urgentes.
E00070,Julio Mamani,Redes de Computadoras,14.18,63.3,58.73,Medio,Se recomienda reforzar habitos de estudio y asistencia.
E00071,Adrián Palomino,Matemática Discreta,16.9,75.5,78.5,Medio,Se recomienda reforzar habitos de estudio y asistencia.
E00072,Nicolás Rivas,Lenguajes de Programación,13.05,83.7,75.97,Bajo,Mantener el desempeno actual; sin acciones urgentes.
E00073,Alonso Quispe,Base de Datos,10.62,87.0,67.4,Medio,Se recomienda reforzar habitos de estudio y asistencia.
E00074,Tomás Palomino,Estructuras de Datos,17.15,71.9,77.2,Medio,Se recomienda reforzar habitos de estudio y asistencia.
E00075,Ximena Espinoza,Lenguajes de Programación,10.45,42.8,48.0,Alto,Requiere tutoria academica inmediata y seguimiento semanal.
E00076,Andrés Sánchez,Estructuras de Datos,17.75,100.0,85.73,Bajo,Mantener el desempeno actual; sin acciones urgentes.
E00077,Franco Quispe,Estructuras de Datos,15.43,75.6,69.1,Medio,Se recomienda reforzar habitos de estudio y asistencia.
E00078,Nicolás Ramírez,Base de Datos,12.5,59.2,52.57,Medio,Se recomienda reforzar habitos de estudio y asistencia.
E00079,Andrés Espinoza,Base de Datos,4.12,55.6,60.37,Alto,Requiere tutoria academica inmediata y seguimiento semanal.
E00080,Sebastián Zapata,Lenguajes de Programación,15.15,85.9,44.9,Medio,Se recomienda reforzar habitos de estudio y asistencia.
E00081,Nicolás Cárdenas,Matemática Discreta,11.22,52.1,51.23,Medio,Se recomienda reforzar habitos de estudio y asistencia.
E00082,Julio Rojas,Lenguajes de Programación,13.85,80.2,81.0,Bajo,Mantener el desempeno actual; sin acciones urgentes.
E00083,Miguel Herrera,Redes de Computadoras,9.12,100.0,59.0,Alto,Requiere tutoria academica inmediata y seguimiento semanal.
E00084,Emilia Paredes,Redes de Computadoras,15.03,82.5,72.9,Bajo,Mantener el desempeno actual; sin acciones urgentes.
E00085,Paula Reyes,Lenguajes de Programación,18.48,59.8,64.57,Medio,Se recomienda reforzar habitos de estudio y asistencia.
E00086,Isabela Mendoza,Matemática Discreta,12.57,89.9,70.4,Medio,Se recomienda reforzar habitos de estudio y asistencia.
E00087,Antonella García,Redes de Computadoras,18.88,69.4,69.3,Medio,Se recomienda reforzar habitos de estudio y asistencia.
E00088,Franco Reyes,Base de Datos,10.65,72.9,70.57,Medio,Se recomienda reforzar habitos de estudio y asistencia.
E00089,Sofía Mendoza,Matemática Discreta,15.92,86.4,79.47,Bajo,Mantener el desempeno actual; sin acciones urgentes.
E00090,Zoe Cárdenas,Base de Datos,13.78,100.0,66.07,Bajo,Mantener el desempeno actual; sin acciones urgentes.
E00091,Franco Pérez,Base de Datos,16.88,92.5,77.0,Bajo,Mantener el desempeno actual; sin acciones urgentes.
E00092,Ricardo Cárdenas,Redes de Computadoras,8.45,70.3,66.13,Medio,Se recomienda reforzar habitos de estudio y asistencia.
E00093,Manuel Aguilar,Matemática Discreta,4.22,40.9,39.7,Alto,Requiere tutoria academica inmediata y seguimiento semanal.
E00094,Ximena Medina,Base de Datos,11.32,67.2,82.4,Medio,Se recomienda reforzar habitos de estudio y asistencia.
E00095,Vicente Palomino,Matemática Discreta,15.18,48.2,47.23,Medio,Se recomienda reforzar habitos de estudio y asistencia.
E00096,Valentina Vargas,Base de Datos,11.93,53.8,61.03,Medio,Se recomienda reforzar habitos de estudio y asistencia.
E00097,Sebastián Sánchez,Matemática Discreta,7.55,49.9,68.33,Alto,Requiere tutoria academica inmediata y seguimiento semanal.
E00098,Ricardo Herrera,Estructuras de Datos,13.7,74.6,74.5,Medio,Se recomienda reforzar habitos de estudio y asistencia.
E00099,Ricardo Espinoza,Lenguajes de Programación,14.38,100.0,72.3,Bajo,Mantener el desempeno actual; sin acciones urgentes.
E00100,Camila Salazar,Base de Datos,12.25,67.6,76.53,Medio,Se recomienda reforzar habitos de estudio y asistencia.
E00101,Carlos Vega,Redes de Computadoras,16.05,53.2,60.17,Medio,Se recomienda reforzar habitos de estudio y asistencia.
E00102,Andrés Pérez,Matemática Discreta,11.93,35.1,51.27,Medio,Se recomienda reforzar habitos de estudio y asistencia.
E00103,Ximena Cárdenas,Lenguajes de Programación,13.9,100.0,72.67,Bajo,Mantener el desempeno actual; sin acciones urgentes.
E00104,Tomás Chávez,Matemática Discreta,4.4,53.1,61.37,Alto,Requiere tutoria academica inmediata y seguimiento semanal.
E00105,Alejandra Zapata,Matemática Discreta,19.65,66.5,75.07,Medio,Se recomienda reforzar habitos de estudio y asistencia.
E00106,Sofía Huamán,Estructuras de Datos,14.5,72.7,83.8,Medio,Se recomienda reforzar habitos de estudio y asistencia.
E00107,Alejandra Palomino,Lenguajes de Programación,8.05,78.2,92.73,Medio,Se recomienda reforzar habitos de estudio y asistencia.
E00108,Natalia Huamán,Base de Datos,15.57,90.0,76.67,Bajo,Mantener el desempeno actual; sin acciones urgentes.
E00109,Lucía Reyes,Base de Datos,14.03,99.8,96.47,Bajo,Mantener el desempeno actual; sin acciones urgentes.
E00110,Alejandra Huamán,Lenguajes de Programación,16.48,55.5,62.17,Medio,Se recomienda reforzar habitos de estudio y asistencia.
E00111,Alejandra Espinoza,Lenguajes de Programación,16.35,77.7,62.77,Medio,Se recomienda reforzar habitos de estudio y asistencia.
E00112,Sofía Salazar,Redes de Computadoras,13.07,52.8,55.8,Medio,Se recomienda reforzar habitos de estudio y asistencia.
E00113,Ricardo Cárdenas,Base de Datos,17.05,79.2,60.97,Medio,Se recomienda reforzar habitos de estudio y asistencia.
E00114,Alonso Cruz,Estructuras de Datos,12.1,78.9,85.03,Medio,Se recomienda reforzar habitos de estudio y asistencia.
E00115,Rosa Cabrera,Base de Datos,11.5,91.9,67.1,Medio,Se recomienda reforzar habitos de estudio y asistencia.
E00116,Estefanía Rodríguez,Base de Datos,8.28,60.4,62.57,Alto,Requiere tutoria academica inmediata y seguimiento semanal.
E00117,Fabián López,Base de Datos,11.38,63.7,51.0,Medio,Se recomienda reforzar habitos de estudio y asistencia.
E00118,Luis Cruz,Matemática Discreta,11.53,89.0,76.33,Medio,Se recomienda reforzar habitos de estudio y asistencia.
E00119,Lucía Palomino,Redes de Computadoras,15.1,100.0,84.0,Bajo,Mantener el desempeno actual; sin acciones urgentes.
E00120,Vicente Soto,Matemática Discreta,16.57,49.2,73.43,Medio,Se recomienda reforzar habitos de estudio y asistencia.
E00121,Daniela Mendoza,Base de Datos,15.73,62.3,48.93,Medio,Se recomienda reforzar habitos de estudio y asistencia.
E00122,Zoe Vargas,Lenguajes de Programación,2.7,67.3,79.9,Alto,Requiere tutoria academica inmediata y seguimiento semanal.
E00123,Iván Cabrera,Lenguajes de Programación,14.68,100.0,80.8,Bajo,Mantener el desempeno actual; sin acciones urgentes.
E00124,Ana Ponce,Redes de Computadoras,17.6,100.0,74.53,Bajo,Mantener el desempeno actual; sin acciones urgentes.
E00125,Diego Reyes,Matemática Discreta,14.55,57.8,56.63,Medio,Se recomienda reforzar habitos de estudio y asistencia.
E00126,Ana Zapata,Estructuras de Datos,16.0,75.1,65.5,Medio,Se recomienda reforzar habitos de estudio y asistencia.
E00127,Franco Quispe,Lenguajes de Programación,9.4,70.2,74.63,Medio,Se recomienda reforzar habitos de estudio y asistencia.
E00128,Renata Alva,Redes de Computadoras,9.85,54.9,59.53,Alto,Requiere tutoria academica inmediata y seguimiento semanal.
E00129,Antonella Mendoza,Matemática Discreta,15.55,53.7,66.9,Medio,Se recomienda reforzar habitos de estudio y asistencia.
E00130,Gabriela Ponce,Base de Datos,10.45,94.9,85.47,Medio,Se recomienda reforzar habitos de estudio y asistencia.
E00131,Renata Pérez,Estructuras de Datos,13.35,92.6,69.27,Bajo,Mantener el desempeno actual; sin acciones urgentes.
E00132,María Ramírez,Lenguajes de Programación,10.15,83.5,72.17,Medio,Se recomienda reforzar habitos de estudio y asistencia.
E00133,Sofía Palomino,Base de Datos,7.62,63.4,74.47,Alto,Requiere tutoria academica inmediata y seguimiento semanal.
E00134,Daniela Cabrera,Base de Datos,13.85,48.0,82.67,Medio,Se recomienda reforzar habitos de estudio y asistencia.
E00135,Carlos Huamán,Estructuras de Datos,18.23,60.6,71.37,Medio,Se recomienda reforzar habitos de estudio y asistencia.
E00136,Antonella Reyes,Matemática Discreta,14.47,85.1,77.5,Bajo,Mantener el desempeno actual; sin acciones urgentes.
E00137,Diego Huamán,Redes de Computadoras,9.32,85.4,82.13,Medio,Se recomienda reforzar habitos de estudio y asistencia.
E00138,Jorge Aguilar,Matemática Discreta,13.25,60.8,56.27,Medio,Se recomienda reforzar habitos de estudio y asistencia.
E00139,Antonella Reyes,Estructuras de Datos,7.73,77.8,66.57,Medio,Se recomienda reforzar habitos de estudio y asistencia.
E00140,Iván Torres,Estructuras de Datos,8.95,72.5,62.6,Medio,Se recomienda reforzar habitos de estudio y asistencia.
E00141,Renata López,Redes de Computadoras,12.38,67.3,74.67,Medio,Se recomienda reforzar habitos de estudio y asistencia.
E00142,Fabián Mendoza,Redes de Computadoras,7.12,100.0,83.37,Medio,Se recomienda reforzar habitos de estudio y asistencia.
E00143,Alonso Torres,Lenguajes de Programación,14.35,51.9,57.9,Medio,Se recomienda reforzar habitos de estudio y asistencia.
E00144,Tomás Rojas,Lenguajes de Programación,10.62,84.7,75.67,Medio,Se recomienda reforzar habitos de estudio y asistencia.
E00145,Rosa López,Lenguajes de Programación,13.45,97.5,76.27,Bajo,Mantener el desempeno actual; sin acciones urgentes.
E00146,Luis López,Matemática Discreta,10.5,52.8,58.7,Medio,Se recomienda reforzar habitos de estudio y asistencia.
E00147,Andrés Herrera,Estructuras de Datos,13.15,68.1,44.53,Medio,Se recomienda reforzar habitos de estudio y asistencia.
E00148,Sebastián Herrera,Base de Datos,16.4,86.1,65.1,Bajo,Mantener el desempeno actual; sin acciones urgentes.
E00149,Estefanía Medina,Lenguajes de Programación,12.88,46.0,58.13,Medio,Se recomienda reforzar habitos de estudio y asistencia.
E00150,Andrés Aguilar,Base de Datos,13.82,94.6,84.27,Bajo,Mantener el desempeno actual; sin acciones urgentes.
E00151,Vicente Vega,Redes de Computadoras,13.03,85.3,73.3,Bajo,Mantener el desempeno actual; sin acciones urgentes.
E00152,Joaquín Herrera,Redes de Computadoras,7.88,48.0,66.3,Alto,Requiere tutoria academica inmediata y seguimiento semanal.
E00153,Mateo Chávez,Lenguajes de Programación,15.02,67.1,86.13,Medio,Se recomienda reforzar habitos de estudio y asistencia.
E00154,Luis Ortiz,Estructuras de Datos,13.55,75.0,84.33,Medio,Se recomienda reforzar habitos de estudio y asistencia.
E00155,Isabela Soto,Estructuras de Datos,16.15,92.1,76.2,Bajo,Mantener el desempeno actual; sin acciones urgentes.
E00156,Luis Rojas,Base de Datos,6.92,51.4,47.33,Alto,Requiere tutoria academica inmediata y seguimiento semanal.
E00157,Manuel Ortiz,Estructuras de Datos,16.4,42.2,45.2,Medio,Se recomienda reforzar habitos de estudio y asistencia.
E00158,Diego Ortiz,Matemática Discreta,12.18,84.2,66.93,Medio,Se recomienda reforzar habitos de estudio y asistencia.
E00159,Bruno Reyes,Redes de Computadoras,10.43,100.0,86.17,Medio,Se recomienda reforzar habitos de estudio y asistencia.
E00160,Emilia Mendoza,Matemática Discreta,9.07,77.6,90.53,Medio,Se recomienda reforzar habitos de estudio y asistencia.
E00161,Milagros Torres,Estructuras de Datos,11.65,91.2,58.03,Medio,Se recomienda reforzar habitos de estudio y asistencia.
E00162,Vicente Aguilar,Matemática Discreta,17.05,34.8,65.43,Medio,Se recomienda reforzar habitos de estudio y asistencia.
E00163,Paula Herrera,Matemática Discreta,13.25,53.5,58.67,Medio,Se recomienda reforzar habitos de estudio y asistencia.
E00164,Joaquín Torres,Base de Datos,14.3,54.3,69.1,Medio,Se recomienda reforzar habitos de estudio y asistencia.
E00165,Bruno Mendoza,Estructuras de Datos,9.4,78.5,89.73,Medio,Se recomienda reforzar habitos de estudio y asistencia.
E00166,Antonella Mendoza,Redes de Computadoras,6.95,58.1,76.23,Alto,Requiere tutoria academica inmediata y seguimiento semanal.
E00167,Natalia Alva,Lenguajes de Programación,10.35,60.7,64.7,Alto,Requiere tutoria academica inmediata y seguimiento semanal.
E00168,Antonella Medina,Estructuras de Datos,16.9,90.4,82.07,Bajo,Mantener el desempeno actual; sin acciones urgentes.
E00169,Renata Vega,Matemática Discreta,14.57,88.9,60.77,Medio,Se recomienda reforzar habitos de estudio y asistencia.
E00170,Fabián Vargas,Redes de Computadoras,13.25,83.7,73.13,Bajo,Mantener el desempeno actual; sin acciones urgentes.
E00171,Camila Castillo,Estructuras de Datos,5.6,52.7,65.1,Alto,Requiere tutoria academica inmediata y seguimiento semanal.
E00172,Valeria Salazar,Matemática Discreta,15.55,55.7,68.23,Medio,Se recomienda reforzar habitos de estudio y asistencia.
E00173,Emilio Cárdenas,Redes de Computadoras,15.25,83.2,66.17,Bajo,Mantener el desempeno actual; sin acciones urgentes.
E00174,Andrés Cabrera,Estructuras de Datos,9.57,71.3,83.77,Medio,Se recomienda reforzar habitos de estudio y asistencia.
E00175,Zoe Chávez,Matemática Discreta,13.12,70.1,83.37,Medio,Se recomienda reforzar habitos de estudio y asistencia.
E00176,Jorge Quispe,Redes de Computadoras,19.15,54.4,66.3,Medio,Se recomienda reforzar habitos de estudio y asistencia.
E00177,Valeria Cabrera,Base de Datos,3.05,88.8,70.6,Medio,Se recomienda reforzar habitos de estudio y asistencia.
E00178,Fabián Palomino,Matemática Discreta,10.23,100.0,86.33,Medio,Se recomienda reforzar habitos de estudio y asistencia.
E00179,Daniela Alva,Redes de Computadoras,18.88,100.0,90.1,Bajo,Mantener el desempeno actual; sin acciones urgentes.
E00180,Martina Ramírez,Lenguajes de Programación,14.05,32.2,55.9,Medio,Se recomienda reforzar habitos de estudio y asistencia.
E00181,Jorge Soto,Estructuras de Datos,16.1,76.1,60.8,Medio,Se recomienda reforzar habitos de estudio y asistencia.
E00182,Camila Rodríguez,Estructuras de Datos,12.68,76.2,84.47,Medio,Se recomienda reforzar habitos de estudio y asistencia.
E00183,Fernanda Ramírez,Estructuras de Datos,12.93,53.1,81.8,Medio,Se recomienda reforzar habitos de estudio y asistencia.
E00184,Julio Ramírez,Estructuras de Datos,15.4,81.5,71.4,Bajo,Mantener el desempeno actual; sin acciones urgentes.
E00185,Isabela Mamani,Estructuras de Datos,9.5,100.0,56.07,Alto,Requiere tutoria academica inmediata y seguimiento semanal.
E00186,Miguel Quispe,Matemática Discreta,19.5,66.0,74.37,Medio,Se recomienda reforzar habitos de estudio y asistencia.
E00187,Sebastián García,Lenguajes de Programación,13.32,59.3,56.4,Medio,Se recomienda reforzar habitos de estudio y asistencia.
E00188,Ana Chávez,Redes de Computadoras,13.35,80.5,73.27,Bajo,Mantener el desempeno actual; sin acciones urgentes.
E00189,Fernanda Zapata,Estructuras de Datos,14.12,55.5,57.2,Medio,Se recomienda reforzar habitos de estudio y asistencia.
E00190,Emilio Delgado,Matemática Discreta,10.28,97.8,60.8,Medio,Se recomienda reforzar habitos de estudio y asistencia.
E00191,Gabriela Alva,Base de Datos,18.57,73.8,70.5,Medio,Se recomienda reforzar habitos de estudio y asistencia.
E00192,Valentina Vega,Matemática Discreta,12.27,85.4,59.77,Medio,Se recomienda reforzar habitos de estudio y asistencia.
E00193,Isabela Cárdenas,Redes de Computadoras,13.02,59.8,64.07,Medio,Se recomienda reforzar habitos de estudio y asistencia.
E00194,Sebastián Quispe,Redes de Computadoras,14.12,52.1,72.33,Medio,Se recomienda reforzar habitos de estudio y asistencia.
E00195,Emilia Ponce,Estructuras de Datos,7.35,88.0,84.93,Medio,Se recomienda reforzar habitos de estudio y asistencia.
E00196,Nicolás Cárdenas,Lenguajes de Programación,8.22,100.0,77.93,Medio,Se recomienda reforzar habitos de estudio y asistencia.
E00197,María Cárdenas,Lenguajes de Programación,17.35,67.7,56.6,Medio,Se recomienda reforzar habitos de estudio y asistencia.
E00198,Paula Mendoza,Matemática Discreta,15.5,100.0,72.1,Bajo,Mantener el desempeno actual; sin acciones urgentes.
E00199,Diego Rivas,Lenguajes de Programación,5.38,58.8,51.2,Alto,Requiere tutoria academica inmediata y seguimiento semanal.
E00200,Daniela García,Lenguajes de Programación,12.68,46.8,45.3,Medio,Se recomienda reforzar habitos de estudio y asistencia.
E00201,Valentina Pérez,Estructuras de Datos,16.23,57.5,81.53,Medio,Se recomienda reforzar habitos de estudio y asistencia.
E00202,Franco Pérez,Matemática Discreta,16.68,59.0,59.27,Medio,Se recomienda reforzar habitos de estudio y asistencia.
E00203,Zoe Vargas,Lenguajes de Programación,18.1,84.9,74.6,Bajo,Mantener el desempeno actual; sin acciones urgentes.
E00204,Lucía Mamani,Base de Datos,15.12,95.3,75.0,Bajo,Mantener el desempeno actual; sin acciones urgentes.
E00205,Gabriela Ramírez,Estructuras de Datos,10.82,52.7,67.3,Medio,Se recomienda reforzar habitos de estudio y asistencia.
E00206,Jorge Mamani,Estructuras de Datos,13.18,83.6,84.4,Bajo,Mantener el desempeno actual; sin acciones urgentes.
E00207,Natalia Herrera,Matemática Discreta,13.05,42.3,49.87,Medio,Se recomienda reforzar habitos de estudio y asistencia.
E00208,Mateo Soto,Estructuras de Datos,13.5,76.4,67.83,Medio,Se recomienda reforzar habitos de estudio y asistencia.
E00209,Ana Herrera,Estructuras de Datos,10.75,79.1,75.37,Medio,Se recomienda reforzar habitos de estudio y asistencia.
E00210,Sebastián Cruz,Estructuras de Datos,12.55,71.8,77.27,Medio,Se recomienda reforzar habitos de estudio y asistencia.
E00211,Camila Chávez,Base de Datos,14.4,64.6,79.43,Medio,Se recomienda reforzar habitos de estudio y asistencia.
E00212,Adrián Pérez,Lenguajes de Programación,19.9,100.0,54.83,Medio,Se recomienda reforzar habitos de estudio y asistencia.
E00213,Antonella Flores,Redes de Computadoras,10.62,82.9,76.83,Medio,Se recomienda reforzar habitos de estudio y asistencia.
E00214,Alonso Chávez,Lenguajes de Programación,17.62,100.0,92.6,Bajo,Mantener el desempeno actual; sin acciones urgentes.
E00215,Luis Cárdenas,Lenguajes de Programación,15.8,59.4,72.53,Medio,Se recomienda reforzar habitos de estudio y asistencia.
E00216,Manuel López,Estructuras de Datos,6.38,92.8,76.63,Medio,Se recomienda reforzar habitos de estudio y asistencia.
E00217,Emilio Huamán,Redes de Computadoras,6.8,70.8,80.63,Medio,Se recomienda reforzar habitos de estudio y asistencia.
E00218,Luis Vargas,Lenguajes de Programación,14.33,71.0,78.03,Medio,Se recomienda reforzar habitos de estudio y asistencia.
E00219,Andrés Soto,Matemática Discreta,10.62,79.9,73.23,Medio,Se recomienda reforzar habitos de estudio y asistencia.
E00220,Isabela Delgado,Matemática Discreta,13.9,20.8,55.73,Medio,Se recomienda reforzar habitos de estudio y asistencia.
E00221,Antonella Paredes,Matemática Discreta,11.8,59.9,74.3,Medio,Se recomienda reforzar habitos de estudio y asistencia.
E00222,Antonella Soto,Estructuras de Datos,13.45,80.6,55.03,Medio,Se recomienda reforzar habitos de estudio y asistencia.
E00223,María Herrera,Lenguajes de Programación,18.77,79.6,69.6,Medio,Se recomienda reforzar habitos de estudio y asistencia.
E00224,Valentina Cabrera,Matemática Discreta,11.98,62.1,58.6,Medio,Se recomienda reforzar habitos de estudio y asistencia.
E00225,Franco Ramírez,Estructuras de Datos,15.7,67.8,72.83,Medio,Se recomienda reforzar habitos de estudio y asistencia.
E00226,Bruno Zapata,Lenguajes de Programación,18.43,70.4,45.53,Medio,Se recomienda reforzar habitos de estudio y asistencia.
E00227,Adrián Huamán,Lenguajes de Programación,18.1,60.1,72.1,Medio,Se recomienda reforzar habitos de estudio y asistencia.
E00228,Isabela Rivas,Base de Datos,14.12,80.5,73.5,Bajo,Mantener el desempeno actual; sin acciones urgentes.
E00229,Fabián Sánchez,Redes de Computadoras,13.85,68.4,74.17,Medio,Se recomienda reforzar habitos de estudio y asistencia.
E00230,Ricardo Rivas,Lenguajes de Programación,18.8,63.4,67.8,Medio,Se recomienda reforzar habitos de estudio y asistencia.
E00231,Miguel Cabrera,Base de Datos,16.0,59.4,53.87,Medio,Se recomienda reforzar habitos de estudio y asistencia.
E00232,Alejandra Rojas,Estructuras de Datos,12.95,79.2,87.83,Medio,Se recomienda reforzar habitos de estudio y asistencia.
E00233,Isabela Huamán,Matemática Discreta,13.75,79.5,73.17,Medio,Se recomienda reforzar habitos de estudio y asistencia.
E00234,Milagros Medina,Lenguajes de Programación,10.85,54.9,70.2,Medio,Se recomienda reforzar habitos de estudio y asistencia.
E00235,Isabela García,Redes de Computadoras,9.38,83.8,68.47,Medio,Se recomienda reforzar habitos de estudio y asistencia.
E00236,Vicente Espinoza,Redes de Computadoras,14.6,63.4,54.9,Medio,Se recomienda reforzar habitos de estudio y asistencia.
E00237,Luis Herrera,Estructuras de Datos,14.27,68.6,63.97,Medio,Se recomienda reforzar habitos de estudio y asistencia.
E00238,Vicente Huamán,Lenguajes de Programación,18.38,69.8,74.57,Medio,Se recomienda reforzar habitos de estudio y asistencia.
E00239,Martina Medina,Matemática Discreta,17.07,59.6,53.3,Medio,Se recomienda reforzar habitos de estudio y asistencia.
E00240,María Palomino,Estructuras de Datos,12.05,95.2,71.87,Medio,Se recomienda reforzar habitos de estudio y asistencia.
E00241,Sebastián Soto,Redes de Computadoras,17.73,82.6,72.13,Bajo,Mantener el desempeno actual; sin acciones urgentes.
E00242,Carlos Castillo,Lenguajes de Programación,13.62,55.1,59.73,Medio,Se recomienda reforzar habitos de estudio y asistencia.
E00243,Lucía Herrera,Base de Datos,16.55,0.0,49.43,Medio,Se recomienda reforzar habitos de estudio y asistencia.
E00244,Luis Torres,Matemática Discreta,8.85,94.1,57.7,Alto,Requiere tutoria academica inmediata y seguimiento semanal.
E00245,Martina Rojas,Redes de Computadoras,14.7,79.0,67.9,Medio,Se recomienda reforzar habitos de estudio y asistencia.
E00246,Andrés López,Matemática Discreta,14.12,100.0,61.8,Medio,Se recomienda reforzar habitos de estudio y asistencia.
E00247,Estefanía Huamán,Matemática Discreta,12.4,80.7,62.2,Medio,Se recomienda reforzar habitos de estudio y asistencia.
E00248,Sofía Rodríguez,Redes de Computadoras,5.38,72.8,81.17,Medio,Se recomienda reforzar habitos de estudio y asistencia.
E00249,Estefanía Ortiz,Redes de Computadoras,12.05,100.0,82.63,Medio,Se recomienda reforzar habitos de estudio y asistencia.
E00250,Zoe Castillo,Matemática Discreta,15.5,55.0,75.77,Medio,Se recomienda reforzar habitos de estudio y asistencia.
E00251,Fernanda Gutiérrez,Base de Datos,10.97,67.3,79.23,Medio,Se recomienda reforzar habitos de estudio y asistencia.
E00252,Antonella García,Matemática Discreta,16.27,86.6,81.43,Bajo,Mantener el desempeno actual; sin acciones urgentes.
E00253,Lucía Vargas,Lenguajes de Programación,13.68,72.3,67.07,Medio,Se recomienda reforzar habitos de estudio y asistencia.
E00254,Valeria Torres,Matemática Discreta,15.85,71.4,71.8,Medio,Se recomienda reforzar habitos de estudio y asistencia.
E00255,Martina Aguilar,Estructuras de Datos,9.2,50.5,83.5,Alto,Requiere tutoria academica inmediata y seguimiento semanal.
E00256,Zoe Chávez,Matemática Discreta,14.47,66.6,76.0,Medio,Se recomienda reforzar habitos de estudio y asistencia.
E00257,Valeria Gutiérrez,Estructuras de Datos,14.3,76.0,66.67,Medio,Se recomienda reforzar habitos de estudio y asistencia.
E00258,Tomás Aguilar,Lenguajes de Programación,18.32,68.9,60.43,Medio,Se recomienda reforzar habitos de estudio y asistencia.
E00259,Zoe Huamán,Estructuras de Datos,13.62,100.0,76.57,Bajo,Mantener el desempeno actual; sin acciones urgentes.
E00260,Ana Vega,Redes de Computadoras,15.28,41.2,54.1,Medio,Se recomienda reforzar habitos de estudio y asistencia.
E00261,Rosa Cárdenas,Estructuras de Datos,17.65,75.8,61.97,Medio,Se recomienda reforzar habitos de estudio y asistencia.
E00262,Martina Gutiérrez,Lenguajes de Programación,19.85,69.1,68.1,Medio,Se recomienda reforzar habitos de estudio y asistencia.
E00263,Andrés Huamán,Estructuras de Datos,20.0,78.9,81.93,Medio,Se recomienda reforzar habitos de estudio y asistencia.
E00264,Valentina Gutiérrez,Redes de Computadoras,16.85,83.9,83.83,Bajo,Mantener el desempeno actual; sin acciones urgentes.
E00265,Miguel Rodríguez,Redes de Computadoras,12.08,63.3,59.1,Medio,Se recomienda reforzar habitos de estudio y asistencia.
E00266,Julio Paredes,Redes de Computadoras,18.27,68.2,52.5,Medio,Se recomienda reforzar habitos de estudio y asistencia.
E00267,Zoe Salazar,Redes de Computadoras,14.07,67.1,79.53,Medio,Se recomienda reforzar habitos de estudio y asistencia.
E00268,Lucía Torres,Estructuras de Datos,12.1,54.1,69.77,Medio,Se recomienda reforzar habitos de estudio y asistencia.
E00269,María Cárdenas,Base de Datos,14.22,66.2,50.7,Medio,Se recomienda reforzar habitos de estudio y asistencia.
E00270,Daniela Alva,Matemática Discreta,10.02,87.0,62.43,Medio,Se recomienda reforzar habitos de estudio y asistencia.
E00271,Jorge Herrera,Matemática Discreta,11.65,85.6,83.33,Medio,Se recomienda reforzar habitos de estudio y asistencia.
E00272,Andrés Ortiz,Lenguajes de Programación,15.95,74.4,71.47,Medio,Se recomienda reforzar habitos de estudio y asistencia.
E00273,Nicolás Cárdenas,Lenguajes de Programación,13.65,80.0,75.3,Bajo,Mantener el desempeno actual; sin acciones urgentes.
E00274,Ana Alva,Matemática Discreta,12.58,66.0,68.13,Medio,Se recomienda reforzar habitos de estudio y asistencia.
E00275,Lucía Quispe,Estructuras de Datos,12.95,61.8,58.73,Medio,Se recomienda reforzar habitos de estudio y asistencia.
E00276,Ana López,Matemática Discreta,16.65,52.5,57.93,Medio,Se recomienda reforzar habitos de estudio y asistencia.
E00277,Miguel Herrera,Lenguajes de Programación,12.43,87.8,81.67,Medio,Se recomienda reforzar habitos de estudio y asistencia.
E00278,Luis Flores,Matemática Discreta,18.23,87.3,73.57,Bajo,Mantener el desempeno actual; sin acciones urgentes.
E00279,Diego García,Base de Datos,16.2,57.0,60.17,Medio,Se recomienda reforzar habitos de estudio y asistencia.
E00280,Tomás Flores,Matemática Discreta,10.62,40.7,56.47,Medio,Se recomienda reforzar habitos de estudio y asistencia.
E00281,Renata Sánchez,Redes de Computadoras,9.25,100.0,66.57,Medio,Se recomienda reforzar habitos de estudio y asistencia.
E00282,Mateo Flores,Lenguajes de Programación,11.03,87.7,67.47,Medio,Se recomienda reforzar habitos de estudio y asistencia.
E00283,Joaquín López,Base de Datos,10.88,89.8,85.53,Medio,Se recomienda reforzar habitos de estudio y asistencia.
E00284,Fabián Alva,Matemática Discreta,12.9,90.5,78.73,Medio,Se recomienda reforzar habitos de estudio y asistencia.
E00285,Adrián Pérez,Matemática Discreta,17.62,80.5,63.5,Medio,Se recomienda reforzar habitos de estudio y asistencia.
E00286,Isabela Ortiz,Base de Datos,9.3,75.9,76.1,Medio,Se recomienda reforzar habitos de estudio y asistencia.
E00287,Carlos García,Lenguajes de Programación,17.98,50.7,67.03,Medio,Se recomienda reforzar habitos de estudio y asistencia.
E00288,Gabriela Rojas,Lenguajes de Programación,10.65,100.0,63.17,Medio,Se recomienda reforzar habitos de estudio y asistencia.
E00289,Gabriela Quispe,Lenguajes de Programación,16.48,45.3,55.97,Medio,Se recomienda reforzar habitos de estudio y asistencia.
E00290,Ana Zapata,Lenguajes de Programación,12.35,77.4,61.2,Medio,Se recomienda reforzar habitos de estudio y asistencia.
E00291,Milagros Cárdenas,Lenguajes de Programación,12.6,69.3,70.1,Medio,Se recomienda reforzar habitos de estudio y asistencia.
E00292,Emilio Chávez,Estructuras de Datos,17.6,64.4,57.03,Medio,Se recomienda reforzar habitos de estudio y asistencia.
E00293,Alonso Flores,Matemática Discreta,12.9,100.0,79.7,Medio,Se recomienda reforzar habitos de estudio y asistencia.
E00294,Martina Reyes,Lenguajes de Programación,13.75,69.7,71.53,Medio,Se recomienda reforzar habitos de estudio y asistencia.
E00295,Gabriela Gutiérrez,Lenguajes de Programación,16.6,72.1,80.9,Medio,Se recomienda reforzar habitos de estudio y asistencia.
E00296,Jorge Sánchez,Estructuras de Datos,10.88,81.6,65.67,Medio,Se recomienda reforzar habitos de estudio y asistencia.
E00297,Zoe Ramírez,Lenguajes de Programación,13.6,100.0,74.17,Bajo,Mantener el desempeno actual; sin acciones urgentes.
E00298,Miguel Cárdenas,Estructuras de Datos,15.57,55.0,58.63,Medio,Se recomienda reforzar habitos de estudio y asistencia.
E00299,Daniela Vega,Matemática Discreta,11.77,88.0,69.33,Medio,Se recomienda reforzar habitos de estudio y asistencia.
E00300,Martina Pérez,Matemática Discreta,4.53,80.3,75.07,Medio,Se recomienda reforzar habitos de estudio y asistencia.
E00301,Carlos Vega,Estructuras de Datos,13.25,83.6,65.8,Bajo,Mantener el desempeno actual; sin acciones urgentes.
E00302,Estefanía Mendoza,Matemática Discreta,11.9,72.0,63.7,Medio,Se recomienda reforzar habitos de estudio y asistencia.
E00303,Andrés Medina,Estructuras de Datos,20.0,48.4,56.23,Medio,Se recomienda reforzar habitos de estudio y asistencia.
E00304,Milagros Torres,Estructuras de Datos,10.85,59.7,62.47,Medio,Se recomienda reforzar habitos de estudio y asistencia.
E00305,Ximena Palomino,Lenguajes de Programación,10.82,64.0,77.97,Medio,Se recomienda reforzar habitos de estudio y asistencia.
E00306,Emilia Torres,Redes de Computadoras,17.6,50.7,71.5,Medio,Se recomienda reforzar habitos de estudio y asistencia.
E00307,Lucía Espinoza,Base de Datos,10.38,41.4,67.83,Alto,Requiere tutoria academica inmediata y seguimiento semanal.
E00308,Vicente Soto,Redes de Computadoras,9.65,90.9,78.1,Medio,Se recomienda reforzar habitos de estudio y asistencia.
E00309,Estefanía Cruz,Matemática Discreta,15.57,88.9,96.17,Bajo,Mantener el desempeno actual; sin acciones urgentes.
E00310,Estefanía Pérez,Base de Datos,8.72,64.6,65.33,Alto,Requiere tutoria academica inmediata y seguimiento semanal.
E00311,Martina García,Base de Datos,10.57,100.0,69.17,Medio,Se recomienda reforzar habitos de estudio y asistencia.
E00312,Antonella Huamán,Base de Datos,11.07,70.1,70.03,Medio,Se recomienda reforzar habitos de estudio y asistencia.
E00313,Sebastián Salazar,Base de Datos,19.62,73.9,62.57,Medio,Se recomienda reforzar habitos de estudio y asistencia.
E00314,Ricardo Medina,Redes de Computadoras,6.85,48.6,72.0,Alto,Requiere tutoria academica inmediata y seguimiento semanal.
E00315,Valeria Chávez,Matemática Discreta,14.25,96.8,67.6,Bajo,Mantener el desempeno actual; sin acciones urgentes.
E00316,Ana Quispe,Base de Datos,11.05,53.3,59.73,Medio,Se recomienda reforzar habitos de estudio y asistencia.
E00317,Renata Gutiérrez,Base de Datos,19.27,70.1,63.27,Medio,Se recomienda reforzar habitos de estudio y asistencia.
E00318,Estefanía Pérez,Redes de Computadoras,8.2,88.3,72.9,Medio,Se recomienda reforzar habitos de estudio y asistencia.
E00319,Iván Vargas,Lenguajes de Programación,13.82,55.7,54.83,Medio,Se recomienda reforzar habitos de estudio y asistencia.
E00320,Carlos Rodríguez,Lenguajes de Programación,14.68,49.8,65.63,Medio,Se recomienda reforzar habitos de estudio y asistencia.
E00321,Miguel Aguilar,Matemática Discreta,18.95,37.3,57.37,Medio,Se recomienda reforzar habitos de estudio y asistencia.
E00322,Alonso García,Lenguajes de Programación,7.55,72.5,67.57,Medio,Se recomienda reforzar habitos de estudio y asistencia.
E00323,Zoe Rojas,Matemática Discreta,10.55,60.5,61.1,Medio,Se recomienda reforzar habitos de estudio y asistencia.
E00324,Bruno Zapata,Estructuras de Datos,9.43,36.0,60.17,Alto,Requiere tutoria academica inmediata y seguimiento semanal.
E00325,Joaquín Medina,Lenguajes de Programación,6.7,100.0,78.73,Medio,Se recomienda reforzar habitos de estudio y asistencia.
E00326,Daniela Ramírez,Lenguajes de Programación,10.75,89.0,79.33,Medio,Se recomienda reforzar habitos de estudio y asistencia.
E00327,Jorge Castillo,Base de Datos,16.02,87.1,95.0,Bajo,Mantener el desempeno actual; sin acciones urgentes.
E00328,Ximena Espinoza,Base de Datos,17.12,82.5,76.53,Bajo,Mantener el desempeno actual; sin acciones urgentes.
E00329,Lucía Mendoza,Matemática Discreta,10.35,54.1,78.03,Alto,Requiere tutoria academica inmediata y seguimiento semanal.
E00330,Alejandra Delgado,Lenguajes de Programación,4.78,72.3,73.7,Medio,Se recomienda reforzar habitos de estudio y asistencia.
E00331,Luis Vargas,Redes de Computadoras,20.0,45.1,52.5,Medio,Se recomienda reforzar habitos de estudio y asistencia.
E00332,Tomás Cruz,Matemática Discreta,16.65,63.1,57.6,Medio,Se recomienda reforzar habitos de estudio y asistencia.
E00333,Camila Cruz,Matemática Discreta,6.67,100.0,76.47,Medio,Se recomienda reforzar habitos de estudio y asistencia.
E00334,Carlos García,Redes de Computadoras,13.32,89.7,63.0,Medio,Se recomienda reforzar habitos de estudio y asistencia.
E00335,Joaquín Vega,Matemática Discreta,17.3,92.7,79.83,Bajo,Mantener el desempeno actual; sin acciones urgentes.
E00336,Camila Aguilar,Matemática Discreta,10.35,42.0,64.5,Alto,Requiere tutoria academica inmediata y seguimiento semanal.
E00337,Zoe Ramírez,Lenguajes de Programación,20.0,88.7,65.47,Bajo,Mantener el desempeno actual; sin acciones urgentes.
E00338,Nicolás Cabrera,Lenguajes de Programación,17.48,83.0,81.0,Bajo,Mantener el desempeno actual; sin acciones urgentes.
E00339,Ana Quispe,Matemática Discreta,16.85,54.8,64.0,Medio,Se recomienda reforzar habitos de estudio y asistencia.
E00340,Manuel Aguilar,Matemática Discreta,12.75,82.2,71.4,Medio,Se recomienda reforzar habitos de estudio y asistencia.
E00341,Rosa Soto,Base de Datos,19.45,37.7,42.3,Medio,Se recomienda reforzar habitos de estudio y asistencia.
E00342,Bruno Delgado,Lenguajes de Programación,17.12,95.2,76.2,Bajo,Mantener el desempeno actual; sin acciones urgentes.
E00343,Valeria Paredes,Base de Datos,14.82,63.0,66.1,Medio,Se recomienda reforzar habitos de estudio y asistencia.
E00344,Rosa Quispe,Matemática Discreta,17.15,71.2,72.9,Medio,Se recomienda reforzar habitos de estudio y asistencia.
E00345,Alejandra Castillo,Lenguajes de Programación,15.28,73.8,79.63,Medio,Se recomienda reforzar habitos de estudio y asistencia.
E00346,Paula Rivas,Matemática Discreta,10.28,97.6,61.7,Medio,Se recomienda reforzar habitos de estudio y asistencia.
E00347,Estefanía Soto,Estructuras de Datos,20.0,89.5,77.63,Bajo,Mantener el desempeno actual; sin acciones urgentes.
E00348,Nicolás Vega,Matemática Discreta,9.28,79.4,64.73,Medio,Se recomienda reforzar habitos de estudio y asistencia.
E00349,Ximena Herrera,Base de Datos,7.65,68.4,57.53,Alto,Requiere tutoria academica inmediata y seguimiento semanal.
E00350,Emilia Mendoza,Lenguajes de Programación,14.0,75.9,53.9,Medio,Se recomienda reforzar habitos de estudio y asistencia.
E00351,Camila Vargas,Matemática Discreta,9.88,87.6,83.13,Medio,Se recomienda reforzar habitos de estudio y asistencia.
E00352,Iván Salazar,Estructuras de Datos,12.03,67.6,60.37,Medio,Se recomienda reforzar habitos de estudio y asistencia.
E00353,Gabriela Castillo,Estructuras de Datos,13.88,72.7,65.73,Medio,Se recomienda reforzar habitos de estudio y asistencia.
E00354,Paula Cabrera,Redes de Computadoras,13.1,86.8,79.1,Bajo,Mantener el desempeno actual; sin acciones urgentes.
E00355,Lucía Zapata,Base de Datos,10.2,61.8,67.9,Alto,Requiere tutoria academica inmediata y seguimiento semanal.
E00356,Carlos Huamán,Matemática Discreta,15.4,100.0,78.2,Bajo,Mantener el desempeno actual; sin acciones urgentes.
E00357,Ximena Herrera,Redes de Computadoras,11.27,100.0,73.03,Medio,Se recomienda reforzar habitos de estudio y asistencia.
E00358,Mateo Torres,Estructuras de Datos,12.5,67.6,66.27,Medio,Se recomienda reforzar habitos de estudio y asistencia.
E00359,Antonella Alva,Lenguajes de Programación,11.4,53.5,64.7,Medio,Se recomienda reforzar habitos de estudio y asistencia.
E00360,Joaquín Gutiérrez,Estructuras de Datos,14.45,48.8,67.87,Medio,Se recomienda reforzar habitos de estudio y asistencia.
E00361,Alonso López,Lenguajes de Programación,8.9,89.9,57.83,Alto,Requiere tutoria academica inmediata y seguimiento semanal.
E00362,Daniela Mendoza,Matemática Discreta,14.08,83.4,74.33,Bajo,Mantener el desempeno actual; sin acciones urgentes.
E00363,Franco Rodríguez,Base de Datos,15.58,58.5,72.87,Medio,Se recomienda reforzar habitos de estudio y asistencia.
E00364,Milagros Rodríguez,Matemática Discreta,16.55,87.0,71.1,Bajo,Mantener el desempeno actual; sin acciones urgentes.
E00365,Miguel Herrera,Matemática Discreta,13.7,56.3,57.2,Medio,Se recomienda reforzar habitos de estudio y asistencia.
E00366,Andrés Cruz,Lenguajes de Programación,14.25,100.0,71.13,Bajo,Mantener el desempeno actual; sin acciones urgentes.
E00367,Carlos Cárdenas,Lenguajes de Programación,10.18,84.4,62.87,Medio,Se recomienda reforzar habitos de estudio y asistencia.
E00368,Miguel Pérez,Redes de Computadoras,15.5,79.0,75.97,Medio,Se recomienda reforzar habitos de estudio y asistencia.
E00369,Adrián Ortiz,Lenguajes de Programación,19.6,91.9,84.6,Bajo,Mantener el desempeno actual; sin acciones urgentes.
E00370,Ana Zapata,Redes de Computadoras,12.25,67.8,74.97,Medio,Se recomienda reforzar habitos de estudio y asistencia.
E00371,Ricardo Ramírez,Redes de Computadoras,12.97,66.6,54.9,Medio,Se recomienda reforzar habitos de estudio y asistencia.
E00372,Adrián López,Lenguajes de Programación,14.38,50.2,76.77,Medio,Se recomienda reforzar habitos de estudio y asistencia.
E00373,Joaquín Salazar,Lenguajes de Programación,11.98,72.7,76.13,Medio,Se recomienda reforzar habitos de estudio y asistencia.
E00374,Diego Soto,Redes de Computadoras,13.52,78.4,65.37,Medio,Se recomienda reforzar habitos de estudio y asistencia.
E00375,Daniela Mamani,Base de Datos,7.88,79.6,86.53,Medio,Se recomienda reforzar habitos de estudio y asistencia.
E00376,Zoe Huamán,Redes de Computadoras,14.93,71.4,63.83,Medio,Se recomienda reforzar habitos de estudio y asistencia.
E00377,Bruno Ramírez,Base de Datos,10.35,50.0,70.0,Alto,Requiere tutoria academica inmediata y seguimiento semanal.
E00378,Adrián Flores,Lenguajes de Programación,8.95,62.9,70.4,Alto,Requiere tutoria academica inmediata y seguimiento semanal.
E00379,Gabriela Salazar,Redes de Computadoras,13.38,79.2,70.77,Medio,Se recomienda reforzar habitos de estudio y asistencia.
E00380,Iván Rojas,Redes de Computadoras,17.48,71.8,69.8,Medio,Se recomienda reforzar habitos de estudio y asistencia.
E00381,Fernanda Salazar,Estructuras de Datos,14.93,76.1,62.6,Medio,Se recomienda reforzar habitos de estudio y asistencia.
E00382,Emilio Herrera,Estructuras de Datos,9.22,38.3,63.2,Alto,Requiere tutoria academica inmediata y seguimiento semanal.
E00383,María Palomino,Redes de Computadoras,16.95,92.9,78.1,Bajo,Mantener el desempeno actual; sin acciones urgentes.
E00384,Jorge Alva,Lenguajes de Programación,13.32,72.7,75.87,Medio,Se recomienda reforzar habitos de estudio y asistencia.
E00385,Nicolás Torres,Lenguajes de Programación,13.77,33.1,42.47,Medio,Se recomienda reforzar habitos de estudio y asistencia.
E00386,Andrés Espinoza,Redes de Computadoras,17.75,73.0,68.53,Medio,Se recomienda reforzar habitos de estudio y asistencia.
E00387,Iván Alva,Estructuras de Datos,11.55,50.5,68.03,Medio,Se recomienda reforzar habitos de estudio y asistencia.
E00388,Julio Alva,Lenguajes de Programación,8.45,68.0,81.43,Alto,Requiere tutoria academica inmediata y seguimiento semanal.
E00389,Franco Palomino,Lenguajes de Programación,9.2,62.4,69.2,Alto,Requiere tutoria academica inmediata y seguimiento semanal.
E00390,Martina Rivas,Matemática Discreta,9.07,50.8,57.67,Alto,Requiere tutoria academica inmediata y seguimiento semanal.
E00391,Milagros Aguilar,Redes de Computadoras,12.75,62.4,62.13,Medio,Se recomienda reforzar habitos de estudio y asistencia.
E00392,Fernanda Mendoza,Matemática Discreta,16.92,52.1,49.87,Medio,Se recomienda reforzar habitos de estudio y asistencia.
E00393,Bruno Ponce,Matemática Discreta,7.55,66.3,71.4,Alto,Requiere tutoria academica inmediata y seguimiento semanal.
E00394,Miguel Rojas,Estructuras de Datos,12.72,40.7,50.6,Medio,Se recomienda reforzar habitos de estudio y asistencia.
E00395,Julio Sánchez,Matemática Discreta,13.35,94.3,78.53,Bajo,Mantener el desempeno actual; sin acciones urgentes.
E00396,Sofía Palomino,Estructuras de Datos,14.65,66.6,67.33,Medio,Se recomienda reforzar habitos de estudio y asistencia.
E00397,Nicolás Espinoza,Lenguajes de Programación,17.75,55.1,62.77,Medio,Se recomienda reforzar habitos de estudio y asistencia.
E00398,María Castillo,Matemática Discreta,10.18,93.7,80.97,Medio,Se recomienda reforzar habitos de estudio y asistencia.
E00399,Bruno Huamán,Lenguajes de Programación,9.88,85.1,73.23,Medio,Se recomienda reforzar habitos de estudio y asistencia.
E00400,Andrés Soto,Lenguajes de Programación,8.28,69.1,58.07,Alto,Requiere tutoria academica inmediata y seguimiento semanal.
E00401,Martina Rivas,Matemática Discreta,13.77,92.3,77.47,Bajo,Mantener el desempeno actual; sin acciones urgentes.
E00402,Antonella Paredes,Estructuras de Datos,15.45,58.7,57.67,Medio,Se recomienda reforzar habitos de estudio y asistencia.
E00403,Adrián Delgado,Base de Datos,14.95,83.5,68.0,Bajo,Mantener el desempeno actual; sin acciones urgentes.
E00404,Sebastián Cruz,Redes de Computadoras,13.5,54.2,64.07,Medio,Se recomienda reforzar habitos de estudio y asistencia.
E00405,Vicente Vargas,Matemática Discreta,6.97,93.2,82.93,Medio,Se recomienda reforzar habitos de estudio y asistencia.
E00406,María Zapata,Redes de Computadoras,14.75,56.2,44.1,Medio,Se recomienda reforzar habitos de estudio y asistencia.
E00407,Paula Mendoza,Lenguajes de Programación,7.92,75.2,91.73,Medio,Se recomienda reforzar habitos de estudio y asistencia.
E00408,Vicente Aguilar,Estructuras de Datos,9.38,80.7,62.7,Medio,Se recomienda reforzar habitos de estudio y asistencia.
E00409,Diego Rojas,Lenguajes de Programación,12.95,43.1,52.8,Medio,Se recomienda reforzar habitos de estudio y asistencia.
E00410,Alonso Espinoza,Redes de Computadoras,7.8,51.2,58.33,Alto,Requiere tutoria academica inmediata y seguimiento semanal.
E00411,Martina Rivas,Redes de Computadoras,17.73,57.4,72.47,Medio,Se recomienda reforzar habitos de estudio y asistencia.
E00412,Joaquín Cabrera,Base de Datos,10.58,37.3,54.1,Medio,Se recomienda reforzar habitos de estudio y asistencia.
E00413,Luis Reyes,Lenguajes de Programación,19.9,86.0,81.17,Bajo,Mantener el desempeno actual; sin acciones urgentes.
E00414,Diego López,Base de Datos,9.85,76.1,75.67,Medio,Se recomienda reforzar habitos de estudio y asistencia.
E00415,Manuel Torres,Estructuras de Datos,16.27,87.4,58.87,Medio,Se recomienda reforzar habitos de estudio y asistencia.
E00416,Alejandra Mendoza,Lenguajes de Programación,17.85,78.9,83.1,Medio,Se recomienda reforzar habitos de estudio y asistencia.
E00417,Sebastián Flores,Estructuras de Datos,11.32,75.2,74.63,Medio,Se recomienda reforzar habitos de estudio y asistencia.
E00418,Fabián Mendoza,Base de Datos,15.3,61.9,74.93,Medio,Se recomienda reforzar habitos de estudio y asistencia.
E00419,Isabela Paredes,Estructuras de Datos,11.0,100.0,75.27,Medio,Se recomienda reforzar habitos de estudio y asistencia.
E00420,Valeria Huamán,Lenguajes de Programación,7.55,70.6,54.27,Alto,Requiere tutoria academica inmediata y seguimiento semanal.
E00421,Ana Pérez,Estructuras de Datos,11.07,69.4,85.7,Medio,Se recomienda reforzar habitos de estudio y asistencia.
E00422,Luis Vega,Redes de Computadoras,14.88,35.2,50.0,Medio,Se recomienda reforzar habitos de estudio y asistencia.
E00423,Estefanía Paredes,Lenguajes de Programación,8.68,89.8,83.43,Medio,Se recomienda reforzar habitos de estudio y asistencia.
E00424,Valeria Vargas,Estructuras de Datos,16.23,70.5,78.63,Medio,Se recomienda reforzar habitos de estudio y asistencia.
E00425,Franco Castillo,Redes de Computadoras,12.78,38.6,72.87,Medio,Se recomienda reforzar habitos de estudio y asistencia.
E00426,Rodrigo Herrera,Estructuras de Datos,18.77,53.8,68.23,Medio,Se recomienda reforzar habitos de estudio y asistencia.
E00427,Ximena Chávez,Estructuras de Datos,14.35,73.4,64.87,Medio,Se recomienda reforzar habitos de estudio y asistencia.
E00428,Valentina Vega,Redes de Computadoras,9.07,53.5,67.87,Alto,Requiere tutoria academica inmediata y seguimiento semanal.
E00429,Emilio Palomino,Base de Datos,14.93,79.2,82.2,Medio,Se recomienda reforzar habitos de estudio y asistencia.
E00430,Fabián Espinoza,Base de Datos,12.45,88.1,77.1,Medio,Se recomienda reforzar habitos de estudio y asistencia.
E00431,Sofía Castillo,Lenguajes de Programación,18.2,100.0,90.3,Bajo,Mantener el desempeno actual; sin acciones urgentes.
E00432,Manuel Delgado,Lenguajes de Programación,9.75,68.4,74.77,Alto,Requiere tutoria academica inmediata y seguimiento semanal.
E00433,Camila Vargas,Redes de Computadoras,16.02,47.7,53.8,Medio,Se recomienda reforzar habitos de estudio y asistencia.
E00434,Fernanda López,Base de Datos,11.88,69.9,69.97,Medio,Se recomienda reforzar habitos de estudio y asistencia.
E00435,Gabriela Medina,Estructuras de Datos,9.5,90.5,66.8,Medio,Se recomienda reforzar habitos de estudio y asistencia.
E00436,Paula Gutiérrez,Lenguajes de Programación,9.1,85.5,80.27,Medio,Se recomienda reforzar habitos de estudio y asistencia.
E00437,Ximena Delgado,Estructuras de Datos,11.3,69.9,76.63,Medio,Se recomienda reforzar habitos de estudio y asistencia.
E00438,Zoe Cabrera,Matemática Discreta,13.65,70.9,74.93,Medio,Se recomienda reforzar habitos de estudio y asistencia.
E00439,Jorge Cabrera,Matemática Discreta,15.9,80.2,72.27,Bajo,Mantener el desempeno actual; sin acciones urgentes.
E00440,Martina Cabrera,Base de Datos,12.32,70.3,58.77,Medio,Se recomienda reforzar habitos de estudio y asistencia.
E00441,Franco Gutiérrez,Estructuras de Datos,12.97,46.8,57.83,Medio,Se recomienda reforzar habitos de estudio y asistencia.
E00442,Diego Flores,Matemática Discreta,16.3,92.1,83.3,Bajo,Mantener el desempeno actual; sin acciones urgentes.
E00443,Alejandra Delgado,Redes de Computadoras,14.38,75.1,54.9,Medio,Se recomienda reforzar habitos de estudio y asistencia.
E00444,Miguel Flores,Lenguajes de Programación,7.28,66.1,52.53,Alto,Requiere tutoria academica inmediata y seguimiento semanal.
E00445,Alonso Ramírez,Estructuras de Datos,14.62,69.9,66.57,Medio,Se recomienda reforzar habitos de estudio y asistencia.
E00446,Adrián Zapata,Estructuras de Datos,10.4,64.9,67.7,Alto,Requiere tutoria academica inmediata y seguimiento semanal.
E00447,Andrés Mendoza,Estructuras de Datos,19.82,78.6,72.23,Medio,Se recomienda reforzar habitos de estudio y asistencia.
E00448,María Rojas,Redes de Computadoras,17.7,64.2,65.7,Medio,Se recomienda reforzar habitos de estudio y asistencia.
E00449,Valeria Rojas,Redes de Computadoras,13.0,69.8,87.47,Medio,Se recomienda reforzar habitos de estudio y asistencia.
E00450,Manuel Quispe,Matemática Discreta,13.3,54.0,71.33,Medio,Se recomienda reforzar habitos de estudio y asistencia.
E00451,Adrián Herrera,Estructuras de Datos,11.88,100.0,88.1,Medio,Se recomienda reforzar habitos de estudio y asistencia.
E00452,Lucía Medina,Base de Datos,10.4,70.3,54.37,Alto,Requiere tutoria academica inmediata y seguimiento semanal.
E00453,Sebastián Flores,Base de Datos,16.15,89.0,64.37,Medio,Se recomienda reforzar habitos de estudio y asistencia.
E00454,Rodrigo Espinoza,Redes de Computadoras,19.12,69.1,63.5,Medio,Se recomienda reforzar habitos de estudio y asistencia.
E00455,Camila Cabrera,Matemática Discreta,8.12,53.9,63.57,Alto,Requiere tutoria academica inmediata y seguimiento semanal.
E00456,Manuel Quispe,Lenguajes de Programación,12.8,79.3,73.1,Medio,Se recomienda reforzar habitos de estudio y asistencia.
E00457,Lucía Paredes,Redes de Computadoras,9.25,100.0,73.33,Medio,Se recomienda reforzar habitos de estudio y asistencia.
E00458,Vicente López,Estructuras de Datos,11.47,72.4,77.3,Medio,Se recomienda reforzar habitos de estudio y asistencia.
E00459,Jorge Vargas,Redes de Computadoras,10.57,88.8,67.47,Medio,Se recomienda reforzar habitos de estudio y asistencia.
E00460,Valeria Torres,Lenguajes de Programación,14.77,49.6,47.97,Medio,Se recomienda reforzar habitos de estudio y asistencia.
E00461,Ximena Chávez,Matemática Discreta,17.55,74.7,62.0,Medio,Se recomienda reforzar habitos de estudio y asistencia.
E00462,Daniela Vargas,Estructuras de Datos,17.15,69.9,87.1,Medio,Se recomienda reforzar habitos de estudio y asistencia.
E00463,Joaquín Herrera,Redes de Computadoras,9.32,85.1,72.7,Medio,Se recomienda reforzar habitos de estudio y asistencia.
E00464,Luis Rojas,Matemática Discreta,10.97,65.4,83.73,Medio,Se recomienda reforzar habitos de estudio y asistencia.
E00465,Valentina Sánchez,Base de Datos,16.05,88.5,83.77,Bajo,Mantener el desempeno actual; sin acciones urgentes.
E00466,Camila Zapata,Redes de Computadoras,13.65,82.4,64.77,Medio,Se recomienda reforzar habitos de estudio y asistencia.
E00467,Lucía López,Lenguajes de Programación,12.57,63.2,62.93,Medio,Se recomienda reforzar habitos de estudio y asistencia.
E00468,Estefanía Rivas,Redes de Computadoras,13.73,89.4,70.9,Bajo,Mantener el desempeno actual; sin acciones urgentes.
E00469,Isabela Zapata,Base de Datos,13.97,59.2,73.07,Medio,Se recomienda reforzar habitos de estudio y asistencia.
E00470,Sebastián Torres,Estructuras de Datos,16.2,86.2,69.67,Bajo,Mantener el desempeno actual; sin acciones urgentes.
E00471,Bruno López,Matemática Discreta,15.3,79.6,78.3,Medio,Se recomienda reforzar habitos de estudio y asistencia.
E00472,Milagros Zapata,Redes de Computadoras,15.03,66.4,57.37,Medio,Se recomienda reforzar habitos de estudio y asistencia.
E00473,María Rodríguez,Redes de Computadoras,20.0,100.0,61.63,Medio,Se recomienda reforzar habitos de estudio y asistencia.
E00474,Franco Ramírez,Base de Datos,12.98,66.7,60.5,Medio,Se recomienda reforzar habitos de estudio y asistencia.
E00475,Vicente Pérez,Base de Datos,17.02,58.4,69.03,Medio,Se recomienda reforzar habitos de estudio y asistencia.
E00476,Rodrigo Soto,Redes de Computadoras,18.6,67.6,71.8,Medio,Se recomienda reforzar habitos de estudio y asistencia.
E00477,Emilia López,Matemática Discreta,17.07,84.0,61.1,Medio,Se recomienda reforzar habitos de estudio y asistencia.
E00478,Mateo Vega,Matemática Discreta,14.03,65.4,65.3,Medio,Se recomienda reforzar habitos de estudio y asistencia.
E00479,María Torres,Lenguajes de Programación,9.0,91.1,72.3,Medio,Se recomienda reforzar habitos de estudio y asistencia.
E00480,Sofía Mendoza,Base de Datos,18.55,100.0,73.33,Bajo,Mantener el desempeno actual; sin acciones urgentes.
E00481,Antonella Espinoza,Matemática Discreta,18.58,55.9,50.87,Medio,Se recomienda reforzar habitos de estudio y asistencia.
E00482,Iván Alva,Lenguajes de Programación,9.35,52.9,59.17,Alto,Requiere tutoria academica inmediata y seguimiento semanal.
E00483,María Vega,Base de Datos,19.93,75.0,75.43,Medio,Se recomienda reforzar habitos de estudio y asistencia.
E00484,Tomás Palomino,Estructuras de Datos,8.62,88.2,88.57,Medio,Se recomienda reforzar habitos de estudio y asistencia.
E00485,Sofía Alva,Base de Datos,14.45,48.0,61.47,Medio,Se recomienda reforzar habitos de estudio y asistencia.
E00486,Sebastián Ortiz,Estructuras de Datos,15.57,73.8,56.63,Medio,Se recomienda reforzar habitos de estudio y asistencia.
E00487,Mateo Flores,Lenguajes de Programación,15.35,74.3,57.53,Medio,Se recomienda reforzar habitos de estudio y asistencia.
E00488,María Gutiérrez,Matemática Discreta,10.6,50.9,83.63,Medio,Se recomienda reforzar habitos de estudio y asistencia.
E00489,Isabela Alva,Matemática Discreta,7.9,23.6,67.87,Alto,Requiere tutoria academica inmediata y seguimiento semanal.
E00490,Rodrigo López,Matemática Discreta,17.77,83.8,70.83,Bajo,Mantener el desempeno actual; sin acciones urgentes.
E00491,Andrés Soto,Lenguajes de Programación,18.25,53.1,59.77,Medio,Se recomienda reforzar habitos de estudio y asistencia.
E00492,Isabela Ponce,Redes de Computadoras,11.82,62.7,75.07,Medio,Se recomienda reforzar habitos de estudio y asistencia.
E00493,Camila Mamani,Estructuras de Datos,11.0,66.0,66.73,Medio,Se recomienda reforzar habitos de estudio y asistencia.
E00494,Alonso Vega,Lenguajes de Programación,14.75,38.9,67.13,Medio,Se recomienda reforzar habitos de estudio y asistencia.
E00495,Ximena Cárdenas,Matemática Discreta,16.2,77.9,68.63,Medio,Se recomienda reforzar habitos de estudio y asistencia.
E00496,Ricardo Torres,Redes de Computadoras,3.33,100.0,73.23,Medio,Se recomienda reforzar habitos de estudio y asistencia.
E00497,Isabela Ramírez,Estructuras de Datos,7.5,61.2,67.07,Alto,Requiere tutoria academica inmediata y seguimiento semanal.
E00498,Jorge Flores,Estructuras de Datos,15.62,74.7,66.9,Medio,Se recomienda reforzar habitos de estudio y asistencia.
E00499,Iván García,Base de Datos,7.25,75.0,73.37,Medio,Se recomienda reforzar habitos de estudio y asistencia.
E00500,Emilia Reyes,Base de Datos,12.28,61.3,50.07,Medio,Se recomienda reforzar habitos de estudio y asistencia.
E00501,Emilio Paredes,Estructuras de Datos,6.72,76.8,72.27,Medio,Se recomienda reforzar habitos de estudio y asistencia.
E00502,Valentina Vargas,Estructuras de Datos,10.43,49.9,52.23,Alto,Requiere tutoria academica inmediata y seguimiento semanal.
E00503,Natalia Ortiz,Matemática Discreta,10.6,76.2,69.83,Medio,Se recomienda reforzar habitos de estudio y asistencia.
E00504,Fernanda Herrera,Lenguajes de Programación,11.4,79.6,70.7,Medio,Se recomienda reforzar habitos de estudio y asistencia.
E00505,Emilia Aguilar,Lenguajes de Programación,7.95,96.5,73.87,Medio,Se recomienda reforzar habitos de estudio y asistencia.
E00506,Ana Medina,Lenguajes de Programación,14.33,87.8,91.03,Bajo,Mantener el desempeno actual; sin acciones urgentes.
E00507,María Pérez,Base de Datos,17.05,65.6,71.87,Medio,Se recomienda reforzar habitos de estudio y asistencia.
E00508,Tomás Castillo,Lenguajes de Programación,8.93,70.3,64.57,Medio,Se recomienda reforzar habitos de estudio y asistencia.
E00509,Ana Reyes,Redes de Computadoras,19.45,75.4,75.6,Medio,Se recomienda reforzar habitos de estudio y asistencia.
E00510,Emilio Medina,Redes de Computadoras,18.48,100.0,77.2,Bajo,Mantener el desempeno actual; sin acciones urgentes.
E00511,Milagros Cruz,Redes de Computadoras,12.95,48.9,79.53,Medio,Se recomienda reforzar habitos de estudio y asistencia.
E00512,Estefanía Reyes,Lenguajes de Programación,10.57,99.8,86.43,Medio,Se recomienda reforzar habitos de estudio y asistencia.
E00513,Daniela Vargas,Estructuras de Datos,10.12,52.4,70.37,Alto,Requiere tutoria academica inmediata y seguimiento semanal.
E00514,Franco Cabrera,Lenguajes de Programación,16.07,54.8,76.07,Medio,Se recomienda reforzar habitos de estudio y asistencia.
E00515,Milagros Reyes,Lenguajes de Programación,11.8,45.2,75.07,Medio,Se recomienda reforzar habitos de estudio y asistencia.
E00516,Rodrigo Chávez,Base de Datos,10.95,54.5,76.77,Medio,Se recomienda reforzar habitos de estudio y asistencia.
E00517,Gabriela Huamán,Base de Datos,14.35,73.0,75.77,Medio,Se recomienda reforzar habitos de estudio y asistencia.
E00518,Emilia Salazar,Redes de Computadoras,19.1,87.0,58.2,Medio,Se recomienda reforzar habitos de estudio y asistencia.
E00519,Camila Rodríguez,Base de Datos,11.75,100.0,95.93,Medio,Se recomienda reforzar habitos de estudio y asistencia.
E00520,Valeria López,Base de Datos,10.6,100.0,72.27,Medio,Se recomienda reforzar habitos de estudio y asistencia.
E00521,Rosa Salazar,Matemática Discreta,14.23,48.5,42.03,Medio,Se recomienda reforzar habitos de estudio y asistencia.
E00522,Iván Alva,Matemática Discreta,15.22,61.8,80.6,Medio,Se recomienda reforzar habitos de estudio y asistencia.
E00523,Sebastián Salazar,Lenguajes de Programación,12.75,69.8,65.3,Medio,Se recomienda reforzar habitos de estudio y asistencia.
E00524,Sofía Cruz,Redes de Computadoras,19.7,58.5,55.47,Medio,Se recomienda reforzar habitos de estudio y asistencia.
E00525,Valentina Rivas,Matemática Discreta,14.05,73.0,80.9,Medio,Se recomienda reforzar habitos de estudio y asistencia.
E00526,Tomás Ramírez,Redes de Computadoras,11.35,67.6,84.57,Medio,Se recomienda reforzar habitos de estudio y asistencia.
E00527,Daniela Herrera,Matemática Discreta,7.47,85.6,84.7,Medio,Se recomienda reforzar habitos de estudio y asistencia.
E00528,Iván Sánchez,Estructuras de Datos,19.92,73.8,53.93,Medio,Se recomienda reforzar habitos de estudio y asistencia.
E00529,Fabián Cabrera,Base de Datos,15.55,73.0,65.0,Medio,Se recomienda reforzar habitos de estudio y asistencia.
E00530,Ricardo Flores,Matemática Discreta,15.77,78.0,74.53,Medio,Se recomienda reforzar habitos de estudio y asistencia.
E00531,Fabián Espinoza,Matemática Discreta,14.2,58.9,52.87,Medio,Se recomienda reforzar habitos de estudio y asistencia.
E00532,María Castillo,Redes de Computadoras,6.6,70.6,76.87,Medio,Se recomienda reforzar habitos de estudio y asistencia.
E00533,Gabriela Ramírez,Matemática Discreta,16.77,59.4,52.07,Medio,Se recomienda reforzar habitos de estudio y asistencia.
E00534,Bruno Paredes,Matemática Discreta,8.7,51.8,77.27,Alto,Requiere tutoria academica inmediata y seguimiento semanal.
E00535,Julio Pérez,Base de Datos,13.62,69.7,66.73,Medio,Se recomienda reforzar habitos de estudio y asistencia.
E00536,Emilio Ortiz,Matemática Discreta,16.57,50.3,74.03,Medio,Se recomienda reforzar habitos de estudio y asistencia.
E00537,Fernanda Palomino,Redes de Computadoras,6.72,77.6,67.63,Medio,Se recomienda reforzar habitos de estudio y asistencia.
E00538,Daniela Cárdenas,Estructuras de Datos,15.53,89.8,76.63,Bajo,Mantener el desempeno actual; sin acciones urgentes.
E00539,Daniela Ortiz,Matemática Discreta,19.27,100.0,79.4,Bajo,Mantener el desempeno actual; sin acciones urgentes.
E00540,María Quispe,Lenguajes de Programación,10.95,40.9,71.23,Medio,Se recomienda reforzar habitos de estudio y asistencia.
E00541,Daniela Huamán,Redes de Computadoras,14.5,86.3,71.5,Bajo,Mantener el desempeno actual; sin acciones urgentes.
E00542,Luis Aguilar,Estructuras de Datos,8.07,88.2,66.83,Medio,Se recomienda reforzar habitos de estudio y asistencia.
E00543,Natalia Palomino,Estructuras de Datos,14.38,63.0,65.2,Medio,Se recomienda reforzar habitos de estudio y asistencia.
E00544,Andrés Herrera,Estructuras de Datos,12.43,73.3,64.83,Medio,Se recomienda reforzar habitos de estudio y asistencia.
E00545,Milagros Palomino,Base de Datos,10.75,90.3,63.9,Medio,Se recomienda reforzar habitos de estudio y asistencia.
E00546,Rodrigo Soto,Estructuras de Datos,8.32,64.3,62.5,Alto,Requiere tutoria academica inmediata y seguimiento semanal.
E00547,Emilia Mendoza,Redes de Computadoras,14.93,44.1,54.87,Medio,Se recomienda reforzar habitos de estudio y asistencia.
E00548,Vicente Vargas,Lenguajes de Programación,8.88,56.9,80.8,Alto,Requiere tutoria academica inmediata y seguimiento semanal.
E00549,Natalia Salazar,Estructuras de Datos,16.95,90.6,73.57,Bajo,Mantener el desempeno actual; sin acciones urgentes.
E00550,Rosa Cabrera,Redes de Computadoras,9.55,98.8,69.03,Medio,Se recomienda reforzar habitos de estudio y asistencia.
E00551,Emilio Reyes,Redes de Computadoras,15.88,51.1,70.87,Medio,Se recomienda reforzar habitos de estudio y asistencia.
E00552,Milagros Pérez,Estructuras de Datos,11.95,81.4,73.1,Medio,Se recomienda reforzar habitos de estudio y asistencia.
E00553,Alonso Zapata,Redes de Computadoras,10.7,98.9,85.1,Medio,Se recomienda reforzar habitos de estudio y asistencia.
E00554,Emilia Espinoza,Redes de Computadoras,10.53,72.3,84.0,Medio,Se recomienda reforzar habitos de estudio y asistencia.
E00555,Sebastián Vega,Base de Datos,10.25,56.4,47.2,Alto,Requiere tutoria academica inmediata y seguimiento semanal.
E00556,María Aguilar,Estructuras de Datos,9.95,53.9,60.6,Alto,Requiere tutoria academica inmediata y seguimiento semanal.
E00557,Emilio García,Redes de Computadoras,14.77,59.8,66.97,Medio,Se recomienda reforzar habitos de estudio y asistencia.
E00558,Martina Mamani,Base de Datos,19.7,74.2,71.4,Medio,Se recomienda reforzar habitos de estudio y asistencia.
E00559,Sofía Mamani,Base de Datos,14.05,87.2,56.53,Medio,Se recomienda reforzar habitos de estudio y asistencia.
E00560,Martina López,Redes de Computadoras,17.02,44.8,56.37,Medio,Se recomienda reforzar habitos de estudio y asistencia.
E00561,Daniela Delgado,Lenguajes de Programación,12.15,38.9,41.63,Medio,Se recomienda reforzar habitos de estudio y asistencia.
E00562,María Ponce,Base de Datos,15.15,55.2,63.2,Medio,Se recomienda reforzar habitos de estudio y asistencia.
E00563,Tomás Paredes,Redes de Computadoras,10.15,59.1,69.27,Alto,Requiere tutoria academica inmediata y seguimiento semanal.
E00564,Alonso Alva,Base de Datos,12.93,88.3,59.3,Medio,Se recomienda reforzar habitos de estudio y asistencia.
E00565,Nicolás Alva,Base de Datos,12.45,76.2,70.0,Medio,Se recomienda reforzar habitos de estudio y asistencia.
E00566,Luis Herrera,Estructuras de Datos,14.48,79.9,67.07,Medio,Se recomienda reforzar habitos de estudio y asistencia.
E00567,Mateo Vega,Base de Datos,9.47,59.1,58.5,Alto,Requiere tutoria academica inmediata y seguimiento semanal.
E00568,Diego Cruz,Lenguajes de Programación,12.65,100.0,80.3,Medio,Se recomienda reforzar habitos de estudio y asistencia.
E00569,Andrés Sánchez,Estructuras de Datos,18.27,100.0,93.33,Bajo,Mantener el desempeno actual; sin acciones urgentes.
E00570,Bruno Aguilar,Estructuras de Datos,14.45,71.4,76.97,Medio,Se recomienda reforzar habitos de estudio y asistencia.
E00571,Gabriela Rodríguez,Matemática Discreta,10.05,67.3,75.77,Alto,Requiere tutoria academica inmediata y seguimiento semanal.
E00572,Rosa Rojas,Redes de Computadoras,11.55,100.0,76.8,Medio,Se recomienda reforzar habitos de estudio y asistencia.
E00573,Lucía Herrera,Lenguajes de Programación,19.18,76.7,82.53,Medio,Se recomienda reforzar habitos de estudio y asistencia.
E00574,Luis Herrera,Estructuras de Datos,12.78,87.3,82.73,Medio,Se recomienda reforzar habitos de estudio y asistencia.
E00575,Nicolás Flores,Lenguajes de Programación,8.1,81.1,66.33,Medio,Se recomienda reforzar habitos de estudio y asistencia.
E00576,Gabriela Pérez,Base de Datos,10.73,64.1,74.7,Medio,Se recomienda reforzar habitos de estudio y asistencia.
E00577,Ximena Ortiz,Matemática Discreta,15.78,95.3,83.53,Bajo,Mantener el desempeno actual; sin acciones urgentes.
E00578,Alejandra Zapata,Lenguajes de Programación,14.12,56.0,64.7,Medio,Se recomienda reforzar habitos de estudio y asistencia.
E00579,Tomás Sánchez,Matemática Discreta,12.4,73.7,71.0,Medio,Se recomienda reforzar habitos de estudio y asistencia.
E00580,Luis Ramírez,Matemática Discreta,17.98,82.3,66.57,Bajo,Mantener el desempeno actual; sin acciones urgentes.
E00581,Nicolás Castillo,Redes de Computadoras,18.55,57.8,70.7,Medio,Se recomienda reforzar habitos de estudio y asistencia.
E00582,Emilia Torres,Redes de Computadoras,10.3,85.5,78.13,Medio,Se recomienda reforzar habitos de estudio y asistencia.
E00583,Emilia Rodríguez,Estructuras de Datos,12.88,44.8,74.93,Medio,Se recomienda reforzar habitos de estudio y asistencia.
E00584,Manuel Pérez,Base de Datos,8.93,73.5,91.03,Medio,Se recomienda reforzar habitos de estudio y asistencia.
E00585,Ricardo Castillo,Base de Datos,15.88,47.9,62.7,Medio,Se recomienda reforzar habitos de estudio y asistencia.
E00586,Franco Ramírez,Lenguajes de Programación,10.07,93.8,71.27,Medio,Se recomienda reforzar habitos de estudio y asistencia.
E00587,Bruno Paredes,Base de Datos,14.1,66.4,66.3,Medio,Se recomienda reforzar habitos de estudio y asistencia.
E00588,Sofía Ponce,Lenguajes de Programación,10.58,74.9,72.0,Medio,Se recomienda reforzar habitos de estudio y asistencia.
E00589,María Medina,Redes de Computadoras,13.9,68.6,54.1,Medio,Se recomienda reforzar habitos de estudio y asistencia.
E00590,Manuel Sánchez,Redes de Computadoras,13.93,84.0,65.2,Bajo,Mantener el desempeno actual; sin acciones urgentes.
E00591,Martina Rojas,Estructuras de Datos,13.65,53.5,54.9,Medio,Se recomienda reforzar habitos de estudio y asistencia.
E00592,Rodrigo Ponce,Estructuras de Datos,14.88,86.0,60.73,Medio,Se recomienda reforzar habitos de estudio y asistencia.
E00593,Camila Zapata,Estructuras de Datos,13.3,85.6,70.47,Bajo,Mantener el desempeno actual; sin acciones urgentes.
E00594,Julio Chávez,Base de Datos,19.95,43.5,65.67,Medio,Se recomienda reforzar habitos de estudio y asistencia.
E00595,Daniela Ortiz,Redes de Computadoras,5.6,63.8,68.33,Alto,Requiere tutoria academica inmediata y seguimiento semanal.
E00596,Milagros Cruz,Matemática Discreta,8.1,80.2,64.07,Medio,Se recomienda reforzar habitos de estudio y asistencia.
E00597,Sebastián Rivas,Lenguajes de Programación,12.8,59.6,78.03,Medio,Se recomienda reforzar habitos de estudio y asistencia.
E00598,Fabián Reyes,Matemática Discreta,13.43,86.6,75.0,Bajo,Mantener el desempeno actual; sin acciones urgentes.
E00599,Jorge Zapata,Redes de Computadoras,14.8,52.1,60.73,Medio,Se recomienda reforzar habitos de estudio y asistencia.
E00600,Ricardo Rodríguez,Lenguajes de Programación,19.57,100.0,70.67,Bajo,Mantener el desempeno actual; sin acciones urgentes.
E00601,Joaquín Mendoza,Redes de Computadoras,15.42,67.4,73.87,Medio,Se recomienda reforzar habitos de estudio y asistencia.
E00602,Emilia Paredes,Matemática Discreta,2.92,73.0,65.67,Medio,Se recomienda reforzar habitos de estudio y asistencia.
E00603,Andrés Flores,Matemática Discreta,10.02,91.2,79.23,Medio,Se recomienda reforzar habitos de estudio y asistencia.
E00604,Nicolás Cárdenas,Base de Datos,19.65,51.3,51.73,Medio,Se recomienda reforzar habitos de estudio y asistencia.
E00605,Ricardo Herrera,Matemática Discreta,7.05,75.2,69.87,Medio,Se recomienda reforzar habitos de estudio y asistencia.
E00606,Natalia Espinoza,Matemática Discreta,14.15,96.6,93.2,Bajo,Mantener el desempeno actual; sin acciones urgentes.
E00607,Manuel López,Redes de Computadoras,9.53,78.6,51.33,Alto,Requiere tutoria academica inmediata y seguimiento semanal.
E00608,Lucía Soto,Redes de Computadoras,10.7,93.9,66.03,Medio,Se recomienda reforzar habitos de estudio y asistencia.
E00609,Mateo Delgado,Estructuras de Datos,16.07,77.0,62.13,Medio,Se recomienda reforzar habitos de estudio y asistencia.
E00610,Nicolás Cabrera,Matemática Discreta,12.22,69.0,70.27,Medio,Se recomienda reforzar habitos de estudio y asistencia.
E00611,Estefanía Ponce,Estructuras de Datos,8.57,53.3,64.57,Alto,Requiere tutoria academica inmediata y seguimiento semanal.
E00612,Iván Cruz,Matemática Discreta,19.77,81.8,72.6,Bajo,Mantener el desempeno actual; sin acciones urgentes.
E00613,Julio Espinoza,Base de Datos,11.65,83.5,72.77,Medio,Se recomienda reforzar habitos de estudio y asistencia.
E00614,Jorge Mamani,Matemática Discreta,10.27,60.4,65.07,Alto,Requiere tutoria academica inmediata y seguimiento semanal.
E00615,Ricardo Vega,Lenguajes de Programación,15.32,80.6,91.6,Bajo,Mantener el desempeno actual; sin acciones urgentes.
E00616,Emilio Espinoza,Redes de Computadoras,11.7,84.1,77.77,Medio,Se recomienda reforzar habitos de estudio y asistencia.
E00617,Andrés Aguilar,Lenguajes de Programación,11.3,80.4,76.2,Medio,Se recomienda reforzar habitos de estudio y asistencia.
E00618,Rodrigo Vargas,Base de Datos,11.4,84.0,87.57,Medio,Se recomienda reforzar habitos de estudio y asistencia.
E00619,Nicolás Espinoza,Redes de Computadoras,9.93,56.6,44.47,Alto,Requiere tutoria academica inmediata y seguimiento semanal.
E00620,Manuel Reyes,Base de Datos,16.15,87.0,74.07,Bajo,Mantener el desempeno actual; sin acciones urgentes.
E00621,Diego Aguilar,Lenguajes de Programación,14.12,64.1,68.03,Medio,Se recomienda reforzar habitos de estudio y asistencia.
E00622,Jorge Gutiérrez,Redes de Computadoras,15.75,38.6,50.4,Medio,Se recomienda reforzar habitos de estudio y asistencia.
E00623,Fabián Cruz,Lenguajes de Programación,14.62,86.2,74.63,Bajo,Mantener el desempeno actual; sin acciones urgentes.
E00624,Carlos Pérez,Lenguajes de Programación,12.18,78.5,68.83,Medio,Se recomienda reforzar habitos de estudio y asistencia.
E00625,Martina Flores,Redes de Computadoras,15.95,91.6,70.7,Bajo,Mantener el desempeno actual; sin acciones urgentes.
E00626,Rosa Vega,Matemática Discreta,14.18,65.3,65.57,Medio,Se recomienda reforzar habitos de estudio y asistencia.
E00627,Franco Cabrera,Matemática Discreta,16.8,83.4,74.47,Bajo,Mantener el desempeno actual; sin acciones urgentes.
E00628,Alonso Rivas,Matemática Discreta,15.4,63.6,78.1,Medio,Se recomienda reforzar habitos de estudio y asistencia.
E00629,Emilio Ramírez,Matemática Discreta,10.32,100.0,81.4,Medio,Se recomienda reforzar habitos de estudio y asistencia.
E00630,Milagros Medina,Base de Datos,13.62,60.3,59.43,Medio,Se recomienda reforzar habitos de estudio y asistencia.
E00631,Tomás Espinoza,Lenguajes de Programación,13.7,72.5,65.23,Medio,Se recomienda reforzar habitos de estudio y asistencia.
E00632,Mateo Zapata,Lenguajes de Programación,16.18,52.2,67.3,Medio,Se recomienda reforzar habitos de estudio y asistencia.
E00633,Estefanía Herrera,Lenguajes de Programación,12.15,83.4,81.03,Medio,Se recomienda reforzar habitos de estudio y asistencia.
E00634,Iván Rodríguez,Base de Datos,11.4,43.4,57.03,Medio,Se recomienda reforzar habitos de estudio y asistencia.
E00635,Renata Mamani,Lenguajes de Programación,8.35,92.3,68.37,Medio,Se recomienda reforzar habitos de estudio y asistencia.
E00636,Carlos Torres,Redes de Computadoras,9.45,76.7,63.13,Medio,Se recomienda reforzar habitos de estudio y asistencia.
E00637,Joaquín Alva,Estructuras de Datos,12.82,83.8,68.03,Medio,Se recomienda reforzar habitos de estudio y asistencia.
E00638,Lucía Espinoza,Estructuras de Datos,8.65,74.8,84.93,Medio,Se recomienda reforzar habitos de estudio y asistencia.
E00639,Ricardo García,Redes de Computadoras,12.7,91.6,77.23,Medio,Se recomienda reforzar habitos de estudio y asistencia.
E00640,Emilia Delgado,Base de Datos,10.65,61.4,70.33,Medio,Se recomienda reforzar habitos de estudio y asistencia.
E00641,Renata Espinoza,Matemática Discreta,11.32,76.4,60.33,Medio,Se recomienda reforzar habitos de estudio y asistencia.
E00642,Rosa Ortiz,Base de Datos,10.78,69.1,61.63,Medio,Se recomienda reforzar habitos de estudio y asistencia.
E00643,Alejandra Herrera,Matemática Discreta,10.9,98.8,99.17,Medio,Se recomienda reforzar habitos de estudio y asistencia.
E00644,Valentina Ponce,Base de Datos,10.4,66.2,70.03,Alto,Requiere tutoria academica inmediata y seguimiento semanal.
E00645,Lucía Espinoza,Estructuras de Datos,14.03,81.1,60.27,Medio,Se recomienda reforzar habitos de estudio y asistencia.
E00646,Tomás Chávez,Redes de Computadoras,13.95,78.0,75.9,Medio,Se recomienda reforzar habitos de estudio y asistencia.
E00647,Paula Palomino,Base de Datos,11.27,63.5,61.27,Medio,Se recomienda reforzar habitos de estudio y asistencia.
E00648,Iván Paredes,Estructuras de Datos,18.77,67.4,41.97,Medio,Se recomienda reforzar habitos de estudio y asistencia.
E00649,Alonso Zapata,Redes de Computadoras,6.95,82.1,65.83,Medio,Se recomienda reforzar habitos de estudio y asistencia.
E00650,Miguel Flores,Matemática Discreta,11.43,84.4,64.87,Medio,Se recomienda reforzar habitos de estudio y asistencia.
E00651,Isabela Espinoza,Estructuras de Datos,14.72,79.3,74.17,Medio,Se recomienda reforzar habitos de estudio y asistencia.
E00652,Joaquín Chávez,Redes de Computadoras,11.15,36.8,72.27,Medio,Se recomienda reforzar habitos de estudio y asistencia.
E00653,Daniela Gutiérrez,Estructuras de Datos,5.9,96.2,69.47,Medio,Se recomienda reforzar habitos de estudio y asistencia.
E00654,Miguel Huamán,Estructuras de Datos,7.42,72.1,54.83,Alto,Requiere tutoria academica inmediata y seguimiento semanal.
E00655,Martina Flores,Estructuras de Datos,13.98,58.4,82.57,Medio,Se recomienda reforzar habitos de estudio y asistencia.
E00656,Andrés Gutiérrez,Estructuras de Datos,15.7,100.0,89.9,Bajo,Mantener el desempeno actual; sin acciones urgentes.
E00657,Valentina Cruz,Redes de Computadoras,14.82,84.1,66.4,Bajo,Mantener el desempeno actual; sin acciones urgentes.
E00658,Valentina Quispe,Base de Datos,12.4,95.6,80.7,Medio,Se recomienda reforzar habitos de estudio y asistencia.
E00659,Ximena Castillo,Matemática Discreta,4.3,66.8,62.27,Alto,Requiere tutoria academica inmediata y seguimiento semanal.
E00660,Fernanda Rivas,Lenguajes de Programación,12.52,81.2,65.17,Medio,Se recomienda reforzar habitos de estudio y asistencia.
E00661,Ana Palomino,Lenguajes de Programación,10.65,89.2,76.33,Medio,Se recomienda reforzar habitos de estudio y asistencia.
E00662,Isabela Zapata,Lenguajes de Programación,6.08,74.8,85.37,Medio,Se recomienda reforzar habitos de estudio y asistencia.
E00663,Martina Chávez,Estructuras de Datos,13.4,72.3,69.2,Medio,Se recomienda reforzar habitos de estudio y asistencia.
E00664,Camila Soto,Base de Datos,14.55,92.2,71.5,Bajo,Mantener el desempeno actual; sin acciones urgentes.
E00665,Renata Herrera,Lenguajes de Programación,11.4,54.2,78.03,Medio,Se recomienda reforzar habitos de estudio y asistencia.
E00666,Isabela Cabrera,Lenguajes de Programación,9.12,66.0,73.03,Alto,Requiere tutoria academica inmediata y seguimiento semanal.
E00667,Zoe Palomino,Base de Datos,18.48,61.7,71.3,Medio,Se recomienda reforzar habitos de estudio y asistencia.
E00668,Franco Cabrera,Lenguajes de Programación,15.57,81.7,66.43,Bajo,Mantener el desempeno actual; sin acciones urgentes.
E00669,María Paredes,Base de Datos,11.2,100.0,77.77,Medio,Se recomienda reforzar habitos de estudio y asistencia.
E00670,Martina García,Base de Datos,14.93,54.6,64.23,Medio,Se recomienda reforzar habitos de estudio y asistencia.
E00671,María Reyes,Estructuras de Datos,13.23,67.1,46.03,Medio,Se recomienda reforzar habitos de estudio y asistencia.
E00672,Mateo Sánchez,Estructuras de Datos,10.07,72.9,53.3,Alto,Requiere tutoria academica inmediata y seguimiento semanal.
E00673,Ana Cabrera,Matemática Discreta,16.15,91.5,65.0,Bajo,Mantener el desempeno actual; sin acciones urgentes.
E00674,Martina Castillo,Lenguajes de Programación,16.9,82.5,73.87,Bajo,Mantener el desempeno actual; sin acciones urgentes.
E00675,Manuel Chávez,Lenguajes de Programación,15.07,76.9,49.63,Medio,Se recomienda reforzar habitos de estudio y asistencia.
E00676,Luis Alva,Lenguajes de Programación,16.32,88.7,74.1,Bajo,Mantener el desempeno actual; sin acciones urgentes.
E00677,Zoe Espinoza,Estructuras de Datos,9.25,73.2,69.37,Medio,Se recomienda reforzar habitos de estudio y asistencia.
E00678,Miguel Gutiérrez,Base de Datos,10.05,60.4,67.6,Alto,Requiere tutoria academica inmediata y seguimiento semanal.
E00679,Diego Cabrera,Base de Datos,8.15,93.8,85.27,Medio,Se recomienda reforzar habitos de estudio y asistencia.
E00680,Rodrigo Alva,Base de Datos,17.27,84.4,85.4,Bajo,Mantener el desempeno actual; sin acciones urgentes.
E00681,Jorge Chávez,Estructuras de Datos,6.65,44.8,58.93,Alto,Requiere tutoria academica inmediata y seguimiento semanal.
E00682,Mateo Flores,Base de Datos,11.75,50.1,65.43,Medio,Se recomienda reforzar habitos de estudio y asistencia.
E00683,Adrián Cruz,Redes de Computadoras,13.4,57.7,52.57,Medio,Se recomienda reforzar habitos de estudio y asistencia.
E00684,Miguel Gutiérrez,Estructuras de Datos,10.65,61.7,62.0,Medio,Se recomienda reforzar habitos de estudio y asistencia.
E00685,Alonso Rojas,Base de Datos,7.78,37.8,51.7,Alto,Requiere tutoria academica inmediata y seguimiento semanal.
E00686,Paula Rojas,Estructuras de Datos,10.6,80.3,69.5,Medio,Se recomienda reforzar habitos de estudio y asistencia.
E00687,Estefanía Zapata,Redes de Computadoras,10.4,87.8,80.53,Medio,Se recomienda reforzar habitos de estudio y asistencia.
E00688,Rodrigo Chávez,Matemática Discreta,12.93,64.5,71.4,Medio,Se recomienda reforzar habitos de estudio y asistencia.
E00689,Zoe Rodríguez,Base de Datos,9.77,100.0,89.23,Medio,Se recomienda reforzar habitos de estudio y asistencia.
E00690,Renata Huamán,Matemática Discreta,9.6,92.6,76.0,Medio,Se recomienda reforzar habitos de estudio y asistencia.
E00691,Camila Cárdenas,Base de Datos,9.5,76.6,69.87,Medio,Se recomienda reforzar habitos de estudio y asistencia.
E00692,Lucía Rivas,Matemática Discreta,11.35,54.9,46.17,Medio,Se recomienda reforzar habitos de estudio y asistencia.
E00693,Rodrigo Cabrera,Estructuras de Datos,12.6,84.6,68.33,Medio,Se recomienda reforzar habitos de estudio y asistencia.
E00694,Gabriela Mamani,Lenguajes de Programación,10.2,89.6,89.87,Medio,Se recomienda reforzar habitos de estudio y asistencia.
E00695,Daniela Paredes,Matemática Discreta,12.72,74.5,73.83,Medio,Se recomienda reforzar habitos de estudio y asistencia.
E00696,Mateo Torres,Lenguajes de Programación,6.5,85.1,56.47,Alto,Requiere tutoria academica inmediata y seguimiento semanal.
E00697,Isabela Palomino,Base de Datos,14.2,73.5,67.47,Medio,Se recomienda reforzar habitos de estudio y asistencia.
E00698,Fabián Paredes,Redes de Computadoras,12.43,61.9,56.8,Medio,Se recomienda reforzar habitos de estudio y asistencia.
E00699,Carlos Salazar,Estructuras de Datos,9.75,71.3,60.83,Medio,Se recomienda reforzar habitos de estudio y asistencia.
E00700,Tomás Sánchez,Base de Datos,15.57,44.1,55.0,Medio,Se recomienda reforzar habitos de estudio y asistencia.
E00701,Mateo Rojas,Redes de Computadoras,10.82,52.2,73.43,Medio,Se recomienda reforzar habitos de estudio y asistencia.
E00702,Adrián Reyes,Matemática Discreta,12.25,80.5,54.13,Medio,Se recomienda reforzar habitos de estudio y asistencia.
E00703,Luis Mamani,Estructuras de Datos,14.82,58.5,71.7,Medio,Se recomienda reforzar habitos de estudio y asistencia.
E00704,Valeria Medina,Estructuras de Datos,16.15,100.0,83.5,Bajo,Mantener el desempeno actual; sin acciones urgentes.
E00705,Tomás López,Base de Datos,15.28,77.4,72.33,Medio,Se recomienda reforzar habitos de estudio y asistencia.
E00706,Estefanía Zapata,Redes de Computadoras,17.0,84.4,74.8,Bajo,Mantener el desempeno actual; sin acciones urgentes.
E00707,Alonso Huamán,Redes de Computadoras,12.05,68.3,61.6,Medio,Se recomienda reforzar habitos de estudio y asistencia.
E00708,Rodrigo Vega,Matemática Discreta,15.78,93.7,89.17,Bajo,Mantener el desempeno actual; sin acciones urgentes.
E00709,Ana Cárdenas,Matemática Discreta,20.0,86.6,69.9,Bajo,Mantener el desempeno actual; sin acciones urgentes.
E00710,María Ponce,Base de Datos,13.82,72.7,67.87,Medio,Se recomienda reforzar habitos de estudio y asistencia.
E00711,Tomás Herrera,Matemática Discreta,9.53,55.0,68.77,Alto,Requiere tutoria academica inmediata y seguimiento semanal.
E00712,María Rodríguez,Matemática Discreta,15.52,78.5,77.13,Medio,Se recomienda reforzar habitos de estudio y asistencia.
E00713,Ximena Zapata,Redes de Computadoras,18.95,72.9,90.6,Medio,Se recomienda reforzar habitos de estudio y asistencia.
E00714,Renata Mendoza,Matemática Discreta,10.52,59.4,60.43,Medio,Se recomienda reforzar habitos de estudio y asistencia.
E00715,Martina Palomino,Matemática Discreta,14.3,83.2,83.77,Bajo,Mantener el desempeno actual; sin acciones urgentes.
E00716,Isabela Soto,Estructuras de Datos,13.12,80.2,75.17,Bajo,Mantener el desempeno actual; sin acciones urgentes.
E00717,Fernanda Flores,Base de Datos,6.5,69.0,76.33,Alto,Requiere tutoria academica inmediata y seguimiento semanal.
E00718,Antonella Torres,Redes de Computadoras,11.05,84.9,57.03,Medio,Se recomienda reforzar habitos de estudio y asistencia.
E00719,Alonso Ortiz,Estructuras de Datos,9.78,52.9,60.87,Alto,Requiere tutoria academica inmediata y seguimiento semanal.
E00720,Paula Sánchez,Lenguajes de Programación,12.82,63.0,59.3,Medio,Se recomienda reforzar habitos de estudio y asistencia.
E00721,Nicolás Delgado,Matemática Discreta,15.83,100.0,80.0,Bajo,Mantener el desempeno actual; sin acciones urgentes.
E00722,Ximena Medina,Matemática Discreta,9.55,61.4,51.73,Alto,Requiere tutoria academica inmediata y seguimiento semanal.
E00723,Alejandra Zapata,Matemática Discreta,12.32,100.0,75.97,Medio,Se recomienda reforzar habitos de estudio y asistencia.
E00724,Emilia Rojas,Base de Datos,17.48,64.8,48.07,Medio,Se recomienda reforzar habitos de estudio y asistencia.
E00725,Julio Paredes,Matemática Discreta,11.78,59.8,56.23,Medio,Se recomienda reforzar habitos de estudio y asistencia.
E00726,Zoe Salazar,Estructuras de Datos,14.9,64.9,80.77,Medio,Se recomienda reforzar habitos de estudio y asistencia.
E00727,Valeria Gutiérrez,Estructuras de Datos,9.32,73.2,71.83,Medio,Se recomienda reforzar habitos de estudio y asistencia.
E00728,Renata Medina,Redes de Computadoras,13.05,82.6,77.73,Bajo,Mantener el desempeno actual; sin acciones urgentes.
E00729,Diego Vargas,Redes de Computadoras,12.15,55.1,49.97,Medio,Se recomienda reforzar habitos de estudio y asistencia.
E00730,Ximena Torres,Lenguajes de Programación,15.98,59.4,62.0,Medio,Se recomienda reforzar habitos de estudio y asistencia.
E00731,Nicolás Rodríguez,Base de Datos,16.05,88.0,88.07,Bajo,Mantener el desempeno actual; sin acciones urgentes.
E00732,Mateo Herrera,Redes de Computadoras,10.23,87.5,58.43,Alto,Requiere tutoria academica inmediata y seguimiento semanal.
E00733,Mateo Gutiérrez,Lenguajes de Programación,7.3,49.2,69.73,Alto,Requiere tutoria academica inmediata y seguimiento semanal.
E00734,Valentina Cárdenas,Lenguajes de Programación,12.5,57.9,51.5,Medio,Se recomienda reforzar habitos de estudio y asistencia.
E00735,Adrián Zapata,Estructuras de Datos,15.15,47.8,69.27,Medio,Se recomienda reforzar habitos de estudio y asistencia.
E00736,Daniela Vargas,Lenguajes de Programación,13.3,81.4,62.43,Medio,Se recomienda reforzar habitos de estudio y asistencia.
E00737,Diego Pérez,Lenguajes de Programación,14.35,80.3,59.47,Medio,Se recomienda reforzar habitos de estudio y asistencia.
E00738,Adrián Flores,Matemática Discreta,16.93,65.2,65.23,Medio,Se recomienda reforzar habitos de estudio y asistencia.
E00739,Lucía Zapata,Matemática Discreta,14.72,61.4,66.47,Medio,Se recomienda reforzar habitos de estudio y asistencia.
E00740,Gabriela Ponce,Base de Datos,8.0,78.0,72.17,Medio,Se recomienda reforzar habitos de estudio y asistencia.
E00741,Daniela Vega,Redes de Computadoras,16.0,58.4,52.97,Medio,Se recomienda reforzar habitos de estudio y asistencia.
E00742,Andrés Ponce,Redes de Computadoras,8.1,100.0,86.63,Medio,Se recomienda reforzar habitos de estudio y asistencia.
E00743,Mateo Vargas,Estructuras de Datos,18.57,57.5,64.5,Medio,Se recomienda reforzar habitos de estudio y asistencia.
E00744,Joaquín Rodríguez,Redes de Computadoras,16.25,100.0,86.53,Bajo,Mantener el desempeno actual; sin acciones urgentes.
E00745,Bruno Quispe,Matemática Discreta,11.97,66.2,60.6,Medio,Se recomienda reforzar habitos de estudio y asistencia.
E00746,Adrián Flores,Estructuras de Datos,11.75,69.3,65.93,Medio,Se recomienda reforzar habitos de estudio y asistencia.
E00747,Tomás Flores,Matemática Discreta,12.57,85.7,70.5,Medio,Se recomienda reforzar habitos de estudio y asistencia.
E00748,Ana Vega,Redes de Computadoras,9.3,71.3,43.1,Alto,Requiere tutoria academica inmediata y seguimiento semanal.
E00749,Rodrigo Ortiz,Matemática Discreta,12.25,55.9,66.4,Medio,Se recomienda reforzar habitos de estudio y asistencia.
E00750,Lucía Mamani,Redes de Computadoras,9.03,39.8,64.57,Alto,Requiere tutoria academica inmediata y seguimiento semanal.
E00751,Luis Sánchez,Lenguajes de Programación,9.98,59.1,63.37,Alto,Requiere tutoria academica inmediata y seguimiento semanal.
E00752,Carlos Palomino,Lenguajes de Programación,10.82,64.7,48.6,Medio,Se recomienda reforzar habitos de estudio y asistencia.
E00753,Natalia Chávez,Redes de Computadoras,17.0,36.4,47.77,Medio,Se recomienda reforzar habitos de estudio y asistencia.
E00754,Camila Pérez,Base de Datos,13.4,73.8,70.33,Medio,Se recomienda reforzar habitos de estudio y asistencia.
E00755,Joaquín Castillo,Estructuras de Datos,10.75,92.2,70.37,Medio,Se recomienda reforzar habitos de estudio y asistencia.
E00756,Diego Gutiérrez,Redes de Computadoras,17.73,53.9,56.0,Medio,Se recomienda reforzar habitos de estudio y asistencia.
E00757,Tomás Palomino,Base de Datos,8.9,69.2,64.63,Alto,Requiere tutoria academica inmediata y seguimiento semanal.
E00758,Emilia Cabrera,Base de Datos,14.68,100.0,76.67,Bajo,Mantener el desempeno actual; sin acciones urgentes.
E00759,Camila Quispe,Lenguajes de Programación,6.97,62.7,75.2,Alto,Requiere tutoria academica inmediata y seguimiento semanal.
E00760,María Flores,Redes de Computadoras,17.98,87.6,82.53,Bajo,Mantener el desempeno actual; sin acciones urgentes.
E00761,Iván Herrera,Lenguajes de Programación,12.32,51.6,57.4,Medio,Se recomienda reforzar habitos de estudio y asistencia.
E00762,Emilia Espinoza,Redes de Computadoras,7.95,57.7,71.7,Alto,Requiere tutoria academica inmediata y seguimiento semanal.
E00763,Zoe Flores,Estructuras de Datos,17.1,46.9,55.77,Medio,Se recomienda reforzar habitos de estudio y asistencia.
E00764,Adrián Torres,Matemática Discreta,12.07,65.3,61.77,Medio,Se recomienda reforzar habitos de estudio y asistencia.
E00765,Ximena Espinoza,Redes de Computadoras,7.88,54.1,59.5,Alto,Requiere tutoria academica inmediata y seguimiento semanal.
E00766,Carlos Cabrera,Matemática Discreta,14.77,63.5,54.53,Medio,Se recomienda reforzar habitos de estudio y asistencia.
E00767,Natalia Espinoza,Matemática Discreta,13.0,48.3,53.03,Medio,Se recomienda reforzar habitos de estudio y asistencia.
E00768,Rodrigo Rodríguez,Estructuras de Datos,19.9,86.4,95.47,Bajo,Mantener el desempeno actual; sin acciones urgentes.
E00769,Julio Espinoza,Estructuras de Datos,11.53,80.6,75.7,Medio,Se recomienda reforzar habitos de estudio y asistencia.
E00770,Luis Castillo,Matemática Discreta,14.57,100.0,77.77,Bajo,Mantener el desempeno actual; sin acciones urgentes.
E00771,Diego Cárdenas,Lenguajes de Programación,11.62,48.7,69.6,Medio,Se recomienda reforzar habitos de estudio y asistencia.
E00772,Iván Espinoza,Estructuras de Datos,8.45,54.5,76.87,Alto,Requiere tutoria academica inmediata y seguimiento semanal.
E00773,Fabián Herrera,Base de Datos,18.02,91.9,95.73,Bajo,Mantener el desempeno actual; sin acciones urgentes.
E00774,Milagros Mamani,Base de Datos,15.62,100.0,65.5,Bajo,Mantener el desempeno actual; sin acciones urgentes.
E00775,Rosa Paredes,Redes de Computadoras,12.55,70.3,53.33,Medio,Se recomienda reforzar habitos de estudio y asistencia.
E00776,Alonso Cabrera,Matemática Discreta,13.7,69.7,77.57,Medio,Se recomienda reforzar habitos de estudio y asistencia.
E00777,Miguel Vega,Matemática Discreta,19.5,100.0,96.97,Bajo,Mantener el desempeno actual; sin acciones urgentes.
E00778,Luis Mamani,Redes de Computadoras,11.2,75.2,73.27,Medio,Se recomienda reforzar habitos de estudio y asistencia.
E00779,Valeria Vargas,Lenguajes de Programación,11.68,66.9,77.47,Medio,Se recomienda reforzar habitos de estudio y asistencia.
E00780,Manuel Vega,Estructuras de Datos,9.8,95.3,71.17,Medio,Se recomienda reforzar habitos de estudio y asistencia.
E00781,Valentina Ramírez,Redes de Computadoras,15.35,89.7,74.3,Bajo,Mantener el desempeno actual; sin acciones urgentes.
E00782,Manuel Ponce,Redes de Computadoras,14.38,54.5,54.13,Medio,Se recomienda reforzar habitos de estudio y asistencia.
E00783,Ana Cárdenas,Matemática Discreta,12.05,43.3,58.53,Medio,Se recomienda reforzar habitos de estudio y asistencia.
E00784,Valeria Quispe,Lenguajes de Programación,6.12,53.3,64.3,Alto,Requiere tutoria academica inmediata y seguimiento semanal.
E00785,Julio Flores,Matemática Discreta,10.43,93.2,82.7,Medio,Se recomienda reforzar habitos de estudio y asistencia.
E00786,Andrés Sánchez,Matemática Discreta,13.38,83.2,59.2,Medio,Se recomienda reforzar habitos de estudio y asistencia.
E00787,Ximena Vega,Estructuras de Datos,17.75,83.0,61.7,Medio,Se recomienda reforzar habitos de estudio y asistencia.
E00788,Ximena Salazar,Estructuras de Datos,18.6,75.5,78.5,Medio,Se recomienda reforzar habitos de estudio y asistencia.
E00789,Julio Rivas,Base de Datos,12.72,52.2,74.57,Medio,Se recomienda reforzar habitos de estudio y asistencia.
E00790,Estefanía Salazar,Redes de Computadoras,11.73,96.4,71.87,Medio,Se recomienda reforzar habitos de estudio y asistencia.
E00791,Martina Vega,Redes de Computadoras,9.72,60.8,47.23,Alto,Requiere tutoria academica inmediata y seguimiento semanal.
E00792,Rosa Chávez,Matemática Discreta,9.4,100.0,74.23,Medio,Se recomienda reforzar habitos de estudio y asistencia.
E00793,Julio López,Lenguajes de Programación,9.75,56.8,71.77,Alto,Requiere tutoria academica inmediata y seguimiento semanal.
E00794,María Quispe,Estructuras de Datos,7.95,73.4,69.3,Medio,Se recomienda reforzar habitos de estudio y asistencia.
E00795,Miguel Flores,Estructuras de Datos,7.85,81.6,73.57,Medio,Se recomienda reforzar habitos de estudio y asistencia.
E00796,Renata Mamani,Matemática Discreta,14.38,52.4,59.0,Medio,Se recomienda reforzar habitos de estudio y asistencia.
E00797,Andrés Chávez,Matemática Discreta,14.9,94.3,77.0,Bajo,Mantener el desempeno actual; sin acciones urgentes.
E00798,Ximena López,Lenguajes de Programación,17.27,80.3,61.07,Medio,Se recomienda reforzar habitos de estudio y asistencia.
E00799,Gabriela Vega,Estructuras de Datos,16.38,61.3,65.07,Medio,Se recomienda reforzar habitos de estudio y asistencia.
E00800,Joaquín Rodríguez,Redes de Computadoras,11.5,77.5,76.17,Medio,Se recomienda reforzar habitos de estudio y asistencia.
E00801,Sofía Mamani,Estructuras de Datos,14.75,76.1,91.27,Medio,Se recomienda reforzar habitos de estudio y asistencia.
E00802,Vicente Chávez,Estructuras de Datos,15.83,100.0,78.63,Bajo,Mantener el desempeno actual; sin acciones urgentes.
E00803,Martina Huamán,Lenguajes de Programación,11.82,83.8,63.0,Medio,Se recomienda reforzar habitos de estudio y asistencia.
E00804,Fernanda Vargas,Redes de Computadoras,8.45,65.7,74.47,Alto,Requiere tutoria academica inmediata y seguimiento semanal.
E00805,Fernanda Espinoza,Matemática Discreta,11.1,72.3,84.9,Medio,Se recomienda reforzar habitos de estudio y asistencia.
E00806,Milagros Rodríguez,Redes de Computadoras,14.1,72.4,49.33,Medio,Se recomienda reforzar habitos de estudio y asistencia.
E00807,Gabriela Gutiérrez,Estructuras de Datos,12.32,77.5,77.6,Medio,Se recomienda reforzar habitos de estudio y asistencia.
E00808,Antonella Zapata,Base de Datos,15.43,67.3,49.47,Medio,Se recomienda reforzar habitos de estudio y asistencia.
E00809,Emilio Vega,Lenguajes de Programación,11.95,97.6,69.73,Medio,Se recomienda reforzar habitos de estudio y asistencia.
E00810,Valentina Cabrera,Lenguajes de Programación,18.0,99.1,83.6,Bajo,Mantener el desempeno actual; sin acciones urgentes.
E00811,Daniela Aguilar,Base de Datos,12.85,100.0,77.83,Medio,Se recomienda reforzar habitos de estudio y asistencia.
E00812,Ana Reyes,Redes de Computadoras,10.07,76.3,70.63,Medio,Se recomienda reforzar habitos de estudio y asistencia.
E00813,Ximena Ponce,Matemática Discreta,17.95,66.6,84.13,Medio,Se recomienda reforzar habitos de estudio y asistencia.
E00814,Julio Rojas,Estructuras de Datos,16.33,64.2,75.4,Medio,Se recomienda reforzar habitos de estudio y asistencia.
E00815,Sebastián Cárdenas,Estructuras de Datos,9.95,76.9,64.87,Medio,Se recomienda reforzar habitos de estudio y asistencia.
E00816,Alonso Soto,Estructuras de Datos,19.3,78.2,83.0,Medio,Se recomienda reforzar habitos de estudio y asistencia.
E00817,Gabriela Chávez,Lenguajes de Programación,14.82,80.9,65.4,Bajo,Mantener el desempeno actual; sin acciones urgentes.
E00818,Emilia Salazar,Redes de Computadoras,16.05,97.4,67.7,Bajo,Mantener el desempeno actual; sin acciones urgentes.
E00819,Vicente Zapata,Matemática Discreta,6.55,76.4,71.53,Medio,Se recomienda reforzar habitos de estudio y asistencia.
E00820,Nicolás Aguilar,Estructuras de Datos,8.93,46.4,62.07,Alto,Requiere tutoria academica inmediata y seguimiento semanal.
E00821,Daniela Vargas,Redes de Computadoras,9.32,74.3,64.77,Medio,Se recomienda reforzar habitos de estudio y asistencia.
E00822,Emilia Mendoza,Redes de Computadoras,15.72,85.6,78.1,Bajo,Mantener el desempeno actual; sin acciones urgentes.
E00823,Rosa Paredes,Estructuras de Datos,15.9,66.7,61.13,Medio,Se recomienda reforzar habitos de estudio y asistencia.
E00824,Gabriela Cárdenas,Estructuras de Datos,11.43,60.4,83.5,Medio,Se recomienda reforzar habitos de estudio y asistencia.
E00825,Adrián Salazar,Base de Datos,8.08,86.6,73.2,Medio,Se recomienda reforzar habitos de estudio y asistencia.
E00826,Adrián Sánchez,Base de Datos,5.32,53.4,71.13,Alto,Requiere tutoria academica inmediata y seguimiento semanal.
E00827,Daniela Espinoza,Matemática Discreta,16.52,72.0,77.33,Medio,Se recomienda reforzar habitos de estudio y asistencia.
E00828,Lucía Rodríguez,Base de Datos,13.48,70.4,86.8,Medio,Se recomienda reforzar habitos de estudio y asistencia.
E00829,Vicente Huamán,Base de Datos,19.27,69.5,63.27,Medio,Se recomienda reforzar habitos de estudio y asistencia.
E00830,Alejandra Cruz,Base de Datos,16.48,81.4,67.13,Bajo,Mantener el desempeno actual; sin acciones urgentes.
E00831,Camila Alva,Matemática Discreta,13.85,90.8,82.03,Bajo,Mantener el desempeno actual; sin acciones urgentes.
E00832,Adrián Palomino,Estructuras de Datos,12.62,72.3,84.1,Medio,Se recomienda reforzar habitos de estudio y asistencia.
E00833,Luis Vargas,Base de Datos,6.18,89.9,83.3,Medio,Se recomienda reforzar habitos de estudio y asistencia.
E00834,Alonso Palomino,Matemática Discreta,2.17,63.6,59.07,Alto,Requiere tutoria academica inmediata y seguimiento semanal.
E00835,Julio Rodríguez,Redes de Computadoras,15.23,82.8,75.03,Bajo,Mantener el desempeno actual; sin acciones urgentes.
E00836,María Pérez,Matemática Discreta,9.25,65.5,59.03,Alto,Requiere tutoria academica inmediata y seguimiento semanal.
E00837,Joaquín Rivas,Matemática Discreta,15.98,65.1,81.53,Medio,Se recomienda reforzar habitos de estudio y asistencia.
E00838,Emilio Gutiérrez,Lenguajes de Programación,8.33,86.3,55.5,Alto,Requiere tutoria academica inmediata y seguimiento semanal.
E00839,Gabriela Mendoza,Estructuras de Datos,15.8,67.2,58.47,Medio,Se recomienda reforzar habitos de estudio y asistencia.
E00840,Miguel Sánchez,Base de Datos,15.2,52.6,50.13,Medio,Se recomienda reforzar habitos de estudio y asistencia.
E00841,Ana Pérez,Redes de Computadoras,8.73,79.7,77.7,Medio,Se recomienda reforzar habitos de estudio y asistencia.
E00842,Joaquín Medina,Base de Datos,19.75,62.9,65.93,Medio,Se recomienda reforzar habitos de estudio y asistencia.
E00843,Camila Cárdenas,Redes de Computadoras,7.3,60.9,73.63,Alto,Requiere tutoria academica inmediata y seguimiento semanal.
E00844,Franco Pérez,Matemática Discreta,12.95,69.1,83.03,Medio,Se recomienda reforzar habitos de estudio y asistencia.
E00845,Ximena Huamán,Lenguajes de Programación,12.2,83.3,77.07,Medio,Se recomienda reforzar habitos de estudio y asistencia.
E00846,Vicente Cabrera,Estructuras de Datos,11.55,100.0,85.6,Medio,Se recomienda reforzar habitos de estudio y asistencia.
E00847,Jorge Alva,Redes de Computadoras,17.27,64.1,79.4,Medio,Se recomienda reforzar habitos de estudio y asistencia.
E00848,Renata Mamani,Redes de Computadoras,18.05,63.9,59.1,Medio,Se recomienda reforzar habitos de estudio y asistencia.
E00849,Alonso Soto,Matemática Discreta,12.65,88.0,70.4,Medio,Se recomienda reforzar habitos de estudio y asistencia.
E00850,Tomás Mendoza,Base de Datos,15.95,91.0,70.33,Bajo,Mantener el desempeno actual; sin acciones urgentes.
E00851,Ximena Mendoza,Lenguajes de Programación,18.15,70.3,84.6,Medio,Se recomienda reforzar habitos de estudio y asistencia.
E00852,Zoe Salazar,Base de Datos,13.0,68.4,66.33,Medio,Se recomienda reforzar habitos de estudio y asistencia.
E00853,Fabián Quispe,Matemática Discreta,12.22,52.9,66.93,Medio,Se recomienda reforzar habitos de estudio y asistencia.
E00854,Vicente Ramírez,Estructuras de Datos,8.32,65.4,76.07,Alto,Requiere tutoria academica inmediata y seguimiento semanal.
E00855,Diego Torres,Matemática Discreta,20.0,84.1,65.27,Bajo,Mantener el desempeno actual; sin acciones urgentes.
E00856,Natalia Pérez,Redes de Computadoras,12.25,77.5,62.93,Medio,Se recomienda reforzar habitos de estudio y asistencia.
E00857,Emilia Rodríguez,Redes de Computadoras,11.72,46.4,56.53,Medio,Se recomienda reforzar habitos de estudio y asistencia.
E00858,Rodrigo Rodríguez,Lenguajes de Programación,12.75,62.1,64.33,Medio,Se recomienda reforzar habitos de estudio y asistencia.
E00859,Sofía Paredes,Estructuras de Datos,15.62,74.0,69.77,Medio,Se recomienda reforzar habitos de estudio y asistencia.
E00860,Isabela Pérez,Base de Datos,10.43,79.1,81.27,Medio,Se recomienda reforzar habitos de estudio y asistencia.
E00861,Paula Quispe,Matemática Discreta,7.17,81.1,75.63,Medio,Se recomienda reforzar habitos de estudio y asistencia.
E00862,Diego Sánchez,Estructuras de Datos,15.42,67.7,66.4,Medio,Se recomienda reforzar habitos de estudio y asistencia.
E00863,Andrés Cárdenas,Base de Datos,18.93,90.2,83.4,Bajo,Mantener el desempeno actual; sin acciones urgentes.
E00864,Milagros Medina,Redes de Computadoras,16.93,47.5,69.17,Medio,Se recomienda reforzar habitos de estudio y asistencia.
E00865,Manuel Medina,Base de Datos,16.0,31.8,53.53,Medio,Se recomienda reforzar habitos de estudio y asistencia.
E00866,Gabriela Medina,Base de Datos,11.55,69.0,54.97,Medio,Se recomienda reforzar habitos de estudio y asistencia.
E00867,Camila Alva,Redes de Computadoras,15.92,67.3,54.2,Medio,Se recomienda reforzar habitos de estudio y asistencia.
E00868,Martina Mamani,Matemática Discreta,13.57,40.8,66.93,Medio,Se recomienda reforzar habitos de estudio y asistencia.
E00869,Andrés Rodríguez,Matemática Discreta,12.85,57.9,53.73,Medio,Se recomienda reforzar habitos de estudio y asistencia.
E00870,Adrián García,Base de Datos,19.38,70.2,69.83,Medio,Se recomienda reforzar habitos de estudio y asistencia.
E00871,Natalia Ortiz,Base de Datos,11.68,85.6,66.23,Medio,Se recomienda reforzar habitos de estudio y asistencia.
E00872,Tomás Paredes,Estructuras de Datos,7.92,93.4,85.5,Medio,Se recomienda reforzar habitos de estudio y asistencia.
E00873,Zoe Reyes,Lenguajes de Programación,11.47,80.0,59.73,Medio,Se recomienda reforzar habitos de estudio y asistencia.
E00874,Rodrigo Sánchez,Base de Datos,13.35,58.7,82.97,Medio,Se recomienda reforzar habitos de estudio y asistencia.
E00875,Vicente Reyes,Redes de Computadoras,6.45,100.0,77.77,Medio,Se recomienda reforzar habitos de estudio y asistencia.
E00876,Zoe López,Redes de Computadoras,18.7,94.8,76.47,Bajo,Mantener el desempeno actual; sin acciones urgentes.
E00877,Diego Palomino,Redes de Computadoras,5.97,68.7,59.13,Alto,Requiere tutoria academica inmediata y seguimiento semanal.
E00878,Zoe Rivas,Redes de Computadoras,12.65,100.0,76.8,Medio,Se recomienda reforzar habitos de estudio y asistencia.
E00879,Antonella Palomino,Redes de Computadoras,14.02,78.0,68.37,Medio,Se recomienda reforzar habitos de estudio y asistencia.
E00880,Miguel Cruz,Base de Datos,17.45,76.7,58.8,Medio,Se recomienda reforzar habitos de estudio y asistencia.
E00881,Manuel Cabrera,Redes de Computadoras,6.57,82.2,72.5,Medio,Se recomienda reforzar habitos de estudio y asistencia.
E00882,Andrés Delgado,Estructuras de Datos,12.1,45.9,30.43,Medio,Se recomienda reforzar habitos de estudio y asistencia.
E00883,Julio Huamán,Lenguajes de Programación,14.25,57.2,59.87,Medio,Se recomienda reforzar habitos de estudio y asistencia.
E00884,Isabela Ponce,Matemática Discreta,10.3,85.1,68.57,Medio,Se recomienda reforzar habitos de estudio y asistencia.
E00885,Bruno Cabrera,Estructuras de Datos,10.35,81.1,75.1,Medio,Se recomienda reforzar habitos de estudio y asistencia.
E00886,Estefanía Ponce,Redes de Computadoras,13.38,28.7,50.0,Medio,Se recomienda reforzar habitos de estudio y asistencia.
E00887,Jorge Torres,Base de Datos,13.5,78.2,86.07,Medio,Se recomienda reforzar habitos de estudio y asistencia.
E00888,Paula Cárdenas,Estructuras de Datos,6.78,78.3,65.1,Medio,Se recomienda reforzar habitos de estudio y asistencia.
E00889,Natalia Ortiz,Base de Datos,8.12,59.1,83.47,Alto,Requiere tutoria academica inmediata y seguimiento semanal.
E00890,Lucía Aguilar,Redes de Computadoras,1.78,71.9,57.17,Alto,Requiere tutoria academica inmediata y seguimiento semanal.
E00891,Ricardo Cruz,Lenguajes de Programación,10.2,81.9,73.5,Medio,Se recomienda reforzar habitos de estudio y asistencia.
E00892,Antonella Rodríguez,Base de Datos,16.25,81.4,67.33,Bajo,Mantener el desempeno actual; sin acciones urgentes.
E00893,Martina Aguilar,Base de Datos,14.02,88.6,67.83,Bajo,Mantener el desempeno actual; sin acciones urgentes.
E00894,Fabián Rodríguez,Matemática Discreta,9.03,82.8,71.7,Medio,Se recomienda reforzar habitos de estudio y asistencia.
E00895,Andrés Mendoza,Estructuras de Datos,13.2,73.2,69.83,Medio,Se recomienda reforzar habitos de estudio y asistencia.
E00896,Zoe Aguilar,Lenguajes de Programación,12.53,71.4,77.13,Medio,Se recomienda reforzar habitos de estudio y asistencia.
E00897,Franco Sánchez,Base de Datos,12.95,77.4,61.3,Medio,Se recomienda reforzar habitos de estudio y asistencia.
E00898,Andrés Huamán,Lenguajes de Programación,18.3,54.6,54.07,Medio,Se recomienda reforzar habitos de estudio y asistencia.
E00899,Iván Aguilar,Redes de Computadoras,15.47,64.8,78.2,Medio,Se recomienda reforzar habitos de estudio y asistencia.
E00900,Gabriela Gutiérrez,Matemática Discreta,18.95,71.3,60.8,Medio,Se recomienda reforzar habitos de estudio y asistencia.
E00901,Luis Mendoza,Lenguajes de Programación,19.25,81.7,69.5,Bajo,Mantener el desempeno actual; sin acciones urgentes.
E00902,Renata Medina,Matemática Discreta,9.95,40.1,40.23,Alto,Requiere tutoria academica inmediata y seguimiento semanal.
E00903,Julio Quispe,Matemática Discreta,15.07,96.9,62.6,Medio,Se recomienda reforzar habitos de estudio y asistencia.
E00904,María Cabrera,Redes de Computadoras,20.0,62.5,74.77,Medio,Se recomienda reforzar habitos de estudio y asistencia.
E00905,Natalia Sánchez,Lenguajes de Programación,12.88,46.8,62.5,Medio,Se recomienda reforzar habitos de estudio y asistencia.
E00906,Renata Cruz,Redes de Computadoras,17.45,54.0,64.67,Medio,Se recomienda reforzar habitos de estudio y asistencia.
E00907,Luis Ramírez,Matemática Discreta,12.9,86.5,69.4,Medio,Se recomienda reforzar habitos de estudio y asistencia.
E00908,Fernanda Gutiérrez,Base de Datos,11.88,36.9,43.67,Medio,Se recomienda reforzar habitos de estudio y asistencia.
E00909,Alejandra Gutiérrez,Base de Datos,15.03,83.3,75.93,Bajo,Mantener el desempeno actual; sin acciones urgentes.
E00910,Nicolás Pérez,Estructuras de Datos,13.25,67.2,70.97,Medio,Se recomienda reforzar habitos de estudio y asistencia.
E00911,Franco Medina,Matemática Discreta,9.82,67.2,78.0,Alto,Requiere tutoria academica inmediata y seguimiento semanal.
E00912,Fabián Ponce,Redes de Computadoras,18.15,60.3,80.67,Medio,Se recomienda reforzar habitos de estudio y asistencia.
E00913,Fabián Mendoza,Matemática Discreta,19.73,100.0,85.27,Bajo,Mantener el desempeno actual; sin acciones urgentes.
E00914,Isabela Vega,Lenguajes de Programación,12.52,41.5,61.5,Medio,Se recomienda reforzar habitos de estudio y asistencia.
E00915,Joaquín Palomino,Base de Datos,11.07,55.1,58.37,Medio,Se recomienda reforzar habitos de estudio y asistencia.
E00916,Alejandra Huamán,Lenguajes de Programación,16.52,74.4,58.57,Medio,Se recomienda reforzar habitos de estudio y asistencia.
E00917,Diego Reyes,Lenguajes de Programación,8.53,100.0,68.67,Medio,Se recomienda reforzar habitos de estudio y asistencia.
E00918,Daniela Reyes,Redes de Computadoras,7.9,72.2,64.73,Medio,Se recomienda reforzar habitos de estudio y asistencia.
E00919,Adrián Alva,Redes de Computadoras,11.62,45.3,66.6,Medio,Se recomienda reforzar habitos de estudio y asistencia.
E00920,Daniela Rodríguez,Estructuras de Datos,3.1,64.5,72.37,Alto,Requiere tutoria academica inmediata y seguimiento semanal.
E00921,Julio Ponce,Matemática Discreta,12.62,75.6,73.23,Medio,Se recomienda reforzar habitos de estudio y asistencia.
E00922,Lucía Paredes,Estructuras de Datos,15.1,77.5,54.93,Medio,Se recomienda reforzar habitos de estudio y asistencia.
E00923,Diego Zapata,Estructuras de Datos,12.23,63.2,72.03,Medio,Se recomienda reforzar habitos de estudio y asistencia.
E00924,Daniela Delgado,Estructuras de Datos,7.3,80.1,69.17,Medio,Se recomienda reforzar habitos de estudio y asistencia.
E00925,Antonella Aguilar,Redes de Computadoras,9.3,66.4,63.97,Alto,Requiere tutoria academica inmediata y seguimiento semanal.
E00926,Manuel Cabrera,Estructuras de Datos,19.55,82.1,66.27,Bajo,Mantener el desempeno actual; sin acciones urgentes.
E00927,Natalia Ponce,Matemática Discreta,9.7,78.4,76.6,Medio,Se recomienda reforzar habitos de estudio y asistencia.
E00928,Adrián Cárdenas,Base de Datos,19.73,89.7,80.67,Bajo,Mantener el desempeno actual; sin acciones urgentes.
E00929,Antonella Palomino,Lenguajes de Programación,9.0,70.0,83.33,Medio,Se recomienda reforzar habitos de estudio y asistencia.
E00930,Alejandra Cárdenas,Matemática Discreta,9.03,80.1,61.77,Medio,Se recomienda reforzar habitos de estudio y asistencia.
E00931,Ximena Herrera,Redes de Computadoras,14.93,90.0,74.3,Bajo,Mantener el desempeno actual; sin acciones urgentes.
E00932,Franco Vega,Matemática Discreta,10.28,46.5,65.53,Alto,Requiere tutoria academica inmediata y seguimiento semanal.
E00933,Iván Soto,Estructuras de Datos,4.88,71.1,80.83,Medio,Se recomienda reforzar habitos de estudio y asistencia.
E00934,Alejandra Delgado,Base de Datos,8.77,98.0,83.57,Medio,Se recomienda reforzar habitos de estudio y asistencia.
E00935,Fabián Salazar,Lenguajes de Programación,15.05,49.4,56.5,Medio,Se recomienda reforzar habitos de estudio y asistencia.
E00936,Ximena García,Redes de Computadoras,8.62,73.5,65.03,Medio,Se recomienda reforzar habitos de estudio y asistencia.
E00937,Lucía Sánchez,Lenguajes de Programación,12.4,52.4,44.97,Medio,Se recomienda reforzar habitos de estudio y asistencia.
E00938,Zoe Ponce,Redes de Computadoras,20.0,92.3,97.43,Bajo,Mantener el desempeno actual; sin acciones urgentes.
E00939,Alonso Espinoza,Base de Datos,11.2,72.7,59.67,Medio,Se recomienda reforzar habitos de estudio y asistencia.
E00940,Alejandra Flores,Redes de Computadoras,10.38,82.1,75.8,Medio,Se recomienda reforzar habitos de estudio y asistencia.
E00941,Ximena Alva,Matemática Discreta,15.6,72.3,58.57,Medio,Se recomienda reforzar habitos de estudio y asistencia.
E00942,Adrián Rodríguez,Matemática Discreta,20.0,83.8,60.73,Medio,Se recomienda reforzar habitos de estudio y asistencia.
E00943,Luis Aguilar,Matemática Discreta,8.9,79.2,66.4,Medio,Se recomienda reforzar habitos de estudio y asistencia.
E00944,Gabriela Quispe,Lenguajes de Programación,15.67,73.7,74.97,Medio,Se recomienda reforzar habitos de estudio y asistencia.
E00945,Estefanía Castillo,Estructuras de Datos,10.43,90.6,79.6,Medio,Se recomienda reforzar habitos de estudio y asistencia.
E00946,Alonso Aguilar,Lenguajes de Programación,12.4,87.0,65.5,Medio,Se recomienda reforzar habitos de estudio y asistencia.
E00947,Sofía Paredes,Matemática Discreta,6.8,95.0,63.97,Medio,Se recomienda reforzar habitos de estudio y asistencia.
E00948,Milagros Cruz,Redes de Computadoras,13.1,70.8,64.07,Medio,Se recomienda reforzar habitos de estudio y asistencia.
E00949,Andrés Rojas,Matemática Discreta,10.07,45.1,60.9,Alto,Requiere tutoria academica inmediata y seguimiento semanal.
E00950,Gabriela Herrera,Lenguajes de Programación,9.28,41.2,44.5,Alto,Requiere tutoria academica inmediata y seguimiento semanal.
E00951,Diego Ortiz,Lenguajes de Programación,10.78,70.3,76.3,Medio,Se recomienda reforzar habitos de estudio y asistencia.
E00952,Manuel Ortiz,Redes de Computadoras,12.57,80.7,80.13,Medio,Se recomienda reforzar habitos de estudio y asistencia.
E00953,Luis Delgado,Lenguajes de Programación,13.57,71.5,66.5,Medio,Se recomienda reforzar habitos de estudio y asistencia.
E00954,Gabriela Rivas,Lenguajes de Programación,12.25,84.2,62.03,Medio,Se recomienda reforzar habitos de estudio y asistencia.
E00955,Nicolás Chávez,Matemática Discreta,8.8,87.1,71.83,Medio,Se recomienda reforzar habitos de estudio y asistencia.
E00956,Natalia Paredes,Estructuras de Datos,14.15,71.2,78.47,Medio,Se recomienda reforzar habitos de estudio y asistencia.
E00957,Andrés Salazar,Estructuras de Datos,16.25,73.0,85.97,Medio,Se recomienda reforzar habitos de estudio y asistencia.
E00958,Carlos Torres,Matemática Discreta,16.75,100.0,91.33,Bajo,Mantener el desempeno actual; sin acciones urgentes.
E00959,Iván Pérez,Lenguajes de Programación,16.15,58.8,60.17,Medio,Se recomienda reforzar habitos de estudio y asistencia.
E00960,Antonella Vega,Lenguajes de Programación,15.18,73.2,67.0,Medio,Se recomienda reforzar habitos de estudio y asistencia.
E00961,Renata Rodríguez,Redes de Computadoras,6.8,88.4,77.63,Medio,Se recomienda reforzar habitos de estudio y asistencia.
E00962,Valentina Sánchez,Base de Datos,16.07,48.6,61.3,Medio,Se recomienda reforzar habitos de estudio y asistencia.
E00963,Valentina Alva,Estructuras de Datos,15.03,100.0,84.13,Bajo,Mantener el desempeno actual; sin acciones urgentes.
E00964,Julio Alva,Estructuras de Datos,3.35,40.1,53.33,Alto,Requiere tutoria academica inmediata y seguimiento semanal.
E00965,Antonella Flores,Matemática Discreta,18.55,73.9,67.2,Medio,Se recomienda reforzar habitos de estudio y asistencia.
E00966,Rodrigo Aguilar,Estructuras de Datos,4.83,61.8,68.47,Alto,Requiere tutoria academica inmediata y seguimiento semanal.
E00967,Ximena Flores,Redes de Computadoras,6.6,79.6,78.5,Medio,Se recomienda reforzar habitos de estudio y asistencia.
E00968,Nicolás Espinoza,Base de Datos,16.18,76.5,78.07,Medio,Se recomienda reforzar habitos de estudio y asistencia.
E00969,Julio Soto,Redes de Computadoras,12.15,42.5,73.53,Medio,Se recomienda reforzar habitos de estudio y asistencia.
E00970,Tomás Ortiz,Matemática Discreta,9.35,77.8,56.5,Alto,Requiere tutoria academica inmediata y seguimiento semanal.
E00971,Isabela Castillo,Lenguajes de Programación,9.77,70.9,70.3,Medio,Se recomienda reforzar habitos de estudio y asistencia.
E00972,Estefanía Cruz,Matemática Discreta,10.62,60.7,69.57,Medio,Se recomienda reforzar habitos de estudio y asistencia.
E00973,Rosa Herrera,Lenguajes de Programación,19.0,82.3,72.53,Bajo,Mantener el desempeno actual; sin acciones urgentes.
E00974,Sebastián Chávez,Estructuras de Datos,11.23,72.3,54.9,Medio,Se recomienda reforzar habitos de estudio y asistencia.
E00975,Emilia Torres,Lenguajes de Programación,15.82,57.0,75.9,Medio,Se recomienda reforzar habitos de estudio y asistencia.
E00976,Jorge Flores,Lenguajes de Programación,9.0,92.9,82.23,Medio,Se recomienda reforzar habitos de estudio y asistencia.
E00977,Adrián Vega,Base de Datos,8.03,68.7,76.23,Alto,Requiere tutoria academica inmediata y seguimiento semanal.
E00978,Gabriela Reyes,Lenguajes de Programación,13.5,94.8,79.3,Bajo,Mantener el desempeno actual; sin acciones urgentes.
E00979,Rosa Mendoza,Matemática Discreta,13.43,95.7,85.23,Bajo,Mantener el desempeno actual; sin acciones urgentes.
E00980,Daniela Alva,Lenguajes de Programación,7.12,79.3,64.03,Medio,Se recomienda reforzar habitos de estudio y asistencia.
E00981,Tomás Alva,Matemática Discreta,16.95,72.3,78.17,Medio,Se recomienda reforzar habitos de estudio y asistencia.
E00982,Emilio Reyes,Matemática Discreta,19.3,57.9,57.43,Medio,Se recomienda reforzar habitos de estudio y asistencia.
E00983,Iván Alva,Base de Datos,4.27,100.0,77.9,Medio,Se recomienda reforzar habitos de estudio y asistencia.
E00984,Adrián Vargas,Matemática Discreta,15.57,40.4,54.47,Medio,Se recomienda reforzar habitos de estudio y asistencia.
E00985,Julio Palomino,Estructuras de Datos,9.9,78.9,63.43,Medio,Se recomienda reforzar habitos de estudio y asistencia.
E00986,Zoe Flores,Matemática Discreta,7.42,82.4,63.83,Medio,Se recomienda reforzar habitos de estudio y asistencia.
E00987,Jorge Flores,Redes de Computadoras,15.85,67.6,68.67,Medio,Se recomienda reforzar habitos de estudio y asistencia.
E00988,Fernanda Alva,Estructuras de Datos,11.15,87.1,83.0,Medio,Se recomienda reforzar habitos de estudio y asistencia.
E00989,Franco Cruz,Base de Datos,17.3,58.1,68.33,Medio,Se recomienda reforzar habitos de estudio y asistencia.
E00990,Gabriela López,Lenguajes de Programación,13.9,100.0,73.57,Bajo,Mantener el desempeno actual; sin acciones urgentes.
E00991,Luis Cabrera,Base de Datos,19.82,55.4,66.7,Medio,Se recomienda reforzar habitos de estudio y asistencia.
E00992,Joaquín Quispe,Redes de Computadoras,11.73,46.4,54.83,Medio,Se recomienda reforzar habitos de estudio y asistencia.
E00993,Alejandra López,Redes de Computadoras,9.18,86.7,84.27,Medio,Se recomienda reforzar habitos de estudio y asistencia.
E00994,Gabriela López,Lenguajes de Programación,16.65,68.9,66.2,Medio,Se recomienda reforzar habitos de estudio y asistencia.
E00995,Fernanda Delgado,Matemática Discreta,9.85,64.5,84.87,Alto,Requiere tutoria academica inmediata y seguimiento semanal.
E00996,Nicolás Rivas,Estructuras de Datos,9.45,67.8,57.2,Alto,Requiere tutoria academica inmediata y seguimiento semanal.
E00997,Renata Castillo,Redes de Computadoras,14.03,42.7,66.77,Medio,Se recomienda reforzar habitos de estudio y asistencia.
E00998,Ricardo Cabrera,Matemática Discreta,5.08,97.0,68.97,Medio,Se recomienda reforzar habitos de estudio y asistencia.
E00999,Adrián Medina,Matemática Discreta,10.95,57.3,69.13,Medio,Se recomienda reforzar habitos de estudio y asistencia.
E01000,Emilio Ponce,Matemática Discreta,15.97,54.7,60.03,Medio,Se recomienda reforzar habitos de estudio y asistencia.
E01001,Alonso Chávez,Base de Datos,13.78,67.9,74.37,Medio,Se recomienda reforzar habitos de estudio y asistencia.
E01002,Joaquín Espinoza,Matemática Discreta,6.43,100.0,79.03,Medio,Se recomienda reforzar habitos de estudio y asistencia.
E01003,Diego Pérez,Matemática Discreta,13.82,75.4,79.43,Medio,Se recomienda reforzar habitos de estudio y asistencia.
E01004,Sofía Ramírez,Redes de Computadoras,15.2,74.9,61.37,Medio,Se recomienda reforzar habitos de estudio y asistencia.
E01005,Iván Reyes,Base de Datos,11.93,78.0,58.03,Medio,Se recomienda reforzar habitos de estudio y asistencia.
E01006,Joaquín Herrera,Estructuras de Datos,12.38,97.0,59.73,Medio,Se recomienda reforzar habitos de estudio y asistencia.
E01007,Alonso Castillo,Estructuras de Datos,11.4,64.6,55.47,Medio,Se recomienda reforzar habitos de estudio y asistencia.
E01008,Isabela López,Base de Datos,11.3,92.8,65.93,Medio,Se recomienda reforzar habitos de estudio y asistencia.
E01009,Paula Cabrera,Redes de Computadoras,13.78,98.4,69.77,Bajo,Mantener el desempeno actual; sin acciones urgentes.
E01010,Gabriela Torres,Base de Datos,12.75,55.7,63.03,Medio,Se recomienda reforzar habitos de estudio y asistencia.
E01011,Fernanda Cabrera,Lenguajes de Programación,10.75,100.0,82.43,Medio,Se recomienda reforzar habitos de estudio y asistencia.
E01012,Lucía Palomino,Base de Datos,10.07,65.8,47.8,Alto,Requiere tutoria academica inmediata y seguimiento semanal.
E01013,Franco Gutiérrez,Redes de Computadoras,7.43,44.3,52.63,Alto,Requiere tutoria academica inmediata y seguimiento semanal.
E01014,Andrés Herrera,Base de Datos,13.22,54.3,81.7,Medio,Se recomienda reforzar habitos de estudio y asistencia.
E01015,María Cruz,Estructuras de Datos,14.15,72.3,68.93,Medio,Se recomienda reforzar habitos de estudio y asistencia.
E01016,Jorge Medina,Lenguajes de Programación,18.8,69.2,63.3,Medio,Se recomienda reforzar habitos de estudio y asistencia.
E01017,Carlos Rojas,Lenguajes de Programación,8.18,82.3,72.73,Medio,Se recomienda reforzar habitos de estudio y asistencia.
E01018,Camila Ramírez,Matemática Discreta,12.0,74.6,77.03,Medio,Se recomienda reforzar habitos de estudio y asistencia.
E01019,Jorge Ortiz,Redes de Computadoras,15.38,38.1,52.37,Medio,Se recomienda reforzar habitos de estudio y asistencia.
E01020,Carlos Rivas,Matemática Discreta,13.15,81.0,68.97,Bajo,Mantener el desempeno actual; sin acciones urgentes.
E01021,Rodrigo Paredes,Matemática Discreta,16.18,55.7,58.9,Medio,Se recomienda reforzar habitos de estudio y asistencia.
E01022,Emilia Torres,Matemática Discreta,14.0,100.0,86.97,Bajo,Mantener el desempeno actual; sin acciones urgentes.
E01023,Zoe Gutiérrez,Redes de Computadoras,18.05,64.7,72.37,Medio,Se recomienda reforzar habitos de estudio y asistencia.
E01024,Sebastián Ramírez,Lenguajes de Programación,13.35,87.9,79.33,Bajo,Mantener el desempeno actual; sin acciones urgentes.
E01025,Sebastián Medina,Base de Datos,15.55,57.0,64.13,Medio,Se recomienda reforzar habitos de estudio y asistencia.
E01026,Emilia Pérez,Lenguajes de Programación,10.62,68.5,64.97,Medio,Se recomienda reforzar habitos de estudio y asistencia.
E01027,Mateo Huamán,Redes de Computadoras,7.05,62.8,67.2,Alto,Requiere tutoria academica inmediata y seguimiento semanal.
E01028,Vicente Espinoza,Estructuras de Datos,14.45,88.0,68.87,Bajo,Mantener el desempeno actual; sin acciones urgentes.
E01029,Manuel Ortiz,Lenguajes de Programación,12.57,88.8,58.47,Medio,Se recomienda reforzar habitos de estudio y asistencia.
E01030,Sofía Paredes,Redes de Computadoras,14.93,54.7,63.33,Medio,Se recomienda reforzar habitos de estudio y asistencia.
E01031,Emilio Flores,Redes de Computadoras,10.82,73.4,68.2,Medio,Se recomienda reforzar habitos de estudio y asistencia.
E01032,Miguel Vega,Estructuras de Datos,13.82,42.2,59.77,Medio,Se recomienda reforzar habitos de estudio y asistencia.
E01033,Iván Paredes,Lenguajes de Programación,17.25,65.2,52.3,Medio,Se recomienda reforzar habitos de estudio y asistencia.
E01034,Ricardo Delgado,Redes de Computadoras,18.45,75.2,73.57,Medio,Se recomienda reforzar habitos de estudio y asistencia.
E01035,Miguel Ortiz,Matemática Discreta,12.1,85.0,67.33,Medio,Se recomienda reforzar habitos de estudio y asistencia.
E01036,Franco Paredes,Matemática Discreta,8.5,73.2,77.73,Medio,Se recomienda reforzar habitos de estudio y asistencia.
E01037,Alejandra Flores,Matemática Discreta,14.8,92.1,82.83,Bajo,Mantener el desempeno actual; sin acciones urgentes.
E01038,Gabriela Zapata,Lenguajes de Programación,16.12,98.4,84.9,Bajo,Mantener el desempeno actual; sin acciones urgentes.
E01039,Julio Alva,Redes de Computadoras,8.78,59.3,67.7,Alto,Requiere tutoria academica inmediata y seguimiento semanal.
E01040,Rosa Huamán,Matemática Discreta,19.25,49.1,56.6,Medio,Se recomienda reforzar habitos de estudio y asistencia.
E01041,Julio García,Lenguajes de Programación,10.7,59.7,71.53,Medio,Se recomienda reforzar habitos de estudio y asistencia.
E01042,Milagros Mamani,Redes de Computadoras,16.3,83.5,71.27,Bajo,Mantener el desempeno actual; sin acciones urgentes.
E01043,Isabela Vega,Redes de Computadoras,14.55,53.3,65.07,Medio,Se recomienda reforzar habitos de estudio y asistencia.
E01044,Emilio Flores,Base de Datos,15.12,97.1,63.63,Medio,Se recomienda reforzar habitos de estudio y asistencia.
E01045,Fernanda Flores,Redes de Computadoras,15.68,84.3,72.2,Bajo,Mantener el desempeno actual; sin acciones urgentes.
E01046,Mateo Ortiz,Base de Datos,7.47,54.5,70.57,Alto,Requiere tutoria academica inmediata y seguimiento semanal.
E01047,Joaquín Palomino,Base de Datos,14.43,82.6,71.57,Bajo,Mantener el desempeno actual; sin acciones urgentes.
E01048,Fernanda Palomino,Redes de Computadoras,12.38,49.7,57.4,Medio,Se recomienda reforzar habitos de estudio y asistencia.
E01049,Paula Mamani,Base de Datos,7.2,72.3,88.37,Medio,Se recomienda reforzar habitos de estudio y asistencia.
E01050,Franco Cruz,Lenguajes de Programación,8.5,47.1,65.47,Alto,Requiere tutoria academica inmediata y seguimiento semanal.
E01051,María García,Lenguajes de Programación,19.9,66.8,60.7,Medio,Se recomienda reforzar habitos de estudio y asistencia.
E01052,Julio López,Base de Datos,14.55,53.6,71.4,Medio,Se recomienda reforzar habitos de estudio y asistencia.
E01053,Diego Soto,Base de Datos,12.2,51.1,58.03,Medio,Se recomienda reforzar habitos de estudio y asistencia.
E01054,Carlos Chávez,Lenguajes de Programación,10.8,60.7,52.53,Medio,Se recomienda reforzar habitos de estudio y asistencia.
E01055,Renata Espinoza,Matemática Discreta,14.8,80.9,85.27,Bajo,Mantener el desempeno actual; sin acciones urgentes.
E01056,Lucía Flores,Base de Datos,16.23,86.5,72.3,Bajo,Mantener el desempeno actual; sin acciones urgentes.
E01057,Ricardo Vega,Matemática Discreta,10.93,69.7,68.13,Medio,Se recomienda reforzar habitos de estudio y asistencia.
E01058,Zoe Vargas,Base de Datos,19.45,70.7,74.1,Medio,Se recomienda reforzar habitos de estudio y asistencia.
E01059,Fabián Ponce,Redes de Computadoras,10.07,70.5,68.37,Medio,Se recomienda reforzar habitos de estudio y asistencia.
E01060,Sofía Torres,Lenguajes de Programación,13.88,75.5,82.33,Medio,Se recomienda reforzar habitos de estudio y asistencia.
E01061,Martina Paredes,Base de Datos,13.43,55.8,52.03,Medio,Se recomienda reforzar habitos de estudio y asistencia.
E01062,Alonso Medina,Base de Datos,14.57,40.4,66.8,Medio,Se recomienda reforzar habitos de estudio y asistencia.
E01063,Zoe Soto,Matemática Discreta,9.47,67.1,44.93,Alto,Requiere tutoria academica inmediata y seguimiento semanal.
E01064,Renata Medina,Estructuras de Datos,14.77,59.5,69.63,Medio,Se recomienda reforzar habitos de estudio y asistencia.
E01065,Lucía Vargas,Matemática Discreta,13.68,79.8,68.17,Medio,Se recomienda reforzar habitos de estudio y asistencia.
E01066,Franco Ramírez,Estructuras de Datos,12.3,53.0,43.13,Medio,Se recomienda reforzar habitos de estudio y asistencia.
E01067,Iván Torres,Estructuras de Datos,16.43,66.2,84.37,Medio,Se recomienda reforzar habitos de estudio y asistencia.
E01068,Franco Paredes,Redes de Computadoras,11.75,39.3,43.6,Medio,Se recomienda reforzar habitos de estudio y asistencia.
E01069,Gabriela Soto,Matemática Discreta,17.62,42.2,51.23,Medio,Se recomienda reforzar habitos de estudio y asistencia.
E01070,Franco Alva,Base de Datos,14.8,99.1,65.17,Bajo,Mantener el desempeno actual; sin acciones urgentes.
E01071,Nicolás Vargas,Lenguajes de Programación,13.65,47.7,57.47,Medio,Se recomienda reforzar habitos de estudio y asistencia.
E01072,Vicente Zapata,Base de Datos,10.68,94.8,71.53,Medio,Se recomienda reforzar habitos de estudio y asistencia.
E01073,Ana Pérez,Base de Datos,6.95,64.7,73.27,Alto,Requiere tutoria academica inmediata y seguimiento semanal.
E01074,Fabián López,Lenguajes de Programación,15.5,67.5,61.4,Medio,Se recomienda reforzar habitos de estudio y asistencia.
E01075,Mateo Medina,Redes de Computadoras,9.82,60.8,61.4,Alto,Requiere tutoria academica inmediata y seguimiento semanal.
E01076,Paula Ramírez,Lenguajes de Programación,18.48,73.0,57.7,Medio,Se recomienda reforzar habitos de estudio y asistencia.
E01077,Luis Cruz,Base de Datos,17.27,89.5,57.1,Medio,Se recomienda reforzar habitos de estudio y asistencia.
E01078,Fernanda Cárdenas,Matemática Discreta,10.72,100.0,83.4,Medio,Se recomienda reforzar habitos de estudio y asistencia.
E01079,Manuel Salazar,Redes de Computadoras,18.8,74.3,70.1,Medio,Se recomienda reforzar habitos de estudio y asistencia.
E01080,Fabián Cabrera,Base de Datos,10.0,69.9,60.03,Alto,Requiere tutoria academica inmediata y seguimiento semanal.
E01081,Rosa Ponce,Estructuras de Datos,13.0,75.8,67.83,Medio,Se recomienda reforzar habitos de estudio y asistencia.
E01082,Sofía Paredes,Matemática Discreta,12.88,52.8,61.07,Medio,Se recomienda reforzar habitos de estudio y asistencia.
E01083,Martina Sánchez,Matemática Discreta,12.32,69.8,68.77,Medio,Se recomienda reforzar habitos de estudio y asistencia.
E01084,Lucía Zapata,Lenguajes de Programación,16.65,72.4,80.57,Medio,Se recomienda reforzar habitos de estudio y asistencia.
E01085,Fabián García,Base de Datos,13.6,96.1,65.23,Bajo,Mantener el desempeno actual; sin acciones urgentes.
E01086,Ricardo Gutiérrez,Matemática Discreta,11.8,79.0,71.63,Medio,Se recomienda reforzar habitos de estudio y asistencia.
E01087,Paula Ortiz,Estructuras de Datos,10.38,77.9,75.53,Medio,Se recomienda reforzar habitos de estudio y asistencia.
E01088,Alejandra Torres,Matemática Discreta,9.47,73.4,81.9,Medio,Se recomienda reforzar habitos de estudio y asistencia.
E01089,Alonso Ramírez,Base de Datos,12.72,88.8,79.8,Medio,Se recomienda reforzar habitos de estudio y asistencia.
E01090,Alonso Gutiérrez,Base de Datos,10.78,54.6,69.97,Medio,Se recomienda reforzar habitos de estudio y asistencia.
E01091,Ricardo Ponce,Lenguajes de Programación,16.32,59.2,74.1,Medio,Se recomienda reforzar habitos de estudio y asistencia.
E01092,Fernanda Cárdenas,Lenguajes de Programación,8.32,89.6,69.97,Medio,Se recomienda reforzar habitos de estudio y asistencia.
E01093,Milagros Vargas,Base de Datos,13.3,72.1,62.47,Medio,Se recomienda reforzar habitos de estudio y asistencia.
E01094,Zoe Rojas,Redes de Computadoras,17.95,65.9,62.7,Medio,Se recomienda reforzar habitos de estudio y asistencia.
E01095,Miguel Reyes,Lenguajes de Programación,7.58,70.7,56.37,Alto,Requiere tutoria academica inmediata y seguimiento semanal.
E01096,Alejandra López,Base de Datos,11.55,72.3,75.47,Medio,Se recomienda reforzar habitos de estudio y asistencia.
E01097,Fernanda Soto,Base de Datos,6.05,70.5,66.83,Medio,Se recomienda reforzar habitos de estudio y asistencia.
E01098,Ricardo Palomino,Redes de Computadoras,14.68,79.3,69.87,Medio,Se recomienda reforzar habitos de estudio y asistencia.
E01099,Martina García,Base de Datos,14.62,80.7,69.1,Bajo,Mantener el desempeno actual; sin acciones urgentes.
E01100,Ximena Ponce,Matemática Discreta,11.4,74.7,56.97,Medio,Se recomienda reforzar habitos de estudio y asistencia.
E01101,Estefanía Ortiz,Lenguajes de Programación,15.0,48.2,69.4,Medio,Se recomienda reforzar habitos de estudio y asistencia.
E01102,Fabián Paredes,Lenguajes de Programación,11.82,57.0,62.4,Medio,Se recomienda reforzar habitos de estudio y asistencia.
E01103,Fernanda García,Matemática Discreta,12.98,84.1,78.23,Medio,Se recomienda reforzar habitos de estudio y asistencia.
E01104,Sebastián Huamán,Lenguajes de Programación,8.98,70.9,66.57,Medio,Se recomienda reforzar habitos de estudio y asistencia.
E01105,Natalia Ramírez,Matemática Discreta,20.0,58.2,65.47,Medio,Se recomienda reforzar habitos de estudio y asistencia.
E01106,Renata Cárdenas,Estructuras de Datos,13.52,87.8,63.03,Medio,Se recomienda reforzar habitos de estudio y asistencia.
E01107,Fernanda Soto,Redes de Computadoras,15.8,60.3,49.77,Medio,Se recomienda reforzar habitos de estudio y asistencia.
E01108,Emilio Huamán,Base de Datos,10.88,83.7,78.0,Medio,Se recomienda reforzar habitos de estudio y asistencia.
E01109,Joaquín Sánchez,Estructuras de Datos,12.8,59.2,52.37,Medio,Se recomienda reforzar habitos de estudio y asistencia.
E01110,Sofía Huamán,Lenguajes de Programación,6.67,53.6,64.3,Alto,Requiere tutoria academica inmediata y seguimiento semanal.
E01111,Diego Quispe,Redes de Computadoras,13.43,52.7,77.57,Medio,Se recomienda reforzar habitos de estudio y asistencia.
E01112,Manuel Mendoza,Redes de Computadoras,19.15,78.6,76.17,Medio,Se recomienda reforzar habitos de estudio y asistencia.
E01113,Iván Ponce,Matemática Discreta,17.32,92.9,54.73,Medio,Se recomienda reforzar habitos de estudio y asistencia.
E01114,Adrián López,Estructuras de Datos,16.23,68.0,51.83,Medio,Se recomienda reforzar habitos de estudio y asistencia.
E01115,Natalia Delgado,Redes de Computadoras,13.25,77.2,64.33,Medio,Se recomienda reforzar habitos de estudio y asistencia.
E01116,Gabriela Rivas,Estructuras de Datos,11.07,81.3,76.93,Medio,Se recomienda reforzar habitos de estudio y asistencia.
E01117,Joaquín Ortiz,Redes de Computadoras,18.62,69.2,78.97,Medio,Se recomienda reforzar habitos de estudio y asistencia.
E01118,Zoe Vega,Matemática Discreta,13.77,65.3,57.53,Medio,Se recomienda reforzar habitos de estudio y asistencia.
E01119,Manuel Rodríguez,Redes de Computadoras,19.68,62.9,70.5,Medio,Se recomienda reforzar habitos de estudio y asistencia.
E01120,Zoe Flores,Redes de Computadoras,13.38,35.9,57.13,Medio,Se recomienda reforzar habitos de estudio y asistencia.
E01121,Milagros Palomino,Redes de Computadoras,15.18,90.1,66.87,Bajo,Mantener el desempeno actual; sin acciones urgentes.
E01122,Ana Herrera,Base de Datos,10.2,75.6,66.87,Medio,Se recomienda reforzar habitos de estudio y asistencia.
E01123,Alejandra Mamani,Estructuras de Datos,11.1,59.0,44.93,Medio,Se recomienda reforzar habitos de estudio y asistencia.
E01124,Sofía Ponce,Base de Datos,19.82,68.3,46.97,Medio,Se recomienda reforzar habitos de estudio y asistencia.
E01125,Lucía Pérez,Base de Datos,16.4,58.6,70.0,Medio,Se recomienda reforzar habitos de estudio y asistencia.
E01126,Nicolás Medina,Matemática Discreta,12.32,67.6,72.93,Medio,Se recomienda reforzar habitos de estudio y asistencia.
E01127,Lucía Palomino,Matemática Discreta,7.95,64.3,64.53,Alto,Requiere tutoria academica inmediata y seguimiento semanal.
E01128,Tomás García,Redes de Computadoras,18.23,93.7,66.57,Bajo,Mantener el desempeno actual; sin acciones urgentes.
E01129,Manuel Rodríguez,Estructuras de Datos,10.5,50.8,46.77,Medio,Se recomienda reforzar habitos de estudio y asistencia.
E01130,Estefanía Huamán,Base de Datos,13.82,72.8,56.0,Medio,Se recomienda reforzar habitos de estudio y asistencia.
E01131,Miguel Medina,Matemática Discreta,17.77,89.1,89.97,Bajo,Mantener el desempeno actual; sin acciones urgentes.
E01132,Valeria Flores,Redes de Computadoras,11.38,61.1,76.8,Medio,Se recomienda reforzar habitos de estudio y asistencia.
E01133,Tomás Reyes,Estructuras de Datos,10.35,71.0,65.33,Medio,Se recomienda reforzar habitos de estudio y asistencia.
E01134,Adrián Paredes,Lenguajes de Programación,9.57,94.9,90.17,Medio,Se recomienda reforzar habitos de estudio y asistencia.
E01135,Ana Palomino,Base de Datos,5.97,86.7,78.77,Medio,Se recomienda reforzar habitos de estudio y asistencia.
E01136,Ximena Gutiérrez,Matemática Discreta,10.0,56.9,59.57,Alto,Requiere tutoria academica inmediata y seguimiento semanal.
E01137,Tomás Cruz,Redes de Computadoras,17.2,67.6,60.0,Medio,Se recomienda reforzar habitos de estudio y asistencia.
E01138,Miguel Ponce,Matemática Discreta,8.52,69.9,51.37,Alto,Requiere tutoria academica inmediata y seguimiento semanal.
E01139,Alonso Salazar,Estructuras de Datos,13.85,71.6,67.17,Medio,Se recomienda reforzar habitos de estudio y asistencia.
E01140,Valentina Quispe,Base de Datos,16.6,47.3,58.67,Medio,Se recomienda reforzar habitos de estudio y asistencia.
E01141,María Flores,Matemática Discreta,15.65,39.5,63.07,Medio,Se recomienda reforzar habitos de estudio y asistencia.
E01142,Joaquín Rivas,Matemática Discreta,15.15,56.4,62.33,Medio,Se recomienda reforzar habitos de estudio y asistencia.
E01143,Sofía Medina,Matemática Discreta,12.3,67.9,60.23,Medio,Se recomienda reforzar habitos de estudio y asistencia.
E01144,Sebastián Ortiz,Redes de Computadoras,7.88,65.0,67.57,Alto,Requiere tutoria academica inmediata y seguimiento semanal.
E01145,Camila Cabrera,Base de Datos,15.17,80.0,76.43,Bajo,Mantener el desempeno actual; sin acciones urgentes.
E01146,Bruno Herrera,Estructuras de Datos,12.62,84.2,58.9,Medio,Se recomienda reforzar habitos de estudio y asistencia.
E01147,Ricardo García,Matemática Discreta,17.27,53.4,52.67,Medio,Se recomienda reforzar habitos de estudio y asistencia.
E01148,Bruno Ponce,Lenguajes de Programación,9.22,48.4,72.07,Alto,Requiere tutoria academica inmediata y seguimiento semanal.
E01149,Gabriela Aguilar,Base de Datos,15.62,59.3,54.43,Medio,Se recomienda reforzar habitos de estudio y asistencia.
E01150,Rosa Medina,Estructuras de Datos,17.0,44.2,43.4,Medio,Se recomienda reforzar habitos de estudio y asistencia.
E01151,Jorge Paredes,Lenguajes de Programación,6.1,100.0,76.57,Medio,Se recomienda reforzar habitos de estudio y asistencia.
E01152,Iván Ortiz,Base de Datos,16.57,62.9,87.47,Medio,Se recomienda reforzar habitos de estudio y asistencia.
E01153,Ana Ortiz,Matemática Discreta,9.95,64.0,48.27,Alto,Requiere tutoria academica inmediata y seguimiento semanal.
E01154,Jorge Espinoza,Redes de Computadoras,14.85,60.3,73.43,Medio,Se recomienda reforzar habitos de estudio y asistencia.
E01155,Camila Medina,Lenguajes de Programación,18.43,50.1,66.13,Medio,Se recomienda reforzar habitos de estudio y asistencia.
E01156,Julio Mendoza,Redes de Computadoras,7.47,60.2,74.07,Alto,Requiere tutoria academica inmediata y seguimiento semanal.
E01157,Iván Herrera,Base de Datos,11.85,65.7,74.47,Medio,Se recomienda reforzar habitos de estudio y asistencia.
E01158,Bruno Torres,Base de Datos,11.18,88.9,52.37,Medio,Se recomienda reforzar habitos de estudio y asistencia.
E01159,Estefanía Flores,Estructuras de Datos,13.8,44.7,60.13,Medio,Se recomienda reforzar habitos de estudio y asistencia.
E01160,Iván Cárdenas,Base de Datos,12.18,100.0,84.2,Medio,Se recomienda reforzar habitos de estudio y asistencia.
E01161,Sebastián Gutiérrez,Redes de Computadoras,16.85,77.4,71.33,Medio,Se recomienda reforzar habitos de estudio y asistencia.
E01162,Bruno García,Redes de Computadoras,16.32,93.7,69.53,Bajo,Mantener el desempeno actual; sin acciones urgentes.
E01163,Alonso Quispe,Estructuras de Datos,4.25,100.0,93.33,Medio,Se recomienda reforzar habitos de estudio y asistencia.
E01164,Sebastián Ramírez,Redes de Computadoras,14.78,74.3,77.13,Medio,Se recomienda reforzar habitos de estudio y asistencia.
E01165,Daniela Alva,Matemática Discreta,19.25,79.1,61.53,Medio,Se recomienda reforzar habitos de estudio y asistencia.
E01166,Luis García,Matemática Discreta,17.2,94.6,87.83,Bajo,Mantener el desempeno actual; sin acciones urgentes.
E01167,Andrés García,Estructuras de Datos,19.2,69.1,63.6,Medio,Se recomienda reforzar habitos de estudio y asistencia.
E01168,Diego Rodríguez,Lenguajes de Programación,12.35,54.5,64.2,Medio,Se recomienda reforzar habitos de estudio y asistencia.
E01169,Martina Cárdenas,Estructuras de Datos,6.58,86.3,68.4,Medio,Se recomienda reforzar habitos de estudio y asistencia.
E01170,Valeria Cárdenas,Lenguajes de Programación,5.0,87.2,71.5,Medio,Se recomienda reforzar habitos de estudio y asistencia.
E01171,Julio Rivas,Estructuras de Datos,12.78,71.7,71.0,Medio,Se recomienda reforzar habitos de estudio y asistencia.
E01172,Luis Cárdenas,Matemática Discreta,10.8,100.0,55.37,Medio,Se recomienda reforzar habitos de estudio y asistencia.
E01173,Daniela García,Base de Datos,12.43,90.7,65.57,Medio,Se recomienda reforzar habitos de estudio y asistencia.
E01174,Tomás Paredes,Base de Datos,9.23,39.5,52.47,Alto,Requiere tutoria academica inmediata y seguimiento semanal.
E01175,María Huamán,Base de Datos,16.25,78.0,72.97,Medio,Se recomienda reforzar habitos de estudio y asistencia.
E01176,Fernanda Delgado,Estructuras de Datos,10.88,50.2,63.83,Medio,Se recomienda reforzar habitos de estudio y asistencia.
E01177,Tomás Vargas,Base de Datos,10.25,72.7,72.83,Medio,Se recomienda reforzar habitos de estudio y asistencia.
E01178,Alonso Palomino,Lenguajes de Programación,10.62,76.5,63.63,Medio,Se recomienda reforzar habitos de estudio y asistencia.
E01179,Ximena Pérez,Redes de Computadoras,11.05,70.1,71.33,Medio,Se recomienda reforzar habitos de estudio y asistencia.
E01180,Luis Chávez,Estructuras de Datos,11.55,60.2,58.97,Medio,Se recomienda reforzar habitos de estudio y asistencia.
E01181,Diego Rodríguez,Estructuras de Datos,11.95,93.0,70.0,Medio,Se recomienda reforzar habitos de estudio y asistencia.
E01182,Gabriela Aguilar,Matemática Discreta,14.27,60.6,64.8,Medio,Se recomienda reforzar habitos de estudio y asistencia.
E01183,Sofía Mamani,Lenguajes de Programación,6.65,78.2,69.67,Medio,Se recomienda reforzar habitos de estudio y asistencia.
E01184,Lucía Mendoza,Matemática Discreta,9.52,29.6,54.37,Alto,Requiere tutoria academica inmediata y seguimiento semanal.
E01185,Diego Mamani,Lenguajes de Programación,8.4,60.4,53.77,Alto,Requiere tutoria academica inmediata y seguimiento semanal.
E01186,Alejandra Rivas,Matemática Discreta,12.6,38.0,60.33,Medio,Se recomienda reforzar habitos de estudio y asistencia.
E01187,Martina García,Matemática Discreta,8.6,96.1,84.13,Medio,Se recomienda reforzar habitos de estudio y asistencia.
E01188,Valentina Vega,Estructuras de Datos,2.95,86.0,68.17,Medio,Se recomienda reforzar habitos de estudio y asistencia.
E01189,Isabela Cárdenas,Estructuras de Datos,18.68,78.2,63.03,Medio,Se recomienda reforzar habitos de estudio y asistencia.
E01190,Antonella Zapata,Base de Datos,17.02,75.5,71.87,Medio,Se recomienda reforzar habitos de estudio y asistencia.
E01191,Lucía López,Estructuras de Datos,15.1,71.5,71.33,Medio,Se recomienda reforzar habitos de estudio y asistencia.
E01192,Valentina Ramírez,Matemática Discreta,11.6,89.1,88.27,Medio,Se recomienda reforzar habitos de estudio y asistencia.
E01193,Alejandra Aguilar,Estructuras de Datos,3.88,66.5,60.6,Alto,Requiere tutoria academica inmediata y seguimiento semanal.
E01194,Emilio Sánchez,Matemática Discreta,13.47,71.6,62.2,Medio,Se recomienda reforzar habitos de estudio y asistencia.
E01195,Emilio Herrera,Lenguajes de Programación,4.62,74.7,74.53,Medio,Se recomienda reforzar habitos de estudio y asistencia.
E01196,Joaquín Cárdenas,Lenguajes de Programación,16.62,94.6,74.7,Bajo,Mantener el desempeno actual; sin acciones urgentes.
E01197,María Ramírez,Estructuras de Datos,11.97,62.4,67.07,Medio,Se recomienda reforzar habitos de estudio y asistencia.
E01198,Emilio Rivas,Base de Datos,20.0,67.4,72.53,Medio,Se recomienda reforzar habitos de estudio y asistencia.
E01199,Gabriela Cárdenas,Matemática Discreta,14.58,70.3,68.17,Medio,Se recomienda reforzar habitos de estudio y asistencia.
E01200,Daniela Castillo,Lenguajes de Programación,14.1,81.5,66.7,Bajo,Mantener el desempeno actual; sin acciones urgentes.
E01201,Diego Salazar,Redes de Computadoras,11.8,63.2,52.27,Medio,Se recomienda reforzar habitos de estudio y asistencia.
E01202,Ximena Vega,Estructuras de Datos,14.28,60.9,64.47,Medio,Se recomienda reforzar habitos de estudio y asistencia.
E01203,Zoe Paredes,Base de Datos,13.78,100.0,80.43,Bajo,Mantener el desempeno actual; sin acciones urgentes.
E01204,Martina Medina,Estructuras de Datos,11.3,95.5,78.63,Medio,Se recomienda reforzar habitos de estudio y asistencia.
E01205,Sofía Gutiérrez,Estructuras de Datos,15.1,50.5,57.67,Medio,Se recomienda reforzar habitos de estudio y asistencia.
E01206,Mateo López,Lenguajes de Programación,15.08,99.5,81.8,Bajo,Mantener el desempeno actual; sin acciones urgentes.
E01207,Rodrigo Vargas,Matemática Discreta,13.68,69.2,57.63,Medio,Se recomienda reforzar habitos de estudio y asistencia.
E01208,Mateo Delgado,Redes de Computadoras,13.72,63.8,71.43,Medio,Se recomienda reforzar habitos de estudio y asistencia.
E01209,Carlos Ortiz,Lenguajes de Programación,9.53,100.0,90.73,Medio,Se recomienda reforzar habitos de estudio y asistencia.
E01210,Carlos Paredes,Lenguajes de Programación,10.88,67.4,70.13,Medio,Se recomienda reforzar habitos de estudio y asistencia.
E01211,Julio Pérez,Redes de Computadoras,20.0,65.1,60.63,Medio,Se recomienda reforzar habitos de estudio y asistencia.
E01212,Milagros Mamani,Lenguajes de Programación,11.5,100.0,84.63,Medio,Se recomienda reforzar habitos de estudio y asistencia.
E01213,Valentina Huamán,Redes de Computadoras,15.1,72.3,67.73,Medio,Se recomienda reforzar habitos de estudio y asistencia.
E01214,Nicolás Paredes,Estructuras de Datos,10.32,83.5,67.07,Medio,Se recomienda reforzar habitos de estudio y asistencia.
E01215,Jorge Soto,Matemática Discreta,14.77,49.0,50.8,Medio,Se recomienda reforzar habitos de estudio y asistencia.
E01216,Ximena Flores,Estructuras de Datos,9.93,91.5,83.53,Medio,Se recomienda reforzar habitos de estudio y asistencia.
E01217,Antonella Ponce,Lenguajes de Programación,6.9,85.2,70.67,Medio,Se recomienda reforzar habitos de estudio y asistencia.
E01218,Milagros Paredes,Matemática Discreta,15.62,55.8,49.33,Medio,Se recomienda reforzar habitos de estudio y asistencia.
E01219,Joaquín Sánchez,Lenguajes de Programación,11.03,54.6,71.53,Medio,Se recomienda reforzar habitos de estudio y asistencia.
E01220,Nicolás Ortiz,Estructuras de Datos,18.25,53.7,51.17,Medio,Se recomienda reforzar habitos de estudio y asistencia.
E01221,Milagros Rojas,Lenguajes de Programación,12.22,50.9,45.07,Medio,Se recomienda reforzar habitos de estudio y asistencia.
E01222,Fernanda Rivas,Estructuras de Datos,11.18,73.7,60.8,Medio,Se recomienda reforzar habitos de estudio y asistencia.
E01223,Carlos Cabrera,Base de Datos,16.8,46.2,67.13,Medio,Se recomienda reforzar habitos de estudio y asistencia.
E01224,Miguel Mamani,Matemática Discreta,12.5,54.7,69.33,Medio,Se recomienda reforzar habitos de estudio y asistencia.
E01225,Luis Medina,Estructuras de Datos,7.05,83.9,81.4,Medio,Se recomienda reforzar habitos de estudio y asistencia.
E01226,Gabriela Quispe,Estructuras de Datos,10.28,35.6,60.47,Alto,Requiere tutoria academica inmediata y seguimiento semanal.
E01227,Adrián Palomino,Base de Datos,11.88,43.2,43.9,Medio,Se recomienda reforzar habitos de estudio y asistencia.
E01228,Sebastián Ortiz,Estructuras de Datos,13.6,70.4,57.13,Medio,Se recomienda reforzar habitos de estudio y asistencia.
E01229,Manuel Aguilar,Lenguajes de Programación,11.38,39.2,70.9,Medio,Se recomienda reforzar habitos de estudio y asistencia.
E01230,Renata Ortiz,Base de Datos,14.65,95.7,66.47,Bajo,Mantener el desempeno actual; sin acciones urgentes.
E01231,Ana Castillo,Redes de Computadoras,19.4,57.1,65.47,Medio,Se recomienda reforzar habitos de estudio y asistencia.
E01232,Carlos Pérez,Estructuras de Datos,18.7,96.2,78.0,Bajo,Mantener el desempeno actual; sin acciones urgentes.
E01233,Miguel García,Estructuras de Datos,12.53,83.5,50.0,Medio,Se recomienda reforzar habitos de estudio y asistencia.
E01234,Sebastián Cárdenas,Redes de Computadoras,13.95,71.2,51.83,Medio,Se recomienda reforzar habitos de estudio y asistencia.
E01235,Vicente Salazar,Lenguajes de Programación,10.38,93.2,64.87,Medio,Se recomienda reforzar habitos de estudio y asistencia.
E01236,Rosa Mamani,Base de Datos,9.22,95.3,80.07,Medio,Se recomienda reforzar habitos de estudio y asistencia.
E01237,Ximena Vega,Estructuras de Datos,13.28,83.8,61.17,Medio,Se recomienda reforzar habitos de estudio y asistencia.
E01238,Bruno Ramírez,Redes de Computadoras,18.1,43.3,61.93,Medio,Se recomienda reforzar habitos de estudio y asistencia.
E01239,Natalia Pérez,Base de Datos,14.45,62.9,72.37,Medio,Se recomienda reforzar habitos de estudio y asistencia.
E01240,Martina Paredes,Lenguajes de Programación,5.5,54.2,56.43,Alto,Requiere tutoria academica inmediata y seguimiento semanal.
E01241,Adrián Palomino,Estructuras de Datos,12.95,86.1,76.33,Medio,Se recomienda reforzar habitos de estudio y asistencia.
E01242,Valentina Rojas,Matemática Discreta,15.62,85.1,72.37,Bajo,Mantener el desempeno actual; sin acciones urgentes.
E01243,Alonso Pérez,Lenguajes de Programación,16.57,66.4,73.17,Medio,Se recomienda reforzar habitos de estudio y asistencia.
E01244,Sebastián Vega,Matemática Discreta,14.97,48.5,52.5,Medio,Se recomienda reforzar habitos de estudio y asistencia.
E01245,Antonella Vega,Redes de Computadoras,15.03,62.9,76.13,Medio,Se recomienda reforzar habitos de estudio y asistencia.
E01246,Alonso Herrera,Redes de Computadoras,14.5,53.4,65.13,Medio,Se recomienda reforzar habitos de estudio y asistencia.
E01247,Martina Salazar,Estructuras de Datos,10.05,93.5,81.93,Medio,Se recomienda reforzar habitos de estudio y asistencia.
E01248,Lucía Salazar,Base de Datos,12.62,100.0,80.0,Medio,Se recomienda reforzar habitos de estudio y asistencia.
E01249,Milagros Sánchez,Base de Datos,2.6,45.9,63.1,Alto,Requiere tutoria academica inmediata y seguimiento semanal.
E01250,Milagros Torres,Matemática Discreta,6.75,35.2,52.07,Alto,Requiere tutoria academica inmediata y seguimiento semanal.
E01251,Joaquín Reyes,Matemática Discreta,8.43,90.2,88.8,Medio,Se recomienda reforzar habitos de estudio y asistencia.
E01252,Vicente Quispe,Redes de Computadoras,11.0,85.6,67.67,Medio,Se recomienda reforzar habitos de estudio y asistencia.
E01253,Julio Cárdenas,Base de Datos,6.45,47.6,58.0,Alto,Requiere tutoria academica inmediata y seguimiento semanal.
E01254,Ximena Soto,Redes de Computadoras,17.52,70.3,68.93,Medio,Se recomienda reforzar habitos de estudio y asistencia.
E01255,Bruno Ortiz,Lenguajes de Programación,11.12,72.3,66.5,Medio,Se recomienda reforzar habitos de estudio y asistencia.
E01256,Ricardo Herrera,Base de Datos,18.45,80.8,71.3,Bajo,Mantener el desempeno actual; sin acciones urgentes.
E01257,Antonella Mendoza,Matemática Discreta,12.4,56.1,40.5,Medio,Se recomienda reforzar habitos de estudio y asistencia.
E01258,Luis Cárdenas,Matemática Discreta,16.6,94.8,71.6,Bajo,Mantener el desempeno actual; sin acciones urgentes.
E01259,Lucía Vega,Matemática Discreta,14.55,68.2,64.57,Medio,Se recomienda reforzar habitos de estudio y asistencia.
E01260,Manuel Quispe,Redes de Computadoras,9.7,59.5,47.9,Alto,Requiere tutoria academica inmediata y seguimiento semanal.
E01261,Rosa Rivas,Lenguajes de Programación,9.35,72.8,65.6,Medio,Se recomienda reforzar habitos de estudio y asistencia.
E01262,Miguel Ponce,Lenguajes de Programación,13.95,61.5,72.1,Medio,Se recomienda reforzar habitos de estudio y asistencia.
E01263,Miguel Zapata,Lenguajes de Programación,9.8,50.0,59.97,Alto,Requiere tutoria academica inmediata y seguimiento semanal.
E01264,Ximena Paredes,Estructuras de Datos,11.32,65.8,71.3,Medio,Se recomienda reforzar habitos de estudio y asistencia.
E01265,Lucía Alva,Matemática Discreta,7.8,78.2,55.1,Alto,Requiere tutoria academica inmediata y seguimiento semanal.
E01266,Emilio Delgado,Matemática Discreta,19.45,31.4,60.83,Medio,Se recomienda reforzar habitos de estudio y asistencia.
E01267,Emilio Rojas,Base de Datos,7.8,67.2,51.2,Alto,Requiere tutoria academica inmediata y seguimiento semanal.
E01268,Emilia Delgado,Estructuras de Datos,15.18,23.1,61.03,Medio,Se recomienda reforzar habitos de estudio y asistencia.
E01269,Emilia Ponce,Estructuras de Datos,8.45,61.3,45.7,Alto,Requiere tutoria academica inmediata y seguimiento semanal.
E01270,Tomás Flores,Lenguajes de Programación,15.03,72.0,73.97,Medio,Se recomienda reforzar habitos de estudio y asistencia.
E01271,Alonso Cabrera,Lenguajes de Programación,18.95,76.6,62.77,Medio,Se recomienda reforzar habitos de estudio y asistencia.
E01272,Antonella Chávez,Matemática Discreta,19.25,73.1,91.03,Medio,Se recomienda reforzar habitos de estudio y asistencia.
E01273,Franco Rivas,Lenguajes de Programación,14.43,76.7,75.23,Medio,Se recomienda reforzar habitos de estudio y asistencia.
E01274,Valentina Palomino,Base de Datos,14.25,56.4,60.73,Medio,Se recomienda reforzar habitos de estudio y asistencia.
E01275,Sebastián García,Matemática Discreta,11.95,80.0,92.7,Medio,Se recomienda reforzar habitos de estudio y asistencia.
E01276,Milagros Rodríguez,Redes de Computadoras,12.88,92.9,77.63,Medio,Se recomienda reforzar habitos de estudio y asistencia.
E01277,Tomás Vega,Lenguajes de Programación,12.52,70.7,82.03,Medio,Se recomienda reforzar habitos de estudio y asistencia.
E01278,Alejandra Herrera,Estructuras de Datos,15.95,49.5,67.27,Medio,Se recomienda reforzar habitos de estudio y asistencia.
E01279,Martina Ramírez,Redes de Computadoras,13.18,62.1,62.6,Medio,Se recomienda reforzar habitos de estudio y asistencia.
E01280,Rodrigo Rojas,Estructuras de Datos,9.7,43.1,65.9,Alto,Requiere tutoria academica inmediata y seguimiento semanal.
E01281,Carlos Ortiz,Lenguajes de Programación,14.85,37.9,48.1,Medio,Se recomienda reforzar habitos de estudio y asistencia.
E01282,Valeria Pérez,Lenguajes de Programación,14.8,70.4,62.37,Medio,Se recomienda reforzar habitos de estudio y asistencia.
E01283,Isabela Gutiérrez,Matemática Discreta,7.93,70.1,62.6,Medio,Se recomienda reforzar habitos de estudio y asistencia.
E01284,Ana Mamani,Matemática Discreta,10.65,96.6,75.83,Medio,Se recomienda reforzar habitos de estudio y asistencia.
E01285,Mateo Rojas,Matemática Discreta,20.0,82.3,77.53,Bajo,Mantener el desempeno actual; sin acciones urgentes.
E01286,Miguel Delgado,Redes de Computadoras,12.85,45.5,49.83,Medio,Se recomienda reforzar habitos de estudio y asistencia.
E01287,Sofía Torres,Lenguajes de Programación,17.18,84.6,76.33,Bajo,Mantener el desempeno actual; sin acciones urgentes.
E01288,Lucía Sánchez,Estructuras de Datos,10.82,100.0,80.3,Medio,Se recomienda reforzar habitos de estudio y asistencia.
E01289,Milagros Flores,Base de Datos,12.02,99.9,73.6,Medio,Se recomienda reforzar habitos de estudio y asistencia.
E01290,Tomás Ponce,Redes de Computadoras,9.55,76.0,53.7,Alto,Requiere tutoria academica inmediata y seguimiento semanal.
E01291,Bruno Rivas,Matemática Discreta,6.92,100.0,83.9,Medio,Se recomienda reforzar habitos de estudio y asistencia.
E01292,Milagros Ramírez,Base de Datos,15.93,98.0,80.57,Bajo,Mantener el desempeno actual; sin acciones urgentes.
E01293,Franco Pérez,Redes de Computadoras,14.68,83.3,85.2,Bajo,Mantener el desempeno actual; sin acciones urgentes.
E01294,Rodrigo Rivas,Estructuras de Datos,9.05,73.6,69.93,Medio,Se recomienda reforzar habitos de estudio y asistencia.
E01295,Zoe Soto,Base de Datos,15.82,100.0,76.83,Bajo,Mantener el desempeno actual; sin acciones urgentes.
E01296,Diego Vargas,Matemática Discreta,11.0,64.2,59.53,Medio,Se recomienda reforzar habitos de estudio y asistencia.
E01297,Paula Rivas,Estructuras de Datos,13.35,66.2,61.03,Medio,Se recomienda reforzar habitos de estudio y asistencia.
E01298,Rosa Zapata,Matemática Discreta,16.48,79.6,66.53,Medio,Se recomienda reforzar habitos de estudio y asistencia.
E01299,Daniela Ramírez,Redes de Computadoras,10.82,62.2,75.4,Medio,Se recomienda reforzar habitos de estudio y asistencia.
E01300,Sebastián Alva,Base de Datos,14.82,47.5,79.77,Medio,Se recomienda reforzar habitos de estudio y asistencia.
E01301,Daniela Castillo,Redes de Computadoras,15.7,53.2,63.73,Medio,Se recomienda reforzar habitos de estudio y asistencia.
E01302,Franco Torres,Estructuras de Datos,9.38,71.0,77.0,Medio,Se recomienda reforzar habitos de estudio y asistencia.
E01303,Zoe Zapata,Estructuras de Datos,8.9,100.0,74.07,Medio,Se recomienda reforzar habitos de estudio y asistencia.
E01304,Alejandra Vargas,Base de Datos,13.9,62.7,65.73,Medio,Se recomienda reforzar habitos de estudio y asistencia.
E01305,Renata Espinoza,Lenguajes de Programación,5.47,89.5,83.03,Medio,Se recomienda reforzar habitos de estudio y asistencia.
E01306,Emilio Castillo,Redes de Computadoras,12.82,64.7,76.53,Medio,Se recomienda reforzar habitos de estudio y asistencia.
E01307,Estefanía Flores,Matemática Discreta,13.27,88.4,76.7,Bajo,Mantener el desempeno actual; sin acciones urgentes.
E01308,María Gutiérrez,Matemática Discreta,14.8,54.1,61.67,Medio,Se recomienda reforzar habitos de estudio y asistencia.
E01309,Fernanda Ramírez,Redes de Computadoras,13.2,58.6,73.53,Medio,Se recomienda reforzar habitos de estudio y asistencia.
E01310,Daniela Ramírez,Base de Datos,18.85,73.5,91.17,Medio,Se recomienda reforzar habitos de estudio y asistencia.
E01311,Zoe Medina,Lenguajes de Programación,18.85,96.8,74.93,Bajo,Mantener el desempeno actual; sin acciones urgentes.
E01312,Adrián Sánchez,Lenguajes de Programación,18.95,50.0,61.43,Medio,Se recomienda reforzar habitos de estudio y asistencia.
E01313,Valeria Mamani,Estructuras de Datos,1.6,98.6,60.17,Medio,Se recomienda reforzar habitos de estudio y asistencia.
E01314,Bruno Quispe,Estructuras de Datos,11.4,99.4,77.67,Medio,Se recomienda reforzar habitos de estudio y asistencia.
E01315,Luis Ponce,Base de Datos,13.23,54.8,54.27,Medio,Se recomienda reforzar habitos de estudio y asistencia.
E01316,Ana Chávez,Lenguajes de Programación,13.25,76.8,65.57,Medio,Se recomienda reforzar habitos de estudio y asistencia.
E01317,Ana Cruz,Lenguajes de Programación,10.52,68.4,53.5,Medio,Se recomienda reforzar habitos de estudio y asistencia.
E01318,Tomás Sánchez,Base de Datos,12.22,72.2,80.4,Medio,Se recomienda reforzar habitos de estudio y asistencia.
E01319,Alejandra Palomino,Redes de Computadoras,9.1,83.0,84.53,Medio,Se recomienda reforzar habitos de estudio y asistencia.
E01320,Ricardo Pérez,Redes de Computadoras,13.55,78.2,71.13,Medio,Se recomienda reforzar habitos de estudio y asistencia.
E01321,Emilio Palomino,Base de Datos,9.57,70.1,63.83,Medio,Se recomienda reforzar habitos de estudio y asistencia.
E01322,Daniela Ramírez,Base de Datos,11.62,86.2,95.4,Medio,Se recomienda reforzar habitos de estudio y asistencia.
E01323,Ana Quispe,Matemática Discreta,8.28,96.8,78.87,Medio,Se recomienda reforzar habitos de estudio y asistencia.
E01324,Mateo Paredes,Estructuras de Datos,14.5,93.3,72.2,Bajo,Mantener el desempeno actual; sin acciones urgentes.
E01325,Camila Chávez,Estructuras de Datos,14.07,81.9,52.93,Medio,Se recomienda reforzar habitos de estudio y asistencia.
E01326,Emilia Cruz,Base de Datos,17.48,58.6,53.93,Medio,Se recomienda reforzar habitos de estudio y asistencia.
E01327,Emilia Rodríguez,Base de Datos,19.45,76.2,55.07,Medio,Se recomienda reforzar habitos de estudio y asistencia.
E01328,Diego Quispe,Base de Datos,12.32,59.4,57.37,Medio,Se recomienda reforzar habitos de estudio y asistencia.
E01329,Valeria Mamani,Estructuras de Datos,17.8,93.0,96.4,Bajo,Mantener el desempeno actual; sin acciones urgentes.
E01330,Sofía Aguilar,Redes de Computadoras,13.53,86.8,83.2,Bajo,Mantener el desempeno actual; sin acciones urgentes.
E01331,Miguel Huamán,Matemática Discreta,12.0,32.0,55.77,Medio,Se recomienda reforzar habitos de estudio y asistencia.
E01332,Bruno Delgado,Matemática Discreta,8.62,98.9,62.6,Medio,Se recomienda reforzar habitos de estudio y asistencia.
E01333,Camila Sánchez,Base de Datos,11.88,68.1,75.27,Medio,Se recomienda reforzar habitos de estudio y asistencia.
E01334,Carlos Reyes,Lenguajes de Programación,13.18,66.1,68.4,Medio,Se recomienda reforzar habitos de estudio y asistencia.
E01335,Martina Rivas,Lenguajes de Programación,19.18,69.2,55.83,Medio,Se recomienda reforzar habitos de estudio y asistencia.
E01336,Estefanía Cabrera,Matemática Discreta,7.2,96.9,69.17,Medio,Se recomienda reforzar habitos de estudio y asistencia.
E01337,Carlos Reyes,Estructuras de Datos,12.8,74.9,64.37,Medio,Se recomienda reforzar habitos de estudio y asistencia.
E01338,Valentina Medina,Redes de Computadoras,16.77,64.1,71.5,Medio,Se recomienda reforzar habitos de estudio y asistencia.
E01339,Ana Ramírez,Lenguajes de Programación,15.1,55.3,58.87,Medio,Se recomienda reforzar habitos de estudio y asistencia.
E01340,Emilia Salazar,Lenguajes de Programación,15.0,58.4,71.8,Medio,Se recomienda reforzar habitos de estudio y asistencia.
E01341,Emilio Vargas,Base de Datos,15.8,92.3,84.0,Bajo,Mantener el desempeno actual; sin acciones urgentes.
E01342,Diego Ramírez,Redes de Computadoras,13.75,59.4,53.67,Medio,Se recomienda reforzar habitos de estudio y asistencia.
E01343,Fernanda Herrera,Base de Datos,15.8,70.2,56.63,Medio,Se recomienda reforzar habitos de estudio y asistencia.
E01344,Fernanda Alva,Base de Datos,9.1,76.6,74.1,Medio,Se recomienda reforzar habitos de estudio y asistencia.
E01345,Julio Vargas,Matemática Discreta,14.57,62.7,55.23,Medio,Se recomienda reforzar habitos de estudio y asistencia.
E01346,Ximena Rivas,Redes de Computadoras,9.15,63.3,74.43,Alto,Requiere tutoria academica inmediata y seguimiento semanal.
E01347,Camila Torres,Base de Datos,13.45,55.0,71.37,Medio,Se recomienda reforzar habitos de estudio y asistencia.
E01348,Tomás Ramírez,Lenguajes de Programación,13.7,66.9,68.47,Medio,Se recomienda reforzar habitos de estudio y asistencia.
E01349,Gabriela Vega,Base de Datos,9.25,89.5,61.57,Medio,Se recomienda reforzar habitos de estudio y asistencia.
E01350,Antonella Rodríguez,Redes de Computadoras,15.53,48.5,69.1,Medio,Se recomienda reforzar habitos de estudio y asistencia.
E01351,Isabela López,Redes de Computadoras,16.82,67.6,71.07,Medio,Se recomienda reforzar habitos de estudio y asistencia.
E01352,Isabela Paredes,Matemática Discreta,12.6,93.3,74.47,Medio,Se recomienda reforzar habitos de estudio y asistencia.
E01353,Bruno Aguilar,Estructuras de Datos,10.85,55.8,74.53,Medio,Se recomienda reforzar habitos de estudio y asistencia.
E01354,Zoe Gutiérrez,Redes de Computadoras,8.38,62.8,59.3,Alto,Requiere tutoria academica inmediata y seguimiento semanal.
E01355,Valentina Zapata,Lenguajes de Programación,14.47,70.6,81.8,Medio,Se recomienda reforzar habitos de estudio y asistencia.
E01356,Gabriela Torres,Estructuras de Datos,11.68,82.4,65.43,Medio,Se recomienda reforzar habitos de estudio y asistencia.
E01357,Daniela Alva,Matemática Discreta,10.95,82.1,64.5,Medio,Se recomienda reforzar habitos de estudio y asistencia.
E01358,Sebastián Gutiérrez,Matemática Discreta,6.6,69.3,57.77,Alto,Requiere tutoria academica inmediata y seguimiento semanal.
E01359,Milagros Pérez,Matemática Discreta,13.23,67.9,58.4,Medio,Se recomienda reforzar habitos de estudio y asistencia.
E01360,Jorge Huamán,Estructuras de Datos,13.05,59.7,64.17,Medio,Se recomienda reforzar habitos de estudio y asistencia.
E01361,Alonso Soto,Lenguajes de Programación,13.0,63.2,61.0,Medio,Se recomienda reforzar habitos de estudio y asistencia.
E01362,Valeria Castillo,Estructuras de Datos,16.15,70.4,90.13,Medio,Se recomienda reforzar habitos de estudio y asistencia.
E01363,Vicente Chávez,Redes de Computadoras,9.82,86.8,68.93,Medio,Se recomienda reforzar habitos de estudio y asistencia.
E01364,Martina Flores,Matemática Discreta,13.55,70.6,53.93,Medio,Se recomienda reforzar habitos de estudio y asistencia.
E01365,Estefanía Paredes,Matemática Discreta,19.2,100.0,68.67,Bajo,Mantener el desempeno actual; sin acciones urgentes.
E01366,Jorge García,Base de Datos,9.92,74.6,47.27,Alto,Requiere tutoria academica inmediata y seguimiento semanal.
E01367,Bruno López,Base de Datos,11.0,40.1,49.4,Medio,Se recomienda reforzar habitos de estudio y asistencia.
E01368,Vicente Salazar,Lenguajes de Programación,15.38,54.7,51.53,Medio,Se recomienda reforzar habitos de estudio y asistencia.
E01369,Antonella Delgado,Redes de Computadoras,14.55,67.8,53.2,Medio,Se recomienda reforzar habitos de estudio y asistencia.
E01370,Renata García,Matemática Discreta,10.22,72.3,77.43,Medio,Se recomienda reforzar habitos de estudio y asistencia.
E01371,Rosa Medina,Matemática Discreta,15.8,96.5,73.5,Bajo,Mantener el desempeno actual; sin acciones urgentes.
E01372,Sebastián Vargas,Matemática Discreta,13.6,95.3,87.87,Bajo,Mantener el desempeno actual; sin acciones urgentes.
E01373,Milagros Cárdenas,Estructuras de Datos,9.65,70.4,69.2,Medio,Se recomienda reforzar habitos de estudio y asistencia.
E01374,Isabela Pérez,Estructuras de Datos,9.45,37.7,75.17,Alto,Requiere tutoria academica inmediata y seguimiento semanal.
E01375,Manuel Mamani,Matemática Discreta,13.38,74.5,78.5,Medio,Se recomienda reforzar habitos de estudio y asistencia.
E01376,Milagros Castillo,Matemática Discreta,11.78,52.9,54.53,Medio,Se recomienda reforzar habitos de estudio y asistencia.
E01377,Vicente Cruz,Matemática Discreta,13.93,64.2,88.07,Medio,Se recomienda reforzar habitos de estudio y asistencia.
E01378,Adrián Ramírez,Lenguajes de Programación,11.68,95.8,80.13,Medio,Se recomienda reforzar habitos de estudio y asistencia.
E01379,Antonella Rivas,Estructuras de Datos,11.6,74.3,75.73,Medio,Se recomienda reforzar habitos de estudio y asistencia.
E01380,Lucía Herrera,Matemática Discreta,9.38,98.7,82.43,Medio,Se recomienda reforzar habitos de estudio y asistencia.
E01381,Luis Vega,Lenguajes de Programación,11.1,64.5,58.07,Medio,Se recomienda reforzar habitos de estudio y asistencia.
E01382,Andrés García,Redes de Computadoras,7.77,89.0,77.77,Medio,Se recomienda reforzar habitos de estudio y asistencia.
E01383,Adrián Ortiz,Redes de Computadoras,6.58,86.3,95.2,Medio,Se recomienda reforzar habitos de estudio y asistencia.
E01384,Isabela Sánchez,Matemática Discreta,5.47,52.0,61.67,Alto,Requiere tutoria academica inmediata y seguimiento semanal.
E01385,Valeria Huamán,Redes de Computadoras,18.6,80.6,79.77,Bajo,Mantener el desempeno actual; sin acciones urgentes.
E01386,Vicente Soto,Redes de Computadoras,10.88,85.6,63.47,Medio,Se recomienda reforzar habitos de estudio y asistencia.
E01387,Vicente Rivas,Estructuras de Datos,13.82,74.3,73.73,Medio,Se recomienda reforzar habitos de estudio y asistencia.
E01388,Paula Herrera,Matemática Discreta,2.1,68.8,55.47,Alto,Requiere tutoria academica inmediata y seguimiento semanal.
E01389,Fabián Ortiz,Redes de Computadoras,17.82,46.1,61.77,Medio,Se recomienda reforzar habitos de estudio y asistencia.
E01390,Adrián Vargas,Estructuras de Datos,8.07,59.9,69.03,Alto,Requiere tutoria academica inmediata y seguimiento semanal.
E01391,Isabela Espinoza,Redes de Computadoras,12.8,56.7,40.1,Medio,Se recomienda reforzar habitos de estudio y asistencia.
E01392,Franco Alva,Estructuras de Datos,13.03,72.7,79.43,Medio,Se recomienda reforzar habitos de estudio y asistencia.
E01393,Fernanda Rodríguez,Matemática Discreta,14.77,100.0,81.03,Bajo,Mantener el desempeno actual; sin acciones urgentes.
E01394,María Cabrera,Redes de Computadoras,13.05,80.3,57.67,Medio,Se recomienda reforzar habitos de estudio y asistencia.
E01395,María Soto,Estructuras de Datos,18.48,94.1,75.37,Bajo,Mantener el desempeno actual; sin acciones urgentes.
E01396,Vicente Reyes,Estructuras de Datos,4.22,37.8,58.43,Alto,Requiere tutoria academica inmediata y seguimiento semanal.
E01397,Daniela Rivas,Redes de Computadoras,9.68,60.2,70.07,Alto,Requiere tutoria academica inmediata y seguimiento semanal.
E01398,Sofía López,Lenguajes de Programación,16.75,93.1,71.7,Bajo,Mantener el desempeno actual; sin acciones urgentes.
E01399,Fabián Cruz,Estructuras de Datos,12.5,65.6,49.9,Medio,Se recomienda reforzar habitos de estudio y asistencia.
E01400,Lucía Medina,Lenguajes de Programación,12.25,72.4,74.33,Medio,Se recomienda reforzar habitos de estudio y asistencia.
E01401,Daniela Ortiz,Matemática Discreta,16.55,48.0,69.27,Medio,Se recomienda reforzar habitos de estudio y asistencia.
E01402,Adrián Cruz,Matemática Discreta,7.12,59.5,59.83,Alto,Requiere tutoria academica inmediata y seguimiento semanal.
E01403,Rosa Gutiérrez,Lenguajes de Programación,11.12,64.1,70.0,Medio,Se recomienda reforzar habitos de estudio y asistencia.
E01404,Natalia Mendoza,Matemática Discreta,13.2,66.4,67.43,Medio,Se recomienda reforzar habitos de estudio y asistencia.
E01405,Andrés Ramírez,Redes de Computadoras,12.72,71.2,69.83,Medio,Se recomienda reforzar habitos de estudio y asistencia.
E01406,Sofía Palomino,Estructuras de Datos,18.15,78.8,74.07,Medio,Se recomienda reforzar habitos de estudio y asistencia.
E01407,Renata Mamani,Redes de Computadoras,12.18,81.1,59.1,Medio,Se recomienda reforzar habitos de estudio y asistencia.
E01408,Rosa Vargas,Lenguajes de Programación,10.32,59.6,76.6,Alto,Requiere tutoria academica inmediata y seguimiento semanal.
E01409,Fernanda Chávez,Estructuras de Datos,9.1,56.2,63.83,Alto,Requiere tutoria academica inmediata y seguimiento semanal.
E01410,Fernanda Ponce,Base de Datos,10.5,75.9,77.87,Medio,Se recomienda reforzar habitos de estudio y asistencia.
E01411,Milagros Quispe,Base de Datos,7.47,53.7,77.9,Alto,Requiere tutoria academica inmediata y seguimiento semanal.
E01412,Iván Herrera,Redes de Computadoras,20.0,59.7,64.73,Medio,Se recomienda reforzar habitos de estudio y asistencia.
E01413,Zoe Cabrera,Redes de Computadoras,14.35,89.8,62.77,Medio,Se recomienda reforzar habitos de estudio y asistencia.
E01414,Rosa Ponce,Matemática Discreta,8.93,64.8,73.27,Alto,Requiere tutoria academica inmediata y seguimiento semanal.
E01415,Mateo Chávez,Matemática Discreta,18.33,91.6,62.3,Medio,Se recomienda reforzar habitos de estudio y asistencia.
E01416,Martina López,Estructuras de Datos,13.5,72.9,75.53,Medio,Se recomienda reforzar habitos de estudio y asistencia.
E01417,Diego Castillo,Estructuras de Datos,18.2,50.0,73.27,Medio,Se recomienda reforzar habitos de estudio y asistencia.
E01418,Sofía López,Base de Datos,18.1,82.3,76.97,Bajo,Mantener el desempeno actual; sin acciones urgentes.
E01419,Miguel Reyes,Base de Datos,12.78,85.6,87.1,Medio,Se recomienda reforzar habitos de estudio y asistencia.
E01420,Fabián Quispe,Base de Datos,9.55,97.6,71.17,Medio,Se recomienda reforzar habitos de estudio y asistencia.
E01421,Emilia Ortiz,Lenguajes de Programación,15.22,71.6,68.2,Medio,Se recomienda reforzar habitos de estudio y asistencia.
E01422,Diego López,Matemática Discreta,18.2,83.8,79.8,Bajo,Mantener el desempeno actual; sin acciones urgentes.
E01423,Emilio Sánchez,Matemática Discreta,2.52,87.3,73.17,Medio,Se recomienda reforzar habitos de estudio y asistencia.
E01424,Mateo Palomino,Estructuras de Datos,10.57,89.2,65.43,Medio,Se recomienda reforzar habitos de estudio y asistencia.
E01425,Gabriela Rodríguez,Estructuras de Datos,10.27,81.7,69.23,Medio,Se recomienda reforzar habitos de estudio y asistencia.
E01426,Antonella Torres,Matemática Discreta,18.15,100.0,85.63,Bajo,Mantener el desempeno actual; sin acciones urgentes.
E01427,Antonella Paredes,Lenguajes de Programación,15.65,33.3,35.27,Medio,Se recomienda reforzar habitos de estudio y asistencia.
E01428,Carlos Espinoza,Base de Datos,14.4,72.8,53.73,Medio,Se recomienda reforzar habitos de estudio y asistencia.
E01429,María Herrera,Lenguajes de Programación,15.05,77.0,70.97,Medio,Se recomienda reforzar habitos de estudio y asistencia.
E01430,Miguel Pérez,Lenguajes de Programación,13.67,95.9,77.07,Bajo,Mantener el desempeno actual; sin acciones urgentes.
E01431,Rosa Mamani,Redes de Computadoras,16.38,90.5,70.83,Bajo,Mantener el desempeno actual; sin acciones urgentes.
E01432,Emilia Sánchez,Base de Datos,9.7,49.6,57.67,Alto,Requiere tutoria academica inmediata y seguimiento semanal.
E01433,Diego Flores,Lenguajes de Programación,19.45,74.7,84.9,Medio,Se recomienda reforzar habitos de estudio y asistencia.
E01434,Fabián Flores,Lenguajes de Programación,12.38,69.2,75.6,Medio,Se recomienda reforzar habitos de estudio y asistencia.
E01435,Camila Rodríguez,Redes de Computadoras,9.5,62.5,77.9,Alto,Requiere tutoria academica inmediata y seguimiento semanal.
E01436,Paula Zapata,Estructuras de Datos,8.35,49.6,62.83,Alto,Requiere tutoria academica inmediata y seguimiento semanal.
E01437,Martina Rodríguez,Base de Datos,9.93,73.0,83.83,Medio,Se recomienda reforzar habitos de estudio y asistencia.
E01438,Sofía Espinoza,Estructuras de Datos,15.43,55.8,48.6,Medio,Se recomienda reforzar habitos de estudio y asistencia.
E01439,Isabela Aguilar,Matemática Discreta,8.62,83.7,61.8,Medio,Se recomienda reforzar habitos de estudio y asistencia.
E01440,Valeria Medina,Matemática Discreta,12.2,50.8,45.6,Medio,Se recomienda reforzar habitos de estudio y asistencia.
E01441,Rosa Ramírez,Lenguajes de Programación,9.22,64.3,59.63,Alto,Requiere tutoria academica inmediata y seguimiento semanal.
E01442,Alejandra Cruz,Base de Datos,10.38,64.1,70.1,Alto,Requiere tutoria academica inmediata y seguimiento semanal.
E01443,María Rodríguez,Matemática Discreta,14.88,36.9,52.63,Medio,Se recomienda reforzar habitos de estudio y asistencia.
E01444,Alonso Gutiérrez,Matemática Discreta,13.2,82.0,80.67,Bajo,Mantener el desempeno actual; sin acciones urgentes.
E01445,Rosa Delgado,Redes de Computadoras,17.6,72.0,57.93,Medio,Se recomienda reforzar habitos de estudio y asistencia.
E01446,Manuel Flores,Lenguajes de Programación,17.62,65.0,78.13,Medio,Se recomienda reforzar habitos de estudio y asistencia.
E01447,Jorge Castillo,Matemática Discreta,15.53,82.2,62.83,Medio,Se recomienda reforzar habitos de estudio y asistencia.
E01448,María Quispe,Base de Datos,11.62,81.7,74.87,Medio,Se recomienda reforzar habitos de estudio y asistencia.
E01449,Franco Espinoza,Redes de Computadoras,14.5,67.2,67.37,Medio,Se recomienda reforzar habitos de estudio y asistencia.
E01450,Rosa Castillo,Base de Datos,13.4,100.0,73.0,Bajo,Mantener el desempeno actual; sin acciones urgentes.
E01451,Carlos Soto,Matemática Discreta,14.62,51.5,57.27,Medio,Se recomienda reforzar habitos de estudio y asistencia.
E01452,Adrián Castillo,Matemática Discreta,15.45,65.3,59.03,Medio,Se recomienda reforzar habitos de estudio y asistencia.
E01453,Bruno Aguilar,Lenguajes de Programación,19.32,78.3,65.37,Medio,Se recomienda reforzar habitos de estudio y asistencia.
E01454,Renata Delgado,Lenguajes de Programación,14.2,61.4,72.4,Medio,Se recomienda reforzar habitos de estudio y asistencia.
E01455,Diego Medina,Estructuras de Datos,13.48,50.6,58.6,Medio,Se recomienda reforzar habitos de estudio y asistencia.
E01456,Diego Mendoza,Matemática Discreta,10.1,42.3,59.2,Alto,Requiere tutoria academica inmediata y seguimiento semanal.
E01457,Daniela Ortiz,Redes de Computadoras,11.75,70.1,43.97,Medio,Se recomienda reforzar habitos de estudio y asistencia.
E01458,Luis Paredes,Matemática Discreta,11.28,47.6,62.27,Medio,Se recomienda reforzar habitos de estudio y asistencia.
E01459,Antonella Zapata,Base de Datos,12.0,30.1,47.2,Medio,Se recomienda reforzar habitos de estudio y asistencia.
E01460,Martina Ortiz,Base de Datos,11.22,73.7,64.33,Medio,Se recomienda reforzar habitos de estudio y asistencia.
E01461,Valeria Palomino,Estructuras de Datos,13.05,67.6,66.43,Medio,Se recomienda reforzar habitos de estudio y asistencia.
E01462,Valeria Castillo,Base de Datos,13.05,64.5,74.83,Medio,Se recomienda reforzar habitos de estudio y asistencia.
E01463,Ricardo Salazar,Lenguajes de Programación,10.85,73.5,65.87,Medio,Se recomienda reforzar habitos de estudio y asistencia.
E01464,Estefanía Ponce,Matemática Discreta,9.07,71.7,60.03,Medio,Se recomienda reforzar habitos de estudio y asistencia.
E01465,Ricardo Sánchez,Redes de Computadoras,10.8,100.0,80.73,Medio,Se recomienda reforzar habitos de estudio y asistencia.
E01466,Natalia Alva,Matemática Discreta,10.55,60.5,62.6,Medio,Se recomienda reforzar habitos de estudio y asistencia.
E01467,Carlos Delgado,Matemática Discreta,15.1,83.9,77.77,Bajo,Mantener el desempeno actual; sin acciones urgentes.
E01468,Julio García,Lenguajes de Programación,13.35,41.4,53.8,Medio,Se recomienda reforzar habitos de estudio y asistencia.
E01469,Valeria Gutiérrez,Redes de Computadoras,11.32,51.2,81.93,Medio,Se recomienda reforzar habitos de estudio y asistencia.
E01470,Paula Mendoza,Matemática Discreta,10.0,77.8,92.6,Medio,Se recomienda reforzar habitos de estudio y asistencia.
E01471,Natalia Cabrera,Estructuras de Datos,6.72,100.0,68.97,Medio,Se recomienda reforzar habitos de estudio y asistencia.
E01472,Adrián Aguilar,Redes de Computadoras,10.62,100.0,92.43,Medio,Se recomienda reforzar habitos de estudio y asistencia.
E01473,Sofía Vega,Redes de Computadoras,17.35,74.2,61.8,Medio,Se recomienda reforzar habitos de estudio y asistencia.
E01474,Ricardo Chávez,Matemática Discreta,7.23,100.0,64.63,Medio,Se recomienda reforzar habitos de estudio y asistencia.
E01475,Valentina Alva,Lenguajes de Programación,4.15,75.9,58.83,Alto,Requiere tutoria academica inmediata y seguimiento semanal.
E01476,Estefanía Torres,Base de Datos,15.95,84.9,56.07,Medio,Se recomienda reforzar habitos de estudio y asistencia.
E01477,Fernanda Chávez,Redes de Computadoras,12.15,100.0,74.8,Medio,Se recomienda reforzar habitos de estudio y asistencia.
E01478,Sebastián Salazar,Base de Datos,18.35,67.9,76.87,Medio,Se recomienda reforzar habitos de estudio y asistencia.
E01479,Alejandra Aguilar,Lenguajes de Programación,9.82,67.9,57.27,Alto,Requiere tutoria academica inmediata y seguimiento semanal.
E01480,Mateo Flores,Estructuras de Datos,12.07,44.4,69.33,Medio,Se recomienda reforzar habitos de estudio y asistencia.
E01481,Lucía Sánchez,Estructuras de Datos,13.98,87.0,82.33,Bajo,Mantener el desempeno actual; sin acciones urgentes.
E01482,Julio Chávez,Redes de Computadoras,18.7,100.0,87.17,Bajo,Mantener el desempeno actual; sin acciones urgentes.
E01483,Camila García,Lenguajes de Programación,10.98,79.9,76.6,Medio,Se recomienda reforzar habitos de estudio y asistencia.
E01484,Diego Medina,Lenguajes de Programación,12.88,92.8,63.1,Medio,Se recomienda reforzar habitos de estudio y asistencia.
E01485,Andrés García,Redes de Computadoras,14.95,74.3,78.1,Medio,Se recomienda reforzar habitos de estudio y asistencia.
E01486,Luis Rojas,Base de Datos,16.4,80.1,70.37,Bajo,Mantener el desempeno actual; sin acciones urgentes.
E01487,Alonso Sánchez,Matemática Discreta,18.7,66.6,58.53,Medio,Se recomienda reforzar habitos de estudio y asistencia.
E01488,Valeria Rivas,Redes de Computadoras,14.57,53.0,77.67,Medio,Se recomienda reforzar habitos de estudio y asistencia.
E01489,Manuel Torres,Lenguajes de Programación,16.27,51.0,69.07,Medio,Se recomienda reforzar habitos de estudio y asistencia.
E01490,Luis Cruz,Base de Datos,12.3,72.7,55.87,Medio,Se recomienda reforzar habitos de estudio y asistencia.
E01491,Ximena Huamán,Base de Datos,10.82,48.9,67.1,Medio,Se recomienda reforzar habitos de estudio y asistencia.
E01492,Mateo Chávez,Redes de Computadoras,13.38,71.4,58.4,Medio,Se recomienda reforzar habitos de estudio y asistencia.
E01493,Martina García,Redes de Computadoras,8.27,56.9,61.03,Alto,Requiere tutoria academica inmediata y seguimiento semanal.
E01494,Gabriela López,Estructuras de Datos,14.45,100.0,81.23,Bajo,Mantener el desempeno actual; sin acciones urgentes.
E01495,Alonso Torres,Redes de Computadoras,10.47,100.0,91.17,Medio,Se recomienda reforzar habitos de estudio y asistencia.
E01496,Ricardo Vega,Estructuras de Datos,4.1,57.9,40.17,Alto,Requiere tutoria academica inmediata y seguimiento semanal.
E01497,Nicolás Flores,Base de Datos,16.58,100.0,80.0,Bajo,Mantener el desempeno actual; sin acciones urgentes.
E01498,Franco Alva,Base de Datos,15.5,66.4,64.57,Medio,Se recomienda reforzar habitos de estudio y asistencia.
E01499,Vicente Rodríguez,Matemática Discreta,15.55,91.1,54.27,Medio,Se recomienda reforzar habitos de estudio y asistencia.
E01500,Ximena Delgado,Matemática Discreta,11.32,60.8,67.8,Medio,Se recomienda reforzar habitos de estudio y asistencia.
E01501,Emilio García,Matemática Discreta,8.78,77.4,70.63,Medio,Se recomienda reforzar habitos de estudio y asistencia.
E01502,Julio Vargas,Base de Datos,13.6,52.7,66.93,Medio,Se recomienda reforzar habitos de estudio y asistencia.
E01503,Lucía Delgado,Redes de Computadoras,13.65,92.7,68.97,Bajo,Mantener el desempeno actual; sin acciones urgentes.
E01504,Valeria Paredes,Matemática Discreta,18.5,63.6,61.2,Medio,Se recomienda reforzar habitos de estudio y asistencia.
E01505,Daniela Cárdenas,Redes de Computadoras,9.35,48.5,54.6,Alto,Requiere tutoria academica inmediata y seguimiento semanal.
E01506,Valeria López,Base de Datos,11.23,77.1,72.17,Medio,Se recomienda reforzar habitos de estudio y asistencia.
E01507,Nicolás Rivas,Redes de Computadoras,20.0,53.0,60.27,Medio,Se recomienda reforzar habitos de estudio y asistencia.
E01508,Nicolás Salazar,Matemática Discreta,14.3,98.0,86.0,Bajo,Mantener el desempeno actual; sin acciones urgentes.
E01509,Isabela Delgado,Lenguajes de Programación,10.43,82.8,67.13,Medio,Se recomienda reforzar habitos de estudio y asistencia.
E01510,Alonso Ponce,Redes de Computadoras,12.98,79.6,51.77,Medio,Se recomienda reforzar habitos de estudio y asistencia.
E01511,Paula Ponce,Redes de Computadoras,15.8,65.4,72.27,Medio,Se recomienda reforzar habitos de estudio y asistencia.
E01512,Carlos Espinoza,Lenguajes de Programación,12.77,91.2,74.43,Medio,Se recomienda reforzar habitos de estudio y asistencia.
E01513,Julio Gutiérrez,Lenguajes de Programación,14.02,75.8,70.2,Medio,Se recomienda reforzar habitos de estudio y asistencia.
E01514,Andrés Ponce,Redes de Computadoras,14.77,65.5,65.47,Medio,Se recomienda reforzar habitos de estudio y asistencia.
E01515,Natalia Soto,Base de Datos,7.25,72.2,54.63,Alto,Requiere tutoria academica inmediata y seguimiento semanal.
E01516,Ricardo Palomino,Base de Datos,16.05,66.7,66.53,Medio,Se recomienda reforzar habitos de estudio y asistencia.
E01517,Ricardo López,Base de Datos,10.52,43.7,81.0,Medio,Se recomienda reforzar habitos de estudio y asistencia.
E01518,Adrián Zapata,Estructuras de Datos,7.2,52.3,57.43,Alto,Requiere tutoria academica inmediata y seguimiento semanal.
E01519,Valentina Flores,Lenguajes de Programación,14.65,61.1,68.83,Medio,Se recomienda reforzar habitos de estudio y asistencia.
E01520,Fabián López,Matemática Discreta,14.35,99.8,86.6,Bajo,Mantener el desempeno actual; sin acciones urgentes.
E01521,Rodrigo Salazar,Estructuras de Datos,12.9,50.6,47.87,Medio,Se recomienda reforzar habitos de estudio y asistencia.
E01522,Camila Vargas,Base de Datos,5.62,96.1,73.03,Medio,Se recomienda reforzar habitos de estudio y asistencia.
E01523,Martina Mamani,Estructuras de Datos,15.5,86.3,75.37,Bajo,Mantener el desempeno actual; sin acciones urgentes.
E01524,Lucía Rivas,Lenguajes de Programación,11.0,74.5,72.67,Medio,Se recomienda reforzar habitos de estudio y asistencia.
E01525,Alonso Rodríguez,Estructuras de Datos,11.07,53.6,49.63,Medio,Se recomienda reforzar habitos de estudio y asistencia.
E01526,Bruno Ramírez,Redes de Computadoras,14.98,42.5,56.0,Medio,Se recomienda reforzar habitos de estudio y asistencia.
E01527,Valeria Herrera,Estructuras de Datos,15.28,59.4,73.13,Medio,Se recomienda reforzar habitos de estudio y asistencia.
E01528,Manuel Huamán,Lenguajes de Programación,7.17,46.6,61.3,Alto,Requiere tutoria academica inmediata y seguimiento semanal.
E01529,Zoe Huamán,Redes de Computadoras,19.6,72.3,60.27,Medio,Se recomienda reforzar habitos de estudio y asistencia.
E01530,Ricardo Herrera,Lenguajes de Programación,7.9,58.0,58.33,Alto,Requiere tutoria academica inmediata y seguimiento semanal.
E01531,Ximena Pérez,Redes de Computadoras,8.85,62.6,42.13,Alto,Requiere tutoria academica inmediata y seguimiento semanal.
E01532,Rodrigo García,Estructuras de Datos,18.1,93.1,81.57,Bajo,Mantener el desempeno actual; sin acciones urgentes.
E01533,Camila Cárdenas,Base de Datos,11.82,84.2,64.23,Medio,Se recomienda reforzar habitos de estudio y asistencia.
E01534,Martina Rojas,Estructuras de Datos,9.4,79.5,61.77,Medio,Se recomienda reforzar habitos de estudio y asistencia.
E01535,Isabela Paredes,Estructuras de Datos,10.72,70.1,70.57,Medio,Se recomienda reforzar habitos de estudio y asistencia.
E01536,Antonella Salazar,Base de Datos,18.9,21.3,58.8,Medio,Se recomienda reforzar habitos de estudio y asistencia.
E01537,Camila Vargas,Matemática Discreta,19.27,63.3,72.13,Medio,Se recomienda reforzar habitos de estudio y asistencia.
E01538,Andrés Herrera,Base de Datos,17.6,76.8,81.3,Medio,Se recomienda reforzar habitos de estudio y asistencia.
E01539,Bruno Medina,Matemática Discreta,12.1,82.2,64.23,Medio,Se recomienda reforzar habitos de estudio y asistencia.
E01540,Carlos Herrera,Base de Datos,11.43,54.9,59.4,Medio,Se recomienda reforzar habitos de estudio y asistencia.
E01541,Emilio Aguilar,Base de Datos,11.38,63.2,81.27,Medio,Se recomienda reforzar habitos de estudio y asistencia.
E01542,Valentina Salazar,Base de Datos,17.05,100.0,83.73,Bajo,Mantener el desempeno actual; sin acciones urgentes.
E01543,Emilio Delgado,Lenguajes de Programación,10.3,78.9,84.73,Medio,Se recomienda reforzar habitos de estudio y asistencia.
E01544,Ricardo Soto,Redes de Computadoras,7.25,84.7,78.3,Medio,Se recomienda reforzar habitos de estudio y asistencia.
E01545,Valentina Cabrera,Lenguajes de Programación,18.15,71.7,75.23,Medio,Se recomienda reforzar habitos de estudio y asistencia.
E01546,Carlos Reyes,Redes de Computadoras,16.15,79.6,62.97,Medio,Se recomienda reforzar habitos de estudio y asistencia.
E01547,Bruno Soto,Matemática Discreta,8.68,72.9,71.27,Medio,Se recomienda reforzar habitos de estudio y asistencia.
E01548,Tomás Castillo,Estructuras de Datos,8.38,62.2,53.9,Alto,Requiere tutoria academica inmediata y seguimiento semanal.
E01549,Daniela Cabrera,Base de Datos,7.72,70.2,55.87,Alto,Requiere tutoria academica inmediata y seguimiento semanal.
E01550,Lucía Chávez,Estructuras de Datos,16.05,62.9,63.9,Medio,Se recomienda reforzar habitos de estudio y asistencia.
E01551,Adrián Medina,Lenguajes de Programación,12.35,42.4,51.83,Medio,Se recomienda reforzar habitos de estudio y asistencia.
E01552,Tomás Palomino,Base de Datos,12.7,62.8,67.17,Medio,Se recomienda reforzar habitos de estudio y asistencia.
E01553,Ximena Reyes,Matemática Discreta,14.78,92.5,67.67,Bajo,Mantener el desempeno actual; sin acciones urgentes.
E01554,Fabián Mendoza,Redes de Computadoras,10.65,82.6,80.87,Medio,Se recomienda reforzar habitos de estudio y asistencia.
E01555,Emilio Mendoza,Lenguajes de Programación,11.45,100.0,88.83,Medio,Se recomienda reforzar habitos de estudio y asistencia.
E01556,Camila Alva,Matemática Discreta,9.82,72.3,81.8,Medio,Se recomienda reforzar habitos de estudio y asistencia.
E01557,Valeria Reyes,Lenguajes de Programación,6.7,70.4,73.57,Medio,Se recomienda reforzar habitos de estudio y asistencia.
E01558,Vicente García,Lenguajes de Programación,17.1,100.0,75.53,Bajo,Mantener el desempeno actual; sin acciones urgentes.
E01559,Joaquín Vargas,Base de Datos,14.97,43.2,67.27,Medio,Se recomienda reforzar habitos de estudio y asistencia.
E01560,Ana Mendoza,Matemática Discreta,12.62,57.6,46.03,Medio,Se recomienda reforzar habitos de estudio y asistencia.
E01561,Milagros Pérez,Base de Datos,12.12,44.3,53.63,Medio,Se recomienda reforzar habitos de estudio y asistencia.
E01562,Emilio Cabrera,Estructuras de Datos,13.1,67.3,67.97,Medio,Se recomienda reforzar habitos de estudio y asistencia.
E01563,Tomás Vega,Redes de Computadoras,12.55,84.9,75.8,Medio,Se recomienda reforzar habitos de estudio y asistencia.
E01564,Julio Quispe,Base de Datos,13.88,56.9,57.33,Medio,Se recomienda reforzar habitos de estudio y asistencia.
E01565,Alonso Espinoza,Matemática Discreta,19.23,48.8,57.2,Medio,Se recomienda reforzar habitos de estudio y asistencia.
E01566,Sebastián Gutiérrez,Lenguajes de Programación,13.4,64.7,49.93,Medio,Se recomienda reforzar habitos de estudio y asistencia.
E01567,Gabriela Zapata,Estructuras de Datos,11.07,48.5,61.17,Medio,Se recomienda reforzar habitos de estudio y asistencia.
E01568,Tomás Mendoza,Lenguajes de Programación,11.88,68.7,87.47,Medio,Se recomienda reforzar habitos de estudio y asistencia.
E01569,Diego Reyes,Estructuras de Datos,12.07,76.6,68.67,Medio,Se recomienda reforzar habitos de estudio y asistencia.
E01570,Jorge Torres,Lenguajes de Programación,8.43,72.3,77.63,Medio,Se recomienda reforzar habitos de estudio y asistencia.
E01571,Manuel Huamán,Lenguajes de Programación,10.27,77.1,63.9,Medio,Se recomienda reforzar habitos de estudio y asistencia.
E01572,Fabián Soto,Lenguajes de Programación,16.27,97.0,79.1,Bajo,Mantener el desempeno actual; sin acciones urgentes.
E01573,Natalia Cruz,Base de Datos,14.38,81.3,73.4,Bajo,Mantener el desempeno actual; sin acciones urgentes.
E01574,Ana Pérez,Estructuras de Datos,16.4,76.4,49.8,Medio,Se recomienda reforzar habitos de estudio y asistencia.
E01575,Fabián Ramírez,Redes de Computadoras,7.68,76.9,64.47,Medio,Se recomienda reforzar habitos de estudio y asistencia.
E01576,Iván Huamán,Matemática Discreta,15.15,86.6,61.93,Medio,Se recomienda reforzar habitos de estudio y asistencia.
E01577,Nicolás Mendoza,Redes de Computadoras,8.48,85.8,75.27,Medio,Se recomienda reforzar habitos de estudio y asistencia.
E01578,Andrés Cárdenas,Matemática Discreta,4.75,87.7,81.73,Medio,Se recomienda reforzar habitos de estudio y asistencia.
E01579,Luis Alva,Estructuras de Datos,12.32,49.7,53.53,Medio,Se recomienda reforzar habitos de estudio y asistencia.
E01580,Fernanda Espinoza,Matemática Discreta,13.42,72.4,80.57,Medio,Se recomienda reforzar habitos de estudio y asistencia.
E01581,Estefanía Pérez,Lenguajes de Programación,11.97,53.6,59.7,Medio,Se recomienda reforzar habitos de estudio y asistencia.
E01582,Isabela Chávez,Lenguajes de Programación,16.15,75.0,83.23,Medio,Se recomienda reforzar habitos de estudio y asistencia.
E01583,Julio Zapata,Base de Datos,17.12,59.1,55.6,Medio,Se recomienda reforzar habitos de estudio y asistencia.
E01584,Sebastián Pérez,Matemática Discreta,13.98,68.0,61.17,Medio,Se recomienda reforzar habitos de estudio y asistencia.
E01585,Julio Sánchez,Lenguajes de Programación,9.9,70.5,67.4,Medio,Se recomienda reforzar habitos de estudio y asistencia.
E01586,Milagros Palomino,Lenguajes de Programación,13.4,87.8,73.4,Bajo,Mantener el desempeno actual; sin acciones urgentes.
E01587,Alonso Reyes,Lenguajes de Programación,11.15,72.3,81.0,Medio,Se recomienda reforzar habitos de estudio y asistencia.
E01588,Bruno Aguilar,Base de Datos,5.47,62.6,58.8,Alto,Requiere tutoria academica inmediata y seguimiento semanal.
E01589,Franco Salazar,Estructuras de Datos,9.4,85.1,70.0,Medio,Se recomienda reforzar habitos de estudio y asistencia.
E01590,Mateo Pérez,Redes de Computadoras,16.0,84.0,75.63,Bajo,Mantener el desempeno actual; sin acciones urgentes.
E01591,Iván Vargas,Estructuras de Datos,15.55,56.4,52.1,Medio,Se recomienda reforzar habitos de estudio y asistencia.
E01592,María Palomino,Base de Datos,17.67,82.6,76.4,Bajo,Mantener el desempeno actual; sin acciones urgentes.
E01593,Rodrigo Huamán,Redes de Computadoras,13.6,72.3,67.27,Medio,Se recomienda reforzar habitos de estudio y asistencia.
E01594,Andrés Salazar,Matemática Discreta,9.82,64.5,62.93,Alto,Requiere tutoria academica inmediata y seguimiento semanal.
E01595,Valentina Zapata,Lenguajes de Programación,15.03,99.9,67.03,Bajo,Mantener el desempeno actual; sin acciones urgentes.
E01596,Valentina Ponce,Matemática Discreta,7.95,67.4,67.57,Alto,Requiere tutoria academica inmediata y seguimiento semanal.
E01597,Camila Mendoza,Matemática Discreta,14.55,79.0,63.67,Medio,Se recomienda reforzar habitos de estudio y asistencia.
E01598,Iván Gutiérrez,Lenguajes de Programación,15.92,62.2,61.57,Medio,Se recomienda reforzar habitos de estudio y asistencia.
E01599,Julio Zapata,Estructuras de Datos,5.83,57.2,65.87,Alto,Requiere tutoria academica inmediata y seguimiento semanal.
E01600,Nicolás Vega,Estructuras de Datos,11.23,100.0,73.33,Medio,Se recomienda reforzar habitos de estudio y asistencia.
E01601,Zoe Herrera,Lenguajes de Programación,16.62,64.8,81.6,Medio,Se recomienda reforzar habitos de estudio y asistencia.
E01602,Estefanía Ponce,Estructuras de Datos,10.8,62.2,61.87,Medio,Se recomienda reforzar habitos de estudio y asistencia.
E01603,Jorge Rivas,Estructuras de Datos,11.72,73.0,82.77,Medio,Se recomienda reforzar habitos de estudio y asistencia.
E01604,Emilio Mamani,Matemática Discreta,16.15,53.7,46.23,Medio,Se recomienda reforzar habitos de estudio y asistencia.
E01605,Jorge Ponce,Lenguajes de Programación,16.6,84.2,54.4,Medio,Se recomienda reforzar habitos de estudio y asistencia.
E01606,Natalia Salazar,Base de Datos,12.07,88.5,82.83,Medio,Se recomienda reforzar habitos de estudio y asistencia.
E01607,Valeria Sánchez,Redes de Computadoras,6.75,87.4,89.0,Medio,Se recomienda reforzar habitos de estudio y asistencia.
E01608,Franco Salazar,Matemática Discreta,14.55,94.1,82.1,Bajo,Mantener el desempeno actual; sin acciones urgentes.
E01609,Iván Rivas,Redes de Computadoras,11.73,64.6,73.37,Medio,Se recomienda reforzar habitos de estudio y asistencia.
E01610,Ana Zapata,Base de Datos,8.57,98.5,66.33,Medio,Se recomienda reforzar habitos de estudio y asistencia.
E01611,Diego Chávez,Matemática Discreta,11.85,65.9,54.9,Medio,Se recomienda reforzar habitos de estudio y asistencia.
E01612,Valentina Vargas,Base de Datos,9.1,84.2,69.63,Medio,Se recomienda reforzar habitos de estudio y asistencia.
E01613,Gabriela Zapata,Estructuras de Datos,5.42,58.6,69.27,Alto,Requiere tutoria academica inmediata y seguimiento semanal.
E01614,Nicolás Herrera,Matemática Discreta,18.15,88.9,84.37,Bajo,Mantener el desempeno actual; sin acciones urgentes.
E01615,Isabela Delgado,Redes de Computadoras,15.4,75.3,70.93,Medio,Se recomienda reforzar habitos de estudio y asistencia.
E01616,Carlos García,Matemática Discreta,14.25,56.4,85.47,Medio,Se recomienda reforzar habitos de estudio y asistencia.
E01617,Gabriela Aguilar,Matemática Discreta,4.25,32.0,64.0,Alto,Requiere tutoria academica inmediata y seguimiento semanal.
E01618,Rodrigo Mamani,Matemática Discreta,10.65,90.9,73.27,Medio,Se recomienda reforzar habitos de estudio y asistencia.
E01619,Carlos Aguilar,Redes de Computadoras,10.2,79.8,67.7,Medio,Se recomienda reforzar habitos de estudio y asistencia.
E01620,Sofía García,Base de Datos,14.15,98.1,74.3,Bajo,Mantener el desempeno actual; sin acciones urgentes.
E01621,Gabriela Aguilar,Redes de Computadoras,11.75,62.9,56.17,Medio,Se recomienda reforzar habitos de estudio y asistencia.
E01622,Rosa García,Redes de Computadoras,15.15,74.6,90.63,Medio,Se recomienda reforzar habitos de estudio y asistencia.
E01623,Jorge Mendoza,Lenguajes de Programación,12.93,61.8,65.07,Medio,Se recomienda reforzar habitos de estudio y asistencia.
E01624,Alonso Flores,Matemática Discreta,8.93,59.2,71.83,Alto,Requiere tutoria academica inmediata y seguimiento semanal.
E01625,Fernanda Castillo,Matemática Discreta,9.43,62.1,52.0,Alto,Requiere tutoria academica inmediata y seguimiento semanal.
E01626,Daniela Mamani,Lenguajes de Programación,14.6,83.4,76.4,Bajo,Mantener el desempeno actual; sin acciones urgentes.
E01627,Joaquín Espinoza,Estructuras de Datos,16.25,84.9,83.9,Bajo,Mantener el desempeno actual; sin acciones urgentes.
E01628,Bruno Ortiz,Base de Datos,9.32,72.8,55.8,Alto,Requiere tutoria academica inmediata y seguimiento semanal.
E01629,Antonella Castillo,Base de Datos,11.62,82.6,70.53,Medio,Se recomienda reforzar habitos de estudio y asistencia.
E01630,Diego Gutiérrez,Estructuras de Datos,14.12,67.4,71.73,Medio,Se recomienda reforzar habitos de estudio y asistencia.
E01631,Fabián Rojas,Lenguajes de Programación,10.72,84.2,88.07,Medio,Se recomienda reforzar habitos de estudio y asistencia.
E01632,Mateo Salazar,Lenguajes de Programación,15.3,100.0,73.17,Bajo,Mantener el desempeno actual; sin acciones urgentes.
E01633,Emilio Rodríguez,Matemática Discreta,17.1,45.8,50.7,Medio,Se recomienda reforzar habitos de estudio y asistencia.
E01634,Miguel Rodríguez,Redes de Computadoras,14.12,99.2,91.2,Bajo,Mantener el desempeno actual; sin acciones urgentes.
E01635,Adrián Mamani,Estructuras de Datos,11.5,79.5,82.8,Medio,Se recomienda reforzar habitos de estudio y asistencia.
E01636,Franco García,Matemática Discreta,14.52,55.0,57.8,Medio,Se recomienda reforzar habitos de estudio y asistencia.
E01637,Ximena Aguilar,Lenguajes de Programación,13.32,52.1,68.8,Medio,Se recomienda reforzar habitos de estudio y asistencia.
E01638,Isabela Torres,Redes de Computadoras,6.25,72.0,76.97,Medio,Se recomienda reforzar habitos de estudio y asistencia.
E01639,Iván Flores,Base de Datos,11.2,64.4,49.13,Medio,Se recomienda reforzar habitos de estudio y asistencia.
E01640,Alejandra Paredes,Lenguajes de Programación,12.85,58.8,64.7,Medio,Se recomienda reforzar habitos de estudio y asistencia.
E01641,Joaquín Medina,Matemática Discreta,14.7,91.0,64.73,Medio,Se recomienda reforzar habitos de estudio y asistencia.
E01642,Rodrigo Chávez,Lenguajes de Programación,9.57,80.2,69.1,Medio,Se recomienda reforzar habitos de estudio y asistencia.
E01643,Isabela Cabrera,Lenguajes de Programación,15.62,82.7,49.5,Medio,Se recomienda reforzar habitos de estudio y asistencia.
E01644,Gabriela Mendoza,Lenguajes de Programación,16.27,40.2,42.63,Medio,Se recomienda reforzar habitos de estudio y asistencia.
E01645,Rosa Cabrera,Lenguajes de Programación,16.18,41.7,66.23,Medio,Se recomienda reforzar habitos de estudio y asistencia.
E01646,Valentina Mamani,Matemática Discreta,16.57,61.9,80.63,Medio,Se recomienda reforzar habitos de estudio y asistencia.
E01647,Adrián Rodríguez,Lenguajes de Programación,10.5,89.9,69.23,Medio,Se recomienda reforzar habitos de estudio y asistencia.
E01648,Mateo Zapata,Matemática Discreta,7.82,65.6,64.2,Alto,Requiere tutoria academica inmediata y seguimiento semanal.
E01649,Sebastián Espinoza,Lenguajes de Programación,12.32,64.4,61.57,Medio,Se recomienda reforzar habitos de estudio y asistencia.
E01650,Gabriela Cabrera,Lenguajes de Programación,10.65,36.7,41.3,Medio,Se recomienda reforzar habitos de estudio y asistencia.
E01651,Diego Ponce,Matemática Discreta,14.68,100.0,74.87,Bajo,Mantener el desempeno actual; sin acciones urgentes.
E01652,Manuel Sánchez,Base de Datos,14.32,70.3,67.33,Medio,Se recomienda reforzar habitos de estudio y asistencia.
E01653,Bruno Vargas,Estructuras de Datos,10.57,65.5,72.3,Medio,Se recomienda reforzar habitos de estudio y asistencia.
E01654,Gabriela Vargas,Base de Datos,17.0,85.3,86.87,Bajo,Mantener el desempeno actual; sin acciones urgentes.
E01655,Luis Rodríguez,Redes de Computadoras,10.65,78.2,71.47,Medio,Se recomienda reforzar habitos de estudio y asistencia.
E01656,Sofía Palomino,Redes de Computadoras,9.07,71.6,61.97,Medio,Se recomienda reforzar habitos de estudio y asistencia.
E01657,Joaquín López,Base de Datos,12.38,56.9,44.0,Medio,Se recomienda reforzar habitos de estudio y asistencia.
E01658,Diego Herrera,Estructuras de Datos,14.22,68.6,74.2,Medio,Se recomienda reforzar habitos de estudio y asistencia.
E01659,Franco Aguilar,Estructuras de Datos,6.28,56.8,73.57,Alto,Requiere tutoria academica inmediata y seguimiento semanal.
E01660,Valeria Castillo,Matemática Discreta,16.3,70.2,52.33,Medio,Se recomienda reforzar habitos de estudio y asistencia.
E01661,Antonella Alva,Lenguajes de Programación,12.88,72.7,71.47,Medio,Se recomienda reforzar habitos de estudio y asistencia.
E01662,Miguel Alva,Redes de Computadoras,14.47,46.2,39.1,Medio,Se recomienda reforzar habitos de estudio y asistencia.
E01663,Julio Salazar,Matemática Discreta,10.95,91.4,82.5,Medio,Se recomienda reforzar habitos de estudio y asistencia.
E01664,Iván Vargas,Estructuras de Datos,10.25,100.0,74.97,Medio,Se recomienda reforzar habitos de estudio y asistencia.
E01665,Daniela Rojas,Base de Datos,13.97,63.7,45.27,Medio,Se recomienda reforzar habitos de estudio y asistencia.
E01666,Antonella Reyes,Estructuras de Datos,17.1,57.2,65.8,Medio,Se recomienda reforzar habitos de estudio y asistencia.
E01667,Valeria García,Lenguajes de Programación,16.1,51.3,60.23,Medio,Se recomienda reforzar habitos de estudio y asistencia.
E01668,Camila Ponce,Lenguajes de Programación,13.57,72.7,62.23,Medio,Se recomienda reforzar habitos de estudio y asistencia.
E01669,Mateo Salazar,Matemática Discreta,14.0,54.4,58.63,Medio,Se recomienda reforzar habitos de estudio y asistencia.
E01670,Emilia Salazar,Lenguajes de Programación,9.9,74.2,62.93,Medio,Se recomienda reforzar habitos de estudio y asistencia.
E01671,Emilio Sánchez,Matemática Discreta,13.08,91.1,59.2,Medio,Se recomienda reforzar habitos de estudio y asistencia.
E01672,Sofía Chávez,Redes de Computadoras,14.18,72.3,50.03,Medio,Se recomienda reforzar habitos de estudio y asistencia.
E01673,Franco Gutiérrez,Redes de Computadoras,8.18,70.0,74.07,Medio,Se recomienda reforzar habitos de estudio y asistencia.
E01674,Vicente Vargas,Matemática Discreta,14.93,57.1,77.43,Medio,Se recomienda reforzar habitos de estudio y asistencia.
E01675,Fernanda Ortiz,Base de Datos,11.9,51.9,63.87,Medio,Se recomienda reforzar habitos de estudio y asistencia.
E01676,Franco Torres,Redes de Computadoras,13.4,62.0,70.73,Medio,Se recomienda reforzar habitos de estudio y asistencia.
E01677,Franco Salazar,Matemática Discreta,6.9,58.8,70.67,Alto,Requiere tutoria academica inmediata y seguimiento semanal.
E01678,Luis Pérez,Redes de Computadoras,9.12,79.8,70.13,Medio,Se recomienda reforzar habitos de estudio y asistencia.
E01679,Camila Cruz,Base de Datos,13.95,87.3,77.87,Bajo,Mantener el desempeno actual; sin acciones urgentes.
E01680,Carlos Quispe,Redes de Computadoras,1.35,68.5,66.73,Alto,Requiere tutoria academica inmediata y seguimiento semanal.
E01681,Paula López,Estructuras de Datos,13.07,71.7,83.9,Medio,Se recomienda reforzar habitos de estudio y asistencia.
E01682,Sofía Rodríguez,Estructuras de Datos,8.05,80.4,80.13,Medio,Se recomienda reforzar habitos de estudio y asistencia.
E01683,Joaquín Quispe,Estructuras de Datos,15.55,73.0,66.23,Medio,Se recomienda reforzar habitos de estudio y asistencia.
E01684,Joaquín Zapata,Lenguajes de Programación,15.03,71.9,76.27,Medio,Se recomienda reforzar habitos de estudio y asistencia.
E01685,Julio Ramírez,Matemática Discreta,18.4,71.2,76.07,Medio,Se recomienda reforzar habitos de estudio y asistencia.
E01686,Jorge Flores,Estructuras de Datos,12.78,79.3,70.0,Medio,Se recomienda reforzar habitos de estudio y asistencia.
E01687,Fernanda Sánchez,Redes de Computadoras,6.35,60.8,68.47,Alto,Requiere tutoria academica inmediata y seguimiento semanal.
E01688,Adrián Cabrera,Redes de Computadoras,12.5,90.6,73.47,Medio,Se recomienda reforzar habitos de estudio y asistencia.
E01689,Fabián Torres,Matemática Discreta,14.38,82.4,79.87,Bajo,Mantener el desempeno actual; sin acciones urgentes.
E01690,Vicente Quispe,Estructuras de Datos,8.25,91.2,73.7,Medio,Se recomienda reforzar habitos de estudio y asistencia.
E01691,Luis López,Redes de Computadoras,16.32,70.8,60.0,Medio,Se recomienda reforzar habitos de estudio y asistencia.
E01692,Emilia Rojas,Matemática Discreta,6.47,91.3,73.6,Medio,Se recomienda reforzar habitos de estudio y asistencia.
E01693,Natalia Vargas,Matemática Discreta,17.72,58.5,68.73,Medio,Se recomienda reforzar habitos de estudio y asistencia.
E01694,Daniela Mendoza,Matemática Discreta,12.73,60.8,58.13,Medio,Se recomienda reforzar habitos de estudio y asistencia.
E01695,María Rodríguez,Redes de Computadoras,13.98,69.7,65.03,Medio,Se recomienda reforzar habitos de estudio y asistencia.
E01696,Miguel Rodríguez,Estructuras de Datos,11.7,44.5,66.2,Medio,Se recomienda reforzar habitos de estudio y asistencia.
E01697,Isabela Espinoza,Matemática Discreta,16.2,75.7,75.37,Medio,Se recomienda reforzar habitos de estudio y asistencia.
E01698,Estefanía Delgado,Matemática Discreta,10.55,77.4,78.07,Medio,Se recomienda reforzar habitos de estudio y asistencia.
E01699,Zoe Sánchez,Estructuras de Datos,5.9,70.0,73.57,Medio,Se recomienda reforzar habitos de estudio y asistencia.
E01700,Renata Quispe,Matemática Discreta,15.55,65.8,81.23,Medio,Se recomienda reforzar habitos de estudio y asistencia.
E01701,Zoe Herrera,Redes de Computadoras,17.6,96.4,64.93,Medio,Se recomienda reforzar habitos de estudio y asistencia.
E01702,Fabián García,Estructuras de Datos,11.45,73.7,65.2,Medio,Se recomienda reforzar habitos de estudio y asistencia.
E01703,María Castillo,Redes de Computadoras,13.38,73.9,68.9,Medio,Se recomienda reforzar habitos de estudio y asistencia.
E01704,Carlos Reyes,Redes de Computadoras,9.55,94.7,64.57,Medio,Se recomienda reforzar habitos de estudio y asistencia.
E01705,Adrián Palomino,Base de Datos,13.3,52.2,54.63,Medio,Se recomienda reforzar habitos de estudio y asistencia.
E01706,Miguel Chávez,Matemática Discreta,8.43,30.2,60.27,Alto,Requiere tutoria academica inmediata y seguimiento semanal.
E01707,Natalia Castillo,Lenguajes de Programación,15.43,44.1,58.6,Medio,Se recomienda reforzar habitos de estudio y asistencia.
E01708,Jorge García,Estructuras de Datos,11.95,100.0,66.23,Medio,Se recomienda reforzar habitos de estudio y asistencia.
E01709,Zoe Delgado,Redes de Computadoras,9.85,58.2,72.73,Alto,Requiere tutoria academica inmediata y seguimiento semanal.
E01710,Sebastián Castillo,Lenguajes de Programación,14.98,68.0,71.4,Medio,Se recomienda reforzar habitos de estudio y asistencia.
E01711,Carlos Mendoza,Estructuras de Datos,13.88,80.5,88.5,Bajo,Mantener el desempeno actual; sin acciones urgentes.
E01712,Luis Mamani,Base de Datos,12.6,91.7,58.77,Medio,Se recomienda reforzar habitos de estudio y asistencia.
E01713,Ana Herrera,Estructuras de Datos,8.35,72.6,82.1,Medio,Se recomienda reforzar habitos de estudio y asistencia.
E01714,Miguel Soto,Matemática Discreta,18.07,92.7,81.03,Bajo,Mantener el desempeno actual; sin acciones urgentes.
E01715,Milagros Aguilar,Estructuras de Datos,14.0,82.2,83.77,Bajo,Mantener el desempeno actual; sin acciones urgentes.
E01716,Manuel Gutiérrez,Estructuras de Datos,19.25,65.9,66.93,Medio,Se recomienda reforzar habitos de estudio y asistencia.
E01717,Lucía Vega,Matemática Discreta,17.25,95.1,74.03,Bajo,Mantener el desempeno actual; sin acciones urgentes.
E01718,Sebastián Torres,Matemática Discreta,14.25,76.4,63.93,Medio,Se recomienda reforzar habitos de estudio y asistencia.
E01719,Bruno Rojas,Lenguajes de Programación,4.5,57.5,51.8,Alto,Requiere tutoria academica inmediata y seguimiento semanal.
E01720,Gabriela Medina,Lenguajes de Programación,15.65,100.0,78.43,Bajo,Mantener el desempeno actual; sin acciones urgentes.
E01721,Daniela López,Lenguajes de Programación,15.03,94.3,68.57,Bajo,Mantener el desempeno actual; sin acciones urgentes.
E01722,Camila Cárdenas,Lenguajes de Programación,20.0,77.7,76.77,Medio,Se recomienda reforzar habitos de estudio y asistencia.
E01723,Renata Rodríguez,Redes de Computadoras,6.88,100.0,64.73,Medio,Se recomienda reforzar habitos de estudio y asistencia.
E01724,Valentina Mendoza,Matemática Discreta,14.9,61.2,53.5,Medio,Se recomienda reforzar habitos de estudio y asistencia.
E01725,Alonso López,Estructuras de Datos,15.07,89.2,78.47,Bajo,Mantener el desempeno actual; sin acciones urgentes.
E01726,Iván Ponce,Estructuras de Datos,8.7,75.8,65.9,Medio,Se recomienda reforzar habitos de estudio y asistencia.
E01727,Natalia Sánchez,Matemática Discreta,14.38,77.3,61.1,Medio,Se recomienda reforzar habitos de estudio y asistencia.
E01728,Gabriela Quispe,Lenguajes de Programación,17.23,77.3,64.7,Medio,Se recomienda reforzar habitos de estudio y asistencia.
E01729,Ximena Huamán,Estructuras de Datos,17.4,29.7,62.6,Medio,Se recomienda reforzar habitos de estudio y asistencia.
E01730,Bruno Cárdenas,Base de Datos,14.03,60.5,60.13,Medio,Se recomienda reforzar habitos de estudio y asistencia.
E01731,Daniela Flores,Matemática Discreta,15.75,53.4,58.93,Medio,Se recomienda reforzar habitos de estudio y asistencia.
E01732,Isabela Quispe,Estructuras de Datos,12.62,77.2,67.83,Medio,Se recomienda reforzar habitos de estudio y asistencia.
E01733,Iván Mendoza,Redes de Computadoras,10.32,41.9,64.03,Alto,Requiere tutoria academica inmediata y seguimiento semanal.
E01734,Rodrigo Palomino,Base de Datos,8.05,81.5,70.0,Medio,Se recomienda reforzar habitos de estudio y asistencia.
E01735,Paula Delgado,Redes de Computadoras,15.97,74.2,85.2,Medio,Se recomienda reforzar habitos de estudio y asistencia.
E01736,María Aguilar,Estructuras de Datos,9.38,61.2,73.73,Alto,Requiere tutoria academica inmediata y seguimiento semanal.
E01737,Alonso Ortiz,Lenguajes de Programación,9.62,36.5,72.17,Alto,Requiere tutoria academica inmediata y seguimiento semanal.
E01738,Ana Huamán,Matemática Discreta,14.6,80.5,58.6,Medio,Se recomienda reforzar habitos de estudio y asistencia.
E01739,María Sánchez,Lenguajes de Programación,10.88,49.8,42.83,Medio,Se recomienda reforzar habitos de estudio y asistencia.
E01740,Andrés Ponce,Estructuras de Datos,12.03,73.6,76.53,Medio,Se recomienda reforzar habitos de estudio y asistencia.
E01741,Renata Aguilar,Redes de Computadoras,11.68,74.8,65.37,Medio,Se recomienda reforzar habitos de estudio y asistencia.
E01742,Renata Herrera,Base de Datos,17.4,21.1,55.8,Medio,Se recomienda reforzar habitos de estudio y asistencia.
E01743,Antonella Rivas,Lenguajes de Programación,10.93,61.0,68.83,Medio,Se recomienda reforzar habitos de estudio y asistencia.
E01744,Mateo Mendoza,Base de Datos,13.15,100.0,62.73,Medio,Se recomienda reforzar habitos de estudio y asistencia.
E01745,Sofía Flores,Lenguajes de Programación,10.0,93.0,77.53,Medio,Se recomienda reforzar habitos de estudio y asistencia.
E01746,Gabriela Medina,Redes de Computadoras,17.27,76.1,69.73,Medio,Se recomienda reforzar habitos de estudio y asistencia.
E01747,Fernanda Pérez,Lenguajes de Programación,16.5,74.5,70.83,Medio,Se recomienda reforzar habitos de estudio y asistencia.
E01748,Lucía Rodríguez,Estructuras de Datos,15.62,62.3,60.37,Medio,Se recomienda reforzar habitos de estudio y asistencia.
E01749,Rosa Cabrera,Base de Datos,9.1,87.7,87.5,Medio,Se recomienda reforzar habitos de estudio y asistencia.
E01750,Natalia Aguilar,Redes de Computadoras,13.57,74.1,73.07,Medio,Se recomienda reforzar habitos de estudio y asistencia.
E01751,Luis Huamán,Matemática Discreta,13.95,63.3,49.4,Medio,Se recomienda reforzar habitos de estudio y asistencia.
E01752,Antonella Sánchez,Lenguajes de Programación,7.47,77.0,74.67,Medio,Se recomienda reforzar habitos de estudio y asistencia.
E01753,Paula Ramírez,Redes de Computadoras,13.05,65.2,68.77,Medio,Se recomienda reforzar habitos de estudio y asistencia.
E01754,Sebastián Ramírez,Redes de Computadoras,13.83,55.3,58.3,Medio,Se recomienda reforzar habitos de estudio y asistencia.
E01755,Emilio Reyes,Lenguajes de Programación,10.48,49.9,51.23,Alto,Requiere tutoria academica inmediata y seguimiento semanal.
E01756,Joaquín Cabrera,Estructuras de Datos,13.5,87.6,66.17,Bajo,Mantener el desempeno actual; sin acciones urgentes.
E01757,Nicolás Vargas,Matemática Discreta,18.88,71.5,66.43,Medio,Se recomienda reforzar habitos de estudio y asistencia.
E01758,Jorge Castillo,Estructuras de Datos,15.8,57.0,54.7,Medio,Se recomienda reforzar habitos de estudio y asistencia.
E01759,Manuel Ponce,Lenguajes de Programación,10.0,56.8,75.7,Alto,Requiere tutoria academica inmediata y seguimiento semanal.
E01760,Estefanía Sánchez,Base de Datos,14.22,80.0,77.57,Bajo,Mantener el desempeno actual; sin acciones urgentes.
E01761,Estefanía Palomino,Base de Datos,18.2,68.2,57.73,Medio,Se recomienda reforzar habitos de estudio y asistencia.
E01762,Fabián Alva,Estructuras de Datos,14.07,62.9,56.57,Medio,Se recomienda reforzar habitos de estudio y asistencia.
E01763,Martina Rivas,Estructuras de Datos,7.15,76.4,72.0,Medio,Se recomienda reforzar habitos de estudio y asistencia.
E01764,Diego Rivas,Base de Datos,14.12,90.2,86.17,Bajo,Mantener el desempeno actual; sin acciones urgentes.
E01765,Sofía Zapata,Redes de Computadoras,12.32,83.4,57.13,Medio,Se recomienda reforzar habitos de estudio y asistencia.
E01766,Jorge Huamán,Redes de Computadoras,16.17,85.6,69.57,Bajo,Mantener el desempeno actual; sin acciones urgentes.
E01767,Vicente Castillo,Base de Datos,9.95,61.5,63.17,Alto,Requiere tutoria academica inmediata y seguimiento semanal.
E01768,Daniela Flores,Matemática Discreta,17.73,74.7,68.5,Medio,Se recomienda reforzar habitos de estudio y asistencia.
E01769,Luis García,Base de Datos,16.05,85.9,81.97,Bajo,Mantener el desempeno actual; sin acciones urgentes.
E01770,Vicente Cabrera,Redes de Computadoras,18.7,90.4,69.97,Bajo,Mantener el desempeno actual; sin acciones urgentes.
E01771,Adrián Zapata,Matemática Discreta,8.5,83.4,85.73,Medio,Se recomienda reforzar habitos de estudio y asistencia.
E01772,Estefanía Huamán,Estructuras de Datos,12.02,67.6,47.23,Medio,Se recomienda reforzar habitos de estudio y asistencia.
E01773,Rodrigo Mamani,Estructuras de Datos,2.62,60.2,63.87,Alto,Requiere tutoria academica inmediata y seguimiento semanal.
E01774,Andrés Rojas,Estructuras de Datos,7.65,72.8,44.27,Alto,Requiere tutoria academica inmediata y seguimiento semanal.
E01775,Adrián Medina,Matemática Discreta,16.05,100.0,82.23,Bajo,Mantener el desempeno actual; sin acciones urgentes.
E01776,Ricardo Huamán,Estructuras de Datos,13.9,71.5,82.83,Medio,Se recomienda reforzar habitos de estudio y asistencia.
E01777,Julio García,Base de Datos,17.57,74.8,59.0,Medio,Se recomienda reforzar habitos de estudio y asistencia.
E01778,Martina Ramírez,Matemática Discreta,7.45,96.1,82.1,Medio,Se recomienda reforzar habitos de estudio y asistencia.
E01779,Valentina Rodríguez,Base de Datos,6.12,84.9,84.6,Medio,Se recomienda reforzar habitos de estudio y asistencia.
E01780,Zoe Vargas,Lenguajes de Programación,11.88,34.2,69.5,Medio,Se recomienda reforzar habitos de estudio y asistencia.
E01781,Nicolás Reyes,Estructuras de Datos,7.5,88.8,72.07,Medio,Se recomienda reforzar habitos de estudio y asistencia.
E01782,Fernanda Mendoza,Redes de Computadoras,6.5,86.3,65.67,Medio,Se recomienda reforzar habitos de estudio y asistencia.
E01783,Nicolás Ramírez,Matemática Discreta,16.0,86.0,61.6,Medio,Se recomienda reforzar habitos de estudio y asistencia.
E01784,Diego Vega,Base de Datos,17.42,77.3,77.27,Medio,Se recomienda reforzar habitos de estudio y asistencia.
E01785,María Pérez,Estructuras de Datos,15.93,82.1,88.5,Bajo,Mantener el desempeno actual; sin acciones urgentes.
E01786,María Mendoza,Matemática Discreta,8.72,67.4,62.47,Alto,Requiere tutoria academica inmediata y seguimiento semanal.
E01787,Julio Torres,Lenguajes de Programación,18.52,81.4,72.23,Bajo,Mantener el desempeno actual; sin acciones urgentes.
E01788,Ricardo Espinoza,Lenguajes de Programación,5.38,57.9,76.53,Alto,Requiere tutoria academica inmediata y seguimiento semanal.
E01789,Gabriela Salazar,Estructuras de Datos,12.3,67.8,63.57,Medio,Se recomienda reforzar habitos de estudio y asistencia.
E01790,Nicolás Aguilar,Matemática Discreta,12.93,77.8,92.6,Medio,Se recomienda reforzar habitos de estudio y asistencia.
E01791,Rodrigo Chávez,Lenguajes de Programación,15.28,53.3,69.47,Medio,Se recomienda reforzar habitos de estudio y asistencia.
E01792,Antonella Medina,Redes de Computadoras,15.62,100.0,81.9,Bajo,Mantener el desempeno actual; sin acciones urgentes.
E01793,Nicolás Delgado,Estructuras de Datos,16.45,99.5,86.5,Bajo,Mantener el desempeno actual; sin acciones urgentes.
E01794,Iván López,Matemática Discreta,20.0,78.4,73.97,Medio,Se recomienda reforzar habitos de estudio y asistencia.
E01795,Paula Pérez,Redes de Computadoras,16.75,42.0,71.1,Medio,Se recomienda reforzar habitos de estudio y asistencia.
E01796,Ana Alva,Estructuras de Datos,11.35,62.5,65.27,Medio,Se recomienda reforzar habitos de estudio y asistencia.
E01797,Milagros Huamán,Base de Datos,12.6,83.4,85.73,Medio,Se recomienda reforzar habitos de estudio y asistencia.
E01798,Emilia Aguilar,Base de Datos,9.5,42.9,43.67,Alto,Requiere tutoria academica inmediata y seguimiento semanal.
E01799,Ricardo Pérez,Estructuras de Datos,9.43,43.1,46.93,Alto,Requiere tutoria academica inmediata y seguimiento semanal.
E01800,Iván Torres,Redes de Computadoras,20.0,99.5,75.03,Bajo,Mantener el desempeno actual; sin acciones urgentes.
E01801,Nicolás Mamani,Matemática Discreta,7.05,63.4,46.43,Alto,Requiere tutoria academica inmediata y seguimiento semanal.
E01802,Zoe Ortiz,Matemática Discreta,10.75,94.4,62.5,Medio,Se recomienda reforzar habitos de estudio y asistencia.
E01803,Jorge García,Estructuras de Datos,12.05,100.0,87.13,Medio,Se recomienda reforzar habitos de estudio y asistencia.
E01804,Adrián Rivas,Redes de Computadoras,13.47,61.1,52.33,Medio,Se recomienda reforzar habitos de estudio y asistencia.
E01805,Martina Palomino,Matemática Discreta,8.5,70.7,83.57,Medio,Se recomienda reforzar habitos de estudio y asistencia.
E01806,Tomás Vega,Base de Datos,10.58,81.7,64.83,Medio,Se recomienda reforzar habitos de estudio y asistencia.
E01807,Vicente Chávez,Estructuras de Datos,9.5,57.9,64.43,Alto,Requiere tutoria academica inmediata y seguimiento semanal.
E01808,Sebastián Sánchez,Lenguajes de Programación,10.93,97.1,85.7,Medio,Se recomienda reforzar habitos de estudio y asistencia.
E01809,Vicente Alva,Lenguajes de Programación,18.93,71.9,83.73,Medio,Se recomienda reforzar habitos de estudio y asistencia.
E01810,Luis Huamán,Base de Datos,9.27,76.4,54.77,Alto,Requiere tutoria academica inmediata y seguimiento semanal.
E01811,Antonella Espinoza,Base de Datos,16.07,55.0,66.1,Medio,Se recomienda reforzar habitos de estudio y asistencia.
E01812,Paula Espinoza,Base de Datos,4.88,73.8,72.97,Medio,Se recomienda reforzar habitos de estudio y asistencia.
E01813,Zoe Rivas,Base de Datos,17.3,87.7,87.67,Bajo,Mantener el desempeno actual; sin acciones urgentes.
E01814,Carlos López,Lenguajes de Programación,7.88,70.3,77.33,Medio,Se recomienda reforzar habitos de estudio y asistencia.
E01815,Alejandra Ramírez,Base de Datos,16.75,64.5,57.7,Medio,Se recomienda reforzar habitos de estudio y asistencia.
E01816,Natalia Vargas,Base de Datos,16.38,65.5,70.27,Medio,Se recomienda reforzar habitos de estudio y asistencia.
E01817,Daniela Sánchez,Base de Datos,13.25,33.8,52.6,Medio,Se recomienda reforzar habitos de estudio y asistencia.
E01818,Estefanía Medina,Lenguajes de Programación,16.8,51.9,57.43,Medio,Se recomienda reforzar habitos de estudio y asistencia.
E01819,Carlos Ramírez,Redes de Computadoras,11.95,75.9,55.87,Medio,Se recomienda reforzar habitos de estudio y asistencia.
E01820,Luis Salazar,Lenguajes de Programación,9.55,76.0,56.3,Alto,Requiere tutoria academica inmediata y seguimiento semanal.
E01821,Rodrigo Cabrera,Estructuras de Datos,9.18,62.1,62.0,Alto,Requiere tutoria academica inmediata y seguimiento semanal.
E01822,Andrés Vega,Base de Datos,12.78,45.0,49.7,Medio,Se recomienda reforzar habitos de estudio y asistencia.
E01823,Vicente Castillo,Lenguajes de Programación,9.4,57.1,63.77,Alto,Requiere tutoria academica inmediata y seguimiento semanal.
E01824,Alejandra Huamán,Base de Datos,7.75,83.0,74.33,Medio,Se recomienda reforzar habitos de estudio y asistencia.
E01825,Sofía Quispe,Redes de Computadoras,10.95,52.9,79.37,Medio,Se recomienda reforzar habitos de estudio y asistencia.
E01826,Rosa Alva,Estructuras de Datos,11.57,71.7,52.93,Medio,Se recomienda reforzar habitos de estudio y asistencia.
E01827,Valentina Pérez,Lenguajes de Programación,13.3,40.6,71.47,Medio,Se recomienda reforzar habitos de estudio y asistencia.
E01828,Alonso Cabrera,Redes de Computadoras,7.4,55.5,72.63,Alto,Requiere tutoria academica inmediata y seguimiento semanal.
E01829,Estefanía Huamán,Base de Datos,14.05,81.7,77.8,Bajo,Mantener el desempeno actual; sin acciones urgentes.
E01830,Ana Palomino,Lenguajes de Programación,12.93,68.8,66.1,Medio,Se recomienda reforzar habitos de estudio y asistencia.
E01831,Sebastián Herrera,Redes de Computadoras,19.45,75.7,79.97,Medio,Se recomienda reforzar habitos de estudio y asistencia.
E01832,Andrés Mendoza,Redes de Computadoras,4.68,79.5,73.53,Medio,Se recomienda reforzar habitos de estudio y asistencia.
E01833,Rosa Delgado,Lenguajes de Programación,15.15,91.9,76.57,Bajo,Mantener el desempeno actual; sin acciones urgentes.
E01834,Valeria Zapata,Base de Datos,14.53,70.8,60.27,Medio,Se recomienda reforzar habitos de estudio y asistencia.
E01835,Tomás Pérez,Base de Datos,14.7,72.3,72.03,Medio,Se recomienda reforzar habitos de estudio y asistencia.
E01836,Bruno Espinoza,Matemática Discreta,9.12,69.7,70.97,Alto,Requiere tutoria academica inmediata y seguimiento semanal.
E01837,Carlos Mamani,Base de Datos,3.17,23.0,68.2,Alto,Requiere tutoria academica inmediata y seguimiento semanal.
E01838,Daniela Mendoza,Base de Datos,7.6,68.3,67.87,Alto,Requiere tutoria academica inmediata y seguimiento semanal.
E01839,Miguel Vargas,Lenguajes de Programación,14.22,71.0,70.33,Medio,Se recomienda reforzar habitos de estudio y asistencia.
E01840,Mateo López,Redes de Computadoras,15.2,71.6,78.67,Medio,Se recomienda reforzar habitos de estudio y asistencia.
E01841,Vicente Castillo,Redes de Computadoras,13.88,84.2,71.3,Bajo,Mantener el desempeno actual; sin acciones urgentes.
E01842,Vicente Reyes,Estructuras de Datos,12.48,71.3,73.57,Medio,Se recomienda reforzar habitos de estudio y asistencia.
E01843,Alejandra Flores,Estructuras de Datos,10.2,64.4,81.47,Alto,Requiere tutoria academica inmediata y seguimiento semanal.
E01844,Daniela Sánchez,Base de Datos,18.85,47.2,47.17,Medio,Se recomienda reforzar habitos de estudio y asistencia.
E01845,Alonso Rodríguez,Base de Datos,14.03,52.9,48.77,Medio,Se recomienda reforzar habitos de estudio y asistencia.
E01846,Joaquín Espinoza,Estructuras de Datos,19.77,60.7,64.67,Medio,Se recomienda reforzar habitos de estudio y asistencia.
E01847,Ana Vega,Base de Datos,14.05,86.8,88.93,Bajo,Mantener el desempeno actual; sin acciones urgentes.
E01848,Sofía Paredes,Redes de Computadoras,7.33,100.0,82.6,Medio,Se recomienda reforzar habitos de estudio y asistencia.
E01849,Jorge Mamani,Matemática Discreta,15.1,53.4,41.4,Medio,Se recomienda reforzar habitos de estudio y asistencia.
E01850,Sebastián Reyes,Redes de Computadoras,9.75,55.7,60.33,Alto,Requiere tutoria academica inmediata y seguimiento semanal.
E01851,Rodrigo Mendoza,Lenguajes de Programación,13.5,74.3,84.17,Medio,Se recomienda reforzar habitos de estudio y asistencia.
E01852,Adrián Chávez,Matemática Discreta,9.32,71.7,66.6,Medio,Se recomienda reforzar habitos de estudio y asistencia.
E01853,Diego Paredes,Matemática Discreta,17.3,84.8,76.9,Bajo,Mantener el desempeno actual; sin acciones urgentes.
E01854,María Medina,Matemática Discreta,8.12,18.6,53.6,Alto,Requiere tutoria academica inmediata y seguimiento semanal.
E01855,Julio Cárdenas,Redes de Computadoras,13.1,68.5,64.17,Medio,Se recomienda reforzar habitos de estudio y asistencia.
E01856,Rodrigo Rivas,Redes de Computadoras,12.5,82.3,64.67,Medio,Se recomienda reforzar habitos de estudio y asistencia.
E01857,Mateo Quispe,Lenguajes de Programación,11.07,55.5,58.5,Medio,Se recomienda reforzar habitos de estudio y asistencia.
E01858,María Torres,Matemática Discreta,11.85,40.1,76.17,Medio,Se recomienda reforzar habitos de estudio y asistencia.
E01859,Joaquín Ramírez,Base de Datos,19.38,100.0,98.53,Bajo,Mantener el desempeno actual; sin acciones urgentes.
E01860,Joaquín Rojas,Base de Datos,11.62,62.4,54.5,Medio,Se recomienda reforzar habitos de estudio y asistencia.
E01861,Iván Alva,Estructuras de Datos,19.57,64.2,79.87,Medio,Se recomienda reforzar habitos de estudio y asistencia.
E01862,Estefanía Salazar,Base de Datos,17.43,69.0,63.87,Medio,Se recomienda reforzar habitos de estudio y asistencia.
E01863,Rosa Mendoza,Lenguajes de Programación,11.47,63.4,66.97,Medio,Se recomienda reforzar habitos de estudio y asistencia.
E01864,Vicente Torres,Lenguajes de Programación,10.25,72.3,62.0,Medio,Se recomienda reforzar habitos de estudio y asistencia.
E01865,Tomás Medina,Matemática Discreta,16.05,60.7,64.3,Medio,Se recomienda reforzar habitos de estudio y asistencia.
E01866,Alonso Cárdenas,Lenguajes de Programación,13.12,88.1,67.47,Bajo,Mantener el desempeno actual; sin acciones urgentes.
E01867,Tomás Huamán,Lenguajes de Programación,12.68,64.6,58.17,Medio,Se recomienda reforzar habitos de estudio y asistencia.
E01868,Iván Medina,Estructuras de Datos,16.93,40.3,49.13,Medio,Se recomienda reforzar habitos de estudio y asistencia.
E01869,Emilia Reyes,Estructuras de Datos,15.95,74.7,71.37,Medio,Se recomienda reforzar habitos de estudio y asistencia.
E01870,Carlos Chávez,Lenguajes de Programación,14.85,38.2,63.4,Medio,Se recomienda reforzar habitos de estudio y asistencia.
E01871,Diego Salazar,Lenguajes de Programación,15.1,65.9,81.97,Medio,Se recomienda reforzar habitos de estudio y asistencia.
E01872,Julio Zapata,Estructuras de Datos,18.02,78.9,86.3,Medio,Se recomienda reforzar habitos de estudio y asistencia.
E01873,Estefanía Ramírez,Matemática Discreta,14.88,89.8,68.0,Bajo,Mantener el desempeno actual; sin acciones urgentes.
E01874,Ana Rivas,Matemática Discreta,11.12,87.1,83.77,Medio,Se recomienda reforzar habitos de estudio y asistencia.
E01875,Sofía Rivas,Redes de Computadoras,9.4,62.5,70.97,Alto,Requiere tutoria academica inmediata y seguimiento semanal.
E01876,Sebastián Cabrera,Redes de Computadoras,5.0,100.0,71.93,Medio,Se recomienda reforzar habitos de estudio y asistencia.
E01877,Antonella Salazar,Matemática Discreta,12.7,92.6,61.73,Medio,Se recomienda reforzar habitos de estudio y asistencia.
E01878,Vicente Pérez,Base de Datos,12.2,66.1,52.27,Medio,Se recomienda reforzar habitos de estudio y asistencia.
E01879,Julio Zapata,Matemática Discreta,15.8,50.4,63.47,Medio,Se recomienda reforzar habitos de estudio y asistencia.
E01880,Milagros Castillo,Redes de Computadoras,6.8,100.0,76.23,Medio,Se recomienda reforzar habitos de estudio y asistencia.
E01881,Nicolás Medina,Base de Datos,11.22,94.3,76.5,Medio,Se recomienda reforzar habitos de estudio y asistencia.
E01882,Paula Reyes,Estructuras de Datos,7.77,65.4,66.93,Alto,Requiere tutoria academica inmediata y seguimiento semanal.
E01883,Sofía Rojas,Base de Datos,15.1,100.0,82.67,Bajo,Mantener el desempeno actual; sin acciones urgentes.
E01884,Daniela Zapata,Redes de Computadoras,13.55,94.3,69.63,Bajo,Mantener el desempeno actual; sin acciones urgentes.
E01885,Milagros Pérez,Estructuras de Datos,11.25,52.5,49.6,Medio,Se recomienda reforzar habitos de estudio y asistencia.
E01886,Milagros Ortiz,Base de Datos,8.78,54.2,50.77,Alto,Requiere tutoria academica inmediata y seguimiento semanal.
E01887,Lucía Delgado,Lenguajes de Programación,4.5,77.9,82.77,Medio,Se recomienda reforzar habitos de estudio y asistencia.
E01888,Fernanda Rivas,Estructuras de Datos,10.25,100.0,63.43,Medio,Se recomienda reforzar habitos de estudio y asistencia.
E01889,Mateo García,Base de Datos,9.9,51.7,61.8,Alto,Requiere tutoria academica inmediata y seguimiento semanal.
E01890,Ana Palomino,Matemática Discreta,15.15,35.3,66.1,Medio,Se recomienda reforzar habitos de estudio y asistencia.
E01891,Ana Ortiz,Matemática Discreta,8.88,77.5,80.53,Medio,Se recomienda reforzar habitos de estudio y asistencia.
E01892,Daniela Salazar,Matemática Discreta,16.05,84.6,58.53,Medio,Se recomienda reforzar habitos de estudio y asistencia.
E01893,Rodrigo Herrera,Lenguajes de Programación,10.93,51.9,70.63,Medio,Se recomienda reforzar habitos de estudio y asistencia.
E01894,Nicolás Rodríguez,Lenguajes de Programación,13.18,54.5,67.7,Medio,Se recomienda reforzar habitos de estudio y asistencia.
E01895,Carlos Flores,Estructuras de Datos,9.8,61.4,58.13,Alto,Requiere tutoria academica inmediata y seguimiento semanal.
E01896,Isabela Castillo,Lenguajes de Programación,8.35,54.7,64.77,Alto,Requiere tutoria academica inmediata y seguimiento semanal.
E01897,María Huamán,Estructuras de Datos,14.3,91.6,72.73,Bajo,Mantener el desempeno actual; sin acciones urgentes.
E01898,Milagros Cabrera,Estructuras de Datos,13.68,60.1,76.8,Medio,Se recomienda reforzar habitos de estudio y asistencia.
E01899,Milagros Cabrera,Base de Datos,8.43,83.2,69.27,Medio,Se recomienda reforzar habitos de estudio y asistencia.
E01900,Sebastián Sánchez,Matemática Discreta,15.9,74.2,62.5,Medio,Se recomienda reforzar habitos de estudio y asistencia.
E01901,Fernanda Paredes,Base de Datos,12.38,100.0,85.1,Medio,Se recomienda reforzar habitos de estudio y asistencia.
E01902,Zoe Sánchez,Base de Datos,9.05,53.2,78.8,Alto,Requiere tutoria academica inmediata y seguimiento semanal.
E01903,Manuel Alva,Redes de Computadoras,16.57,69.6,67.7,Medio,Se recomienda reforzar habitos de estudio y asistencia.
E01904,Diego Rojas,Redes de Computadoras,16.02,67.9,60.53,Medio,Se recomienda reforzar habitos de estudio y asistencia.
E01905,Daniela Mamani,Estructuras de Datos,11.93,86.8,74.93,Medio,Se recomienda reforzar habitos de estudio y asistencia.
E01906,Andrés Mamani,Matemática Discreta,9.2,72.7,85.77,Medio,Se recomienda reforzar habitos de estudio y asistencia.
E01907,Vicente Ponce,Base de Datos,11.62,80.2,57.43,Medio,Se recomienda reforzar habitos de estudio y asistencia.
E01908,Manuel Delgado,Estructuras de Datos,15.48,68.1,60.73,Medio,Se recomienda reforzar habitos de estudio y asistencia.
E01909,Joaquín Rojas,Matemática Discreta,15.1,100.0,68.9,Bajo,Mantener el desempeno actual; sin acciones urgentes.
E01910,Renata Soto,Redes de Computadoras,11.65,100.0,82.53,Medio,Se recomienda reforzar habitos de estudio y asistencia.
E01911,Manuel Rojas,Base de Datos,9.8,68.4,65.9,Alto,Requiere tutoria academica inmediata y seguimiento semanal.
E01912,Luis Cruz,Redes de Computadoras,17.6,80.9,65.5,Bajo,Mantener el desempeno actual; sin acciones urgentes.
E01913,Emilia Sánchez,Matemática Discreta,18.18,57.7,70.07,Medio,Se recomienda reforzar habitos de estudio y asistencia.
E01914,Emilia Medina,Estructuras de Datos,13.05,64.1,79.27,Medio,Se recomienda reforzar habitos de estudio y asistencia.
E01915,Sebastián Mendoza,Redes de Computadoras,10.32,91.2,85.8,Medio,Se recomienda reforzar habitos de estudio y asistencia.
E01916,Milagros Quispe,Estructuras de Datos,11.78,61.9,73.97,Medio,Se recomienda reforzar habitos de estudio y asistencia.
E01917,Renata Ramírez,Redes de Computadoras,12.82,78.7,74.07,Medio,Se recomienda reforzar habitos de estudio y asistencia.
E01918,Sebastián García,Estructuras de Datos,15.48,75.2,51.73,Medio,Se recomienda reforzar habitos de estudio y asistencia.
E01919,Alonso Paredes,Lenguajes de Programación,9.88,58.7,67.03,Alto,Requiere tutoria academica inmediata y seguimiento semanal.
E01920,Carlos Mamani,Lenguajes de Programación,15.25,52.6,41.63,Medio,Se recomienda reforzar habitos de estudio y asistencia.
E01921,Lucía Aguilar,Estructuras de Datos,15.62,100.0,63.4,Medio,Se recomienda reforzar habitos de estudio y asistencia.
E01922,Alonso Delgado,Redes de Computadoras,8.57,71.1,60.73,Medio,Se recomienda reforzar habitos de estudio y asistencia.
E01923,Diego Vega,Matemática Discreta,19.85,61.7,60.57,Medio,Se recomienda reforzar habitos de estudio y asistencia.
E01924,Camila Medina,Matemática Discreta,12.93,76.3,63.3,Medio,Se recomienda reforzar habitos de estudio y asistencia.
E01925,Julio Herrera,Redes de Computadoras,9.07,89.4,80.37,Medio,Se recomienda reforzar habitos de estudio y asistencia.
E01926,Julio Herrera,Base de Datos,16.9,73.0,70.1,Medio,Se recomienda reforzar habitos de estudio y asistencia.
E01927,Antonella Salazar,Estructuras de Datos,11.53,51.4,70.33,Medio,Se recomienda reforzar habitos de estudio y asistencia.
E01928,Franco Ponce,Lenguajes de Programación,14.32,87.1,62.53,Medio,Se recomienda reforzar habitos de estudio y asistencia.
E01929,Tomás Cabrera,Matemática Discreta,17.18,35.8,44.1,Medio,Se recomienda reforzar habitos de estudio y asistencia.
E01930,Manuel Mamani,Estructuras de Datos,11.4,80.2,71.83,Medio,Se recomienda reforzar habitos de estudio y asistencia.
E01931,Diego Mendoza,Matemática Discreta,15.28,69.4,69.8,Medio,Se recomienda reforzar habitos de estudio y asistencia.
E01932,Iván Aguilar,Redes de Computadoras,9.47,100.0,86.63,Medio,Se recomienda reforzar habitos de estudio y asistencia.
E01933,Ximena Gutiérrez,Lenguajes de Programación,8.15,53.3,65.47,Alto,Requiere tutoria academica inmediata y seguimiento semanal.
E01934,Manuel Huamán,Redes de Computadoras,13.57,98.9,90.83,Bajo,Mantener el desempeno actual; sin acciones urgentes.
E01935,Antonella Delgado,Lenguajes de Programación,4.72,78.8,71.1,Medio,Se recomienda reforzar habitos de estudio y asistencia.
E01936,Sofía Medina,Matemática Discreta,13.85,100.0,89.9,Bajo,Mantener el desempeno actual; sin acciones urgentes.
E01937,Natalia Vargas,Base de Datos,9.9,95.0,84.2,Medio,Se recomienda reforzar habitos de estudio y asistencia.
E01938,Rosa Ramírez,Base de Datos,19.5,85.0,58.37,Medio,Se recomienda reforzar habitos de estudio y asistencia.
E01939,Ricardo Soto,Base de Datos,17.3,77.5,67.07,Medio,Se recomienda reforzar habitos de estudio y asistencia.
E01940,Luis Ponce,Base de Datos,12.57,55.4,61.57,Medio,Se recomienda reforzar habitos de estudio y asistencia.
E01941,Carlos Rojas,Estructuras de Datos,9.07,36.6,53.77,Alto,Requiere tutoria academica inmediata y seguimiento semanal.
E01942,Valentina Ortiz,Base de Datos,14.68,65.8,86.67,Medio,Se recomienda reforzar habitos de estudio y asistencia.
E01943,Emilio Torres,Base de Datos,13.45,80.4,68.07,Bajo,Mantener el desempeno actual; sin acciones urgentes.
E01944,Alejandra Aguilar,Estructuras de Datos,18.05,56.6,50.9,Medio,Se recomienda reforzar habitos de estudio y asistencia.
E01945,Estefanía Espinoza,Matemática Discreta,17.08,91.3,82.4,Bajo,Mantener el desempeno actual; sin acciones urgentes.
E01946,Julio Gutiérrez,Matemática Discreta,14.85,56.5,60.87,Medio,Se recomienda reforzar habitos de estudio y asistencia.
E01947,Daniela Palomino,Lenguajes de Programación,10.6,56.9,66.4,Medio,Se recomienda reforzar habitos de estudio y asistencia.
E01948,Rodrigo Rodríguez,Base de Datos,17.38,88.6,82.1,Bajo,Mantener el desempeno actual; sin acciones urgentes.
E01949,Joaquín García,Matemática Discreta,6.22,100.0,75.7,Medio,Se recomienda reforzar habitos de estudio y asistencia.
E01950,Manuel Aguilar,Lenguajes de Programación,15.62,73.8,71.53,Medio,Se recomienda reforzar habitos de estudio y asistencia.
E01951,Valentina Ortiz,Estructuras de Datos,14.38,79.7,67.7,Medio,Se recomienda reforzar habitos de estudio y asistencia.
E01952,Emilio Vargas,Lenguajes de Programación,9.05,61.8,69.6,Alto,Requiere tutoria academica inmediata y seguimiento semanal.
E01953,Estefanía Castillo,Matemática Discreta,11.12,74.6,59.93,Medio,Se recomienda reforzar habitos de estudio y asistencia.
E01954,Julio Medina,Lenguajes de Programación,18.33,68.4,68.03,Medio,Se recomienda reforzar habitos de estudio y asistencia.
E01955,Gabriela Vega,Estructuras de Datos,13.32,79.9,83.27,Medio,Se recomienda reforzar habitos de estudio y asistencia.
E01956,Andrés Paredes,Redes de Computadoras,19.65,82.4,71.73,Bajo,Mantener el desempeno actual; sin acciones urgentes.
E01957,Paula Rojas,Estructuras de Datos,15.8,76.3,74.83,Medio,Se recomienda reforzar habitos de estudio y asistencia.
E01958,Daniela Chávez,Lenguajes de Programación,10.8,78.9,75.7,Medio,Se recomienda reforzar habitos de estudio y asistencia.
E01959,Sofía Vega,Matemática Discreta,7.8,77.2,46.9,Alto,Requiere tutoria academica inmediata y seguimiento semanal.
E01960,Vicente Zapata,Matemática Discreta,15.62,69.8,75.03,Medio,Se recomienda reforzar habitos de estudio y asistencia.
E01961,Rosa Chávez,Lenguajes de Programación,14.43,100.0,76.6,Bajo,Mantener el desempeno actual; sin acciones urgentes.
E01962,María Mamani,Matemática Discreta,8.45,76.6,63.27,Medio,Se recomienda reforzar habitos de estudio y asistencia.
E01963,Vicente Vargas,Estructuras de Datos,10.85,100.0,73.17,Medio,Se recomienda reforzar habitos de estudio y asistencia.
E01964,Fernanda Espinoza,Lenguajes de Programación,12.43,22.0,69.63,Medio,Se recomienda reforzar habitos de estudio y asistencia.
E01965,Ximena García,Matemática Discreta,12.88,62.6,65.87,Medio,Se recomienda reforzar habitos de estudio y asistencia.
E01966,Alejandra Mendoza,Base de Datos,7.58,90.2,52.17,Alto,Requiere tutoria academica inmediata y seguimiento semanal.
E01967,Natalia Espinoza,Redes de Computadoras,13.82,72.0,56.37,Medio,Se recomienda reforzar habitos de estudio y asistencia.
E01968,Ricardo García,Lenguajes de Programación,17.12,83.6,70.3,Bajo,Mantener el desempeno actual; sin acciones urgentes.
E01969,Manuel Chávez,Estructuras de Datos,7.1,69.1,74.4,Alto,Requiere tutoria academica inmediata y seguimiento semanal.
E01970,Natalia Delgado,Estructuras de Datos,15.68,47.7,61.77,Medio,Se recomienda reforzar habitos de estudio y asistencia.
E01971,Fernanda Salazar,Redes de Computadoras,9.88,65.3,58.1,Alto,Requiere tutoria academica inmediata y seguimiento semanal.
E01972,Julio Ramírez,Redes de Computadoras,17.62,60.7,72.87,Medio,Se recomienda reforzar habitos de estudio y asistencia.
E01973,Estefanía Castillo,Redes de Computadoras,7.0,87.2,69.53,Medio,Se recomienda reforzar habitos de estudio y asistencia.
E01974,Alonso Salazar,Lenguajes de Programación,14.3,88.0,88.2,Bajo,Mantener el desempeno actual; sin acciones urgentes.
E01975,Ximena Sánchez,Redes de Computadoras,10.6,73.8,59.2,Medio,Se recomienda reforzar habitos de estudio y asistencia.
E01976,Adrián López,Estructuras de Datos,8.1,61.2,60.5,Alto,Requiere tutoria academica inmediata y seguimiento semanal.
E01977,Mateo Espinoza,Redes de Computadoras,14.95,37.8,45.9,Medio,Se recomienda reforzar habitos de estudio y asistencia.
E01978,Rodrigo Medina,Base de Datos,11.28,30.1,37.43,Medio,Se recomienda reforzar habitos de estudio y asistencia.
E01979,Carlos Alva,Redes de Computadoras,11.2,75.0,59.4,Medio,Se recomienda reforzar habitos de estudio y asistencia.
E01980,Nicolás Torres,Base de Datos,15.5,68.5,77.43,Medio,Se recomienda reforzar habitos de estudio y asistencia.
E01981,Joaquín Ortiz,Lenguajes de Programación,10.98,74.3,71.43,Medio,Se recomienda reforzar habitos de estudio y asistencia.
E01982,Lucía Soto,Estructuras de Datos,20.0,77.2,72.4,Medio,Se recomienda reforzar habitos de estudio y asistencia.
E01983,Ricardo Medina,Lenguajes de Programación,12.72,53.1,69.47,Medio,Se recomienda reforzar habitos de estudio y asistencia.
E01984,Franco Flores,Estructuras de Datos,14.82,73.7,74.6,Medio,Se recomienda reforzar habitos de estudio y asistencia.
E01985,Iván Espinoza,Base de Datos,15.02,66.1,88.47,Medio,Se recomienda reforzar habitos de estudio y asistencia.
E01986,Renata Alva,Base de Datos,13.05,99.6,93.8,Bajo,Mantener el desempeno actual; sin acciones urgentes.
E01987,Ana Torres,Redes de Computadoras,13.15,82.6,87.53,Bajo,Mantener el desempeno actual; sin acciones urgentes.
E01988,Lucía Reyes,Redes de Computadoras,18.92,66.0,70.57,Medio,Se recomienda reforzar habitos de estudio y asistencia.
E01989,Andrés García,Lenguajes de Programación,11.75,81.5,79.87,Medio,Se recomienda reforzar habitos de estudio y asistencia.
E01990,Jorge Espinoza,Redes de Computadoras,12.55,72.9,84.3,Medio,Se recomienda reforzar habitos de estudio y asistencia.
E01991,Antonella Chávez,Base de Datos,19.95,44.8,73.1,Medio,Se recomienda reforzar habitos de estudio y asistencia.
E01992,Vicente Reyes,Base de Datos,10.43,60.6,73.53,Alto,Requiere tutoria academica inmediata y seguimiento semanal.
E01993,Paula Paredes,Lenguajes de Programación,9.68,98.0,71.77,Medio,Se recomienda reforzar habitos de estudio y asistencia.
E01994,Lucía Salazar,Matemática Discreta,9.7,88.0,78.13,Medio,Se recomienda reforzar habitos de estudio y asistencia.
E01995,Antonella Palomino,Estructuras de Datos,17.35,100.0,79.03,Bajo,Mantener el desempeno actual; sin acciones urgentes.
E01996,Zoe Vega,Base de Datos,16.35,60.7,57.8,Medio,Se recomienda reforzar habitos de estudio y asistencia.
E01997,Adrián Mamani,Redes de Computadoras,16.12,80.7,73.03,Bajo,Mantener el desempeno actual; sin acciones urgentes.
E01998,Ximena Vega,Base de Datos,10.1,37.7,49.13,Alto,Requiere tutoria academica inmediata y seguimiento semanal.
E01999,Rosa García,Estructuras de Datos,15.9,100.0,90.77,Bajo,Mantener el desempeno actual; sin acciones urgentes.
E02000,Manuel Cabrera,Lenguajes de Programación,14.52,60.7,49.23,Medio,Se recomienda reforzar habitos de estudio y asistencia.
E02001,Rodrigo Rodríguez,Estructuras de Datos,7.83,99.6,86.53,Medio,Se recomienda reforzar habitos de estudio y asistencia.
E02002,Adrián Cárdenas,Base de Datos,14.5,69.2,70.07,Medio,Se recomienda reforzar habitos de estudio y asistencia.
E02003,Martina Salazar,Base de Datos,13.38,61.4,70.9,Medio,Se recomienda reforzar habitos de estudio y asistencia.
E02004,Miguel Espinoza,Matemática Discreta,17.93,50.7,53.97,Medio,Se recomienda reforzar habitos de estudio y asistencia.
E02005,Jorge Huamán,Estructuras de Datos,14.35,83.6,76.37,Bajo,Mantener el desempeno actual; sin acciones urgentes.
E02006,Lucía Delgado,Lenguajes de Programación,8.07,86.6,62.1,Medio,Se recomienda reforzar habitos de estudio y asistencia.
E02007,María Flores,Redes de Computadoras,11.95,59.1,62.1,Medio,Se recomienda reforzar habitos de estudio y asistencia.
E02008,Emilia Aguilar,Redes de Computadoras,11.85,69.1,63.03,Medio,Se recomienda reforzar habitos de estudio y asistencia.
E02009,Alonso Castillo,Base de Datos,6.9,63.8,74.7,Alto,Requiere tutoria academica inmediata y seguimiento semanal.
E02010,Antonella Gutiérrez,Matemática Discreta,14.9,93.1,94.7,Bajo,Mantener el desempeno actual; sin acciones urgentes.
E02011,Sofía García,Lenguajes de Programación,9.82,95.2,84.23,Medio,Se recomienda reforzar habitos de estudio y asistencia.
E02012,Joaquín Ramírez,Redes de Computadoras,16.25,91.4,74.87,Bajo,Mantener el desempeno actual; sin acciones urgentes.
E02013,Paula Ortiz,Redes de Computadoras,12.57,78.1,65.47,Medio,Se recomienda reforzar habitos de estudio y asistencia.
E02014,Bruno Vargas,Lenguajes de Programación,9.5,88.6,65.5,Medio,Se recomienda reforzar habitos de estudio y asistencia.
E02015,Paula Chávez,Base de Datos,17.0,67.8,78.23,Medio,Se recomienda reforzar habitos de estudio y asistencia.
E02016,Antonella Cruz,Matemática Discreta,13.57,81.6,70.97,Bajo,Mantener el desempeno actual; sin acciones urgentes.
E02017,Franco Chávez,Estructuras de Datos,9.93,70.0,77.57,Medio,Se recomienda reforzar habitos de estudio y asistencia.
E02018,Jorge Vega,Base de Datos,12.78,64.7,65.23,Medio,Se recomienda reforzar habitos de estudio y asistencia.
E02019,Miguel Huamán,Matemática Discreta,13.93,80.2,66.2,Bajo,Mantener el desempeno actual; sin acciones urgentes.
E02020,Camila Chávez,Estructuras de Datos,6.95,73.6,69.87,Medio,Se recomienda reforzar habitos de estudio y asistencia.
E02021,Miguel Medina,Base de Datos,15.03,49.8,61.5,Medio,Se recomienda reforzar habitos de estudio y asistencia.
E02022,Alejandra Sánchez,Matemática Discreta,14.95,97.7,83.63,Bajo,Mantener el desempeno actual; sin acciones urgentes.
E02023,Lucía Ortiz,Lenguajes de Programación,16.93,68.1,83.43,Medio,Se recomienda reforzar habitos de estudio y asistencia.
E02024,Julio Chávez,Redes de Computadoras,10.32,72.8,56.0,Alto,Requiere tutoria academica inmediata y seguimiento semanal.
E02025,María García,Matemática Discreta,8.8,41.6,73.87,Alto,Requiere tutoria academica inmediata y seguimiento semanal.
E02026,Renata Castillo,Lenguajes de Programación,11.88,52.1,54.33,Medio,Se recomienda reforzar habitos de estudio y asistencia.
E02027,Valentina Gutiérrez,Lenguajes de Programación,16.95,56.0,48.6,Medio,Se recomienda reforzar habitos de estudio y asistencia.
E02028,Rosa Mendoza,Estructuras de Datos,13.8,68.2,63.9,Medio,Se recomienda reforzar habitos de estudio y asistencia.
E02029,Sofía Flores,Redes de Computadoras,14.4,52.9,64.1,Medio,Se recomienda reforzar habitos de estudio y asistencia.
E02030,Zoe Cruz,Matemática Discreta,11.28,82.7,68.13,Medio,Se recomienda reforzar habitos de estudio y asistencia.
E02031,Zoe Chávez,Matemática Discreta,14.2,68.3,70.07,Medio,Se recomienda reforzar habitos de estudio y asistencia.
E02032,Valentina Chávez,Redes de Computadoras,11.55,52.3,63.6,Medio,Se recomienda reforzar habitos de estudio y asistencia.
E02033,Emilia Cruz,Lenguajes de Programación,15.77,69.4,69.27,Medio,Se recomienda reforzar habitos de estudio y asistencia.
E02034,Manuel Zapata,Matemática Discreta,15.7,90.3,83.43,Bajo,Mantener el desempeno actual; sin acciones urgentes.
E02035,Fabián Alva,Matemática Discreta,18.35,26.3,68.2,Medio,Se recomienda reforzar habitos de estudio y asistencia.
E02036,Valeria Aguilar,Matemática Discreta,13.4,100.0,91.33,Bajo,Mantener el desempeno actual; sin acciones urgentes.
E02037,Paula Pérez,Matemática Discreta,9.05,55.4,78.47,Alto,Requiere tutoria academica inmediata y seguimiento semanal.
E02038,Ana Quispe,Matemática Discreta,6.98,66.1,50.63,Alto,Requiere tutoria academica inmediata y seguimiento semanal.
E02039,Ximena Rojas,Matemática Discreta,7.45,84.3,65.13,Medio,Se recomienda reforzar habitos de estudio y asistencia.
E02040,María Ortiz,Redes de Computadoras,17.52,86.1,78.03,Bajo,Mantener el desempeno actual; sin acciones urgentes.
E02041,Camila Quispe,Redes de Computadoras,9.77,100.0,85.67,Medio,Se recomienda reforzar habitos de estudio y asistencia.
E02042,Gabriela Delgado,Lenguajes de Programación,15.9,100.0,66.8,Bajo,Mantener el desempeno actual; sin acciones urgentes.
E02043,Alonso Delgado,Estructuras de Datos,14.25,75.8,60.03,Medio,Se recomienda reforzar habitos de estudio y asistencia.
E02044,Jorge Alva,Lenguajes de Programación,13.15,47.2,47.27,Medio,Se recomienda reforzar habitos de estudio y asistencia.
E02045,Carlos Zapata,Base de Datos,13.2,77.1,68.73,Medio,Se recomienda reforzar habitos de estudio y asistencia.
E02046,Jorge Chávez,Base de Datos,11.95,91.2,79.57,Medio,Se recomienda reforzar habitos de estudio y asistencia.
E02047,Lucía Huamán,Matemática Discreta,13.82,88.9,91.6,Bajo,Mantener el desempeno actual; sin acciones urgentes.
E02048,Iván Ortiz,Matemática Discreta,9.35,60.5,65.27,Alto,Requiere tutoria academica inmediata y seguimiento semanal.
E02049,Fernanda Rojas,Lenguajes de Programación,2.4,38.7,56.63,Alto,Requiere tutoria academica inmediata y seguimiento semanal.
E02050,Franco Delgado,Base de Datos,11.12,57.6,55.17,Medio,Se recomienda reforzar habitos de estudio y asistencia.
E02051,Bruno Herrera,Estructuras de Datos,5.42,55.2,78.4,Alto,Requiere tutoria academica inmediata y seguimiento semanal.
E02052,Miguel Torres,Redes de Computadoras,15.05,72.3,76.53,Medio,Se recomienda reforzar habitos de estudio y asistencia.
E02053,Antonella Medina,Estructuras de Datos,8.9,100.0,64.53,Medio,Se recomienda reforzar habitos de estudio y asistencia.
E02054,Carlos Cabrera,Base de Datos,19.1,50.4,58.07,Medio,Se recomienda reforzar habitos de estudio y asistencia.
E02055,Antonella Aguilar,Estructuras de Datos,14.28,38.0,51.57,Medio,Se recomienda reforzar habitos de estudio y asistencia.
E02056,Mateo García,Base de Datos,13.88,47.8,60.77,Medio,Se recomienda reforzar habitos de estudio y asistencia.
E02057,Milagros Mamani,Matemática Discreta,14.25,51.8,56.57,Medio,Se recomienda reforzar habitos de estudio y asistencia.
E02058,Estefanía Palomino,Base de Datos,19.95,43.0,47.8,Medio,Se recomienda reforzar habitos de estudio y asistencia.
E02059,Manuel Espinoza,Redes de Computadoras,14.05,72.9,72.3,Medio,Se recomienda reforzar habitos de estudio y asistencia.
E02060,Tomás Vargas,Redes de Computadoras,15.15,87.1,71.67,Bajo,Mantener el desempeno actual; sin acciones urgentes.
E02061,Sebastián Cruz,Matemática Discreta,13.55,66.2,66.7,Medio,Se recomienda reforzar habitos de estudio y asistencia.
E02062,Gabriela Mamani,Base de Datos,18.95,62.2,67.2,Medio,Se recomienda reforzar habitos de estudio y asistencia.
E02063,Valeria Medina,Lenguajes de Programación,13.45,99.8,84.43,Bajo,Mantener el desempeno actual; sin acciones urgentes.
E02064,Emilio Soto,Estructuras de Datos,14.72,54.5,58.87,Medio,Se recomienda reforzar habitos de estudio y asistencia.
E02065,Antonella Reyes,Matemática Discreta,12.4,99.5,84.67,Medio,Se recomienda reforzar habitos de estudio y asistencia.
E02066,Ricardo Zapata,Estructuras de Datos,8.93,85.3,60.77,Medio,Se recomienda reforzar habitos de estudio y asistencia.
E02067,Sebastián Chávez,Base de Datos,12.9,78.6,64.03,Medio,Se recomienda reforzar habitos de estudio y asistencia.
E02068,Mateo Ortiz,Lenguajes de Programación,15.32,84.8,58.87,Medio,Se recomienda reforzar habitos de estudio y asistencia.
E02069,Milagros Torres,Redes de Computadoras,16.3,77.6,52.63,Medio,Se recomienda reforzar habitos de estudio y asistencia.
E02070,Camila Mamani,Redes de Computadoras,7.95,44.8,73.43,Alto,Requiere tutoria academica inmediata y seguimiento semanal.
E02071,Fabián Salazar,Matemática Discreta,10.32,68.7,55.47,Alto,Requiere tutoria academica inmediata y seguimiento semanal.
E02072,Emilio Zapata,Base de Datos,17.08,77.8,85.63,Medio,Se recomienda reforzar habitos de estudio y asistencia.
E02073,Adrián Quispe,Base de Datos,13.68,49.1,52.53,Medio,Se recomienda reforzar habitos de estudio y asistencia.
E02074,Bruno Quispe,Redes de Computadoras,8.22,37.2,59.03,Alto,Requiere tutoria academica inmediata y seguimiento semanal.
E02075,Fabián López,Base de Datos,18.05,75.2,62.5,Medio,Se recomienda reforzar habitos de estudio y asistencia.
E02076,Natalia Medina,Base de Datos,10.68,60.7,70.2,Medio,Se recomienda reforzar habitos de estudio y asistencia.
E02077,Estefanía Castillo,Base de Datos,13.7,82.8,80.47,Bajo,Mantener el desempeno actual; sin acciones urgentes.
E02078,Tomás Ponce,Redes de Computadoras,14.6,51.8,67.33,Medio,Se recomienda reforzar habitos de estudio y asistencia.
E02079,Milagros Delgado,Lenguajes de Programación,10.25,79.5,73.17,Medio,Se recomienda reforzar habitos de estudio y asistencia.
E02080,Paula Medina,Base de Datos,10.7,84.3,78.23,Medio,Se recomienda reforzar habitos de estudio y asistencia.
E02081,Fernanda Pérez,Estructuras de Datos,14.53,68.5,62.63,Medio,Se recomienda reforzar habitos de estudio y asistencia.
E02082,Emilio Rodríguez,Lenguajes de Programación,9.93,67.7,75.9,Alto,Requiere tutoria academica inmediata y seguimiento semanal.
E02083,Mateo López,Lenguajes de Programación,15.43,91.3,66.0,Bajo,Mantener el desempeno actual; sin acciones urgentes.
E02084,Adrián García,Estructuras de Datos,6.4,76.4,70.43,Medio,Se recomienda reforzar habitos de estudio y asistencia.
E02085,Rosa Sánchez,Base de Datos,15.8,75.6,59.53,Medio,Se recomienda reforzar habitos de estudio y asistencia.
E02086,Ana Zapata,Lenguajes de Programación,18.07,69.6,69.97,Medio,Se recomienda reforzar habitos de estudio y asistencia.
E02087,Franco Ponce,Matemática Discreta,7.25,70.1,62.33,Medio,Se recomienda reforzar habitos de estudio y asistencia.
E02088,Estefanía Reyes,Base de Datos,17.0,67.6,69.17,Medio,Se recomienda reforzar habitos de estudio y asistencia.
E02089,Emilio Torres,Redes de Computadoras,10.85,100.0,86.67,Medio,Se recomienda reforzar habitos de estudio y asistencia.
E02090,Mateo Torres,Lenguajes de Programación,20.0,72.9,73.5,Medio,Se recomienda reforzar habitos de estudio y asistencia.
E02091,María Cruz,Lenguajes de Programación,13.9,68.0,65.43,Medio,Se recomienda reforzar habitos de estudio y asistencia.
E02092,Manuel Vega,Estructuras de Datos,10.22,80.5,64.8,Medio,Se recomienda reforzar habitos de estudio y asistencia.
E02093,Rodrigo Herrera,Estructuras de Datos,14.95,57.7,61.7,Medio,Se recomienda reforzar habitos de estudio y asistencia.
E02094,Isabela Espinoza,Redes de Computadoras,6.8,86.5,58.9,Alto,Requiere tutoria academica inmediata y seguimiento semanal.
E02095,Antonella Medina,Redes de Computadoras,8.62,100.0,78.33,Medio,Se recomienda reforzar habitos de estudio y asistencia.
E02096,Adrián Paredes,Estructuras de Datos,17.4,100.0,70.77,Bajo,Mantener el desempeno actual; sin acciones urgentes.
E02097,Diego Rodríguez,Estructuras de Datos,14.12,62.7,58.9,Medio,Se recomienda reforzar habitos de estudio y asistencia.
E02098,Sofía Huamán,Lenguajes de Programación,12.5,100.0,79.33,Medio,Se recomienda reforzar habitos de estudio y asistencia.
E02099,Fabián Rodríguez,Redes de Computadoras,11.73,80.1,80.03,Medio,Se recomienda reforzar habitos de estudio y asistencia.
E02100,Luis Zapata,Matemática Discreta,16.23,76.7,77.07,Medio,Se recomienda reforzar habitos de estudio y asistencia.
E02101,Antonella Medina,Matemática Discreta,10.93,80.7,83.67,Medio,Se recomienda reforzar habitos de estudio y asistencia.
E02102,Franco Huamán,Base de Datos,9.48,63.6,62.5,Alto,Requiere tutoria academica inmediata y seguimiento semanal.
E02103,Valentina Cabrera,Estructuras de Datos,13.0,87.5,64.93,Medio,Se recomienda reforzar habitos de estudio y asistencia.
E02104,Mateo Reyes,Redes de Computadoras,17.12,59.4,57.27,Medio,Se recomienda reforzar habitos de estudio y asistencia.
E02105,Valentina Rivas,Base de Datos,14.15,84.4,79.47,Bajo,Mantener el desempeno actual; sin acciones urgentes.
E02106,Joaquín Salazar,Redes de Computadoras,13.22,77.0,48.23,Medio,Se recomienda reforzar habitos de estudio y asistencia.
E02107,Valentina Ortiz,Base de Datos,11.25,76.7,73.27,Medio,Se recomienda reforzar habitos de estudio y asistencia.
E02108,Natalia Palomino,Redes de Computadoras,13.2,72.8,75.17,Medio,Se recomienda reforzar habitos de estudio y asistencia.
E02109,Milagros Herrera,Matemática Discreta,12.48,56.1,71.33,Medio,Se recomienda reforzar habitos de estudio y asistencia.
E02110,Rosa Rodríguez,Redes de Computadoras,13.7,84.5,72.93,Bajo,Mantener el desempeno actual; sin acciones urgentes.
E02111,Estefanía Vargas,Lenguajes de Programación,18.7,61.4,53.77,Medio,Se recomienda reforzar habitos de estudio y asistencia.
E02112,Isabela Torres,Base de Datos,10.0,44.7,47.03,Alto,Requiere tutoria academica inmediata y seguimiento semanal.
E02113,Valentina Ramírez,Estructuras de Datos,9.55,45.6,69.9,Alto,Requiere tutoria academica inmediata y seguimiento semanal.
E02114,Ximena López,Matemática Discreta,10.3,73.4,82.9,Medio,Se recomienda reforzar habitos de estudio y asistencia.
E02115,Sofía Sánchez,Estructuras de Datos,14.53,74.3,65.53,Medio,Se recomienda reforzar habitos de estudio y asistencia.
E02116,Valeria Flores,Redes de Computadoras,16.32,74.6,70.6,Medio,Se recomienda reforzar habitos de estudio y asistencia.
E02117,Ana Sánchez,Lenguajes de Programación,10.75,75.5,75.23,Medio,Se recomienda reforzar habitos de estudio y asistencia.
E02118,Lucía Cabrera,Base de Datos,15.58,100.0,85.67,Bajo,Mantener el desempeno actual; sin acciones urgentes.
E02119,Lucía Delgado,Base de Datos,11.7,100.0,80.0,Medio,Se recomienda reforzar habitos de estudio y asistencia.
E02120,Renata Chávez,Matemática Discreta,12.35,83.7,77.43,Medio,Se recomienda reforzar habitos de estudio y asistencia.
E02121,Zoe Pérez,Matemática Discreta,17.67,99.8,84.0,Bajo,Mantener el desempeno actual; sin acciones urgentes.
E02122,Valeria Salazar,Redes de Computadoras,17.05,79.3,68.47,Medio,Se recomienda reforzar habitos de estudio y asistencia.
E02123,Adrián Alva,Matemática Discreta,12.6,74.6,72.97,Medio,Se recomienda reforzar habitos de estudio y asistencia.
E02124,Nicolás Rojas,Redes de Computadoras,13.35,54.5,65.8,Medio,Se recomienda reforzar habitos de estudio y asistencia.
E02125,Gabriela Rivas,Matemática Discreta,13.57,77.3,65.3,Medio,Se recomienda reforzar habitos de estudio y asistencia.
E02126,Sebastián Rivas,Estructuras de Datos,18.1,43.0,58.03,Medio,Se recomienda reforzar habitos de estudio y asistencia.
E02127,Zoe Salazar,Base de Datos,4.78,26.9,50.7,Alto,Requiere tutoria academica inmediata y seguimiento semanal.
E02128,Paula Rojas,Redes de Computadoras,11.83,63.0,51.37,Medio,Se recomienda reforzar habitos de estudio y asistencia.
E02129,Mateo Reyes,Base de Datos,10.5,78.4,72.5,Medio,Se recomienda reforzar habitos de estudio y asistencia.
E02130,Rosa Flores,Lenguajes de Programación,15.38,73.8,60.43,Medio,Se recomienda reforzar habitos de estudio y asistencia.
E02131,Luis Salazar,Estructuras de Datos,12.45,56.3,48.57,Medio,Se recomienda reforzar habitos de estudio y asistencia.
E02132,Emilio Rojas,Base de Datos,11.1,55.1,49.97,Medio,Se recomienda reforzar habitos de estudio y asistencia.
E02133,Zoe Cárdenas,Redes de Computadoras,12.57,37.5,56.63,Medio,Se recomienda reforzar habitos de estudio y asistencia.
E02134,Martina Aguilar,Estructuras de Datos,12.0,76.8,82.07,Medio,Se recomienda reforzar habitos de estudio y asistencia.
E02135,Mateo Vargas,Matemática Discreta,15.88,82.4,73.63,Bajo,Mantener el desempeno actual; sin acciones urgentes.
E02136,Valeria Ponce,Lenguajes de Programación,16.8,48.2,55.67,Medio,Se recomienda reforzar habitos de estudio y asistencia.
E02137,Joaquín Salazar,Lenguajes de Programación,12.75,76.1,73.2,Medio,Se recomienda reforzar habitos de estudio y asistencia.
E02138,Ximena Paredes,Matemática Discreta,19.5,87.7,74.87,Bajo,Mantener el desempeno actual; sin acciones urgentes.
E02139,Fabián Reyes,Lenguajes de Programación,19.6,62.7,78.9,Medio,Se recomienda reforzar habitos de estudio y asistencia.
E02140,Paula Aguilar,Lenguajes de Programación,13.32,62.7,54.47,Medio,Se recomienda reforzar habitos de estudio y asistencia.
E02141,Alejandra Rojas,Lenguajes de Programación,19.65,100.0,61.23,Medio,Se recomienda reforzar habitos de estudio y asistencia.
E02142,Diego Chávez,Estructuras de Datos,17.27,62.4,82.4,Medio,Se recomienda reforzar habitos de estudio y asistencia.
E02143,Rosa Palomino,Redes de Computadoras,14.93,88.6,69.07,Bajo,Mantener el desempeno actual; sin acciones urgentes.
E02144,Natalia Sánchez,Matemática Discreta,14.82,87.3,62.7,Medio,Se recomienda reforzar habitos de estudio y asistencia.
E02145,Manuel Rivas,Redes de Computadoras,7.65,87.5,75.23,Medio,Se recomienda reforzar habitos de estudio y asistencia.
E02146,Alonso López,Base de Datos,19.6,76.1,63.77,Medio,Se recomienda reforzar habitos de estudio y asistencia.
E02147,Adrián Chávez,Matemática Discreta,7.8,76.7,57.1,Alto,Requiere tutoria academica inmediata y seguimiento semanal.
E02148,Rosa Ponce,Redes de Computadoras,9.62,66.5,68.27,Alto,Requiere tutoria academica inmediata y seguimiento semanal.
E02149,Bruno Reyes,Matemática Discreta,8.2,68.7,83.53,Alto,Requiere tutoria academica inmediata y seguimiento semanal.
E02150,Sebastián Paredes,Base de Datos,8.0,57.9,57.2,Alto,Requiere tutoria academica inmediata y seguimiento semanal.
E02151,Ricardo Ortiz,Matemática Discreta,9.0,76.6,72.2,Medio,Se recomienda reforzar habitos de estudio y asistencia.
E02152,Carlos Delgado,Estructuras de Datos,11.82,79.8,63.4,Medio,Se recomienda reforzar habitos de estudio y asistencia.
E02153,Alonso Delgado,Matemática Discreta,11.32,79.7,60.67,Medio,Se recomienda reforzar habitos de estudio y asistencia.
E02154,Alejandra López,Lenguajes de Programación,18.05,90.6,93.53,Bajo,Mantener el desempeno actual; sin acciones urgentes.
E02155,Mateo Paredes,Lenguajes de Programación,10.03,56.6,77.87,Alto,Requiere tutoria academica inmediata y seguimiento semanal.
E02156,Franco Rojas,Estructuras de Datos,6.55,58.3,56.7,Alto,Requiere tutoria academica inmediata y seguimiento semanal.
E02157,Emilio Ramírez,Lenguajes de Programación,6.68,68.1,65.2,Alto,Requiere tutoria academica inmediata y seguimiento semanal.
E02158,Manuel Vargas,Estructuras de Datos,16.25,61.6,52.43,Medio,Se recomienda reforzar habitos de estudio y asistencia.
E02159,Diego Delgado,Matemática Discreta,14.05,35.5,49.5,Medio,Se recomienda reforzar habitos de estudio y asistencia.
E02160,Milagros Espinoza,Estructuras de Datos,14.3,31.8,40.0,Medio,Se recomienda reforzar habitos de estudio y asistencia.
E02161,Gabriela Vargas,Base de Datos,16.57,100.0,71.07,Bajo,Mantener el desempeno actual; sin acciones urgentes.
E02162,Adrián Vega,Redes de Computadoras,9.2,92.5,83.97,Medio,Se recomienda reforzar habitos de estudio y asistencia.
E02163,Jorge Huamán,Estructuras de Datos,12.55,80.6,64.43,Medio,Se recomienda reforzar habitos de estudio y asistencia.
E02164,Ximena Huamán,Lenguajes de Programación,19.07,100.0,70.33,Bajo,Mantener el desempeno actual; sin acciones urgentes.
E02165,Camila Paredes,Redes de Computadoras,18.0,79.6,58.0,Medio,Se recomienda reforzar habitos de estudio y asistencia.
E02166,Milagros Espinoza,Base de Datos,12.9,81.9,91.5,Medio,Se recomienda reforzar habitos de estudio y asistencia.
E02167,Martina Rivas,Estructuras de Datos,14.0,64.3,71.33,Medio,Se recomienda reforzar habitos de estudio y asistencia.
E02168,Fernanda Salazar,Matemática Discreta,13.65,59.4,54.1,Medio,Se recomienda reforzar habitos de estudio y asistencia.
E02169,Fernanda Vega,Matemática Discreta,14.85,66.6,75.5,Medio,Se recomienda reforzar habitos de estudio y asistencia.
E02170,Gabriela Espinoza,Estructuras de Datos,12.12,85.6,72.57,Medio,Se recomienda reforzar habitos de estudio y asistencia.
E02171,Diego Ortiz,Estructuras de Datos,9.57,49.9,76.63,Alto,Requiere tutoria academica inmediata y seguimiento semanal.
E02172,Paula Aguilar,Lenguajes de Programación,12.12,78.8,59.53,Medio,Se recomienda reforzar habitos de estudio y asistencia.
E02173,Julio López,Lenguajes de Programación,19.98,90.3,73.37,Bajo,Mantener el desempeno actual; sin acciones urgentes.
E02174,Vicente Gutiérrez,Redes de Computadoras,10.85,40.1,44.0,Medio,Se recomienda reforzar habitos de estudio y asistencia.
E02175,Rosa Delgado,Estructuras de Datos,3.83,81.7,79.33,Medio,Se recomienda reforzar habitos de estudio y asistencia.
E02176,Ana Soto,Estructuras de Datos,17.68,92.0,86.73,Bajo,Mantener el desempeno actual; sin acciones urgentes.
E02177,Zoe Gutiérrez,Lenguajes de Programación,13.9,62.2,68.63,Medio,Se recomienda reforzar habitos de estudio y asistencia.
E02178,Sebastián Paredes,Matemática Discreta,14.18,64.2,54.87,Medio,Se recomienda reforzar habitos de estudio y asistencia.
E02179,Luis Vargas,Estructuras de Datos,15.82,96.1,80.17,Bajo,Mantener el desempeno actual; sin acciones urgentes.
E02180,Rodrigo Soto,Lenguajes de Programación,17.7,35.6,56.67,Medio,Se recomienda reforzar habitos de estudio y asistencia.
E02181,Martina Cabrera,Matemática Discreta,8.43,88.5,79.0,Medio,Se recomienda reforzar habitos de estudio y asistencia.
E02182,Daniela Huamán,Base de Datos,14.8,72.3,58.1,Medio,Se recomienda reforzar habitos de estudio y asistencia.
E02183,Manuel Vargas,Base de Datos,15.47,72.6,68.77,Medio,Se recomienda reforzar habitos de estudio y asistencia.
E02184,Natalia Cabrera,Base de Datos,11.1,43.3,49.37,Medio,Se recomienda reforzar habitos de estudio y asistencia.
E02185,Gabriela Castillo,Estructuras de Datos,16.9,70.2,74.27,Medio,Se recomienda reforzar habitos de estudio y asistencia.
E02186,Antonella Delgado,Redes de Computadoras,14.05,58.7,79.57,Medio,Se recomienda reforzar habitos de estudio y asistencia.
E02187,Sebastián Aguilar,Redes de Computadoras,12.55,63.9,50.43,Medio,Se recomienda reforzar habitos de estudio y asistencia.
E02188,Ana García,Estructuras de Datos,10.93,83.9,65.23,Medio,Se recomienda reforzar habitos de estudio y asistencia.
E02189,Renata Rojas,Estructuras de Datos,15.93,44.4,55.83,Medio,Se recomienda reforzar habitos de estudio y asistencia.
E02190,Emilia Rojas,Estructuras de Datos,4.58,94.5,73.33,Medio,Se recomienda reforzar habitos de estudio y asistencia.
E02191,Ximena Soto,Matemática Discreta,11.78,64.1,78.73,Medio,Se recomienda reforzar habitos de estudio y asistencia.
E02192,Alejandra Espinoza,Lenguajes de Programación,12.02,36.1,54.53,Medio,Se recomienda reforzar habitos de estudio y asistencia.
E02193,Ana Ponce,Matemática Discreta,11.88,53.3,74.3,Medio,Se recomienda reforzar habitos de estudio y asistencia.
E02194,Andrés Gutiérrez,Lenguajes de Programación,9.57,77.8,51.67,Alto,Requiere tutoria academica inmediata y seguimiento semanal.
E02195,Milagros Herrera,Base de Datos,12.9,66.7,66.4,Medio,Se recomienda reforzar habitos de estudio y asistencia.
E02196,Vicente Mamani,Estructuras de Datos,12.02,62.6,68.53,Medio,Se recomienda reforzar habitos de estudio y asistencia.
E02197,Camila Alva,Estructuras de Datos,13.95,50.0,61.07,Medio,Se recomienda reforzar habitos de estudio y asistencia.
E02198,Bruno Quispe,Base de Datos,13.65,96.8,70.3,Bajo,Mantener el desempeno actual; sin acciones urgentes.
E02199,Zoe Torres,Lenguajes de Programación,14.2,47.2,62.4,Medio,Se recomienda reforzar habitos de estudio y asistencia.
E02200,Jorge Torres,Lenguajes de Programación,9.23,44.5,40.67,Alto,Requiere tutoria academica inmediata y seguimiento semanal.
E02201,Rosa Vega,Matemática Discreta,16.05,66.5,63.53,Medio,Se recomienda reforzar habitos de estudio y asistencia.
E02202,Valeria Rodríguez,Matemática Discreta,15.75,43.5,55.3,Medio,Se recomienda reforzar habitos de estudio y asistencia.
E02203,Paula Cabrera,Matemática Discreta,11.53,56.9,57.33,Medio,Se recomienda reforzar habitos de estudio y asistencia.
E02204,María Mendoza,Estructuras de Datos,11.5,82.1,60.93,Medio,Se recomienda reforzar habitos de estudio y asistencia.
E02205,Iván Aguilar,Estructuras de Datos,16.4,45.2,63.17,Medio,Se recomienda reforzar habitos de estudio y asistencia.
E02206,Iván García,Estructuras de Datos,5.33,80.7,76.9,Medio,Se recomienda reforzar habitos de estudio y asistencia.
E02207,Gabriela Delgado,Base de Datos,18.18,53.7,71.0,Medio,Se recomienda reforzar habitos de estudio y asistencia.
E02208,Valentina Flores,Matemática Discreta,12.88,43.3,53.07,Medio,Se recomienda reforzar habitos de estudio y asistencia.
E02209,Rosa Chávez,Estructuras de Datos,9.85,75.7,65.1,Medio,Se recomienda reforzar habitos de estudio y asistencia.
E02210,Vicente Palomino,Matemática Discreta,13.32,77.5,77.6,Medio,Se recomienda reforzar habitos de estudio y asistencia.
E02211,Martina Herrera,Base de Datos,17.88,63.2,67.23,Medio,Se recomienda reforzar habitos de estudio y asistencia.
E02212,Camila Cárdenas,Lenguajes de Programación,13.65,58.2,64.67,Medio,Se recomienda reforzar habitos de estudio y asistencia.
E02213,Fabián Ortiz,Lenguajes de Programación,13.15,74.9,69.67,Medio,Se recomienda reforzar habitos de estudio y asistencia.
E02214,Milagros Medina,Redes de Computadoras,9.0,65.8,60.63,Alto,Requiere tutoria academica inmediata y seguimiento semanal.
E02215,Emilio López,Base de Datos,6.65,51.2,59.13,Alto,Requiere tutoria academica inmediata y seguimiento semanal.
E02216,Joaquín Flores,Redes de Computadoras,10.8,100.0,68.3,Medio,Se recomienda reforzar habitos de estudio y asistencia.
E02217,Fabián Mamani,Lenguajes de Programación,10.07,65.3,81.57,Alto,Requiere tutoria academica inmediata y seguimiento semanal.
E02218,Isabela Flores,Redes de Computadoras,11.73,72.5,60.03,Medio,Se recomienda reforzar habitos de estudio y asistencia.
E02219,Alejandra Paredes,Matemática Discreta,18.28,76.4,76.93,Medio,Se recomienda reforzar habitos de estudio y asistencia.
E02220,Emilia Mendoza,Matemática Discreta,16.85,91.4,70.47,Bajo,Mantener el desempeno actual; sin acciones urgentes.
E02221,Jorge Flores,Lenguajes de Programación,8.85,69.5,86.77,Alto,Requiere tutoria academica inmediata y seguimiento semanal.
E02222,Mateo Huamán,Lenguajes de Programación,14.0,36.0,44.1,Medio,Se recomienda reforzar habitos de estudio y asistencia.
E02223,Andrés Cárdenas,Matemática Discreta,11.9,97.7,77.77,Medio,Se recomienda reforzar habitos de estudio y asistencia.
E02224,Valeria Aguilar,Estructuras de Datos,8.78,71.4,70.53,Medio,Se recomienda reforzar habitos de estudio y asistencia.
E02225,Adrián Reyes,Lenguajes de Programación,16.68,28.3,68.03,Medio,Se recomienda reforzar habitos de estudio y asistencia.
E02226,Sofía Flores,Base de Datos,15.5,31.6,53.0,Medio,Se recomienda reforzar habitos de estudio y asistencia.
E02227,Ricardo Cabrera,Base de Datos,18.95,82.8,77.63,Bajo,Mantener el desempeno actual; sin acciones urgentes.
E02228,Nicolás Aguilar,Redes de Computadoras,13.3,88.5,62.3,Medio,Se recomienda reforzar habitos de estudio y asistencia.
E02229,Bruno Alva,Base de Datos,17.0,65.2,76.47,Medio,Se recomienda reforzar habitos de estudio y asistencia.
E02230,Valeria Vargas,Lenguajes de Programación,4.72,69.6,62.77,Alto,Requiere tutoria academica inmediata y seguimiento semanal.
E02231,Gabriela Ortiz,Redes de Computadoras,5.97,70.0,69.33,Medio,Se recomienda reforzar habitos de estudio y asistencia.
E02232,Mateo Espinoza,Base de Datos,16.55,72.3,67.67,Medio,Se recomienda reforzar habitos de estudio y asistencia.
E02233,Franco Rodríguez,Estructuras de Datos,13.35,88.7,79.7,Bajo,Mantener el desempeno actual; sin acciones urgentes.
E02234,Camila Torres,Base de Datos,8.6,87.5,66.8,Medio,Se recomienda reforzar habitos de estudio y asistencia.
E02235,Fernanda Palomino,Lenguajes de Programación,14.88,49.6,58.07,Medio,Se recomienda reforzar habitos de estudio y asistencia.
E02236,Martina Huamán,Estructuras de Datos,9.05,72.5,72.17,Medio,Se recomienda reforzar habitos de estudio y asistencia.
E02237,Lucía Quispe,Redes de Computadoras,10.18,41.3,44.93,Alto,Requiere tutoria academica inmediata y seguimiento semanal.
E02238,Rosa Vega,Estructuras de Datos,15.93,84.5,81.37,Bajo,Mantener el desempeno actual; sin acciones urgentes.
E02239,Mateo Rojas,Lenguajes de Programación,13.57,51.4,71.17,Medio,Se recomienda reforzar habitos de estudio y asistencia.
E02240,Nicolás Delgado,Redes de Computadoras,19.3,68.1,76.63,Medio,Se recomienda reforzar habitos de estudio y asistencia.
E02241,Mateo Mamani,Base de Datos,13.43,51.8,52.0,Medio,Se recomienda reforzar habitos de estudio y asistencia.
E02242,Sofía Cárdenas,Matemática Discreta,8.2,56.8,61.47,Alto,Requiere tutoria academica inmediata y seguimiento semanal.
E02243,Camila Cruz,Matemática Discreta,18.32,64.4,74.87,Medio,Se recomienda reforzar habitos de estudio y asistencia.
E02244,Andrés Reyes,Redes de Computadoras,11.25,47.0,54.9,Medio,Se recomienda reforzar habitos de estudio y asistencia.
E02245,Isabela Ortiz,Lenguajes de Programación,14.93,74.8,69.6,Medio,Se recomienda reforzar habitos de estudio y asistencia.
E02246,Rodrigo Sánchez,Redes de Computadoras,11.4,69.9,63.93,Medio,Se recomienda reforzar habitos de estudio y asistencia.
E02247,Jorge Rodríguez,Redes de Computadoras,15.3,46.4,48.13,Medio,Se recomienda reforzar habitos de estudio y asistencia.
E02248,Zoe López,Estructuras de Datos,11.75,77.9,80.23,Medio,Se recomienda reforzar habitos de estudio y asistencia.
E02249,Renata Ramírez,Lenguajes de Programación,7.93,99.2,55.97,Alto,Requiere tutoria academica inmediata y seguimiento semanal.
E02250,María Alva,Lenguajes de Programación,7.58,52.7,64.73,Alto,Requiere tutoria academica inmediata y seguimiento semanal.
E02251,Natalia Gutiérrez,Redes de Computadoras,10.9,55.1,83.5,Medio,Se recomienda reforzar habitos de estudio y asistencia.
E02252,Valentina Salazar,Estructuras de Datos,9.1,92.7,70.17,Medio,Se recomienda reforzar habitos de estudio y asistencia.
E02253,Ricardo Pérez,Lenguajes de Programación,12.95,76.0,72.0,Medio,Se recomienda reforzar habitos de estudio y asistencia.
E02254,Valentina Cruz,Redes de Computadoras,10.9,45.8,59.77,Medio,Se recomienda reforzar habitos de estudio y asistencia.
E02255,Isabela Castillo,Matemática Discreta,13.2,63.4,53.5,Medio,Se recomienda reforzar habitos de estudio y asistencia.
E02256,Julio Palomino,Matemática Discreta,15.8,92.3,73.0,Bajo,Mantener el desempeno actual; sin acciones urgentes.
E02257,Valeria Pérez,Redes de Computadoras,4.93,92.4,90.8,Medio,Se recomienda reforzar habitos de estudio y asistencia.
E02258,Carlos Vargas,Estructuras de Datos,13.3,81.5,68.97,Bajo,Mantener el desempeno actual; sin acciones urgentes.
E02259,Valentina Delgado,Estructuras de Datos,19.4,64.8,81.03,Medio,Se recomienda reforzar habitos de estudio y asistencia.
E02260,Valentina Cruz,Lenguajes de Programación,14.75,93.0,91.13,Bajo,Mantener el desempeno actual; sin acciones urgentes.
E02261,Bruno Cárdenas,Lenguajes de Programación,13.03,80.5,54.2,Medio,Se recomienda reforzar habitos de estudio y asistencia.
E02262,Sebastián Rivas,Lenguajes de Programación,8.93,71.6,47.97,Alto,Requiere tutoria academica inmediata y seguimiento semanal.
E02263,Gabriela Ramírez,Estructuras de Datos,18.62,60.1,58.03,Medio,Se recomienda reforzar habitos de estudio y asistencia.
E02264,Jorge Flores,Matemática Discreta,17.27,46.2,58.13,Medio,Se recomienda reforzar habitos de estudio y asistencia.
E02265,Valeria Ponce,Estructuras de Datos,8.5,57.5,56.73,Alto,Requiere tutoria academica inmediata y seguimiento semanal.
E02266,Bruno Sánchez,Lenguajes de Programación,18.57,81.1,74.4,Bajo,Mantener el desempeno actual; sin acciones urgentes.
E02267,Bruno Sánchez,Redes de Computadoras,5.45,84.1,64.0,Medio,Se recomienda reforzar habitos de estudio y asistencia.
E02268,Andrés Espinoza,Matemática Discreta,8.15,51.7,77.23,Alto,Requiere tutoria academica inmediata y seguimiento semanal.
E02269,Emilia Reyes,Matemática Discreta,15.9,67.2,64.87,Medio,Se recomienda reforzar habitos de estudio y asistencia.
E02270,Nicolás Mamani,Redes de Computadoras,4.23,97.3,78.43,Medio,Se recomienda reforzar habitos de estudio y asistencia.
E02271,Gabriela Mendoza,Estructuras de Datos,15.53,64.7,65.07,Medio,Se recomienda reforzar habitos de estudio y asistencia.
E02272,Sebastián Sánchez,Base de Datos,16.85,65.9,62.67,Medio,Se recomienda reforzar habitos de estudio y asistencia.
E02273,Bruno Cárdenas,Redes de Computadoras,17.65,72.3,57.53,Medio,Se recomienda reforzar habitos de estudio y asistencia.
E02274,Luis Paredes,Base de Datos,13.88,72.8,52.97,Medio,Se recomienda reforzar habitos de estudio y asistencia.
E02275,Martina Cabrera,Estructuras de Datos,12.97,77.6,53.67,Medio,Se recomienda reforzar habitos de estudio y asistencia.
E02276,Alonso Medina,Redes de Computadoras,8.88,75.2,72.4,Medio,Se recomienda reforzar habitos de estudio y asistencia.
E02277,Alonso Chávez,Lenguajes de Programación,10.15,84.0,68.0,Medio,Se recomienda reforzar habitos de estudio y asistencia.
E02278,Sofía Ortiz,Redes de Computadoras,19.9,81.8,72.4,Bajo,Mantener el desempeno actual; sin acciones urgentes.
E02279,Luis Rojas,Matemática Discreta,13.8,61.1,73.33,Medio,Se recomienda reforzar habitos de estudio y asistencia.
E02280,Fabián Huamán,Base de Datos,10.28,64.9,67.87,Alto,Requiere tutoria academica inmediata y seguimiento semanal.
E02281,Sofía Aguilar,Matemática Discreta,6.35,54.8,54.8,Alto,Requiere tutoria academica inmediata y seguimiento semanal.
E02282,Gabriela Huamán,Lenguajes de Programación,12.57,92.9,79.23,Medio,Se recomienda reforzar habitos de estudio y asistencia.
E02283,Nicolás Vargas,Redes de Computadoras,14.97,70.6,77.8,Medio,Se recomienda reforzar habitos de estudio y asistencia.
E02284,Sebastián Chávez,Lenguajes de Programación,15.53,78.1,74.3,Medio,Se recomienda reforzar habitos de estudio y asistencia.
E02285,Iván Ortiz,Lenguajes de Programación,13.8,36.2,65.13,Medio,Se recomienda reforzar habitos de estudio y asistencia.
E02286,Ana Medina,Lenguajes de Programación,16.85,78.2,70.2,Medio,Se recomienda reforzar habitos de estudio y asistencia.
E02287,Iván Rodríguez,Redes de Computadoras,12.95,77.6,78.27,Medio,Se recomienda reforzar habitos de estudio y asistencia.
E02288,Ricardo Rojas,Estructuras de Datos,11.35,96.8,65.97,Medio,Se recomienda reforzar habitos de estudio y asistencia.
E02289,Vicente Torres,Lenguajes de Programación,9.57,71.5,58.63,Alto,Requiere tutoria academica inmediata y seguimiento semanal.
E02290,Fabián Pérez,Base de Datos,17.07,70.7,60.0,Medio,Se recomienda reforzar habitos de estudio y asistencia.
E02291,Zoe Ramírez,Redes de Computadoras,12.75,91.0,77.87,Medio,Se recomienda reforzar habitos de estudio y asistencia.
E02292,Mateo Zapata,Redes de Computadoras,11.5,92.0,68.33,Medio,Se recomienda reforzar habitos de estudio y asistencia.
E02293,Camila Ramírez,Base de Datos,17.85,45.8,58.87,Medio,Se recomienda reforzar habitos de estudio y asistencia.
E02294,Valentina Soto,Base de Datos,19.75,36.2,71.1,Medio,Se recomienda reforzar habitos de estudio y asistencia.
E02295,Ximena Alva,Lenguajes de Programación,9.88,92.4,83.33,Medio,Se recomienda reforzar habitos de estudio y asistencia.
E02296,Milagros Gutiérrez,Base de Datos,14.18,58.1,69.37,Medio,Se recomienda reforzar habitos de estudio y asistencia.
E02297,Tomás Chávez,Matemática Discreta,13.53,70.5,75.5,Medio,Se recomienda reforzar habitos de estudio y asistencia.
E02298,Ana Cruz,Lenguajes de Programación,5.0,76.4,68.3,Medio,Se recomienda reforzar habitos de estudio y asistencia.
E02299,Gabriela Delgado,Estructuras de Datos,13.6,97.5,79.17,Bajo,Mantener el desempeno actual; sin acciones urgentes.
E02300,Diego Paredes,Redes de Computadoras,3.75,63.6,79.1,Alto,Requiere tutoria academica inmediata y seguimiento semanal.
E02301,Emilio Vargas,Lenguajes de Programación,15.15,81.5,70.47,Bajo,Mantener el desempeno actual; sin acciones urgentes.
E02302,Vicente Delgado,Redes de Computadoras,17.6,64.0,54.77,Medio,Se recomienda reforzar habitos de estudio y asistencia.
E02303,Emilio Zapata,Redes de Computadoras,9.45,78.6,51.87,Alto,Requiere tutoria academica inmediata y seguimiento semanal.
E02304,Vicente Sánchez,Base de Datos,17.08,57.4,72.6,Medio,Se recomienda reforzar habitos de estudio y asistencia.
E02305,Ricardo Aguilar,Estructuras de Datos,13.0,69.1,76.23,Medio,Se recomienda reforzar habitos de estudio y asistencia.
E02306,Lucía Sánchez,Redes de Computadoras,20.0,91.0,70.33,Bajo,Mantener el desempeno actual; sin acciones urgentes.
E02307,Nicolás Pérez,Redes de Computadoras,13.12,54.5,63.77,Medio,Se recomienda reforzar habitos de estudio y asistencia.
E02308,Gabriela Zapata,Base de Datos,16.07,65.4,66.93,Medio,Se recomienda reforzar habitos de estudio y asistencia.
E02309,Emilia Cárdenas,Lenguajes de Programación,9.82,77.7,70.1,Medio,Se recomienda reforzar habitos de estudio y asistencia.
E02310,Miguel Pérez,Estructuras de Datos,12.75,73.4,57.83,Medio,Se recomienda reforzar habitos de estudio y asistencia.
E02311,Renata Mendoza,Estructuras de Datos,9.52,61.6,63.2,Alto,Requiere tutoria academica inmediata y seguimiento semanal.
E02312,Valeria García,Matemática Discreta,5.25,83.6,67.17,Medio,Se recomienda reforzar habitos de estudio y asistencia.
E02313,Sofía Cárdenas,Matemática Discreta,15.53,71.5,59.37,Medio,Se recomienda reforzar habitos de estudio y asistencia.
E02314,Ricardo Chávez,Lenguajes de Programación,11.9,68.5,75.97,Medio,Se recomienda reforzar habitos de estudio y asistencia.
E02315,Julio Reyes,Redes de Computadoras,18.9,55.2,74.7,Medio,Se recomienda reforzar habitos de estudio y asistencia.
E02316,Alejandra Cruz,Estructuras de Datos,11.07,65.9,58.17,Medio,Se recomienda reforzar habitos de estudio y asistencia.
E02317,Adrián Rodríguez,Lenguajes de Programación,12.32,67.0,56.27,Medio,Se recomienda reforzar habitos de estudio y asistencia.
E02318,Julio Medina,Redes de Computadoras,10.85,98.2,80.93,Medio,Se recomienda reforzar habitos de estudio y asistencia.
E02319,Renata Espinoza,Base de Datos,7.82,77.3,78.37,Medio,Se recomienda reforzar habitos de estudio y asistencia.
E02320,María Salazar,Matemática Discreta,12.53,59.1,68.33,Medio,Se recomienda reforzar habitos de estudio y asistencia.
E02321,Bruno Rodríguez,Estructuras de Datos,10.5,54.4,71.43,Medio,Se recomienda reforzar habitos de estudio y asistencia.
E02322,Natalia Rojas,Redes de Computadoras,18.52,58.0,63.63,Medio,Se recomienda reforzar habitos de estudio y asistencia.
E02323,Franco Castillo,Base de Datos,9.88,54.1,73.67,Alto,Requiere tutoria academica inmediata y seguimiento semanal.
E02324,Rosa Rivas,Redes de Computadoras,11.5,73.0,76.0,Medio,Se recomienda reforzar habitos de estudio y asistencia.
E02325,Miguel Palomino,Estructuras de Datos,9.25,88.8,66.63,Medio,Se recomienda reforzar habitos de estudio y asistencia.
E02326,Paula Medina,Matemática Discreta,17.75,24.3,50.3,Medio,Se recomienda reforzar habitos de estudio y asistencia.
E02327,Antonella Rodríguez,Estructuras de Datos,18.75,100.0,83.37,Bajo,Mantener el desempeno actual; sin acciones urgentes.
E02328,Miguel Rivas,Redes de Computadoras,14.45,70.4,53.0,Medio,Se recomienda reforzar habitos de estudio y asistencia.
E02329,Joaquín Palomino,Estructuras de Datos,12.1,77.8,81.37,Medio,Se recomienda reforzar habitos de estudio y asistencia.
E02330,Franco Alva,Redes de Computadoras,14.2,85.1,69.8,Bajo,Mantener el desempeno actual; sin acciones urgentes.
E02331,Estefanía Cárdenas,Estructuras de Datos,11.65,71.1,45.87,Medio,Se recomienda reforzar habitos de estudio y asistencia.
E02332,Bruno Chávez,Redes de Computadoras,15.23,64.1,60.23,Medio,Se recomienda reforzar habitos de estudio y asistencia.
E02333,Tomás López,Estructuras de Datos,8.05,91.0,77.07,Medio,Se recomienda reforzar habitos de estudio y asistencia.
E02334,Ana Sánchez,Base de Datos,10.28,89.3,94.83,Medio,Se recomienda reforzar habitos de estudio y asistencia.
E02335,Andrés Reyes,Matemática Discreta,18.1,91.5,86.67,Bajo,Mantener el desempeno actual; sin acciones urgentes.
E02336,Manuel Huamán,Base de Datos,16.98,72.3,61.63,Medio,Se recomienda reforzar habitos de estudio y asistencia.
E02337,Mateo Medina,Base de Datos,13.35,68.2,79.6,Medio,Se recomienda reforzar habitos de estudio y asistencia.
E02338,Tomás Chávez,Lenguajes de Programación,18.75,76.0,65.07,Medio,Se recomienda reforzar habitos de estudio y asistencia.
E02339,Ana Delgado,Estructuras de Datos,11.03,73.3,77.77,Medio,Se recomienda reforzar habitos de estudio y asistencia.
E02340,Zoe Huamán,Base de Datos,15.5,71.4,57.2,Medio,Se recomienda reforzar habitos de estudio y asistencia.
E02341,Ricardo Vega,Base de Datos,8.62,73.3,77.03,Medio,Se recomienda reforzar habitos de estudio y asistencia.
E02342,Daniela Medina,Matemática Discreta,10.82,73.4,80.43,Medio,Se recomienda reforzar habitos de estudio y asistencia.
E02343,Zoe Delgado,Base de Datos,17.5,73.4,68.83,Medio,Se recomienda reforzar habitos de estudio y asistencia.
E02344,Gabriela Chávez,Redes de Computadoras,10.12,71.8,56.63,Alto,Requiere tutoria academica inmediata y seguimiento semanal.
E02345,Valeria Flores,Estructuras de Datos,13.72,65.7,48.97,Medio,Se recomienda reforzar habitos de estudio y asistencia.
E02346,Isabela Castillo,Base de Datos,13.15,85.5,81.47,Bajo,Mantener el desempeno actual; sin acciones urgentes.
E02347,Emilia Vargas,Redes de Computadoras,18.82,82.1,78.0,Bajo,Mantener el desempeno actual; sin acciones urgentes.
E02348,Martina Torres,Base de Datos,4.65,40.6,54.0,Alto,Requiere tutoria academica inmediata y seguimiento semanal.
E02349,Sebastián Ponce,Lenguajes de Programación,11.75,54.0,43.03,Medio,Se recomienda reforzar habitos de estudio y asistencia.
E02350,Alonso Aguilar,Matemática Discreta,13.47,59.5,79.83,Medio,Se recomienda reforzar habitos de estudio y asistencia.
E02351,Emilio Zapata,Estructuras de Datos,15.48,77.6,77.53,Medio,Se recomienda reforzar habitos de estudio y asistencia.
E02352,Milagros Flores,Base de Datos,14.4,95.9,85.3,Bajo,Mantener el desempeno actual; sin acciones urgentes.
E02353,Rodrigo Espinoza,Base de Datos,12.85,86.9,80.07,Medio,Se recomienda reforzar habitos de estudio y asistencia.
E02354,Rodrigo Torres,Lenguajes de Programación,14.55,97.1,92.37,Bajo,Mantener el desempeno actual; sin acciones urgentes.
E02355,Fernanda Rivas,Lenguajes de Programación,13.85,55.0,64.8,Medio,Se recomienda reforzar habitos de estudio y asistencia.
E02356,Rodrigo Herrera,Matemática Discreta,16.05,69.0,74.1,Medio,Se recomienda reforzar habitos de estudio y asistencia.
E02357,Valentina Vargas,Matemática Discreta,6.35,79.7,68.7,Medio,Se recomienda reforzar habitos de estudio y asistencia.
E02358,Miguel Ramírez,Redes de Computadoras,14.28,45.4,60.13,Medio,Se recomienda reforzar habitos de estudio y asistencia.
E02359,Nicolás Salazar,Base de Datos,13.38,79.7,75.3,Medio,Se recomienda reforzar habitos de estudio y asistencia.
E02360,Fabián Quispe,Matemática Discreta,12.85,55.8,57.8,Medio,Se recomienda reforzar habitos de estudio y asistencia.
E02361,Antonella Aguilar,Lenguajes de Programación,18.23,50.7,60.5,Medio,Se recomienda reforzar habitos de estudio y asistencia.
E02362,Andrés Medina,Redes de Computadoras,13.68,94.1,89.3,Bajo,Mantener el desempeno actual; sin acciones urgentes.
E02363,Nicolás Gutiérrez,Matemática Discreta,8.72,61.3,66.43,Alto,Requiere tutoria academica inmediata y seguimiento semanal.
E02364,Ricardo Rojas,Matemática Discreta,6.68,49.4,63.83,Alto,Requiere tutoria academica inmediata y seguimiento semanal.
E02365,Miguel Ponce,Base de Datos,6.6,78.6,64.03,Medio,Se recomienda reforzar habitos de estudio y asistencia.
E02366,Fernanda Rodríguez,Base de Datos,13.68,83.7,87.9,Bajo,Mantener el desempeno actual; sin acciones urgentes.
E02367,Manuel Mendoza,Base de Datos,16.08,77.8,72.0,Medio,Se recomienda reforzar habitos de estudio y asistencia.
E02368,Estefanía Rojas,Redes de Computadoras,13.45,68.2,68.17,Medio,Se recomienda reforzar habitos de estudio y asistencia.
E02369,Martina Vega,Matemática Discreta,8.2,96.6,74.5,Medio,Se recomienda reforzar habitos de estudio y asistencia.
E02370,Daniela Castillo,Matemática Discreta,14.82,54.2,65.1,Medio,Se recomienda reforzar habitos de estudio y asistencia.
E02371,Miguel Ortiz,Redes de Computadoras,10.93,57.2,83.03,Medio,Se recomienda reforzar habitos de estudio y asistencia.
E02372,Emilio Salazar,Base de Datos,11.53,65.4,66.13,Medio,Se recomienda reforzar habitos de estudio y asistencia.
E02373,Milagros Soto,Matemática Discreta,13.38,94.4,78.1,Bajo,Mantener el desempeno actual; sin acciones urgentes.
E02374,Bruno Vega,Lenguajes de Programación,11.35,43.2,65.97,Medio,Se recomienda reforzar habitos de estudio y asistencia.
E02375,Emilia Quispe,Matemática Discreta,18.6,44.7,45.4,Medio,Se recomienda reforzar habitos de estudio y asistencia.
E02376,Valentina Chávez,Base de Datos,12.6,96.6,83.37,Medio,Se recomienda reforzar habitos de estudio y asistencia.
E02377,Renata Palomino,Base de Datos,16.52,47.2,63.67,Medio,Se recomienda reforzar habitos de estudio y asistencia.
E02378,Iván Espinoza,Matemática Discreta,16.4,74.5,78.37,Medio,Se recomienda reforzar habitos de estudio y asistencia.
E02379,Valentina Mamani,Estructuras de Datos,19.38,45.3,56.97,Medio,Se recomienda reforzar habitos de estudio y asistencia.
E02380,Miguel Zapata,Base de Datos,11.68,33.3,50.77,Medio,Se recomienda reforzar habitos de estudio y asistencia.
E02381,Miguel Rodríguez,Estructuras de Datos,8.25,56.7,68.13,Alto,Requiere tutoria academica inmediata y seguimiento semanal.
E02382,Luis Chávez,Matemática Discreta,17.32,22.3,27.33,Medio,Se recomienda reforzar habitos de estudio y asistencia.
E02383,Ana Mamani,Estructuras de Datos,19.8,100.0,74.57,Bajo,Mantener el desempeno actual; sin acciones urgentes.
E02384,Mateo Soto,Matemática Discreta,13.35,70.7,57.73,Medio,Se recomienda reforzar habitos de estudio y asistencia.
E02385,Zoe Vargas,Base de Datos,7.45,76.5,69.83,Medio,Se recomienda reforzar habitos de estudio y asistencia.
E02386,Mateo Sánchez,Lenguajes de Programación,11.62,52.7,75.57,Medio,Se recomienda reforzar habitos de estudio y asistencia.
E02387,Iván Salazar,Redes de Computadoras,10.2,68.2,62.03,Alto,Requiere tutoria academica inmediata y seguimiento semanal.
E02388,Bruno Palomino,Base de Datos,8.9,54.5,71.5,Alto,Requiere tutoria academica inmediata y seguimiento semanal.
E02389,Gabriela Rojas,Base de Datos,13.5,55.9,78.47,Medio,Se recomienda reforzar habitos de estudio y asistencia.
E02390,Fabián Mamani,Redes de Computadoras,10.52,79.9,64.97,Medio,Se recomienda reforzar habitos de estudio y asistencia.
E02391,Vicente Palomino,Base de Datos,14.72,78.6,78.63,Medio,Se recomienda reforzar habitos de estudio y asistencia.
E02392,Joaquín Mamani,Lenguajes de Programación,13.12,47.0,61.7,Medio,Se recomienda reforzar habitos de estudio y asistencia.
E02393,Zoe Cruz,Estructuras de Datos,10.25,28.0,64.9,Alto,Requiere tutoria academica inmediata y seguimiento semanal.
E02394,Renata Rodríguez,Estructuras de Datos,10.38,83.8,86.37,Medio,Se recomienda reforzar habitos de estudio y asistencia.
E02395,Rodrigo Flores,Redes de Computadoras,13.78,83.6,69.47,Bajo,Mantener el desempeno actual; sin acciones urgentes.
E02396,Carlos Mamani,Redes de Computadoras,14.38,70.2,53.7,Medio,Se recomienda reforzar habitos de estudio y asistencia.
E02397,Milagros López,Matemática Discreta,15.5,70.3,63.5,Medio,Se recomienda reforzar habitos de estudio y asistencia.
E02398,Emilia Rodríguez,Lenguajes de Programación,10.9,82.0,69.93,Medio,Se recomienda reforzar habitos de estudio y asistencia.
E02399,Paula Delgado,Lenguajes de Programación,18.68,37.5,63.17,Medio,Se recomienda reforzar habitos de estudio y asistencia.
E02400,Gabriela Herrera,Estructuras de Datos,11.25,82.2,64.57,Medio,Se recomienda reforzar habitos de estudio y asistencia.
E02401,Natalia Gutiérrez,Matemática Discreta,16.65,90.2,70.6,Bajo,Mantener el desempeno actual; sin acciones urgentes.
E02402,Camila Quispe,Estructuras de Datos,10.4,85.7,63.27,Medio,Se recomienda reforzar habitos de estudio y asistencia.
E02403,Julio Soto,Estructuras de Datos,15.7,87.7,91.83,Bajo,Mantener el desempeno actual; sin acciones urgentes.
E02404,Fabián Torres,Lenguajes de Programación,12.22,80.9,86.97,Medio,Se recomienda reforzar habitos de estudio y asistencia.
E02405,Tomás Ramírez,Estructuras de Datos,15.38,49.8,58.57,Medio,Se recomienda reforzar habitos de estudio y asistencia.
E02406,Emilia Huamán,Redes de Computadoras,5.88,82.0,75.9,Medio,Se recomienda reforzar habitos de estudio y asistencia.
E02407,Diego Torres,Matemática Discreta,11.3,60.4,74.5,Medio,Se recomienda reforzar habitos de estudio y asistencia.
E02408,Natalia Gutiérrez,Matemática Discreta,16.57,100.0,84.67,Bajo,Mantener el desempeno actual; sin acciones urgentes.
E02409,Andrés Quispe,Estructuras de Datos,19.25,76.5,79.57,Medio,Se recomienda reforzar habitos de estudio y asistencia.
E02410,Sebastián Herrera,Redes de Computadoras,10.28,76.7,65.57,Medio,Se recomienda reforzar habitos de estudio y asistencia.
E02411,Valentina Espinoza,Lenguajes de Programación,14.15,46.6,57.8,Medio,Se recomienda reforzar habitos de estudio y asistencia.
E02412,Zoe Castillo,Lenguajes de Programación,15.77,81.2,59.83,Medio,Se recomienda reforzar habitos de estudio y asistencia.
E02413,Andrés Herrera,Redes de Computadoras,17.65,74.5,68.67,Medio,Se recomienda reforzar habitos de estudio y asistencia.
E02414,Emilio Delgado,Matemática Discreta,11.4,95.1,90.1,Medio,Se recomienda reforzar habitos de estudio y asistencia.
E02415,Ximena Herrera,Base de Datos,13.25,77.1,67.07,Medio,Se recomienda reforzar habitos de estudio y asistencia.
E02416,Rodrigo Flores,Estructuras de Datos,13.27,100.0,76.63,Bajo,Mantener el desempeno actual; sin acciones urgentes.
E02417,Milagros Mendoza,Base de Datos,8.3,67.2,77.03,Alto,Requiere tutoria academica inmediata y seguimiento semanal.
E02418,Camila Zapata,Redes de Computadoras,10.0,73.1,80.77,Medio,Se recomienda reforzar habitos de estudio y asistencia.
E02419,Miguel Delgado,Matemática Discreta,13.15,100.0,73.27,Bajo,Mantener el desempeno actual; sin acciones urgentes.
E02420,Franco García,Lenguajes de Programación,17.52,78.1,72.17,Medio,Se recomienda reforzar habitos de estudio y asistencia.
E02421,Rosa Mendoza,Matemática Discreta,9.03,63.4,68.1,Alto,Requiere tutoria academica inmediata y seguimiento semanal.
E02422,Lucía Flores,Estructuras de Datos,8.1,88.4,66.23,Medio,Se recomienda reforzar habitos de estudio y asistencia.
E02423,Andrés Gutiérrez,Base de Datos,14.47,58.4,75.23,Medio,Se recomienda reforzar habitos de estudio y asistencia.
E02424,Miguel Quispe,Lenguajes de Programación,12.5,60.0,60.97,Medio,Se recomienda reforzar habitos de estudio y asistencia.
E02425,Nicolás Mamani,Matemática Discreta,11.22,71.4,73.13,Medio,Se recomienda reforzar habitos de estudio y asistencia.
E02426,Fabián Sánchez,Redes de Computadoras,15.38,58.5,63.23,Medio,Se recomienda reforzar habitos de estudio y asistencia.
E02427,Ana Rivas,Base de Datos,15.53,92.4,77.53,Bajo,Mantener el desempeno actual; sin acciones urgentes.
E02428,Alejandra Vargas,Matemática Discreta,12.57,66.3,55.33,Medio,Se recomienda reforzar habitos de estudio y asistencia.
E02429,Nicolás Mamani,Matemática Discreta,10.72,44.0,68.0,Medio,Se recomienda reforzar habitos de estudio y asistencia.
E02430,Adrián Ramírez,Matemática Discreta,13.3,57.4,64.33,Medio,Se recomienda reforzar habitos de estudio y asistencia.
E02431,Luis Palomino,Matemática Discreta,10.6,81.9,59.67,Medio,Se recomienda reforzar habitos de estudio y asistencia.
E02432,Estefanía López,Lenguajes de Programación,12.5,32.8,65.2,Medio,Se recomienda reforzar habitos de estudio y asistencia.
E02433,Ana Cabrera,Lenguajes de Programación,8.32,94.1,89.5,Medio,Se recomienda reforzar habitos de estudio y asistencia.
E02434,Estefanía Cárdenas,Estructuras de Datos,13.4,49.7,62.0,Medio,Se recomienda reforzar habitos de estudio y asistencia.
E02435,Andrés Medina,Base de Datos,11.57,58.5,77.53,Medio,Se recomienda reforzar habitos de estudio y asistencia.
E02436,Miguel Torres,Lenguajes de Programación,18.2,55.4,76.1,Medio,Se recomienda reforzar habitos de estudio y asistencia.
E02437,Ricardo Sánchez,Redes de Computadoras,9.78,75.7,70.2,Medio,Se recomienda reforzar habitos de estudio y asistencia.
E02438,Tomás Mendoza,Lenguajes de Programación,15.55,90.5,83.5,Bajo,Mantener el desempeno actual; sin acciones urgentes.
E02439,Ricardo Chávez,Redes de Computadoras,10.85,57.4,62.9,Medio,Se recomienda reforzar habitos de estudio y asistencia.
E02440,Camila Rivas,Lenguajes de Programación,11.05,61.9,68.8,Medio,Se recomienda reforzar habitos de estudio y asistencia.
E02441,Martina Paredes,Base de Datos,16.32,30.9,76.97,Medio,Se recomienda reforzar habitos de estudio y asistencia.
E02442,Joaquín Rojas,Redes de Computadoras,18.55,73.3,83.97,Medio,Se recomienda reforzar habitos de estudio y asistencia.
E02443,Sebastián Flores,Matemática Discreta,14.25,93.4,74.1,Bajo,Mantener el desempeno actual; sin acciones urgentes.
E02444,Julio Soto,Estructuras de Datos,14.65,81.2,84.27,Bajo,Mantener el desempeno actual; sin acciones urgentes.
E02445,Nicolás Castillo,Matemática Discreta,9.4,100.0,71.4,Medio,Se recomienda reforzar habitos de estudio y asistencia.
E02446,Fabián Huamán,Estructuras de Datos,17.32,72.3,62.7,Medio,Se recomienda reforzar habitos de estudio y asistencia.
E02447,Alonso Torres,Base de Datos,9.32,45.5,62.73,Alto,Requiere tutoria academica inmediata y seguimiento semanal.
E02448,Daniela Vargas,Lenguajes de Programación,10.75,33.7,62.63,Medio,Se recomienda reforzar habitos de estudio y asistencia.
E02449,Franco Cárdenas,Matemática Discreta,15.85,100.0,90.47,Bajo,Mantener el desempeno actual; sin acciones urgentes.
E02450,Sebastián Rojas,Redes de Computadoras,20.0,61.8,66.4,Medio,Se recomienda reforzar habitos de estudio y asistencia.
E02451,Joaquín Zapata,Matemática Discreta,14.65,91.6,96.1,Bajo,Mantener el desempeno actual; sin acciones urgentes.
E02452,Nicolás Huamán,Matemática Discreta,4.7,89.7,78.53,Medio,Se recomienda reforzar habitos de estudio y asistencia.
E02453,Sebastián Rodríguez,Matemática Discreta,13.12,91.2,87.5,Bajo,Mantener el desempeno actual; sin acciones urgentes.
E02454,Isabela Ponce,Lenguajes de Programación,15.58,89.8,96.6,Bajo,Mantener el desempeno actual; sin acciones urgentes.
E02455,Iván Reyes,Matemática Discreta,14.12,72.4,63.67,Medio,Se recomienda reforzar habitos de estudio y asistencia.
E02456,Miguel Alva,Matemática Discreta,10.27,40.3,66.77,Alto,Requiere tutoria academica inmediata y seguimiento semanal.
E02457,Ximena Huamán,Redes de Computadoras,19.68,75.8,66.33,Medio,Se recomienda reforzar habitos de estudio y asistencia.
E02458,Renata Mamani,Redes de Computadoras,12.83,100.0,80.0,Medio,Se recomienda reforzar habitos de estudio y asistencia.
E02459,Iván Espinoza,Redes de Computadoras,18.32,100.0,79.33,Bajo,Mantener el desempeno actual; sin acciones urgentes.
E02460,Joaquín Torres,Base de Datos,16.05,90.3,64.9,Medio,Se recomienda reforzar habitos de estudio y asistencia.
E02461,Rosa Mendoza,Matemática Discreta,16.23,56.0,72.03,Medio,Se recomienda reforzar habitos de estudio y asistencia.
E02462,Zoe Delgado,Matemática Discreta,12.55,93.5,78.0,Medio,Se recomienda reforzar habitos de estudio y asistencia.
E02463,Iván Aguilar,Matemática Discreta,16.73,44.9,61.73,Medio,Se recomienda reforzar habitos de estudio y asistencia.
E02464,Renata Rojas,Base de Datos,7.33,72.6,83.97,Medio,Se recomienda reforzar habitos de estudio y asistencia.
E02465,Carlos Soto,Redes de Computadoras,16.05,75.7,75.07,Medio,Se recomienda reforzar habitos de estudio y asistencia.
E02466,Emilio Rodríguez,Base de Datos,16.3,70.0,54.73,Medio,Se recomienda reforzar habitos de estudio y asistencia.
E02467,Ximena Cabrera,Redes de Computadoras,19.35,68.1,66.83,Medio,Se recomienda reforzar habitos de estudio y asistencia.
E02468,Fabián Espinoza,Matemática Discreta,12.3,100.0,93.33,Medio,Se recomienda reforzar habitos de estudio y asistencia.
E02469,Gabriela Flores,Base de Datos,17.1,60.7,85.77,Medio,Se recomienda reforzar habitos de estudio y asistencia.
E02470,Valeria Espinoza,Estructuras de Datos,18.38,66.0,52.17,Medio,Se recomienda reforzar habitos de estudio y asistencia.
E02471,Vicente Vargas,Base de Datos,8.23,71.5,73.23,Medio,Se recomienda reforzar habitos de estudio y asistencia.
E02472,Iván Cabrera,Redes de Computadoras,14.78,71.9,50.17,Medio,Se recomienda reforzar habitos de estudio y asistencia.
E02473,Renata Cruz,Matemática Discreta,14.65,100.0,87.53,Bajo,Mantener el desempeno actual; sin acciones urgentes.
E02474,Mateo Cabrera,Base de Datos,16.27,69.5,61.43,Medio,Se recomienda reforzar habitos de estudio y asistencia.
E02475,Diego Palomino,Redes de Computadoras,2.35,97.1,81.7,Medio,Se recomienda reforzar habitos de estudio y asistencia.
E02476,Isabela Cabrera,Base de Datos,16.93,70.2,73.8,Medio,Se recomienda reforzar habitos de estudio y asistencia.
E02477,Julio Medina,Redes de Computadoras,8.0,67.0,59.2,Alto,Requiere tutoria academica inmediata y seguimiento semanal.
E02478,Gabriela Paredes,Estructuras de Datos,11.15,83.8,75.67,Medio,Se recomienda reforzar habitos de estudio y asistencia.
E02479,Natalia Quispe,Estructuras de Datos,9.32,58.5,56.73,Alto,Requiere tutoria academica inmediata y seguimiento semanal.
E02480,Julio Rojas,Estructuras de Datos,16.18,53.0,49.9,Medio,Se recomienda reforzar habitos de estudio y asistencia.
E02481,Emilia Vargas,Matemática Discreta,10.5,48.9,69.63,Medio,Se recomienda reforzar habitos de estudio y asistencia.
E02482,Vicente Delgado,Redes de Computadoras,12.45,65.5,62.33,Medio,Se recomienda reforzar habitos de estudio y asistencia.
E02483,Daniela Rojas,Base de Datos,12.53,52.3,46.77,Medio,Se recomienda reforzar habitos de estudio y asistencia.
E02484,Paula Cruz,Matemática Discreta,16.57,73.7,68.67,Medio,Se recomienda reforzar habitos de estudio y asistencia.
E02485,Tomás Rivas,Lenguajes de Programación,10.75,79.2,79.73,Medio,Se recomienda reforzar habitos de estudio y asistencia.
E02486,Emilio Castillo,Redes de Computadoras,16.88,69.5,63.5,Medio,Se recomienda reforzar habitos de estudio y asistencia.
E02487,María García,Lenguajes de Programación,12.07,84.6,69.9,Medio,Se recomienda reforzar habitos de estudio y asistencia.
E02488,Fabián Pérez,Matemática Discreta,16.9,98.2,79.23,Bajo,Mantener el desempeno actual; sin acciones urgentes.
E02489,Sofía Salazar,Redes de Computadoras,17.73,43.5,58.73,Medio,Se recomienda reforzar habitos de estudio y asistencia.
E02490,Isabela Huamán,Estructuras de Datos,6.72,76.1,65.37,Medio,Se recomienda reforzar habitos de estudio y asistencia.
E02491,Estefanía Cárdenas,Base de Datos,4.95,88.7,81.47,Medio,Se recomienda reforzar habitos de estudio y asistencia.
E02492,Ximena Mendoza,Matemática Discreta,2.93,76.9,74.37,Medio,Se recomienda reforzar habitos de estudio y asistencia.
E02493,Manuel Ponce,Redes de Computadoras,15.4,58.1,65.83,Medio,Se recomienda reforzar habitos de estudio y asistencia.
E02494,Luis Salazar,Matemática Discreta,11.83,81.1,72.2,Medio,Se recomienda reforzar habitos de estudio y asistencia.
E02495,Diego Pérez,Matemática Discreta,15.75,90.6,71.43,Bajo,Mantener el desempeno actual; sin acciones urgentes.
E02496,Ricardo Pérez,Redes de Computadoras,20.0,92.0,94.03,Bajo,Mantener el desempeno actual; sin acciones urgentes.
E02497,Bruno Chávez,Base de Datos,9.47,73.9,65.6,Medio,Se recomienda reforzar habitos de estudio y asistencia.
E02498,Emilia Cabrera,Matemática Discreta,8.72,100.0,92.27,Medio,Se recomienda reforzar habitos de estudio y asistencia.
E02499,Bruno Vargas,Estructuras de Datos,8.95,100.0,79.23,Medio,Se recomienda reforzar habitos de estudio y asistencia.
E02500,Tomás Rojas,Matemática Discreta,9.4,85.6,69.43,Medio,Se recomienda reforzar habitos de estudio y asistencia.
E02501,Bruno Aguilar,Estructuras de Datos,17.57,66.4,72.17,Medio,Se recomienda reforzar habitos de estudio y asistencia.
E02502,Nicolás Mamani,Redes de Computadoras,14.45,72.6,58.8,Medio,Se recomienda reforzar habitos de estudio y asistencia.
E02503,Carlos Vega,Estructuras de Datos,10.23,85.8,75.27,Medio,Se recomienda reforzar habitos de estudio y asistencia.
E02504,Adrián Torres,Estructuras de Datos,2.18,71.4,81.47,Medio,Se recomienda reforzar habitos de estudio y asistencia.
E02505,Carlos Cabrera,Lenguajes de Programación,11.8,94.1,83.1,Medio,Se recomienda reforzar habitos de estudio y asistencia.
E02506,Tomás Paredes,Redes de Computadoras,16.4,37.7,57.77,Medio,Se recomienda reforzar habitos de estudio y asistencia.
E02507,Luis Flores,Estructuras de Datos,15.45,100.0,77.7,Bajo,Mantener el desempeno actual; sin acciones urgentes.
E02508,Carlos Salazar,Matemática Discreta,10.32,55.3,63.9,Alto,Requiere tutoria academica inmediata y seguimiento semanal.
E02509,Estefanía Huamán,Lenguajes de Programación,15.43,51.3,68.7,Medio,Se recomienda reforzar habitos de estudio y asistencia.
E02510,Ricardo Espinoza,Matemática Discreta,15.3,85.2,68.43,Bajo,Mantener el desempeno actual; sin acciones urgentes.
E02511,Franco Pérez,Redes de Computadoras,8.82,67.4,61.57,Alto,Requiere tutoria academica inmediata y seguimiento semanal.
E02512,Bruno Rojas,Estructuras de Datos,10.72,74.0,87.8,Medio,Se recomienda reforzar habitos de estudio y asistencia.
E02513,Vicente Quispe,Matemática Discreta,17.07,76.1,66.4,Medio,Se recomienda reforzar habitos de estudio y asistencia.
E02514,Alonso Castillo,Redes de Computadoras,11.57,92.2,76.83,Medio,Se recomienda reforzar habitos de estudio y asistencia.
E02515,Miguel García,Lenguajes de Programación,16.62,44.0,55.43,Medio,Se recomienda reforzar habitos de estudio y asistencia.
E02516,Diego Huamán,Redes de Computadoras,16.68,67.1,59.37,Medio,Se recomienda reforzar habitos de estudio y asistencia.
E02517,María Ortiz,Base de Datos,5.65,73.1,71.03,Medio,Se recomienda reforzar habitos de estudio y asistencia.
E02518,Isabela Huamán,Redes de Computadoras,16.27,78.6,80.57,Medio,Se recomienda reforzar habitos de estudio y asistencia.
E02519,Tomás Quispe,Matemática Discreta,11.38,88.8,74.73,Medio,Se recomienda reforzar habitos de estudio y asistencia.
E02520,Rosa Cabrera,Base de Datos,15.5,60.3,65.0,Medio,Se recomienda reforzar habitos de estudio y asistencia.
E02521,Sebastián García,Estructuras de Datos,13.1,100.0,68.77,Bajo,Mantener el desempeno actual; sin acciones urgentes.
E02522,Diego Salazar,Matemática Discreta,11.9,88.8,62.2,Medio,Se recomienda reforzar habitos de estudio y asistencia.
E02523,Jorge Herrera,Base de Datos,16.77,56.3,57.47,Medio,Se recomienda reforzar habitos de estudio y asistencia.
E02524,Natalia Gutiérrez,Estructuras de Datos,6.6,83.9,81.1,Medio,Se recomienda reforzar habitos de estudio y asistencia.
E02525,Emilio Aguilar,Lenguajes de Programación,13.6,67.3,58.33,Medio,Se recomienda reforzar habitos de estudio y asistencia.
E02526,Ricardo Palomino,Base de Datos,10.6,76.4,57.9,Medio,Se recomienda reforzar habitos de estudio y asistencia.
E02527,Rosa Mamani,Lenguajes de Programación,19.6,76.5,75.43,Medio,Se recomienda reforzar habitos de estudio y asistencia.
E02528,Renata Huamán,Matemática Discreta,13.18,96.1,80.63,Bajo,Mantener el desempeno actual; sin acciones urgentes.
E02529,Manuel Sánchez,Redes de Computadoras,13.43,74.1,54.23,Medio,Se recomienda reforzar habitos de estudio y asistencia.
E02530,Nicolás Cruz,Matemática Discreta,8.03,100.0,77.57,Medio,Se recomienda reforzar habitos de estudio y asistencia.
E02531,Ana Quispe,Redes de Computadoras,13.8,100.0,87.3,Bajo,Mantener el desempeno actual; sin acciones urgentes.
E02532,Julio Ramírez,Redes de Computadoras,15.72,90.5,53.67,Medio,Se recomienda reforzar habitos de estudio y asistencia.
E02533,Estefanía Zapata,Estructuras de Datos,10.5,49.8,73.5,Medio,Se recomienda reforzar habitos de estudio y asistencia.
E02534,Ana Medina,Estructuras de Datos,7.35,60.2,72.77,Alto,Requiere tutoria academica inmediata y seguimiento semanal.
E02535,Ana Quispe,Lenguajes de Programación,13.4,85.4,69.63,Bajo,Mantener el desempeno actual; sin acciones urgentes.
E02536,Paula Delgado,Redes de Computadoras,11.4,63.7,55.17,Medio,Se recomienda reforzar habitos de estudio y asistencia.
E02537,Mateo Cruz,Lenguajes de Programación,11.68,100.0,65.4,Medio,Se recomienda reforzar habitos de estudio y asistencia.
E02538,Sebastián Zapata,Redes de Computadoras,14.45,100.0,83.93,Bajo,Mantener el desempeno actual; sin acciones urgentes.
E02539,Natalia Reyes,Matemática Discreta,7.5,73.3,77.77,Medio,Se recomienda reforzar habitos de estudio y asistencia.
E02540,Estefanía Rivas,Matemática Discreta,9.28,62.0,48.57,Alto,Requiere tutoria academica inmediata y seguimiento semanal.
E02541,Andrés Sánchez,Estructuras de Datos,14.9,86.9,64.77,Medio,Se recomienda reforzar habitos de estudio y asistencia.
E02542,Alonso Sánchez,Base de Datos,14.25,61.5,69.77,Medio,Se recomienda reforzar habitos de estudio y asistencia.
E02543,Nicolás Delgado,Matemática Discreta,8.55,82.1,74.03,Medio,Se recomienda reforzar habitos de estudio y asistencia.
E02544,Valeria Vargas,Estructuras de Datos,15.85,39.6,56.37,Medio,Se recomienda reforzar habitos de estudio y asistencia.
E02545,Emilio Ponce,Redes de Computadoras,14.38,71.5,66.73,Medio,Se recomienda reforzar habitos de estudio y asistencia.
E02546,Valentina Espinoza,Lenguajes de Programación,16.1,65.0,79.1,Medio,Se recomienda reforzar habitos de estudio y asistencia.
E02547,Milagros Alva,Lenguajes de Programación,15.95,30.3,59.13,Medio,Se recomienda reforzar habitos de estudio y asistencia.
E02548,Emilia Mamani,Matemática Discreta,14.75,91.8,81.07,Bajo,Mantener el desempeno actual; sin acciones urgentes.
E02549,Valentina Rodríguez,Redes de Computadoras,9.18,79.1,77.9,Medio,Se recomienda reforzar habitos de estudio y asistencia.
E02550,Fernanda Vargas,Estructuras de Datos,19.27,67.5,76.67,Medio,Se recomienda reforzar habitos de estudio y asistencia.
E02551,Emilio Flores,Matemática Discreta,12.52,88.9,82.97,Medio,Se recomienda reforzar habitos de estudio y asistencia.
E02552,Carlos Chávez,Lenguajes de Programación,12.2,58.2,55.03,Medio,Se recomienda reforzar habitos de estudio y asistencia.
E02553,Rodrigo Vargas,Matemática Discreta,15.75,49.9,56.03,Medio,Se recomienda reforzar habitos de estudio y asistencia.
E02554,Estefanía Cruz,Matemática Discreta,12.05,74.3,84.77,Medio,Se recomienda reforzar habitos de estudio y asistencia.
E02555,Diego Gutiérrez,Redes de Computadoras,18.62,64.7,57.67,Medio,Se recomienda reforzar habitos de estudio y asistencia.
E02556,Rodrigo Vargas,Redes de Computadoras,7.4,97.8,89.6,Medio,Se recomienda reforzar habitos de estudio y asistencia.
E02557,Daniela Vega,Estructuras de Datos,12.0,92.2,65.07,Medio,Se recomienda reforzar habitos de estudio y asistencia.
E02558,Nicolás Delgado,Base de Datos,13.55,60.6,51.4,Medio,Se recomienda reforzar habitos de estudio y asistencia.
E02559,Estefanía Pérez,Redes de Computadoras,10.53,83.9,72.5,Medio,Se recomienda reforzar habitos de estudio y asistencia.
E02560,Jorge Herrera,Lenguajes de Programación,6.95,76.6,44.33,Alto,Requiere tutoria academica inmediata y seguimiento semanal.
E02561,Gabriela Ponce,Matemática Discreta,10.52,33.6,60.83,Medio,Se recomienda reforzar habitos de estudio y asistencia.
E02562,Emilio Soto,Lenguajes de Programación,10.03,99.5,79.2,Medio,Se recomienda reforzar habitos de estudio y asistencia.
E02563,Fabián Torres,Lenguajes de Programación,8.03,95.7,69.9,Medio,Se recomienda reforzar habitos de estudio y asistencia.
E02564,Jorge Salazar,Lenguajes de Programación,15.38,74.4,83.43,Medio,Se recomienda reforzar habitos de estudio y asistencia.
E02565,Ana Zapata,Lenguajes de Programación,11.38,77.4,85.8,Medio,Se recomienda reforzar habitos de estudio y asistencia.
E02566,Gabriela Flores,Base de Datos,10.15,90.3,74.57,Medio,Se recomienda reforzar habitos de estudio y asistencia.
E02567,Sebastián Herrera,Lenguajes de Programación,7.88,54.8,53.73,Alto,Requiere tutoria academica inmediata y seguimiento semanal.
E02568,Nicolás Ortiz,Base de Datos,17.93,67.2,75.77,Medio,Se recomienda reforzar habitos de estudio y asistencia.
E02569,Valentina Medina,Matemática Discreta,13.47,71.6,63.87,Medio,Se recomienda reforzar habitos de estudio y asistencia.
E02570,Alonso Rodríguez,Redes de Computadoras,6.88,46.5,59.37,Alto,Requiere tutoria academica inmediata y seguimiento semanal.
E02571,Joaquín Gutiérrez,Redes de Computadoras,12.43,60.3,77.43,Medio,Se recomienda reforzar habitos de estudio y asistencia.
E02572,Ana Mamani,Matemática Discreta,7.72,55.6,81.6,Alto,Requiere tutoria academica inmediata y seguimiento semanal.
E02573,Emilia Pérez,Estructuras de Datos,15.75,59.2,86.07,Medio,Se recomienda reforzar habitos de estudio y asistencia.
E02574,Rosa Vega,Matemática Discreta,16.95,64.8,57.0,Medio,Se recomienda reforzar habitos de estudio y asistencia.
E02575,Sebastián Medina,Matemática Discreta,11.72,81.4,66.53,Medio,Se recomienda reforzar habitos de estudio y asistencia.
E02576,Rosa Salazar,Base de Datos,17.45,88.3,70.33,Bajo,Mantener el desempeno actual; sin acciones urgentes.
E02577,Zoe Huamán,Matemática Discreta,11.45,31.8,72.93,Medio,Se recomienda reforzar habitos de estudio y asistencia.
E02578,Alejandra Paredes,Estructuras de Datos,16.27,82.2,77.33,Bajo,Mantener el desempeno actual; sin acciones urgentes.
E02579,Emilio Vega,Matemática Discreta,9.78,76.9,77.9,Medio,Se recomienda reforzar habitos de estudio y asistencia.
E02580,Valeria Soto,Redes de Computadoras,10.72,65.7,73.83,Medio,Se recomienda reforzar habitos de estudio y asistencia.
E02581,Jorge Mendoza,Lenguajes de Programación,6.95,85.8,88.13,Medio,Se recomienda reforzar habitos de estudio y asistencia.
E02582,Miguel Vargas,Redes de Computadoras,8.6,77.2,60.33,Medio,Se recomienda reforzar habitos de estudio y asistencia.
E02583,Zoe Rivas,Lenguajes de Programación,10.47,48.0,50.37,Alto,Requiere tutoria academica inmediata y seguimiento semanal.
E02584,Carlos Sánchez,Base de Datos,17.73,83.5,68.13,Bajo,Mantener el desempeno actual; sin acciones urgentes.
E02585,Lucía Palomino,Base de Datos,11.52,59.5,64.4,Medio,Se recomienda reforzar habitos de estudio y asistencia.
E02586,Iván Rivas,Estructuras de Datos,6.55,81.9,74.17,Medio,Se recomienda reforzar habitos de estudio y asistencia.
E02587,Paula Herrera,Estructuras de Datos,8.7,91.6,80.63,Medio,Se recomienda reforzar habitos de estudio y asistencia.
E02588,Ana Cruz,Estructuras de Datos,13.4,80.6,86.87,Bajo,Mantener el desempeno actual; sin acciones urgentes.
E02589,Renata López,Lenguajes de Programación,14.97,75.1,66.83,Medio,Se recomienda reforzar habitos de estudio y asistencia.
E02590,Diego Delgado,Lenguajes de Programación,6.75,94.9,75.13,Medio,Se recomienda reforzar habitos de estudio y asistencia.
E02591,Alejandra Herrera,Lenguajes de Programación,7.0,100.0,64.73,Medio,Se recomienda reforzar habitos de estudio y asistencia.
E02592,Iván Ramírez,Matemática Discreta,14.98,63.6,58.0,Medio,Se recomienda reforzar habitos de estudio y asistencia.
E02593,Rodrigo Reyes,Base de Datos,11.65,62.9,66.73,Medio,Se recomienda reforzar habitos de estudio y asistencia.
E02594,Zoe Flores,Lenguajes de Programación,11.68,76.8,68.93,Medio,Se recomienda reforzar habitos de estudio y asistencia.
E02595,Franco Pérez,Estructuras de Datos,10.57,54.5,69.2,Medio,Se recomienda reforzar habitos de estudio y asistencia.
E02596,Alejandra Reyes,Redes de Computadoras,12.77,80.5,72.27,Medio,Se recomienda reforzar habitos de estudio y asistencia.
E02597,Ricardo Mendoza,Base de Datos,10.25,60.4,72.3,Alto,Requiere tutoria academica inmediata y seguimiento semanal.
E02598,Alonso Alva,Lenguajes de Programación,13.9,51.0,52.4,Medio,Se recomienda reforzar habitos de estudio y asistencia.
E02599,Ana Cárdenas,Base de Datos,13.35,78.8,79.2,Medio,Se recomienda reforzar habitos de estudio y asistencia.
E02600,Camila Alva,Redes de Computadoras,12.2,65.5,81.83,Medio,Se recomienda reforzar habitos de estudio y asistencia.
E02601,Sebastián Huamán,Lenguajes de Programación,11.07,55.1,69.77,Medio,Se recomienda reforzar habitos de estudio y asistencia.
E02602,Isabela García,Estructuras de Datos,7.6,76.0,77.27,Medio,Se recomienda reforzar habitos de estudio y asistencia.
E02603,Andrés López,Estructuras de Datos,8.12,79.3,75.4,Medio,Se recomienda reforzar habitos de estudio y asistencia.
E02604,Rosa Gutiérrez,Base de Datos,12.05,44.0,79.4,Medio,Se recomienda reforzar habitos de estudio y asistencia.
E02605,Adrián Pérez,Matemática Discreta,14.43,50.6,62.53,Medio,Se recomienda reforzar habitos de estudio y asistencia.
E02606,Emilio Castillo,Base de Datos,7.73,61.8,59.03,Alto,Requiere tutoria academica inmediata y seguimiento semanal.
E02607,Nicolás Palomino,Matemática Discreta,20.0,100.0,74.4,Bajo,Mantener el desempeno actual; sin acciones urgentes.
E02608,Alejandra Rodríguez,Redes de Computadoras,16.98,55.7,64.87,Medio,Se recomienda reforzar habitos de estudio y asistencia.
E02609,Bruno Sánchez,Base de Datos,11.48,60.0,62.37,Medio,Se recomienda reforzar habitos de estudio y asistencia.
E02610,Martina Cabrera,Redes de Computadoras,9.07,53.8,62.8,Alto,Requiere tutoria academica inmediata y seguimiento semanal.
E02611,Ana Ponce,Base de Datos,10.25,76.9,74.57,Medio,Se recomienda reforzar habitos de estudio y asistencia.
E02612,Gabriela Rivas,Matemática Discreta,12.75,91.4,72.63,Medio,Se recomienda reforzar habitos de estudio y asistencia.
E02613,Bruno Ramírez,Base de Datos,10.95,91.3,64.6,Medio,Se recomienda reforzar habitos de estudio y asistencia.
E02614,Camila Castillo,Base de Datos,13.95,86.5,78.03,Bajo,Mantener el desempeno actual; sin acciones urgentes.
E02615,Zoe Vargas,Base de Datos,15.7,58.1,63.0,Medio,Se recomienda reforzar habitos de estudio y asistencia.
E02616,Tomás Delgado,Lenguajes de Programación,11.4,46.9,75.63,Medio,Se recomienda reforzar habitos de estudio y asistencia.
E02617,Camila Vargas,Lenguajes de Programación,18.2,85.6,77.7,Bajo,Mantener el desempeno actual; sin acciones urgentes.
E02618,Ximena Quispe,Estructuras de Datos,3.88,67.1,74.03,Alto,Requiere tutoria academica inmediata y seguimiento semanal.
E02619,Diego Aguilar,Lenguajes de Programación,15.05,87.2,55.8,Medio,Se recomienda reforzar habitos de estudio y asistencia.
E02620,Carlos Salazar,Lenguajes de Programación,7.95,71.5,72.87,Medio,Se recomienda reforzar habitos de estudio y asistencia.
E02621,Estefanía Salazar,Base de Datos,14.48,62.8,63.83,Medio,Se recomienda reforzar habitos de estudio y asistencia.
E02622,Alonso Quispe,Matemática Discreta,19.2,62.8,74.57,Medio,Se recomienda reforzar habitos de estudio y asistencia.
E02623,Ricardo Zapata,Redes de Computadoras,10.45,91.2,78.53,Medio,Se recomienda reforzar habitos de estudio y asistencia.
E02624,Adrián Cabrera,Estructuras de Datos,11.0,90.8,83.2,Medio,Se recomienda reforzar habitos de estudio y asistencia.
E02625,Gabriela García,Base de Datos,13.38,77.1,79.03,Medio,Se recomienda reforzar habitos de estudio y asistencia.
E02626,Antonella Gutiérrez,Base de Datos,14.5,85.8,62.7,Medio,Se recomienda reforzar habitos de estudio y asistencia.
E02627,Renata Paredes,Lenguajes de Programación,15.45,54.9,77.07,Medio,Se recomienda reforzar habitos de estudio y asistencia.
E02628,Zoe Gutiérrez,Matemática Discreta,17.1,72.0,66.17,Medio,Se recomienda reforzar habitos de estudio y asistencia.
E02629,Alejandra Sánchez,Matemática Discreta,16.18,100.0,73.2,Bajo,Mantener el desempeno actual; sin acciones urgentes.
E02630,Paula Palomino,Redes de Computadoras,11.4,61.2,69.7,Medio,Se recomienda reforzar habitos de estudio y asistencia.
E02631,Julio Gutiérrez,Base de Datos,18.7,79.4,79.5,Medio,Se recomienda reforzar habitos de estudio y asistencia.
E02632,Ximena Ortiz,Base de Datos,10.4,83.8,66.9,Medio,Se recomienda reforzar habitos de estudio y asistencia.
E02633,Valeria Espinoza,Matemática Discreta,10.4,56.4,66.03,Alto,Requiere tutoria academica inmediata y seguimiento semanal.
E02634,Paula Delgado,Base de Datos,11.75,78.8,52.8,Medio,Se recomienda reforzar habitos de estudio y asistencia.
E02635,Alonso Cárdenas,Matemática Discreta,9.82,49.1,58.27,Alto,Requiere tutoria academica inmediata y seguimiento semanal.
E02636,Paula Vega,Base de Datos,10.32,48.3,69.53,Alto,Requiere tutoria academica inmediata y seguimiento semanal.
E02637,Renata Rojas,Redes de Computadoras,11.9,76.2,80.57,Medio,Se recomienda reforzar habitos de estudio y asistencia.
E02638,Ximena Palomino,Base de Datos,10.6,66.2,43.03,Medio,Se recomienda reforzar habitos de estudio y asistencia.
E02639,Iván Reyes,Matemática Discreta,7.58,77.9,67.9,Medio,Se recomienda reforzar habitos de estudio y asistencia.
E02640,Daniela Medina,Lenguajes de Programación,7.45,82.4,63.07,Medio,Se recomienda reforzar habitos de estudio y asistencia.
E02641,Nicolás Castillo,Matemática Discreta,12.25,74.6,53.47,Medio,Se recomienda reforzar habitos de estudio y asistencia.
E02642,Camila Espinoza,Estructuras de Datos,7.42,77.4,74.1,Medio,Se recomienda reforzar habitos de estudio y asistencia.
E02643,Alonso Mendoza,Lenguajes de Programación,10.4,33.4,63.17,Alto,Requiere tutoria academica inmediata y seguimiento semanal.
E02644,Franco Torres,Lenguajes de Programación,5.42,62.5,58.33,Alto,Requiere tutoria academica inmediata y seguimiento semanal.
E02645,Ana Zapata,Base de Datos,17.55,57.7,71.23,Medio,Se recomienda reforzar habitos de estudio y asistencia.
E02646,Paula Rojas,Lenguajes de Programación,13.18,75.3,62.57,Medio,Se recomienda reforzar habitos de estudio y asistencia.
E02647,Rosa Aguilar,Estructuras de Datos,17.52,59.5,51.6,Medio,Se recomienda reforzar habitos de estudio y asistencia.
E02648,Fernanda Cabrera,Matemática Discreta,14.45,100.0,98.8,Bajo,Mantener el desempeno actual; sin acciones urgentes.
E02649,Rodrigo Delgado,Base de Datos,14.05,79.9,71.17,Medio,Se recomienda reforzar habitos de estudio y asistencia.
E02650,Bruno Espinoza,Base de Datos,17.07,72.0,66.03,Medio,Se recomienda reforzar habitos de estudio y asistencia.
E02651,Julio Mamani,Matemática Discreta,15.68,75.3,75.33,Medio,Se recomienda reforzar habitos de estudio y asistencia.
E02652,Ricardo Herrera,Estructuras de Datos,19.18,97.3,87.63,Bajo,Mantener el desempeno actual; sin acciones urgentes.
E02653,Gabriela Flores,Base de Datos,13.03,92.5,79.87,Bajo,Mantener el desempeno actual; sin acciones urgentes.
E02654,Franco Mamani,Redes de Computadoras,16.95,84.6,93.77,Bajo,Mantener el desempeno actual; sin acciones urgentes.
E02655,Valeria Paredes,Base de Datos,14.32,46.3,62.13,Medio,Se recomienda reforzar habitos de estudio y asistencia.
E02656,Gabriela Aguilar,Estructuras de Datos,11.2,43.3,69.13,Medio,Se recomienda reforzar habitos de estudio y asistencia.
E02657,Adrián Vega,Estructuras de Datos,7.93,76.9,78.47,Medio,Se recomienda reforzar habitos de estudio y asistencia.
E02658,Tomás López,Matemática Discreta,10.5,58.7,53.4,Medio,Se recomienda reforzar habitos de estudio y asistencia.
E02659,Valentina Palomino,Matemática Discreta,16.93,100.0,71.23,Bajo,Mantener el desempeno actual; sin acciones urgentes.
E02660,Valentina López,Estructuras de Datos,13.8,88.1,71.53,Bajo,Mantener el desempeno actual; sin acciones urgentes.
E02661,Mateo Cárdenas,Estructuras de Datos,14.45,100.0,87.1,Bajo,Mantener el desempeno actual; sin acciones urgentes.
E02662,Andrés Ramírez,Base de Datos,7.25,63.3,77.17,Alto,Requiere tutoria academica inmediata y seguimiento semanal.
E02663,Alonso Flores,Redes de Computadoras,14.02,72.8,69.4,Medio,Se recomienda reforzar habitos de estudio y asistencia.
E02664,Nicolás Ramírez,Matemática Discreta,19.8,78.4,77.47,Medio,Se recomienda reforzar habitos de estudio y asistencia.
E02665,Ximena Quispe,Lenguajes de Programación,9.38,83.7,58.37,Alto,Requiere tutoria academica inmediata y seguimiento semanal.
E02666,Manuel Gutiérrez,Redes de Computadoras,17.32,97.0,67.17,Bajo,Mantener el desempeno actual; sin acciones urgentes.
E02667,Lucía Pérez,Lenguajes de Programación,18.85,100.0,75.8,Bajo,Mantener el desempeno actual; sin acciones urgentes.
E02668,Estefanía Ortiz,Redes de Computadoras,12.65,75.2,89.47,Medio,Se recomienda reforzar habitos de estudio y asistencia.
E02669,Gabriela Reyes,Matemática Discreta,17.73,71.2,81.33,Medio,Se recomienda reforzar habitos de estudio y asistencia.
E02670,Gabriela Medina,Redes de Computadoras,15.65,52.4,81.93,Medio,Se recomienda reforzar habitos de estudio y asistencia.
E02671,Emilia Sánchez,Base de Datos,9.15,100.0,75.6,Medio,Se recomienda reforzar habitos de estudio y asistencia.
E02672,Ana Reyes,Matemática Discreta,14.7,49.9,63.3,Medio,Se recomienda reforzar habitos de estudio y asistencia.
E02673,Estefanía Huamán,Lenguajes de Programación,9.12,88.7,68.43,Medio,Se recomienda reforzar habitos de estudio y asistencia.
E02674,Valentina Rodríguez,Estructuras de Datos,17.17,69.1,65.67,Medio,Se recomienda reforzar habitos de estudio y asistencia.
E02675,Mateo Delgado,Estructuras de Datos,7.75,76.9,52.13,Alto,Requiere tutoria academica inmediata y seguimiento semanal.
E02676,Valeria Sánchez,Redes de Computadoras,10.18,38.0,44.23,Alto,Requiere tutoria academica inmediata y seguimiento semanal.
E02677,Emilio Mamani,Estructuras de Datos,11.43,73.2,76.67,Medio,Se recomienda reforzar habitos de estudio y asistencia.
E02678,Alonso Quispe,Estructuras de Datos,18.62,73.6,60.87,Medio,Se recomienda reforzar habitos de estudio y asistencia.
E02679,Camila Vega,Estructuras de Datos,14.65,85.6,49.33,Medio,Se recomienda reforzar habitos de estudio y asistencia.
E02680,Nicolás Mamani,Base de Datos,12.95,72.7,59.17,Medio,Se recomienda reforzar habitos de estudio y asistencia.
E02681,Daniela Rojas,Matemática Discreta,8.8,57.1,79.03,Alto,Requiere tutoria academica inmediata y seguimiento semanal.
E02682,Camila García,Lenguajes de Programación,19.07,90.1,82.8,Bajo,Mantener el desempeno actual; sin acciones urgentes.
E02683,Ana Salazar,Base de Datos,6.85,60.2,58.57,Alto,Requiere tutoria academica inmediata y seguimiento semanal.
E02684,Miguel Ponce,Estructuras de Datos,14.65,77.3,77.53,Medio,Se recomienda reforzar habitos de estudio y asistencia.
E02685,Isabela Herrera,Matemática Discreta,16.18,62.2,72.5,Medio,Se recomienda reforzar habitos de estudio y asistencia.
E02686,Alonso Quispe,Estructuras de Datos,8.73,82.3,83.73,Medio,Se recomienda reforzar habitos de estudio y asistencia.
E02687,Sofía García,Matemática Discreta,11.85,38.9,71.33,Medio,Se recomienda reforzar habitos de estudio y asistencia.
E02688,Franco Mendoza,Base de Datos,15.03,100.0,81.53,Bajo,Mantener el desempeno actual; sin acciones urgentes.
E02689,Alonso Alva,Base de Datos,10.03,97.0,77.87,Medio,Se recomienda reforzar habitos de estudio y asistencia.
E02690,Andrés Quispe,Lenguajes de Programación,14.45,40.3,53.77,Medio,Se recomienda reforzar habitos de estudio y asistencia.
E02691,Manuel Cárdenas,Redes de Computadoras,16.75,100.0,60.1,Medio,Se recomienda reforzar habitos de estudio y asistencia.
E02692,Paula Soto,Estructuras de Datos,14.8,71.1,69.87,Medio,Se recomienda reforzar habitos de estudio y asistencia.
E02693,Sofía García,Base de Datos,9.93,67.9,82.03,Alto,Requiere tutoria academica inmediata y seguimiento semanal.
E02694,Manuel Medina,Base de Datos,13.78,82.7,76.97,Bajo,Mantener el desempeno actual; sin acciones urgentes.
E02695,Vicente Delgado,Lenguajes de Programación,13.32,100.0,81.67,Bajo,Mantener el desempeno actual; sin acciones urgentes.
E02696,Emilia Salazar,Base de Datos,14.8,73.4,73.97,Medio,Se recomienda reforzar habitos de estudio y asistencia.
E02697,Rodrigo Aguilar,Lenguajes de Programación,9.62,82.4,62.87,Medio,Se recomienda reforzar habitos de estudio y asistencia.
E02698,Milagros Castillo,Matemática Discreta,15.38,91.8,81.63,Bajo,Mantener el desempeno actual; sin acciones urgentes.
E02699,Martina Rodríguez,Matemática Discreta,13.05,87.5,82.5,Bajo,Mantener el desempeno actual; sin acciones urgentes.
E02700,Ana Soto,Lenguajes de Programación,8.18,78.0,47.23,Alto,Requiere tutoria academica inmediata y seguimiento semanal.
E02701,Zoe Rojas,Redes de Computadoras,12.8,84.1,74.7,Medio,Se recomienda reforzar habitos de estudio y asistencia.
E02702,Sofía Mendoza,Redes de Computadoras,5.45,47.1,47.4,Alto,Requiere tutoria academica inmediata y seguimiento semanal.
E02703,Isabela Paredes,Base de Datos,11.12,48.8,57.87,Medio,Se recomienda reforzar habitos de estudio y asistencia.
E02704,Emilia Rodríguez,Matemática Discreta,13.05,72.3,46.77,Medio,Se recomienda reforzar habitos de estudio y asistencia.
E02705,Lucía Sánchez,Redes de Computadoras,10.25,35.2,32.53,Alto,Requiere tutoria academica inmediata y seguimiento semanal.
E02706,Daniela Flores,Matemática Discreta,9.43,67.3,56.67,Alto,Requiere tutoria academica inmediata y seguimiento semanal.
E02707,Emilio Ortiz,Estructuras de Datos,12.55,87.0,80.03,Medio,Se recomienda reforzar habitos de estudio y asistencia.
E02708,Daniela Huamán,Redes de Computadoras,12.45,88.2,72.67,Medio,Se recomienda reforzar habitos de estudio y asistencia.
E02709,Natalia Delgado,Base de Datos,11.45,92.8,74.43,Medio,Se recomienda reforzar habitos de estudio y asistencia.
E02710,Emilia Pérez,Estructuras de Datos,17.1,60.4,69.77,Medio,Se recomienda reforzar habitos de estudio y asistencia.
E02711,Adrián Vega,Base de Datos,11.57,59.2,63.33,Medio,Se recomienda reforzar habitos de estudio y asistencia.
E02712,Miguel Cárdenas,Base de Datos,9.15,70.1,56.5,Alto,Requiere tutoria academica inmediata y seguimiento semanal.
E02713,Rodrigo Mamani,Matemática Discreta,16.9,90.7,68.97,Bajo,Mantener el desempeno actual; sin acciones urgentes.
E02714,Daniela Torres,Redes de Computadoras,14.42,52.9,57.63,Medio,Se recomienda reforzar habitos de estudio y asistencia.
E02715,Valentina Torres,Base de Datos,13.7,39.5,63.17,Medio,Se recomienda reforzar habitos de estudio y asistencia.
E02716,Emilio Delgado,Estructuras de Datos,14.75,72.3,68.6,Medio,Se recomienda reforzar habitos de estudio y asistencia.
E02717,Franco García,Redes de Computadoras,10.27,68.2,79.53,Alto,Requiere tutoria academica inmediata y seguimiento semanal.
E02718,Ricardo Cabrera,Lenguajes de Programación,18.55,61.2,67.07,Medio,Se recomienda reforzar habitos de estudio y asistencia.
E02719,Emilia Cruz,Base de Datos,15.75,100.0,79.07,Bajo,Mantener el desempeno actual; sin acciones urgentes.
E02720,Nicolás Ramírez,Redes de Computadoras,8.93,65.4,62.7,Alto,Requiere tutoria academica inmediata y seguimiento semanal.
E02721,Alonso Quispe,Redes de Computadoras,4.9,65.6,69.4,Alto,Requiere tutoria academica inmediata y seguimiento semanal.
E02722,Rosa Medina,Base de Datos,18.25,71.9,60.63,Medio,Se recomienda reforzar habitos de estudio y asistencia.
E02723,Luis Zapata,Estructuras de Datos,11.07,71.0,58.17,Medio,Se recomienda reforzar habitos de estudio y asistencia.
E02724,Andrés Rojas,Estructuras de Datos,15.75,88.9,91.33,Bajo,Mantener el desempeno actual; sin acciones urgentes.
E02725,Zoe Medina,Base de Datos,16.12,88.7,65.93,Bajo,Mantener el desempeno actual; sin acciones urgentes.
E02726,Diego Mamani,Base de Datos,10.7,60.9,80.3,Medio,Se recomienda reforzar habitos de estudio y asistencia.
E02727,Franco Sánchez,Matemática Discreta,20.0,100.0,76.97,Bajo,Mantener el desempeno actual; sin acciones urgentes.
E02728,Jorge Soto,Base de Datos,16.2,96.2,87.8,Bajo,Mantener el desempeno actual; sin acciones urgentes.
E02729,Miguel Rojas,Base de Datos,9.92,90.4,73.4,Medio,Se recomienda reforzar habitos de estudio y asistencia.
E02730,Julio Soto,Base de Datos,11.12,65.1,54.73,Medio,Se recomienda reforzar habitos de estudio y asistencia.
E02731,Manuel Cárdenas,Redes de Computadoras,14.38,66.2,61.17,Medio,Se recomienda reforzar habitos de estudio y asistencia.
E02732,Mateo Cárdenas,Redes de Computadoras,15.05,94.2,98.07,Bajo,Mantener el desempeno actual; sin acciones urgentes.
E02733,Jorge Vega,Redes de Computadoras,19.15,86.3,75.6,Bajo,Mantener el desempeno actual; sin acciones urgentes.
E02734,Valentina Cruz,Matemática Discreta,11.48,72.3,76.67,Medio,Se recomienda reforzar habitos de estudio y asistencia.
E02735,Franco Palomino,Base de Datos,18.75,60.8,63.13,Medio,Se recomienda reforzar habitos de estudio y asistencia.
E02736,Daniela Delgado,Lenguajes de Programación,14.4,45.6,66.3,Medio,Se recomienda reforzar habitos de estudio y asistencia.
E02737,Iván Ponce,Matemática Discreta,15.12,41.1,47.93,Medio,Se recomienda reforzar habitos de estudio y asistencia.
E02738,Isabela Espinoza,Matemática Discreta,11.53,70.2,65.3,Medio,Se recomienda reforzar habitos de estudio y asistencia.
E02739,Emilio Mamani,Base de Datos,10.25,79.2,77.93,Medio,Se recomienda reforzar habitos de estudio y asistencia.
E02740,Tomás Aguilar,Matemática Discreta,13.93,57.5,75.83,Medio,Se recomienda reforzar habitos de estudio y asistencia.
E02741,Emilia García,Base de Datos,8.03,54.6,53.57,Alto,Requiere tutoria academica inmediata y seguimiento semanal.
E02742,Sebastián Medina,Estructuras de Datos,15.1,100.0,71.7,Bajo,Mantener el desempeno actual; sin acciones urgentes.
E02743,Milagros Ponce,Matemática Discreta,14.78,65.0,75.0,Medio,Se recomienda reforzar habitos de estudio y asistencia.
E02744,Valeria Huamán,Base de Datos,18.7,90.4,62.4,Medio,Se recomienda reforzar habitos de estudio y asistencia.
E02745,Ricardo Rodríguez,Lenguajes de Programación,17.15,72.3,70.77,Medio,Se recomienda reforzar habitos de estudio y asistencia.
E02746,Isabela Soto,Redes de Computadoras,8.1,74.1,67.17,Medio,Se recomienda reforzar habitos de estudio y asistencia.
E02747,Gabriela Zapata,Redes de Computadoras,18.23,58.6,62.53,Medio,Se recomienda reforzar habitos de estudio y asistencia.
E02748,Ximena Palomino,Matemática Discreta,17.75,33.0,49.63,Medio,Se recomienda reforzar habitos de estudio y asistencia.
E02749,Fabián Cruz,Redes de Computadoras,9.03,58.1,71.8,Alto,Requiere tutoria academica inmediata y seguimiento semanal.
E02750,Natalia Vargas,Matemática Discreta,17.93,100.0,78.4,Bajo,Mantener el desempeno actual; sin acciones urgentes.
E02751,Ricardo López,Lenguajes de Programación,8.38,98.1,76.2,Medio,Se recomienda reforzar habitos de estudio y asistencia.
E02752,Andrés Vargas,Matemática Discreta,16.15,91.4,82.23,Bajo,Mantener el desempeno actual; sin acciones urgentes.
E02753,Tomás Espinoza,Lenguajes de Programación,11.0,71.1,72.87,Medio,Se recomienda reforzar habitos de estudio y asistencia.
E02754,María Castillo,Lenguajes de Programación,13.98,58.5,62.53,Medio,Se recomienda reforzar habitos de estudio y asistencia.
E02755,Valeria Flores,Base de Datos,10.07,62.8,78.67,Alto,Requiere tutoria academica inmediata y seguimiento semanal.
E02756,Iván Vega,Estructuras de Datos,12.9,56.8,80.73,Medio,Se recomienda reforzar habitos de estudio y asistencia.
E02757,Diego Medina,Redes de Computadoras,6.3,76.6,82.73,Medio,Se recomienda reforzar habitos de estudio y asistencia.
E02758,Miguel Mamani,Estructuras de Datos,10.88,60.5,54.9,Medio,Se recomienda reforzar habitos de estudio y asistencia.
E02759,Julio Alva,Estructuras de Datos,7.95,50.0,63.1,Alto,Requiere tutoria academica inmediata y seguimiento semanal.
E02760,Daniela Rivas,Redes de Computadoras,16.25,84.1,71.67,Bajo,Mantener el desempeno actual; sin acciones urgentes.
E02761,Fernanda Paredes,Matemática Discreta,13.18,73.9,67.27,Medio,Se recomienda reforzar habitos de estudio y asistencia.
E02762,Carlos Mendoza,Base de Datos,16.1,73.6,61.63,Medio,Se recomienda reforzar habitos de estudio y asistencia.
E02763,Isabela Cabrera,Lenguajes de Programación,12.5,66.4,71.0,Medio,Se recomienda reforzar habitos de estudio y asistencia.
E02764,Miguel Mendoza,Matemática Discreta,13.32,59.4,68.37,Medio,Se recomienda reforzar habitos de estudio y asistencia.
E02765,Miguel Ramírez,Estructuras de Datos,18.3,95.5,60.77,Medio,Se recomienda reforzar habitos de estudio y asistencia.
E02766,Fabián Soto,Base de Datos,8.77,79.4,78.23,Medio,Se recomienda reforzar habitos de estudio y asistencia.
E02767,Alonso Gutiérrez,Redes de Computadoras,12.95,67.0,76.0,Medio,Se recomienda reforzar habitos de estudio y asistencia.
E02768,Renata Paredes,Lenguajes de Programación,8.72,85.1,63.2,Medio,Se recomienda reforzar habitos de estudio y asistencia.
E02769,Gabriela Cabrera,Base de Datos,10.82,62.9,43.8,Medio,Se recomienda reforzar habitos de estudio y asistencia.
E02770,Adrián Mendoza,Matemática Discreta,11.15,30.1,52.23,Medio,Se recomienda reforzar habitos de estudio y asistencia.
E02771,Daniela Medina,Estructuras de Datos,10.55,80.4,78.33,Medio,Se recomienda reforzar habitos de estudio y asistencia.
E02772,Valentina Espinoza,Redes de Computadoras,14.55,98.2,73.27,Bajo,Mantener el desempeno actual; sin acciones urgentes.
E02773,Manuel Chávez,Matemática Discreta,12.9,69.3,70.77,Medio,Se recomienda reforzar habitos de estudio y asistencia.
E02774,Sofía Cabrera,Base de Datos,13.62,47.4,49.97,Medio,Se recomienda reforzar habitos de estudio y asistencia.
E02775,Adrián Cruz,Lenguajes de Programación,11.38,65.2,78.07,Medio,Se recomienda reforzar habitos de estudio y asistencia.
E02776,Fabián Soto,Estructuras de Datos,8.28,67.0,75.1,Alto,Requiere tutoria academica inmediata y seguimiento semanal.
E02777,Jorge Cárdenas,Matemática Discreta,16.45,93.8,77.5,Bajo,Mantener el desempeno actual; sin acciones urgentes.
E02778,Joaquín Rivas,Redes de Computadoras,14.35,46.5,75.5,Medio,Se recomienda reforzar habitos de estudio y asistencia.
E02779,Zoe Huamán,Estructuras de Datos,14.07,60.6,66.7,Medio,Se recomienda reforzar habitos de estudio y asistencia.
E02780,Vicente Torres,Lenguajes de Programación,10.78,56.6,51.07,Medio,Se recomienda reforzar habitos de estudio y asistencia.
E02781,Renata Ramírez,Base de Datos,16.45,76.8,69.0,Medio,Se recomienda reforzar habitos de estudio y asistencia.
E02782,Jorge Mendoza,Base de Datos,11.32,55.7,47.27,Medio,Se recomienda reforzar habitos de estudio y asistencia.
E02783,Estefanía Quispe,Base de Datos,9.93,78.5,78.07,Medio,Se recomienda reforzar habitos de estudio y asistencia.
E02784,Estefanía Cárdenas,Lenguajes de Programación,13.5,35.8,70.73,Medio,Se recomienda reforzar habitos de estudio y asistencia.
E02785,Alonso Cárdenas,Estructuras de Datos,12.5,50.4,70.13,Medio,Se recomienda reforzar habitos de estudio y asistencia.
E02786,Alejandra Vargas,Base de Datos,7.62,82.2,61.63,Medio,Se recomienda reforzar habitos de estudio y asistencia.
E02787,Joaquín Torres,Matemática Discreta,13.6,36.0,57.2,Medio,Se recomienda reforzar habitos de estudio y asistencia.
E02788,Valeria Gutiérrez,Base de Datos,14.55,61.2,43.93,Medio,Se recomienda reforzar habitos de estudio y asistencia.
E02789,Diego Zapata,Matemática Discreta,17.62,72.3,77.57,Medio,Se recomienda reforzar habitos de estudio y asistencia.
E02790,Isabela Quispe,Matemática Discreta,16.9,60.4,60.03,Medio,Se recomienda reforzar habitos de estudio y asistencia.
E02791,Ana Palomino,Lenguajes de Programación,13.6,57.8,62.8,Medio,Se recomienda reforzar habitos de estudio y asistencia.
E02792,Jorge Chávez,Estructuras de Datos,11.07,85.8,67.53,Medio,Se recomienda reforzar habitos de estudio y asistencia.
E02793,Luis Cabrera,Estructuras de Datos,10.45,68.9,60.23,Alto,Requiere tutoria academica inmediata y seguimiento semanal.
E02794,Julio Huamán,Estructuras de Datos,15.68,92.5,81.53,Bajo,Mantener el desempeno actual; sin acciones urgentes.
E02795,Natalia Pérez,Estructuras de Datos,12.6,45.1,59.13,Medio,Se recomienda reforzar habitos de estudio y asistencia.
E02796,Fabián Rivas,Estructuras de Datos,17.18,69.1,59.77,Medio,Se recomienda reforzar habitos de estudio y asistencia.
E02797,Andrés Quispe,Lenguajes de Programación,14.2,70.9,83.1,Medio,Se recomienda reforzar habitos de estudio y asistencia.
E02798,Paula Cruz,Base de Datos,14.35,64.0,62.13,Medio,Se recomienda reforzar habitos de estudio y asistencia.
E02799,Emilia Soto,Redes de Computadoras,17.93,75.2,78.17,Medio,Se recomienda reforzar habitos de estudio y asistencia.
E02800,Alonso Salazar,Base de Datos,17.9,51.8,52.83,Medio,Se recomienda reforzar habitos de estudio y asistencia.
E02801,Alejandra Delgado,Estructuras de Datos,18.68,72.6,81.83,Medio,Se recomienda reforzar habitos de estudio y asistencia.
E02802,Julio Vega,Base de Datos,14.88,74.7,56.2,Medio,Se recomienda reforzar habitos de estudio y asistencia.
E02803,Sebastián Castillo,Base de Datos,10.97,64.7,64.97,Medio,Se recomienda reforzar habitos de estudio y asistencia.
E02804,Renata Chávez,Redes de Computadoras,12.9,64.0,58.83,Medio,Se recomienda reforzar habitos de estudio y asistencia.
E02805,Renata Castillo,Redes de Computadoras,8.8,91.8,78.47,Medio,Se recomienda reforzar habitos de estudio y asistencia.
E02806,Ricardo Soto,Redes de Computadoras,10.57,83.4,66.93,Medio,Se recomienda reforzar habitos de estudio y asistencia.
E02807,Iván Vega,Base de Datos,15.47,93.0,77.3,Bajo,Mantener el desempeno actual; sin acciones urgentes.
E02808,Isabela Medina,Redes de Computadoras,10.68,55.2,70.97,Medio,Se recomienda reforzar habitos de estudio y asistencia.
E02809,Adrián Paredes,Estructuras de Datos,15.93,63.2,58.53,Medio,Se recomienda reforzar habitos de estudio y asistencia.
E02810,Valentina Chávez,Lenguajes de Programación,20.0,74.0,70.43,Medio,Se recomienda reforzar habitos de estudio y asistencia.
E02811,Adrián Quispe,Estructuras de Datos,11.57,49.1,59.97,Medio,Se recomienda reforzar habitos de estudio y asistencia.
E02812,Adrián Ponce,Estructuras de Datos,16.3,43.3,53.73,Medio,Se recomienda reforzar habitos de estudio y asistencia.
E02813,Camila Soto,Estructuras de Datos,14.18,77.6,67.87,Medio,Se recomienda reforzar habitos de estudio y asistencia.
E02814,Martina Zapata,Estructuras de Datos,14.15,86.3,65.3,Bajo,Mantener el desempeno actual; sin acciones urgentes.
E02815,Luis Huamán,Lenguajes de Programación,19.32,75.7,75.67,Medio,Se recomienda reforzar habitos de estudio y asistencia.
E02816,Iván Huamán,Redes de Computadoras,11.57,55.8,66.67,Medio,Se recomienda reforzar habitos de estudio y asistencia.
E02817,Luis Medina,Redes de Computadoras,12.4,63.4,60.27,Medio,Se recomienda reforzar habitos de estudio y asistencia.
E02818,Bruno Vega,Base de Datos,12.62,93.4,70.1,Medio,Se recomienda reforzar habitos de estudio y asistencia.
E02819,María Mamani,Estructuras de Datos,8.55,82.5,60.7,Medio,Se recomienda reforzar habitos de estudio y asistencia.
E02820,Emilio Vargas,Redes de Computadoras,9.6,42.7,43.73,Alto,Requiere tutoria academica inmediata y seguimiento semanal.
E02821,Manuel Castillo,Estructuras de Datos,10.08,81.2,66.4,Medio,Se recomienda reforzar habitos de estudio y asistencia.
E02822,Emilia Paredes,Matemática Discreta,13.58,71.4,56.97,Medio,Se recomienda reforzar habitos de estudio y asistencia.
E02823,Milagros Gutiérrez,Matemática Discreta,13.82,93.3,69.33,Bajo,Mantener el desempeno actual; sin acciones urgentes.
E02824,Natalia Ortiz,Matemática Discreta,15.32,56.7,72.23,Medio,Se recomienda reforzar habitos de estudio y asistencia.
E02825,Joaquín Torres,Matemática Discreta,3.35,67.0,49.07,Alto,Requiere tutoria academica inmediata y seguimiento semanal.
E02826,Rosa Torres,Estructuras de Datos,7.5,68.0,61.0,Alto,Requiere tutoria academica inmediata y seguimiento semanal.
E02827,Joaquín Flores,Matemática Discreta,13.53,76.7,86.27,Medio,Se recomienda reforzar habitos de estudio y asistencia.
E02828,Lucía Ortiz,Redes de Computadoras,16.5,84.3,62.77,Medio,Se recomienda reforzar habitos de estudio y asistencia.
E02829,Ricardo Reyes,Estructuras de Datos,8.82,70.2,74.0,Medio,Se recomienda reforzar habitos de estudio y asistencia.
E02830,Vicente Castillo,Lenguajes de Programación,11.5,63.4,58.17,Medio,Se recomienda reforzar habitos de estudio y asistencia.
E02831,Martina Zapata,Estructuras de Datos,10.53,76.5,85.5,Medio,Se recomienda reforzar habitos de estudio y asistencia.
E02832,Lucía Soto,Lenguajes de Programación,3.88,44.4,57.27,Alto,Requiere tutoria academica inmediata y seguimiento semanal.
E02833,Fabián Mamani,Matemática Discreta,13.62,74.9,84.73,Medio,Se recomienda reforzar habitos de estudio y asistencia.
E02834,Bruno Aguilar,Matemática Discreta,14.88,88.6,81.3,Bajo,Mantener el desempeno actual; sin acciones urgentes.
E02835,María Medina,Base de Datos,9.32,89.1,70.27,Medio,Se recomienda reforzar habitos de estudio y asistencia.
E02836,Miguel Torres,Lenguajes de Programación,13.52,63.6,70.6,Medio,Se recomienda reforzar habitos de estudio y asistencia.
E02837,Joaquín Pérez,Estructuras de Datos,8.32,58.6,61.07,Alto,Requiere tutoria academica inmediata y seguimiento semanal.
E02838,Sebastián Vargas,Matemática Discreta,9.78,69.5,85.23,Alto,Requiere tutoria academica inmediata y seguimiento semanal.
E02839,Milagros Herrera,Base de Datos,14.03,58.9,71.83,Medio,Se recomienda reforzar habitos de estudio y asistencia.
E02840,Bruno Flores,Estructuras de Datos,9.8,87.2,74.1,Medio,Se recomienda reforzar habitos de estudio y asistencia.
E02841,Emilia Torres,Estructuras de Datos,4.02,77.9,90.2,Medio,Se recomienda reforzar habitos de estudio y asistencia.
E02842,Camila López,Base de Datos,15.18,96.0,83.23,Bajo,Mantener el desempeno actual; sin acciones urgentes.
E02843,Rodrigo García,Lenguajes de Programación,20.0,89.1,72.6,Bajo,Mantener el desempeno actual; sin acciones urgentes.
E02844,Diego Mendoza,Base de Datos,16.77,68.3,70.13,Medio,Se recomienda reforzar habitos de estudio y asistencia.
E02845,Manuel Aguilar,Matemática Discreta,10.03,71.0,83.67,Medio,Se recomienda reforzar habitos de estudio y asistencia.
E02846,Milagros Aguilar,Redes de Computadoras,16.32,64.4,50.87,Medio,Se recomienda reforzar habitos de estudio y asistencia.
E02847,Renata Cruz,Lenguajes de Programación,15.55,45.4,56.57,Medio,Se recomienda reforzar habitos de estudio y asistencia.
E02848,Rodrigo Aguilar,Estructuras de Datos,12.02,67.1,74.03,Medio,Se recomienda reforzar habitos de estudio y asistencia.
E02849,Ricardo Ponce,Lenguajes de Programación,5.47,87.2,62.77,Medio,Se recomienda reforzar habitos de estudio y asistencia.
E02850,Manuel Espinoza,Base de Datos,13.25,57.5,77.8,Medio,Se recomienda reforzar habitos de estudio y asistencia.
E02851,Luis Pérez,Redes de Computadoras,16.27,58.7,59.57,Medio,Se recomienda reforzar habitos de estudio y asistencia.
E02852,Franco Quispe,Estructuras de Datos,11.27,84.2,86.63,Medio,Se recomienda reforzar habitos de estudio y asistencia.
E02853,Daniela Huamán,Matemática Discreta,12.45,49.1,82.73,Medio,Se recomienda reforzar habitos de estudio y asistencia.
E02854,Fabián Sánchez,Base de Datos,17.62,48.3,69.43,Medio,Se recomienda reforzar habitos de estudio y asistencia.
E02855,Manuel López,Lenguajes de Programación,14.32,68.3,69.57,Medio,Se recomienda reforzar habitos de estudio y asistencia.
E02856,Emilio Paredes,Redes de Computadoras,9.55,45.6,53.3,Alto,Requiere tutoria academica inmediata y seguimiento semanal.
E02857,Antonella Ramírez,Redes de Computadoras,13.18,51.5,54.1,Medio,Se recomienda reforzar habitos de estudio y asistencia.
E02858,Ximena Huamán,Redes de Computadoras,14.6,100.0,82.6,Bajo,Mantener el desempeno actual; sin acciones urgentes.
E02859,Zoe Paredes,Base de Datos,9.73,83.4,81.53,Medio,Se recomienda reforzar habitos de estudio y asistencia.
E02860,Camila García,Estructuras de Datos,14.07,87.1,84.83,Bajo,Mantener el desempeno actual; sin acciones urgentes.
E02861,Natalia Rojas,Redes de Computadoras,13.82,53.5,75.1,Medio,Se recomienda reforzar habitos de estudio y asistencia.
E02862,Emilia Castillo,Redes de Computadoras,17.92,94.1,76.33,Bajo,Mantener el desempeno actual; sin acciones urgentes.
E02863,Nicolás Aguilar,Base de Datos,13.43,79.9,70.83,Medio,Se recomienda reforzar habitos de estudio y asistencia.
E02864,Rodrigo Mendoza,Matemática Discreta,12.93,53.8,79.0,Medio,Se recomienda reforzar habitos de estudio y asistencia.
E02865,Alejandra López,Lenguajes de Programación,13.05,79.2,80.43,Medio,Se recomienda reforzar habitos de estudio y asistencia.
E02866,Martina Ortiz,Estructuras de Datos,12.65,75.2,80.5,Medio,Se recomienda reforzar habitos de estudio y asistencia.
E02867,Franco Soto,Redes de Computadoras,15.62,59.1,71.6,Medio,Se recomienda reforzar habitos de estudio y asistencia.
E02868,Franco Sánchez,Lenguajes de Programación,14.2,75.6,83.5,Medio,Se recomienda reforzar habitos de estudio y asistencia.
E02869,Milagros Reyes,Lenguajes de Programación,10.12,95.1,71.57,Medio,Se recomienda reforzar habitos de estudio y asistencia.
E02870,María Pérez,Redes de Computadoras,14.82,66.6,77.3,Medio,Se recomienda reforzar habitos de estudio y asistencia.
E02871,Nicolás Castillo,Matemática Discreta,19.98,73.2,56.07,Medio,Se recomienda reforzar habitos de estudio y asistencia.
E02872,Mateo García,Base de Datos,20.0,72.2,67.63,Medio,Se recomienda reforzar habitos de estudio y asistencia.
E02873,Antonella Sánchez,Lenguajes de Programación,8.2,69.0,89.2,Alto,Requiere tutoria academica inmediata y seguimiento semanal.
E02874,Franco García,Lenguajes de Programación,5.38,69.1,71.43,Alto,Requiere tutoria academica inmediata y seguimiento semanal.
E02875,Mateo Soto,Estructuras de Datos,1.15,40.1,53.37,Alto,Requiere tutoria academica inmediata y seguimiento semanal.
E02876,Ana Pérez,Estructuras de Datos,9.75,91.8,86.53,Medio,Se recomienda reforzar habitos de estudio y asistencia.
E02877,Antonella Ponce,Redes de Computadoras,11.3,76.7,52.97,Medio,Se recomienda reforzar habitos de estudio y asistencia.
E02878,Daniela Rojas,Base de Datos,16.88,51.2,57.7,Medio,Se recomienda reforzar habitos de estudio y asistencia.
E02879,Adrián Vargas,Matemática Discreta,10.72,76.0,82.8,Medio,Se recomienda reforzar habitos de estudio y asistencia.
E02880,Luis Cruz,Redes de Computadoras,17.23,48.7,80.57,Medio,Se recomienda reforzar habitos de estudio y asistencia.
E02881,Lucía Cárdenas,Estructuras de Datos,7.62,57.6,56.23,Alto,Requiere tutoria academica inmediata y seguimiento semanal.
E02882,Jorge Soto,Redes de Computadoras,7.47,100.0,77.83,Medio,Se recomienda reforzar habitos de estudio y asistencia.
E02883,Manuel Rojas,Redes de Computadoras,14.3,90.5,70.8,Bajo,Mantener el desempeno actual; sin acciones urgentes.
E02884,Fernanda Mamani,Matemática Discreta,12.12,76.3,82.73,Medio,Se recomienda reforzar habitos de estudio y asistencia.
E02885,Milagros Herrera,Estructuras de Datos,19.12,71.8,70.6,Medio,Se recomienda reforzar habitos de estudio y asistencia.
E02886,Alonso Flores,Estructuras de Datos,15.9,75.4,77.4,Medio,Se recomienda reforzar habitos de estudio y asistencia.
E02887,Jorge Reyes,Estructuras de Datos,19.32,62.4,82.7,Medio,Se recomienda reforzar habitos de estudio y asistencia.
E02888,Ricardo Quispe,Estructuras de Datos,9.77,57.8,70.33,Alto,Requiere tutoria academica inmediata y seguimiento semanal.
E02889,Jorge Rodríguez,Matemática Discreta,17.85,71.3,64.37,Medio,Se recomienda reforzar habitos de estudio y asistencia.
E02890,Lucía Vargas,Matemática Discreta,11.03,72.3,80.77,Medio,Se recomienda reforzar habitos de estudio y asistencia.
E02891,Paula Palomino,Base de Datos,13.68,100.0,70.1,Bajo,Mantener el desempeno actual; sin acciones urgentes.
E02892,Gabriela Alva,Estructuras de Datos,16.55,94.3,53.43,Medio,Se recomienda reforzar habitos de estudio y asistencia.
E02893,Mateo Cabrera,Redes de Computadoras,15.9,52.6,72.37,Medio,Se recomienda reforzar habitos de estudio y asistencia.
E02894,Isabela Vega,Redes de Computadoras,13.2,48.6,47.0,Medio,Se recomienda reforzar habitos de estudio y asistencia.
E02895,Lucía Sánchez,Estructuras de Datos,13.93,40.9,73.63,Medio,Se recomienda reforzar habitos de estudio y asistencia.
E02896,Sofía Pérez,Base de Datos,4.55,92.2,78.83,Medio,Se recomienda reforzar habitos de estudio y asistencia.
E02897,Joaquín Medina,Base de Datos,8.6,100.0,60.3,Medio,Se recomienda reforzar habitos de estudio y asistencia.
E02898,Zoe Mendoza,Estructuras de Datos,15.82,78.9,65.17,Medio,Se recomienda reforzar habitos de estudio y asistencia.
E02899,Ana Ortiz,Base de Datos,18.02,97.9,71.27,Bajo,Mantener el desempeno actual; sin acciones urgentes.
E02900,Miguel Ramírez,Redes de Computadoras,8.22,93.1,86.73,Medio,Se recomienda reforzar habitos de estudio y asistencia.
E02901,Emilia Alva,Base de Datos,11.68,79.3,71.53,Medio,Se recomienda reforzar habitos de estudio y asistencia.
E02902,Alejandra García,Estructuras de Datos,12.85,80.1,68.87,Medio,Se recomienda reforzar habitos de estudio y asistencia.
E02903,Daniela Gutiérrez,Lenguajes de Programación,11.15,53.5,62.73,Medio,Se recomienda reforzar habitos de estudio y asistencia.
E02904,Bruno Mendoza,Redes de Computadoras,9.1,62.3,77.03,Alto,Requiere tutoria academica inmediata y seguimiento semanal.
E02905,Diego Cruz,Lenguajes de Programación,11.12,81.4,49.93,Medio,Se recomienda reforzar habitos de estudio y asistencia.
E02906,Luis Mendoza,Lenguajes de Programación,14.3,67.2,65.63,Medio,Se recomienda reforzar habitos de estudio y asistencia.
E02907,Ximena Huamán,Matemática Discreta,8.95,61.8,64.27,Alto,Requiere tutoria academica inmediata y seguimiento semanal.
E02908,Bruno Huamán,Matemática Discreta,15.85,100.0,59.8,Medio,Se recomienda reforzar habitos de estudio y asistencia.
E02909,Renata Zapata,Base de Datos,14.18,57.7,52.1,Medio,Se recomienda reforzar habitos de estudio y asistencia.
E02910,Ricardo Quispe,Matemática Discreta,15.33,74.4,85.27,Medio,Se recomienda reforzar habitos de estudio y asistencia.
E02911,Ana Quispe,Redes de Computadoras,16.05,82.7,74.63,Bajo,Mantener el desempeno actual; sin acciones urgentes.
E02912,Antonella Reyes,Matemática Discreta,20.0,74.5,63.13,Medio,Se recomienda reforzar habitos de estudio y asistencia.
E02913,Daniela Medina,Redes de Computadoras,17.65,74.0,81.23,Medio,Se recomienda reforzar habitos de estudio y asistencia.
E02914,Tomás Paredes,Redes de Computadoras,6.47,64.7,57.57,Alto,Requiere tutoria academica inmediata y seguimiento semanal.
E02915,Sebastián Ortiz,Matemática Discreta,9.75,81.6,70.87,Medio,Se recomienda reforzar habitos de estudio y asistencia.
E02916,Zoe Quispe,Matemática Discreta,18.5,71.4,67.93,Medio,Se recomienda reforzar habitos de estudio y asistencia.
E02917,Sofía Mendoza,Estructuras de Datos,11.65,94.1,98.03,Medio,Se recomienda reforzar habitos de estudio y asistencia.
E02918,Carlos Soto,Matemática Discreta,6.53,77.5,54.83,Alto,Requiere tutoria academica inmediata y seguimiento semanal.
E02919,Paula Zapata,Redes de Computadoras,14.57,81.5,55.3,Medio,Se recomienda reforzar habitos de estudio y asistencia.
E02920,Estefanía Reyes,Estructuras de Datos,10.73,95.8,77.27,Medio,Se recomienda reforzar habitos de estudio y asistencia.
E02921,Rosa Castillo,Estructuras de Datos,16.25,57.8,72.6,Medio,Se recomienda reforzar habitos de estudio y asistencia.
E02922,Emilio Cárdenas,Base de Datos,16.73,56.6,67.13,Medio,Se recomienda reforzar habitos de estudio y asistencia.
E02923,Emilia Cruz,Base de Datos,4.78,68.6,83.77,Alto,Requiere tutoria academica inmediata y seguimiento semanal.
E02924,María Alva,Base de Datos,15.12,73.5,77.83,Medio,Se recomienda reforzar habitos de estudio y asistencia.
E02925,Valeria Cruz,Base de Datos,18.18,47.2,72.8,Medio,Se recomienda reforzar habitos de estudio y asistencia.
E02926,Camila Reyes,Lenguajes de Programación,12.88,65.5,74.7,Medio,Se recomienda reforzar habitos de estudio y asistencia.
E02927,Manuel Reyes,Redes de Computadoras,16.0,71.2,73.47,Medio,Se recomienda reforzar habitos de estudio y asistencia.
E02928,Alonso Mendoza,Redes de Computadoras,12.03,87.3,89.1,Medio,Se recomienda reforzar habitos de estudio y asistencia.
E02929,Tomás Flores,Matemática Discreta,7.83,90.9,52.87,Alto,Requiere tutoria academica inmediata y seguimiento semanal.
E02930,Ximena Espinoza,Lenguajes de Programación,15.07,60.8,74.53,Medio,Se recomienda reforzar habitos de estudio y asistencia.
E02931,Camila Espinoza,Matemática Discreta,13.8,86.2,72.9,Bajo,Mantener el desempeno actual; sin acciones urgentes.
E02932,Isabela López,Estructuras de Datos,16.07,65.0,65.17,Medio,Se recomienda reforzar habitos de estudio y asistencia.
E02933,Isabela Torres,Lenguajes de Programación,8.88,49.1,55.37,Alto,Requiere tutoria academica inmediata y seguimiento semanal.
E02934,Carlos Ortiz,Estructuras de Datos,8.55,72.5,68.3,Medio,Se recomienda reforzar habitos de estudio y asistencia.
E02935,Manuel García,Base de Datos,13.8,60.3,79.83,Medio,Se recomienda reforzar habitos de estudio y asistencia.
E02936,Paula Rodríguez,Redes de Computadoras,15.95,80.9,80.3,Bajo,Mantener el desempeno actual; sin acciones urgentes.
E02937,Sofía Sánchez,Base de Datos,17.32,56.0,50.4,Medio,Se recomienda reforzar habitos de estudio y asistencia.
E02938,Daniela Delgado,Base de Datos,5.65,68.7,76.23,Alto,Requiere tutoria academica inmediata y seguimiento semanal.
E02939,Gabriela Mamani,Base de Datos,20.0,82.1,68.67,Bajo,Mantener el desempeno actual; sin acciones urgentes.
E02940,Camila Paredes,Matemática Discreta,11.15,71.5,59.77,Medio,Se recomienda reforzar habitos de estudio y asistencia.
E02941,Zoe Zapata,Redes de Computadoras,10.93,54.5,46.93,Medio,Se recomienda reforzar habitos de estudio y asistencia.
E02942,Andrés Ponce,Lenguajes de Programación,14.4,52.3,78.87,Medio,Se recomienda reforzar habitos de estudio y asistencia.
E02943,Jorge Espinoza,Lenguajes de Programación,11.9,100.0,91.03,Medio,Se recomienda reforzar habitos de estudio y asistencia.
E02944,Zoe Huamán,Matemática Discreta,15.82,61.6,70.6,Medio,Se recomienda reforzar habitos de estudio y asistencia.
E02945,Ximena Vargas,Lenguajes de Programación,15.12,81.0,69.67,Bajo,Mantener el desempeno actual; sin acciones urgentes.
E02946,Camila Ramírez,Base de Datos,17.02,88.1,79.03,Bajo,Mantener el desempeno actual; sin acciones urgentes.
E02947,Gabriela Reyes,Matemática Discreta,15.0,59.4,65.63,Medio,Se recomienda reforzar habitos de estudio y asistencia.
E02948,Alejandra Quispe,Matemática Discreta,17.93,58.3,65.13,Medio,Se recomienda reforzar habitos de estudio y asistencia.
E02949,Milagros Medina,Estructuras de Datos,11.73,42.2,58.53,Medio,Se recomienda reforzar habitos de estudio y asistencia.
E02950,Sebastián Torres,Estructuras de Datos,18.65,48.3,64.53,Medio,Se recomienda reforzar habitos de estudio y asistencia.
E02951,Andrés Cabrera,Estructuras de Datos,11.52,73.2,64.5,Medio,Se recomienda reforzar habitos de estudio y asistencia.
E02952,Vicente Ortiz,Lenguajes de Programación,20.0,87.7,74.33,Bajo,Mantener el desempeno actual; sin acciones urgentes.
E02953,Emilio Torres,Redes de Computadoras,10.93,97.5,80.43,Medio,Se recomienda reforzar habitos de estudio y asistencia.
E02954,Sebastián Salazar,Matemática Discreta,12.2,78.3,51.37,Medio,Se recomienda reforzar habitos de estudio y asistencia.
E02955,Ximena Delgado,Redes de Computadoras,13.38,74.9,84.0,Medio,Se recomienda reforzar habitos de estudio y asistencia.
E02956,Lucía Ramírez,Matemática Discreta,13.07,83.0,74.27,Bajo,Mantener el desempeno actual; sin acciones urgentes.
E02957,Alejandra Cruz,Lenguajes de Programación,9.35,59.0,82.7,Alto,Requiere tutoria academica inmediata y seguimiento semanal.
E02958,Rosa Salazar,Redes de Computadoras,14.03,62.0,58.0,Medio,Se recomienda reforzar habitos de estudio y asistencia.
E02959,Milagros Ortiz,Base de Datos,13.35,46.9,65.07,Medio,Se recomienda reforzar habitos de estudio y asistencia.
E02960,Lucía Delgado,Lenguajes de Programación,7.03,47.3,75.77,Alto,Requiere tutoria academica inmediata y seguimiento semanal.
E02961,Nicolás Aguilar,Base de Datos,16.38,43.1,63.0,Medio,Se recomienda reforzar habitos de estudio y asistencia.
E02962,Isabela Reyes,Base de Datos,13.78,73.5,77.83,Medio,Se recomienda reforzar habitos de estudio y asistencia.
E02963,Tomás Delgado,Estructuras de Datos,10.6,36.9,54.03,Medio,Se recomienda reforzar habitos de estudio y asistencia.
E02964,Luis Espinoza,Matemática Discreta,12.65,59.7,73.23,Medio,Se recomienda reforzar habitos de estudio y asistencia.
E02965,Joaquín Sánchez,Redes de Computadoras,14.4,71.9,75.43,Medio,Se recomienda reforzar habitos de estudio y asistencia.
E02966,Ana Rojas,Base de Datos,18.05,67.2,69.67,Medio,Se recomienda reforzar habitos de estudio y asistencia.
E02967,Alejandra Espinoza,Lenguajes de Programación,14.1,80.6,87.3,Bajo,Mantener el desempeno actual; sin acciones urgentes.
E02968,Ximena Salazar,Redes de Computadoras,8.75,55.9,62.87,Alto,Requiere tutoria academica inmediata y seguimiento semanal.
E02969,Andrés Soto,Redes de Computadoras,11.82,84.0,62.1,Medio,Se recomienda reforzar habitos de estudio y asistencia.
E02970,Mateo Ponce,Lenguajes de Programación,11.45,80.6,53.17,Medio,Se recomienda reforzar habitos de estudio y asistencia.
E02971,Antonella Huamán,Redes de Computadoras,17.25,97.3,77.0,Bajo,Mantener el desempeno actual; sin acciones urgentes.
E02972,Ana Vargas,Redes de Computadoras,12.07,64.8,55.77,Medio,Se recomienda reforzar habitos de estudio y asistencia.
E02973,Iván Mamani,Lenguajes de Programación,13.3,70.6,65.33,Medio,Se recomienda reforzar habitos de estudio y asistencia.
E02974,Gabriela Salazar,Base de Datos,9.88,75.8,77.83,Medio,Se recomienda reforzar habitos de estudio y asistencia.
E02975,Alejandra Quispe,Lenguajes de Programación,9.1,58.8,73.53,Alto,Requiere tutoria academica inmediata y seguimiento semanal.
E02976,Renata Ponce,Redes de Computadoras,4.33,100.0,79.43,Medio,Se recomienda reforzar habitos de estudio y asistencia.
E02977,Bruno Zapata,Estructuras de Datos,20.0,76.1,68.0,Medio,Se recomienda reforzar habitos de estudio y asistencia.
E02978,Sofía Zapata,Base de Datos,5.1,65.1,53.3,Alto,Requiere tutoria academica inmediata y seguimiento semanal.
E02979,Sebastián Flores,Lenguajes de Programación,16.3,70.5,62.77,Medio,Se recomienda reforzar habitos de estudio y asistencia.
E02980,Iván Paredes,Lenguajes de Programación,9.47,87.7,75.9,Medio,Se recomienda reforzar habitos de estudio y asistencia.
E02981,Isabela Ortiz,Estructuras de Datos,11.1,51.9,55.83,Medio,Se recomienda reforzar habitos de estudio y asistencia.
E02982,Milagros Pérez,Redes de Computadoras,8.38,91.6,72.23,Medio,Se recomienda reforzar habitos de estudio y asistencia.
E02983,Sofía Ortiz,Matemática Discreta,16.62,58.5,53.33,Medio,Se recomienda reforzar habitos de estudio y asistencia.
E02984,Camila Paredes,Redes de Computadoras,10.32,75.2,62.1,Medio,Se recomienda reforzar habitos de estudio y asistencia.
E02985,Rosa Gutiérrez,Redes de Computadoras,11.0,66.5,60.6,Medio,Se recomienda reforzar habitos de estudio y asistencia.
E02986,Ricardo Ortiz,Lenguajes de Programación,4.35,65.0,72.6,Alto,Requiere tutoria academica inmediata y seguimiento semanal.
E02987,Sofía Mendoza,Lenguajes de Programación,9.4,42.2,50.23,Alto,Requiere tutoria academica inmediata y seguimiento semanal.
E02988,Estefanía Chávez,Matemática Discreta,14.85,73.5,60.6,Medio,Se recomienda reforzar habitos de estudio y asistencia.
E02989,Andrés Zapata,Base de Datos,14.38,93.8,83.6,Bajo,Mantener el desempeno actual; sin acciones urgentes.
E02990,Estefanía Soto,Base de Datos,8.4,74.4,71.47,Medio,Se recomienda reforzar habitos de estudio y asistencia.
E02991,Zoe Medina,Redes de Computadoras,13.78,92.5,85.53,Bajo,Mantener el desempeno actual; sin acciones urgentes.
E02992,Valentina Castillo,Base de Datos,13.8,74.6,59.17,Medio,Se recomienda reforzar habitos de estudio y asistencia.
E02993,Paula Ortiz,Matemática Discreta,13.12,60.8,49.9,Medio,Se recomienda reforzar habitos de estudio y asistencia.
E02994,Emilio Mamani,Estructuras de Datos,19.12,75.7,74.17,Medio,Se recomienda reforzar habitos de estudio y asistencia.
E02995,Manuel Rivas,Estructuras de Datos,11.25,97.2,71.63,Medio,Se recomienda reforzar habitos de estudio y asistencia.
E02996,Alejandra Reyes,Redes de Computadoras,9.48,67.7,66.2,Alto,Requiere tutoria academica inmediata y seguimiento semanal.
E02997,Emilio Mendoza,Lenguajes de Programación,10.75,100.0,78.63,Medio,Se recomienda reforzar habitos de estudio y asistencia.
E02998,Julio Cabrera,Base de Datos,13.88,74.6,71.53,Medio,Se recomienda reforzar habitos de estudio y asistencia.
E02999,Manuel Quispe,Lenguajes de Programación,10.45,100.0,72.3,Medio,Se recomienda reforzar habitos de estudio y asistencia.
E03000,Daniela Ponce,Matemática Discreta,10.43,47.0,69.0,Alto,Requiere tutoria academica inmediata y seguimiento semanal.
E03001,Fabián Salazar,Estructuras de Datos,11.6,96.2,74.23,Medio,Se recomienda reforzar habitos de estudio y asistencia.
E03002,Carlos Vega,Lenguajes de Programación,9.12,63.4,71.63,Alto,Requiere tutoria academica inmediata y seguimiento semanal.
E03003,María Paredes,Estructuras de Datos,12.25,75.3,60.03,Medio,Se recomienda reforzar habitos de estudio y asistencia.
E03004,Isabela Rojas,Lenguajes de Programación,12.25,63.2,70.53,Medio,Se recomienda reforzar habitos de estudio y asistencia.
E03005,Julio Palomino,Redes de Computadoras,14.12,76.9,85.07,Medio,Se recomienda reforzar habitos de estudio y asistencia.
E03006,Milagros Castillo,Lenguajes de Programación,13.88,53.4,57.2,Medio,Se recomienda reforzar habitos de estudio y asistencia.
E03007,Franco Paredes,Lenguajes de Programación,19.98,96.4,83.5,Bajo,Mantener el desempeno actual; sin acciones urgentes.
E03008,Camila Huamán,Lenguajes de Programación,13.25,68.5,76.77,Medio,Se recomienda reforzar habitos de estudio y asistencia.
E03009,Adrián Rivas,Lenguajes de Programación,12.8,60.9,74.2,Medio,Se recomienda reforzar habitos de estudio y asistencia.
E03010,Estefanía Zapata,Redes de Computadoras,14.4,76.2,71.93,Medio,Se recomienda reforzar habitos de estudio y asistencia.
E03011,Gabriela Aguilar,Base de Datos,15.57,60.6,71.47,Medio,Se recomienda reforzar habitos de estudio y asistencia.
E03012,Bruno Quispe,Lenguajes de Programación,8.78,53.6,72.57,Alto,Requiere tutoria academica inmediata y seguimiento semanal.
E03013,Natalia Herrera,Base de Datos,13.2,100.0,71.77,Bajo,Mantener el desempeno actual; sin acciones urgentes.
E03014,Franco García,Lenguajes de Programación,18.3,70.5,55.17,Medio,Se recomienda reforzar habitos de estudio y asistencia.
E03015,Antonella Chávez,Base de Datos,17.92,43.4,63.67,Medio,Se recomienda reforzar habitos de estudio y asistencia.
E03016,Adrián Gutiérrez,Base de Datos,20.0,76.6,70.2,Medio,Se recomienda reforzar habitos de estudio y asistencia.
E03017,Ricardo Quispe,Lenguajes de Programación,13.05,94.5,91.5,Bajo,Mantener el desempeno actual; sin acciones urgentes.
E03018,Emilia Salazar,Estructuras de Datos,14.4,100.0,75.1,Bajo,Mantener el desempeno actual; sin acciones urgentes.
E03019,Renata Gutiérrez,Redes de Computadoras,11.65,73.1,76.8,Medio,Se recomienda reforzar habitos de estudio y asistencia.
E03020,Diego Zapata,Estructuras de Datos,16.48,61.5,69.4,Medio,Se recomienda reforzar habitos de estudio y asistencia.
E03021,Sebastián Espinoza,Base de Datos,19.15,74.3,64.33,Medio,Se recomienda reforzar habitos de estudio y asistencia.
E03022,Estefanía Aguilar,Estructuras de Datos,16.32,55.5,48.53,Medio,Se recomienda reforzar habitos de estudio y asistencia.
E03023,Mateo Zapata,Matemática Discreta,5.68,85.4,58.73,Alto,Requiere tutoria academica inmediata y seguimiento semanal.
E03024,Andrés Flores,Estructuras de Datos,5.95,73.6,77.87,Medio,Se recomienda reforzar habitos de estudio y asistencia.
E03025,Sebastián Medina,Redes de Computadoras,18.17,68.7,81.53,Medio,Se recomienda reforzar habitos de estudio y asistencia.
E03026,Rodrigo Salazar,Base de Datos,16.23,49.6,44.43,Medio,Se recomienda reforzar habitos de estudio y asistencia.
E03027,Estefanía Ponce,Base de Datos,12.88,73.9,69.73,Medio,Se recomienda reforzar habitos de estudio y asistencia.
E03028,Zoe Zapata,Matemática Discreta,15.65,73.4,59.7,Medio,Se recomienda reforzar habitos de estudio y asistencia.
E03029,Julio Vargas,Redes de Computadoras,14.12,85.3,58.1,Medio,Se recomienda reforzar habitos de estudio y asistencia.
E03030,Jorge Rodríguez,Base de Datos,17.95,53.4,49.1,Medio,Se recomienda reforzar habitos de estudio y asistencia.
E03031,Iván Palomino,Estructuras de Datos,16.02,63.2,67.73,Medio,Se recomienda reforzar habitos de estudio y asistencia.
E03032,Mateo Soto,Redes de Computadoras,16.2,37.9,62.57,Medio,Se recomienda reforzar habitos de estudio y asistencia.
E03033,Carlos Chávez,Base de Datos,13.05,75.3,91.77,Medio,Se recomienda reforzar habitos de estudio y asistencia.
E03034,Alejandra Rojas,Matemática Discreta,8.65,52.9,72.97,Alto,Requiere tutoria academica inmediata y seguimiento semanal.
E03035,Vicente Espinoza,Lenguajes de Programación,15.28,31.1,45.93,Medio,Se recomienda reforzar habitos de estudio y asistencia.
E03036,Estefanía García,Lenguajes de Programación,7.57,75.1,64.57,Medio,Se recomienda reforzar habitos de estudio y asistencia.
E03037,Fabián Rojas,Redes de Computadoras,20.0,90.7,76.5,Bajo,Mantener el desempeno actual; sin acciones urgentes.
E03038,Ximena Mendoza,Lenguajes de Programación,11.53,42.6,59.77,Medio,Se recomienda reforzar habitos de estudio y asistencia.
E03039,Fabián Aguilar,Estructuras de Datos,16.12,76.4,70.7,Medio,Se recomienda reforzar habitos de estudio y asistencia.
E03040,Martina Delgado,Lenguajes de Programación,14.55,75.3,71.23,Medio,Se recomienda reforzar habitos de estudio y asistencia.
E03041,Manuel Rodríguez,Estructuras de Datos,14.15,42.9,63.03,Medio,Se recomienda reforzar habitos de estudio y asistencia.
E03042,Ricardo Pérez,Redes de Computadoras,12.15,59.6,69.3,Medio,Se recomienda reforzar habitos de estudio y asistencia.
E03043,Sebastián Rivas,Redes de Computadoras,12.1,66.5,72.43,Medio,Se recomienda reforzar habitos de estudio y asistencia.
E03044,Carlos Flores,Estructuras de Datos,10.18,64.2,58.43,Alto,Requiere tutoria academica inmediata y seguimiento semanal.
E03045,Fernanda Sánchez,Base de Datos,7.3,100.0,61.37,Medio,Se recomienda reforzar habitos de estudio y asistencia.
E03046,Adrián Huamán,Lenguajes de Programación,16.23,79.4,77.03,Medio,Se recomienda reforzar habitos de estudio y asistencia.
E03047,Milagros Salazar,Redes de Computadoras,7.98,89.7,87.4,Medio,Se recomienda reforzar habitos de estudio y asistencia.
E03048,Vicente Soto,Base de Datos,11.97,77.8,70.4,Medio,Se recomienda reforzar habitos de estudio y asistencia.
E03049,Ana Rojas,Estructuras de Datos,13.15,75.1,55.97,Medio,Se recomienda reforzar habitos de estudio y asistencia.
E03050,Adrián Flores,Redes de Computadoras,14.6,75.0,68.43,Medio,Se recomienda reforzar habitos de estudio y asistencia.
E03051,Isabela Mamani,Lenguajes de Programación,9.35,81.0,64.73,Medio,Se recomienda reforzar habitos de estudio y asistencia.
E03052,Fabián Ponce,Redes de Computadoras,8.62,58.2,59.37,Alto,Requiere tutoria academica inmediata y seguimiento semanal.
E03053,Valentina Cruz,Base de Datos,19.82,38.2,40.3,Medio,Se recomienda reforzar habitos de estudio y asistencia.
E03054,Franco Vargas,Base de Datos,13.0,76.6,73.77,Medio,Se recomienda reforzar habitos de estudio y asistencia.
E03055,Camila Quispe,Lenguajes de Programación,12.25,54.6,73.07,Medio,Se recomienda reforzar habitos de estudio y asistencia.
E03056,Luis Reyes,Redes de Computadoras,15.45,78.7,63.0,Medio,Se recomienda reforzar habitos de estudio y asistencia.
E03057,María García,Redes de Computadoras,18.1,81.8,86.8,Bajo,Mantener el desempeno actual; sin acciones urgentes.
E03058,Mateo Huamán,Matemática Discreta,9.15,96.1,86.53,Medio,Se recomienda reforzar habitos de estudio y asistencia.
E03059,Alonso Reyes,Lenguajes de Programación,11.45,36.4,44.73,Medio,Se recomienda reforzar habitos de estudio y asistencia.
E03060,Fabián Chávez,Estructuras de Datos,13.68,83.7,83.53,Bajo,Mantener el desempeno actual; sin acciones urgentes.
E03061,Joaquín Alva,Redes de Computadoras,15.92,94.2,80.63,Bajo,Mantener el desempeno actual; sin acciones urgentes.
E03062,Ana López,Lenguajes de Programación,10.68,75.3,72.6,Medio,Se recomienda reforzar habitos de estudio y asistencia.
E03063,Luis Vega,Base de Datos,6.88,100.0,76.37,Medio,Se recomienda reforzar habitos de estudio y asistencia.
E03064,Milagros Vargas,Redes de Computadoras,11.65,71.8,74.47,Medio,Se recomienda reforzar habitos de estudio y asistencia.
E03065,Isabela Cárdenas,Estructuras de Datos,7.22,78.3,63.1,Medio,Se recomienda reforzar habitos de estudio y asistencia.
E03066,María Chávez,Redes de Computadoras,19.75,80.8,88.0,Bajo,Mantener el desempeno actual; sin acciones urgentes.
E03067,Miguel Ponce,Lenguajes de Programación,16.27,77.4,79.13,Medio,Se recomienda reforzar habitos de estudio y asistencia.
E03068,Vicente Zapata,Lenguajes de Programación,6.53,65.7,56.47,Alto,Requiere tutoria academica inmediata y seguimiento semanal.
E03069,Ricardo Cabrera,Base de Datos,11.8,72.3,62.43,Medio,Se recomienda reforzar habitos de estudio y asistencia.
E03070,Estefanía Cárdenas,Estructuras de Datos,18.7,69.6,68.3,Medio,Se recomienda reforzar habitos de estudio y asistencia.
E03071,Iván Paredes,Lenguajes de Programación,15.6,95.1,79.5,Bajo,Mantener el desempeno actual; sin acciones urgentes.
E03072,Adrián Salazar,Base de Datos,13.93,58.9,69.53,Medio,Se recomienda reforzar habitos de estudio y asistencia.
E03073,Martina Rodríguez,Matemática Discreta,10.65,66.0,68.53,Medio,Se recomienda reforzar habitos de estudio y asistencia.
E03074,Ana Flores,Matemática Discreta,16.32,67.2,64.3,Medio,Se recomienda reforzar habitos de estudio y asistencia.
E03075,Isabela Soto,Lenguajes de Programación,14.03,87.6,81.1,Bajo,Mantener el desempeno actual; sin acciones urgentes.
E03076,Diego López,Matemática Discreta,11.52,71.6,59.4,Medio,Se recomienda reforzar habitos de estudio y asistencia.
E03077,Franco Vega,Estructuras de Datos,11.1,100.0,80.0,Medio,Se recomienda reforzar habitos de estudio y asistencia.
E03078,Rosa López,Base de Datos,12.08,36.2,49.23,Medio,Se recomienda reforzar habitos de estudio y asistencia.
E03079,Fabián García,Redes de Computadoras,16.82,93.7,85.63,Bajo,Mantener el desempeno actual; sin acciones urgentes.
E03080,Camila Quispe,Base de Datos,10.12,66.2,84.1,Alto,Requiere tutoria academica inmediata y seguimiento semanal.
E03081,Rosa Cabrera,Redes de Computadoras,6.42,60.0,60.2,Alto,Requiere tutoria academica inmediata y seguimiento semanal.
E03082,Alonso García,Redes de Computadoras,16.85,78.7,91.33,Medio,Se recomienda reforzar habitos de estudio y asistencia.
E03083,Isabela Quispe,Lenguajes de Programación,7.53,65.1,66.17,Alto,Requiere tutoria academica inmediata y seguimiento semanal.
E03084,Iván López,Matemática Discreta,7.78,83.9,85.6,Medio,Se recomienda reforzar habitos de estudio y asistencia.
E03085,Natalia Reyes,Matemática Discreta,18.65,88.4,74.5,Bajo,Mantener el desempeno actual; sin acciones urgentes.
E03086,Adrián López,Redes de Computadoras,14.98,94.3,81.8,Bajo,Mantener el desempeno actual; sin acciones urgentes.
E03087,Valentina Reyes,Matemática Discreta,15.65,65.3,72.03,Medio,Se recomienda reforzar habitos de estudio y asistencia.
E03088,Martina Gutiérrez,Matemática Discreta,8.32,65.4,69.07,Alto,Requiere tutoria academica inmediata y seguimiento semanal.
E03089,Tomás Gutiérrez,Lenguajes de Programación,15.3,58.9,69.7,Medio,Se recomienda reforzar habitos de estudio y asistencia.
E03090,Joaquín Reyes,Estructuras de Datos,9.18,52.1,65.3,Alto,Requiere tutoria academica inmediata y seguimiento semanal.
E03091,Estefanía Herrera,Estructuras de Datos,12.25,86.3,70.7,Medio,Se recomienda reforzar habitos de estudio y asistencia.
E03092,Diego Quispe,Base de Datos,15.75,91.6,67.47,Bajo,Mantener el desempeno actual; sin acciones urgentes.
E03093,Alejandra Rojas,Matemática Discreta,16.07,76.7,79.73,Medio,Se recomienda reforzar habitos de estudio y asistencia.
E03094,Antonella Torres,Estructuras de Datos,10.82,46.9,47.53,Medio,Se recomienda reforzar habitos de estudio y asistencia.
E03095,Luis Cruz,Base de Datos,14.03,73.5,58.53,Medio,Se recomienda reforzar habitos de estudio y asistencia.
E03096,Daniela Vargas,Redes de Computadoras,17.75,75.2,66.9,Medio,Se recomienda reforzar habitos de estudio y asistencia.
E03097,Iván Chávez,Base de Datos,17.35,44.5,59.23,Medio,Se recomienda reforzar habitos de estudio y asistencia.
E03098,Ricardo Paredes,Lenguajes de Programación,18.38,54.6,42.93,Medio,Se recomienda reforzar habitos de estudio y asistencia.
E03099,Valeria Zapata,Lenguajes de Programación,19.15,78.8,61.37,Medio,Se recomienda reforzar habitos de estudio y asistencia.
E03100,Nicolás Rodríguez,Base de Datos,16.82,34.8,51.97,Medio,Se recomienda reforzar habitos de estudio y asistencia.
E03101,Rodrigo Espinoza,Matemática Discreta,18.3,57.6,67.33,Medio,Se recomienda reforzar habitos de estudio y asistencia.
E03102,Gabriela Gutiérrez,Lenguajes de Programación,16.62,65.4,69.57,Medio,Se recomienda reforzar habitos de estudio y asistencia.
E03103,Lucía Herrera,Lenguajes de Programación,13.22,88.3,76.23,Bajo,Mantener el desempeno actual; sin acciones urgentes.
E03104,Fernanda Espinoza,Matemática Discreta,12.0,69.8,67.2,Medio,Se recomienda reforzar habitos de estudio y asistencia.
E03105,Martina Castillo,Base de Datos,13.82,75.7,78.27,Medio,Se recomienda reforzar habitos de estudio y asistencia.
E03106,Fernanda Rivas,Matemática Discreta,9.0,90.3,88.13,Medio,Se recomienda reforzar habitos de estudio y asistencia.
E03107,Joaquín Huamán,Matemática Discreta,11.65,74.8,69.8,Medio,Se recomienda reforzar habitos de estudio y asistencia.
E03108,Fernanda Espinoza,Lenguajes de Programación,15.2,66.5,72.1,Medio,Se recomienda reforzar habitos de estudio y asistencia.
E03109,Antonella Vargas,Matemática Discreta,17.0,84.4,65.93,Bajo,Mantener el desempeno actual; sin acciones urgentes.
E03110,Bruno Espinoza,Redes de Computadoras,13.95,68.8,81.7,Medio,Se recomienda reforzar habitos de estudio y asistencia.
E03111,Ricardo Delgado,Estructuras de Datos,16.62,86.4,73.57,Bajo,Mantener el desempeno actual; sin acciones urgentes.
E03112,Gabriela Mamani,Lenguajes de Programación,18.2,100.0,72.77,Bajo,Mantener el desempeno actual; sin acciones urgentes.
E03113,Estefanía Paredes,Matemática Discreta,9.8,48.6,49.5,Alto,Requiere tutoria academica inmediata y seguimiento semanal.
E03114,Sebastián Espinoza,Base de Datos,6.53,65.9,46.43,Alto,Requiere tutoria academica inmediata y seguimiento semanal.
E03115,Manuel López,Lenguajes de Programación,6.3,81.1,54.57,Alto,Requiere tutoria academica inmediata y seguimiento semanal.
E03116,Emilia Ramírez,Redes de Computadoras,15.68,64.4,67.9,Medio,Se recomienda reforzar habitos de estudio y asistencia.
E03117,Alejandra Delgado,Base de Datos,16.62,98.4,78.6,Bajo,Mantener el desempeno actual; sin acciones urgentes.
E03118,Zoe Flores,Lenguajes de Programación,17.52,25.1,60.83,Medio,Se recomienda reforzar habitos de estudio y asistencia.
E03119,Valentina Sánchez,Redes de Computadoras,15.47,60.7,63.03,Medio,Se recomienda reforzar habitos de estudio y asistencia.
E03120,Daniela Rojas,Estructuras de Datos,11.8,100.0,80.73,Medio,Se recomienda reforzar habitos de estudio y asistencia.
E03121,Paula Aguilar,Lenguajes de Programación,14.4,59.6,64.8,Medio,Se recomienda reforzar habitos de estudio y asistencia.
E03122,Ximena Huamán,Lenguajes de Programación,13.65,100.0,74.0,Bajo,Mantener el desempeno actual; sin acciones urgentes.
E03123,Ana Reyes,Lenguajes de Programación,15.8,85.9,88.13,Bajo,Mantener el desempeno actual; sin acciones urgentes.
E03124,Ana Reyes,Redes de Computadoras,16.5,100.0,71.1,Bajo,Mantener el desempeno actual; sin acciones urgentes.
E03125,Miguel Soto,Lenguajes de Programación,16.8,59.2,67.7,Medio,Se recomienda reforzar habitos de estudio y asistencia.
E03126,Valeria García,Redes de Computadoras,5.3,67.3,51.37,Alto,Requiere tutoria academica inmediata y seguimiento semanal.
E03127,Nicolás Medina,Lenguajes de Programación,15.15,59.8,71.17,Medio,Se recomienda reforzar habitos de estudio y asistencia.
E03128,Daniela Vargas,Estructuras de Datos,10.5,94.1,76.3,Medio,Se recomienda reforzar habitos de estudio y asistencia.
E03129,Alejandra Zapata,Estructuras de Datos,15.32,40.2,65.6,Medio,Se recomienda reforzar habitos de estudio y asistencia.
E03130,Daniela Vargas,Redes de Computadoras,8.65,91.2,81.63,Medio,Se recomienda reforzar habitos de estudio y asistencia.
E03131,Camila Gutiérrez,Redes de Computadoras,10.5,72.3,65.27,Medio,Se recomienda reforzar habitos de estudio y asistencia.
E03132,Estefanía Huamán,Base de Datos,8.62,100.0,80.53,Medio,Se recomienda reforzar habitos de estudio y asistencia.
E03133,Joaquín Delgado,Redes de Computadoras,11.62,71.6,76.8,Medio,Se recomienda reforzar habitos de estudio y asistencia.
E03134,Jorge Cruz,Base de Datos,10.0,43.7,66.6,Alto,Requiere tutoria academica inmediata y seguimiento semanal.
E03135,Manuel Flores,Lenguajes de Programación,13.7,91.2,67.2,Bajo,Mantener el desempeno actual; sin acciones urgentes.
E03136,Martina Alva,Estructuras de Datos,14.23,74.9,61.87,Medio,Se recomienda reforzar habitos de estudio y asistencia.
E03137,Alonso Herrera,Estructuras de Datos,14.42,84.5,86.0,Bajo,Mantener el desempeno actual; sin acciones urgentes.
E03138,Carlos Aguilar,Lenguajes de Programación,9.93,78.7,75.2,Medio,Se recomienda reforzar habitos de estudio y asistencia.
E03139,Fabián Pérez,Matemática Discreta,16.98,61.5,67.03,Medio,Se recomienda reforzar habitos de estudio y asistencia.
E03140,Ricardo Reyes,Base de Datos,6.3,74.3,59.77,Alto,Requiere tutoria academica inmediata y seguimiento semanal.
E03141,Lucía Mendoza,Base de Datos,10.2,61.6,78.17,Alto,Requiere tutoria academica inmediata y seguimiento semanal.
E03142,Paula Sánchez,Estructuras de Datos,11.48,73.9,61.07,Medio,Se recomienda reforzar habitos de estudio y asistencia.
E03143,Manuel Espinoza,Estructuras de Datos,13.6,51.0,58.47,Medio,Se recomienda reforzar habitos de estudio y asistencia.
E03144,Isabela Ponce,Estructuras de Datos,12.45,67.8,79.3,Medio,Se recomienda reforzar habitos de estudio y asistencia.
E03145,Jorge Gutiérrez,Base de Datos,7.27,41.3,51.73,Alto,Requiere tutoria academica inmediata y seguimiento semanal.
E03146,Fernanda Delgado,Lenguajes de Programación,16.23,61.9,52.17,Medio,Se recomienda reforzar habitos de estudio y asistencia.
E03147,Vicente Herrera,Base de Datos,10.65,73.3,68.43,Medio,Se recomienda reforzar habitos de estudio y asistencia.
E03148,Miguel Rivas,Base de Datos,15.82,64.4,63.97,Medio,Se recomienda reforzar habitos de estudio y asistencia.
E03149,Estefanía Aguilar,Matemática Discreta,14.0,78.0,70.1,Medio,Se recomienda reforzar habitos de estudio y asistencia.
E03150,Emilio Vargas,Lenguajes de Programación,10.8,89.2,64.63,Medio,Se recomienda reforzar habitos de estudio y asistencia.
E03151,Adrián Medina,Base de Datos,12.27,76.1,73.7,Medio,Se recomienda reforzar habitos de estudio y asistencia.
E03152,Natalia Herrera,Lenguajes de Programación,9.07,79.2,86.3,Medio,Se recomienda reforzar habitos de estudio y asistencia.
E03153,Nicolás Mendoza,Redes de Computadoras,12.8,57.0,59.0,Medio,Se recomienda reforzar habitos de estudio y asistencia.
E03154,Camila Flores,Redes de Computadoras,13.6,58.1,65.13,Medio,Se recomienda reforzar habitos de estudio y asistencia.
E03155,Andrés Rojas,Base de Datos,9.75,55.0,48.17,Alto,Requiere tutoria academica inmediata y seguimiento semanal.
E03156,María Vega,Lenguajes de Programación,17.23,83.2,87.73,Bajo,Mantener el desempeno actual; sin acciones urgentes.
E03157,Ximena Rodríguez,Matemática Discreta,13.12,67.9,82.9,Medio,Se recomienda reforzar habitos de estudio y asistencia.
E03158,Manuel Rodríguez,Redes de Computadoras,5.53,52.5,59.5,Alto,Requiere tutoria academica inmediata y seguimiento semanal.
E03159,Lucía Paredes,Redes de Computadoras,10.22,70.8,67.93,Medio,Se recomienda reforzar habitos de estudio y asistencia.
E03160,Ximena Zapata,Lenguajes de Programación,11.77,94.2,89.83,Medio,Se recomienda reforzar habitos de estudio y asistencia.
E03161,Emilia Mendoza,Estructuras de Datos,19.98,75.3,63.7,Medio,Se recomienda reforzar habitos de estudio y asistencia.
E03162,Ana Delgado,Estructuras de Datos,16.35,46.7,65.33,Medio,Se recomienda reforzar habitos de estudio y asistencia.
E03163,Iván Sánchez,Estructuras de Datos,12.15,86.6,82.0,Medio,Se recomienda reforzar habitos de estudio y asistencia.
E03164,Emilio Cabrera,Lenguajes de Programación,12.22,26.0,52.27,Medio,Se recomienda reforzar habitos de estudio y asistencia.
E03165,Paula Rivas,Lenguajes de Programación,19.23,48.6,65.07,Medio,Se recomienda reforzar habitos de estudio y asistencia.
E03166,Vicente Gutiérrez,Lenguajes de Programación,11.8,55.1,71.7,Medio,Se recomienda reforzar habitos de estudio y asistencia.
E03167,Adrián Soto,Base de Datos,9.98,68.0,71.77,Alto,Requiere tutoria academica inmediata y seguimiento semanal.
E03168,Isabela Cabrera,Estructuras de Datos,6.45,86.0,74.53,Medio,Se recomienda reforzar habitos de estudio y asistencia.
E03169,Ximena Soto,Estructuras de Datos,9.78,79.0,62.27,Medio,Se recomienda reforzar habitos de estudio y asistencia.
E03170,Andrés Torres,Base de Datos,10.12,58.3,70.93,Alto,Requiere tutoria academica inmediata y seguimiento semanal.
E03171,Martina Vega,Redes de Computadoras,7.57,19.2,30.47,Alto,Requiere tutoria academica inmediata y seguimiento semanal.
E03172,Estefanía Rivas,Lenguajes de Programación,15.57,90.2,66.13,Bajo,Mantener el desempeno actual; sin acciones urgentes.
E03173,Daniela Herrera,Base de Datos,17.12,77.6,59.8,Medio,Se recomienda reforzar habitos de estudio y asistencia.
E03174,Camila Cárdenas,Redes de Computadoras,5.83,99.3,86.53,Medio,Se recomienda reforzar habitos de estudio y asistencia.
E03175,Iván Castillo,Estructuras de Datos,13.97,67.7,67.7,Medio,Se recomienda reforzar habitos de estudio y asistencia.
E03176,Iván Ortiz,Estructuras de Datos,10.12,59.3,70.43,Alto,Requiere tutoria academica inmediata y seguimiento semanal.
E03177,Lucía Palomino,Lenguajes de Programación,19.32,73.5,64.37,Medio,Se recomienda reforzar habitos de estudio y asistencia.
E03178,Sofía Cárdenas,Base de Datos,11.82,58.8,61.43,Medio,Se recomienda reforzar habitos de estudio y asistencia.
E03179,Camila Rodríguez,Estructuras de Datos,15.38,74.5,47.47,Medio,Se recomienda reforzar habitos de estudio y asistencia.
E03180,Zoe Espinoza,Base de Datos,14.8,62.9,74.4,Medio,Se recomienda reforzar habitos de estudio y asistencia.
E03181,Joaquín Palomino,Base de Datos,10.88,83.0,68.3,Medio,Se recomienda reforzar habitos de estudio y asistencia.
E03182,Alonso Cabrera,Matemática Discreta,16.85,37.8,54.03,Medio,Se recomienda reforzar habitos de estudio y asistencia.
E03183,Ana Salazar,Estructuras de Datos,9.7,81.9,77.73,Medio,Se recomienda reforzar habitos de estudio y asistencia.
E03184,Adrián Rojas,Matemática Discreta,15.45,46.7,82.23,Medio,Se recomienda reforzar habitos de estudio y asistencia.
E03185,Valentina Paredes,Base de Datos,11.03,62.0,85.57,Medio,Se recomienda reforzar habitos de estudio y asistencia.
E03186,Alejandra Herrera,Matemática Discreta,17.75,80.4,78.57,Bajo,Mantener el desempeno actual; sin acciones urgentes.
E03187,Bruno Delgado,Redes de Computadoras,9.28,49.9,56.5,Alto,Requiere tutoria academica inmediata y seguimiento semanal.
E03188,Joaquín Vega,Base de Datos,14.15,36.9,78.97,Medio,Se recomienda reforzar habitos de estudio y asistencia.
E03189,Miguel Rodríguez,Redes de Computadoras,17.1,64.1,50.6,Medio,Se recomienda reforzar habitos de estudio y asistencia.
E03190,Manuel García,Matemática Discreta,16.68,71.6,70.5,Medio,Se recomienda reforzar habitos de estudio y asistencia.
E03191,Estefanía Vega,Estructuras de Datos,13.35,84.9,83.5,Bajo,Mantener el desempeno actual; sin acciones urgentes.
E03192,Miguel Pérez,Lenguajes de Programación,11.55,92.7,63.37,Medio,Se recomienda reforzar habitos de estudio y asistencia.
E03193,Andrés Mendoza,Matemática Discreta,13.5,95.1,81.5,Bajo,Mantener el desempeno actual; sin acciones urgentes.
E03194,Tomás Rivas,Base de Datos,14.38,54.3,60.9,Medio,Se recomienda reforzar habitos de estudio y asistencia.
E03195,Ricardo Zapata,Matemática Discreta,8.57,72.3,70.17,Medio,Se recomienda reforzar habitos de estudio y asistencia.
E03196,Franco López,Lenguajes de Programación,13.08,62.8,52.43,Medio,Se recomienda reforzar habitos de estudio y asistencia.
E03197,Sofía Rojas,Lenguajes de Programación,12.6,69.5,71.37,Medio,Se recomienda reforzar habitos de estudio y asistencia.
E03198,Daniela Ramírez,Base de Datos,1.5,96.2,97.03,Medio,Se recomienda reforzar habitos de estudio y asistencia.
E03199,Rosa Espinoza,Base de Datos,14.18,72.3,83.07,Medio,Se recomienda reforzar habitos de estudio y asistencia.
E03200,Lucía Gutiérrez,Matemática Discreta,12.57,81.3,71.6,Medio,Se recomienda reforzar habitos de estudio y asistencia.
E03201,Lucía Ponce,Redes de Computadoras,12.95,68.2,75.07,Medio,Se recomienda reforzar habitos de estudio y asistencia.
E03202,Alejandra López,Estructuras de Datos,18.8,57.2,58.33,Medio,Se recomienda reforzar habitos de estudio y asistencia.
E03203,Antonella Cabrera,Lenguajes de Programación,16.7,86.9,91.0,Bajo,Mantener el desempeno actual; sin acciones urgentes.
E03204,Lucía Paredes,Redes de Computadoras,16.4,77.4,73.9,Medio,Se recomienda reforzar habitos de estudio y asistencia.
E03205,Camila Sánchez,Lenguajes de Programación,8.9,71.0,77.1,Medio,Se recomienda reforzar habitos de estudio y asistencia.
E03206,Paula Ramírez,Base de Datos,11.5,65.9,52.9,Medio,Se recomienda reforzar habitos de estudio y asistencia.
E03207,Fabián Torres,Base de Datos,16.27,73.0,56.93,Medio,Se recomienda reforzar habitos de estudio y asistencia.
E03208,Diego Soto,Base de Datos,11.8,92.5,82.6,Medio,Se recomienda reforzar habitos de estudio y asistencia.
E03209,Paula Vargas,Redes de Computadoras,9.5,72.7,63.17,Medio,Se recomienda reforzar habitos de estudio y asistencia.
E03210,Miguel Delgado,Lenguajes de Programación,5.08,70.9,67.57,Medio,Se recomienda reforzar habitos de estudio y asistencia.
E03211,Joaquín Reyes,Estructuras de Datos,10.4,77.8,68.97,Medio,Se recomienda reforzar habitos de estudio y asistencia.
E03212,Luis Reyes,Estructuras de Datos,10.95,31.2,62.97,Medio,Se recomienda reforzar habitos de estudio y asistencia.
E03213,Valentina López,Matemática Discreta,10.38,86.2,76.93,Medio,Se recomienda reforzar habitos de estudio y asistencia.
E03214,Estefanía Ponce,Base de Datos,11.88,100.0,92.27,Medio,Se recomienda reforzar habitos de estudio y asistencia.
E03215,María García,Base de Datos,14.65,82.9,66.53,Bajo,Mantener el desempeno actual; sin acciones urgentes.
E03216,Emilia Cabrera,Base de Datos,17.77,86.5,60.5,Medio,Se recomienda reforzar habitos de estudio y asistencia.
E03217,Antonella Castillo,Redes de Computadoras,4.15,76.4,69.2,Medio,Se recomienda reforzar habitos de estudio y asistencia.
E03218,Rodrigo Quispe,Redes de Computadoras,13.55,78.5,78.3,Medio,Se recomienda reforzar habitos de estudio y asistencia.
E03219,Camila Vargas,Matemática Discreta,13.5,52.4,69.23,Medio,Se recomienda reforzar habitos de estudio y asistencia.
E03220,Daniela Pérez,Lenguajes de Programación,11.02,82.4,68.47,Medio,Se recomienda reforzar habitos de estudio y asistencia.
E03221,Sebastián Gutiérrez,Matemática Discreta,15.35,88.7,84.33,Bajo,Mantener el desempeno actual; sin acciones urgentes.
E03222,Julio Alva,Matemática Discreta,7.38,45.5,49.27,Alto,Requiere tutoria academica inmediata y seguimiento semanal.
E03223,Joaquín Delgado,Estructuras de Datos,16.85,67.9,63.33,Medio,Se recomienda reforzar habitos de estudio y asistencia.
E03224,Isabela Rojas,Base de Datos,11.12,63.1,54.63,Medio,Se recomienda reforzar habitos de estudio y asistencia.
E03225,Jorge Quispe,Matemática Discreta,13.07,88.6,82.3,Bajo,Mantener el desempeno actual; sin acciones urgentes.
E03226,Luis Paredes,Estructuras de Datos,16.35,58.5,74.0,Medio,Se recomienda reforzar habitos de estudio y asistencia.
E03227,Daniela García,Estructuras de Datos,15.22,51.2,76.17,Medio,Se recomienda reforzar habitos de estudio y asistencia.
E03228,Rosa Alva,Base de Datos,4.35,38.2,61.13,Alto,Requiere tutoria academica inmediata y seguimiento semanal.
E03229,Emilio López,Lenguajes de Programación,9.5,41.1,64.47,Alto,Requiere tutoria academica inmediata y seguimiento semanal.
E03230,Antonella Mamani,Base de Datos,14.2,89.8,69.93,Bajo,Mantener el desempeno actual; sin acciones urgentes.
E03231,Daniela Pérez,Base de Datos,13.3,95.0,77.8,Bajo,Mantener el desempeno actual; sin acciones urgentes.
E03232,Bruno Herrera,Base de Datos,11.62,71.0,65.4,Medio,Se recomienda reforzar habitos de estudio y asistencia.
E03233,Joaquín Castillo,Base de Datos,12.57,64.4,48.97,Medio,Se recomienda reforzar habitos de estudio y asistencia.
E03234,Bruno Sánchez,Base de Datos,14.6,50.8,54.8,Medio,Se recomienda reforzar habitos de estudio y asistencia.
E03235,Emilio Rojas,Lenguajes de Programación,9.65,100.0,83.63,Medio,Se recomienda reforzar habitos de estudio y asistencia.
E03236,Adrián Alva,Matemática Discreta,18.72,84.2,74.73,Bajo,Mantener el desempeno actual; sin acciones urgentes.
E03237,Julio Chávez,Lenguajes de Programación,12.25,77.0,79.47,Medio,Se recomienda reforzar habitos de estudio y asistencia.
E03238,Manuel Espinoza,Base de Datos,17.23,88.7,71.93,Bajo,Mantener el desempeno actual; sin acciones urgentes.
E03239,Jorge Rodríguez,Matemática Discreta,12.77,85.7,72.63,Medio,Se recomienda reforzar habitos de estudio y asistencia.
E03240,Andrés Rodríguez,Redes de Computadoras,12.95,58.7,67.27,Medio,Se recomienda reforzar habitos de estudio y asistencia.
E03241,Zoe Ortiz,Base de Datos,15.32,90.4,67.83,Bajo,Mantener el desempeno actual; sin acciones urgentes.
E03242,Bruno Ponce,Base de Datos,11.23,96.6,85.53,Medio,Se recomienda reforzar habitos de estudio y asistencia.
E03243,Renata Ortiz,Redes de Computadoras,13.68,63.8,78.13,Medio,Se recomienda reforzar habitos de estudio y asistencia.
E03244,Tomás Zapata,Redes de Computadoras,10.07,68.5,62.47,Alto,Requiere tutoria academica inmediata y seguimiento semanal.
E03245,Joaquín García,Redes de Computadoras,17.48,79.5,70.2,Medio,Se recomienda reforzar habitos de estudio y asistencia.
E03246,Joaquín Delgado,Matemática Discreta,11.62,100.0,82.7,Medio,Se recomienda reforzar habitos de estudio y asistencia.
E03247,Sebastián Pérez,Base de Datos,15.75,68.6,66.57,Medio,Se recomienda reforzar habitos de estudio y asistencia.
E03248,Julio Rodríguez,Estructuras de Datos,11.85,84.2,88.07,Medio,Se recomienda reforzar habitos de estudio y asistencia.
E03249,Estefanía Flores,Redes de Computadoras,17.42,91.6,66.33,Bajo,Mantener el desempeno actual; sin acciones urgentes.
E03250,Diego Sánchez,Estructuras de Datos,13.0,93.5,83.23,Bajo,Mantener el desempeno actual; sin acciones urgentes.
E03251,Emilio Soto,Redes de Computadoras,10.1,94.6,84.87,Medio,Se recomienda reforzar habitos de estudio y asistencia.
E03252,Ximena Palomino,Lenguajes de Programación,16.07,75.0,64.63,Medio,Se recomienda reforzar habitos de estudio y asistencia.
E03253,Emilia Reyes,Lenguajes de Programación,13.98,92.8,61.3,Medio,Se recomienda reforzar habitos de estudio y asistencia.
E03254,Tomás Soto,Matemática Discreta,11.35,100.0,84.2,Medio,Se recomienda reforzar habitos de estudio y asistencia.
E03255,Gabriela Gutiérrez,Estructuras de Datos,14.7,68.7,69.57,Medio,Se recomienda reforzar habitos de estudio y asistencia.
E03256,Daniela Paredes,Matemática Discreta,11.1,47.2,73.47,Medio,Se recomienda reforzar habitos de estudio y asistencia.
E03257,Natalia Rodríguez,Matemática Discreta,10.32,40.2,58.63,Alto,Requiere tutoria academica inmediata y seguimiento semanal.
E03258,Rodrigo Rodríguez,Base de Datos,16.4,92.8,69.47,Bajo,Mantener el desempeno actual; sin acciones urgentes.
E03259,Emilio Cruz,Estructuras de Datos,10.5,69.4,61.13,Medio,Se recomienda reforzar habitos de estudio y asistencia.
E03260,Valeria Alva,Lenguajes de Programación,12.0,98.3,78.87,Medio,Se recomienda reforzar habitos de estudio y asistencia.
E03261,Mateo Ortiz,Base de Datos,16.48,72.0,77.33,Medio,Se recomienda reforzar habitos de estudio y asistencia.
E03262,Ana Espinoza,Lenguajes de Programación,6.6,80.8,66.93,Medio,Se recomienda reforzar habitos de estudio y asistencia.
E03263,Sofía Salazar,Estructuras de Datos,7.65,71.9,60.43,Medio,Se recomienda reforzar habitos de estudio y asistencia.
E03264,Sebastián Gutiérrez,Matemática Discreta,5.62,57.2,65.0,Alto,Requiere tutoria academica inmediata y seguimiento semanal.
E03265,Antonella Espinoza,Matemática Discreta,14.15,40.1,61.63,Medio,Se recomienda reforzar habitos de estudio y asistencia.
E03266,María Cabrera,Matemática Discreta,12.18,48.7,64.93,Medio,Se recomienda reforzar habitos de estudio y asistencia.
E03267,Mateo Gutiérrez,Matemática Discreta,15.1,59.4,71.27,Medio,Se recomienda reforzar habitos de estudio y asistencia.
E03268,Gabriela Zapata,Estructuras de Datos,5.12,70.3,68.0,Medio,Se recomienda reforzar habitos de estudio y asistencia.
E03269,Alejandra Chávez,Base de Datos,10.07,87.6,65.33,Medio,Se recomienda reforzar habitos de estudio y asistencia.
E03270,Carlos Rivas,Matemática Discreta,11.07,68.5,67.17,Medio,Se recomienda reforzar habitos de estudio y asistencia.
E03271,Manuel Castillo,Lenguajes de Programación,10.05,59.9,50.2,Alto,Requiere tutoria academica inmediata y seguimiento semanal.
E03272,Jorge Paredes,Redes de Computadoras,19.7,48.5,52.63,Medio,Se recomienda reforzar habitos de estudio y asistencia.
E03273,Bruno Vargas,Estructuras de Datos,8.8,63.6,75.37,Alto,Requiere tutoria academica inmediata y seguimiento semanal.
E03274,Jorge López,Base de Datos,8.55,57.1,76.33,Alto,Requiere tutoria academica inmediata y seguimiento semanal.
E03275,Alonso Medina,Lenguajes de Programación,19.3,88.9,71.03,Bajo,Mantener el desempeno actual; sin acciones urgentes.
E03276,Milagros Chávez,Base de Datos,10.35,86.4,76.0,Medio,Se recomienda reforzar habitos de estudio y asistencia.
E03277,Ximena Huamán,Estructuras de Datos,13.85,71.5,85.9,Medio,Se recomienda reforzar habitos de estudio y asistencia.
E03278,Manuel Vargas,Lenguajes de Programación,17.58,74.8,67.87,Medio,Se recomienda reforzar habitos de estudio y asistencia.
E03279,Isabela García,Lenguajes de Programación,17.8,62.6,54.33,Medio,Se recomienda reforzar habitos de estudio y asistencia.
E03280,Alejandra Zapata,Base de Datos,12.93,87.8,67.0,Medio,Se recomienda reforzar habitos de estudio y asistencia.
E03281,Andrés Flores,Redes de Computadoras,15.5,71.5,75.7,Medio,Se recomienda reforzar habitos de estudio y asistencia.
E03282,Estefanía Soto,Redes de Computadoras,7.45,39.3,50.47,Alto,Requiere tutoria academica inmediata y seguimiento semanal.
E03283,Rosa Cabrera,Lenguajes de Programación,17.43,33.9,57.37,Medio,Se recomienda reforzar habitos de estudio y asistencia.
E03284,Daniela Flores,Matemática Discreta,16.55,74.1,62.3,Medio,Se recomienda reforzar habitos de estudio y asistencia.
E03285,Emilia Sánchez,Matemática Discreta,8.82,61.2,60.3,Alto,Requiere tutoria academica inmediata y seguimiento semanal.
E03286,Mateo García,Estructuras de Datos,10.38,70.9,59.3,Alto,Requiere tutoria academica inmediata y seguimiento semanal.
E03287,Emilio Delgado,Base de Datos,14.78,53.8,57.97,Medio,Se recomienda reforzar habitos de estudio y asistencia.
E03288,Andrés Herrera,Base de Datos,10.2,71.1,66.23,Medio,Se recomienda reforzar habitos de estudio y asistencia.
E03289,Julio Ortiz,Lenguajes de Programación,14.23,63.5,62.9,Medio,Se recomienda reforzar habitos de estudio y asistencia.
E03290,Camila Ponce,Estructuras de Datos,15.12,100.0,93.5,Bajo,Mantener el desempeno actual; sin acciones urgentes.
E03291,Adrián Gutiérrez,Matemática Discreta,11.25,52.8,77.33,Medio,Se recomienda reforzar habitos de estudio y asistencia.
E03292,Vicente Flores,Redes de Computadoras,12.47,80.5,76.57,Medio,Se recomienda reforzar habitos de estudio y asistencia.
E03293,Rodrigo Cruz,Estructuras de Datos,15.72,78.7,62.33,Medio,Se recomienda reforzar habitos de estudio y asistencia.
E03294,Camila Ramírez,Redes de Computadoras,5.3,49.9,50.5,Alto,Requiere tutoria academica inmediata y seguimiento semanal.
E03295,Antonella Torres,Matemática Discreta,10.6,84.8,71.63,Medio,Se recomienda reforzar habitos de estudio y asistencia.
E03296,Tomás Flores,Matemática Discreta,12.25,59.6,65.67,Medio,Se recomienda reforzar habitos de estudio y asistencia.
E03297,Camila Vega,Estructuras de Datos,8.05,76.3,67.17,Medio,Se recomienda reforzar habitos de estudio y asistencia.
E03298,Milagros Soto,Matemática Discreta,8.43,60.5,80.17,Alto,Requiere tutoria academica inmediata y seguimiento semanal.
E03299,Joaquín Chávez,Base de Datos,19.77,61.7,54.53,Medio,Se recomienda reforzar habitos de estudio y asistencia.
E03300,Fabián Zapata,Base de Datos,15.15,68.9,80.63,Medio,Se recomienda reforzar habitos de estudio y asistencia.
E03301,Antonella Cabrera,Matemática Discreta,18.15,87.0,62.27,Medio,Se recomienda reforzar habitos de estudio y asistencia.
E03302,María Reyes,Estructuras de Datos,11.98,51.8,57.27,Medio,Se recomienda reforzar habitos de estudio y asistencia.
E03303,Valeria Espinoza,Base de Datos,7.83,88.2,73.37,Medio,Se recomienda reforzar habitos de estudio y asistencia.
E03304,Sofía Flores,Base de Datos,12.32,77.6,85.87,Medio,Se recomienda reforzar habitos de estudio y asistencia.
E03305,Emilia Zapata,Redes de Computadoras,10.62,49.5,55.43,Medio,Se recomienda reforzar habitos de estudio y asistencia.
E03306,Paula Soto,Redes de Computadoras,9.92,83.8,83.37,Medio,Se recomienda reforzar habitos de estudio y asistencia.
E03307,Julio Ortiz,Base de Datos,7.92,38.5,45.4,Alto,Requiere tutoria academica inmediata y seguimiento semanal.
E03308,Alonso Ortiz,Redes de Computadoras,15.65,92.9,83.3,Bajo,Mantener el desempeno actual; sin acciones urgentes.
E03309,Sofía Castillo,Redes de Computadoras,16.93,60.1,67.7,Medio,Se recomienda reforzar habitos de estudio y asistencia.
E03310,Fernanda Castillo,Redes de Computadoras,13.75,83.8,57.4,Medio,Se recomienda reforzar habitos de estudio y asistencia.
E03311,Milagros Palomino,Estructuras de Datos,11.38,59.2,66.4,Medio,Se recomienda reforzar habitos de estudio y asistencia.
E03312,Fernanda Huamán,Matemática Discreta,12.47,56.0,54.27,Medio,Se recomienda reforzar habitos de estudio y asistencia.
E03313,Valeria Huamán,Estructuras de Datos,7.03,100.0,72.47,Medio,Se recomienda reforzar habitos de estudio y asistencia.
E03314,Franco Cárdenas,Estructuras de Datos,12.48,69.0,67.2,Medio,Se recomienda reforzar habitos de estudio y asistencia.
E03315,Gabriela Huamán,Base de Datos,14.82,98.8,72.1,Bajo,Mantener el desempeno actual; sin acciones urgentes.
E03316,Rosa Ortiz,Base de Datos,8.7,57.3,69.77,Alto,Requiere tutoria academica inmediata y seguimiento semanal.
E03317,Valentina Ortiz,Matemática Discreta,13.53,99.7,93.0,Bajo,Mantener el desempeno actual; sin acciones urgentes.
E03318,Mateo Aguilar,Base de Datos,15.15,92.0,88.43,Bajo,Mantener el desempeno actual; sin acciones urgentes.
E03319,Rodrigo Ortiz,Base de Datos,19.15,88.1,73.1,Bajo,Mantener el desempeno actual; sin acciones urgentes.
E03320,Fabián Palomino,Lenguajes de Programación,14.97,85.9,85.27,Bajo,Mantener el desempeno actual; sin acciones urgentes.
E03321,María Espinoza,Base de Datos,18.55,99.1,73.33,Bajo,Mantener el desempeno actual; sin acciones urgentes.
E03322,Valeria García,Base de Datos,11.5,60.6,56.97,Medio,Se recomienda reforzar habitos de estudio y asistencia.
E03323,Daniela García,Estructuras de Datos,10.45,74.0,61.77,Medio,Se recomienda reforzar habitos de estudio y asistencia.
E03324,Natalia Delgado,Redes de Computadoras,15.2,65.1,70.83,Medio,Se recomienda reforzar habitos de estudio y asistencia.
E03325,Julio Pérez,Base de Datos,14.97,45.8,62.4,Medio,Se recomienda reforzar habitos de estudio y asistencia.
E03326,Renata Flores,Redes de Computadoras,13.5,83.7,73.67,Bajo,Mantener el desempeno actual; sin acciones urgentes.
E03327,Daniela García,Redes de Computadoras,10.68,74.3,54.7,Medio,Se recomienda reforzar habitos de estudio y asistencia.
E03328,Alejandra Gutiérrez,Base de Datos,4.17,70.9,84.07,Medio,Se recomienda reforzar habitos de estudio y asistencia.
E03329,Iván Medina,Base de Datos,15.18,82.2,86.97,Bajo,Mantener el desempeno actual; sin acciones urgentes.
E03330,Paula Chávez,Redes de Computadoras,11.1,62.1,69.13,Medio,Se recomienda reforzar habitos de estudio y asistencia.
E03331,Bruno Soto,Lenguajes de Programación,10.1,65.7,61.8,Alto,Requiere tutoria academica inmediata y seguimiento semanal.
E03332,Renata Cabrera,Base de Datos,6.2,82.2,79.3,Medio,Se recomienda reforzar habitos de estudio y asistencia.
E03333,Joaquín Quispe,Estructuras de Datos,9.62,64.8,67.2,Alto,Requiere tutoria academica inmediata y seguimiento semanal.
E03334,Julio Rivas,Base de Datos,8.9,76.4,86.8,Medio,Se recomienda reforzar habitos de estudio y asistencia.
E03335,Camila Medina,Matemática Discreta,6.78,73.4,62.63,Medio,Se recomienda reforzar habitos de estudio y asistencia.
E03336,Gabriela Vega,Matemática Discreta,4.6,67.4,77.63,Alto,Requiere tutoria academica inmediata y seguimiento semanal.
E03337,Franco Medina,Estructuras de Datos,12.75,77.8,73.93,Medio,Se recomienda reforzar habitos de estudio y asistencia.
E03338,Fernanda Cabrera,Redes de Computadoras,17.4,63.4,64.2,Medio,Se recomienda reforzar habitos de estudio y asistencia.
E03339,Martina Vega,Lenguajes de Programación,19.85,74.9,57.73,Medio,Se recomienda reforzar habitos de estudio y asistencia.
E03340,Renata Quispe,Estructuras de Datos,16.73,74.6,56.57,Medio,Se recomienda reforzar habitos de estudio y asistencia.
E03341,Bruno Huamán,Matemática Discreta,12.95,39.1,71.13,Medio,Se recomienda reforzar habitos de estudio y asistencia.
E03342,Camila Chávez,Base de Datos,16.6,47.7,66.7,Medio,Se recomienda reforzar habitos de estudio y asistencia.
E03343,Ricardo Mendoza,Base de Datos,18.1,86.5,70.6,Bajo,Mantener el desempeno actual; sin acciones urgentes.
E03344,Renata Herrera,Base de Datos,17.7,64.1,38.2,Medio,Se recomienda reforzar habitos de estudio y asistencia.
E03345,Daniela Torres,Estructuras de Datos,15.9,64.5,66.17,Medio,Se recomienda reforzar habitos de estudio y asistencia.
E03346,Ricardo Gutiérrez,Matemática Discreta,11.12,60.7,54.17,Medio,Se recomienda reforzar habitos de estudio y asistencia.
E03347,Miguel Aguilar,Redes de Computadoras,13.55,82.4,67.07,Bajo,Mantener el desempeno actual; sin acciones urgentes.
E03348,Bruno Torres,Lenguajes de Programación,9.07,97.7,79.53,Medio,Se recomienda reforzar habitos de estudio y asistencia.
E03349,Carlos Herrera,Lenguajes de Programación,12.65,80.3,69.97,Medio,Se recomienda reforzar habitos de estudio y asistencia.
E03350,Zoe Salazar,Redes de Computadoras,12.3,83.6,75.23,Medio,Se recomienda reforzar habitos de estudio y asistencia.
E03351,Milagros Flores,Redes de Computadoras,17.57,80.5,72.43,Bajo,Mantener el desempeno actual; sin acciones urgentes.
E03352,Sofía García,Lenguajes de Programación,8.85,67.6,66.93,Alto,Requiere tutoria academica inmediata y seguimiento semanal.
E03353,Sebastián López,Lenguajes de Programación,13.55,58.1,62.3,Medio,Se recomienda reforzar habitos de estudio y asistencia.
E03354,Martina Soto,Matemática Discreta,7.53,59.4,67.33,Alto,Requiere tutoria academica inmediata y seguimiento semanal.
E03355,Ricardo López,Redes de Computadoras,16.43,95.7,73.37,Bajo,Mantener el desempeno actual; sin acciones urgentes.
E03356,Alejandra Espinoza,Redes de Computadoras,15.72,78.4,74.13,Medio,Se recomienda reforzar habitos de estudio y asistencia.
E03357,Joaquín Rivas,Base de Datos,9.55,77.2,70.8,Medio,Se recomienda reforzar habitos de estudio y asistencia.
E03358,Diego Flores,Matemática Discreta,10.9,52.9,49.77,Medio,Se recomienda reforzar habitos de estudio y asistencia.
E03359,Daniela Reyes,Lenguajes de Programación,15.82,57.1,62.4,Medio,Se recomienda reforzar habitos de estudio y asistencia.
E03360,Emilio Rodríguez,Estructuras de Datos,16.7,100.0,64.0,Medio,Se recomienda reforzar habitos de estudio y asistencia.
E03361,Zoe Alva,Redes de Computadoras,15.68,77.2,67.97,Medio,Se recomienda reforzar habitos de estudio y asistencia.
E03362,Ana Reyes,Redes de Computadoras,14.25,85.4,89.33,Bajo,Mantener el desempeno actual; sin acciones urgentes.
E03363,Milagros Ponce,Estructuras de Datos,10.07,72.3,75.7,Medio,Se recomienda reforzar habitos de estudio y asistencia.
E03364,Natalia Torres,Matemática Discreta,12.38,73.2,72.07,Medio,Se recomienda reforzar habitos de estudio y asistencia.
E03365,María Reyes,Redes de Computadoras,13.53,49.4,69.8,Medio,Se recomienda reforzar habitos de estudio y asistencia.
E03366,Ricardo López,Redes de Computadoras,13.12,70.0,75.8,Medio,Se recomienda reforzar habitos de estudio y asistencia.
E03367,Gabriela Chávez,Lenguajes de Programación,15.5,46.1,63.8,Medio,Se recomienda reforzar habitos de estudio y asistencia.
E03368,Julio Huamán,Base de Datos,9.6,38.0,63.17,Alto,Requiere tutoria academica inmediata y seguimiento semanal.
E03369,Emilia Mendoza,Lenguajes de Programación,11.93,86.5,82.8,Medio,Se recomienda reforzar habitos de estudio y asistencia.
E03370,Manuel Cabrera,Lenguajes de Programación,12.45,48.2,67.93,Medio,Se recomienda reforzar habitos de estudio y asistencia.
E03371,Gabriela Cárdenas,Estructuras de Datos,15.8,69.2,77.63,Medio,Se recomienda reforzar habitos de estudio y asistencia.
E03372,Miguel Palomino,Estructuras de Datos,11.62,75.6,62.13,Medio,Se recomienda reforzar habitos de estudio y asistencia.
E03373,Emilia López,Base de Datos,3.8,43.1,53.9,Alto,Requiere tutoria academica inmediata y seguimiento semanal.
E03374,Daniela Herrera,Lenguajes de Programación,9.85,74.3,65.23,Medio,Se recomienda reforzar habitos de estudio y asistencia.
E03375,Camila Huamán,Base de Datos,15.7,29.1,47.07,Medio,Se recomienda reforzar habitos de estudio y asistencia.
E03376,Nicolás Mamani,Estructuras de Datos,16.85,85.6,82.27,Bajo,Mantener el desempeno actual; sin acciones urgentes.
E03377,Ximena Gutiérrez,Matemática Discreta,13.22,72.3,54.33,Medio,Se recomienda reforzar habitos de estudio y asistencia.
E03378,María Cabrera,Matemática Discreta,14.82,57.4,60.17,Medio,Se recomienda reforzar habitos de estudio y asistencia.
E03379,Jorge Pérez,Lenguajes de Programación,15.22,74.4,78.13,Medio,Se recomienda reforzar habitos de estudio y asistencia.
E03380,Valeria Ponce,Estructuras de Datos,11.95,57.5,78.3,Medio,Se recomienda reforzar habitos de estudio y asistencia.
E03381,Milagros Aguilar,Redes de Computadoras,11.1,79.5,66.63,Medio,Se recomienda reforzar habitos de estudio y asistencia.
E03382,Tomás Medina,Matemática Discreta,14.9,65.4,71.7,Medio,Se recomienda reforzar habitos de estudio y asistencia.
E03383,Valentina García,Redes de Computadoras,10.25,92.6,78.6,Medio,Se recomienda reforzar habitos de estudio y asistencia.
E03384,Rodrigo Cruz,Matemática Discreta,17.4,80.8,93.6,Bajo,Mantener el desempeno actual; sin acciones urgentes.
E03385,Valeria López,Base de Datos,15.38,61.0,66.43,Medio,Se recomienda reforzar habitos de estudio y asistencia.
E03386,Carlos Pérez,Estructuras de Datos,16.25,41.7,56.37,Medio,Se recomienda reforzar habitos de estudio y asistencia.
E03387,Isabela Mendoza,Base de Datos,12.3,90.3,80.47,Medio,Se recomienda reforzar habitos de estudio y asistencia.
E03388,Bruno Alva,Estructuras de Datos,17.85,90.0,96.67,Bajo,Mantener el desempeno actual; sin acciones urgentes.
E03389,Emilia Mendoza,Base de Datos,16.82,68.1,76.03,Medio,Se recomienda reforzar habitos de estudio y asistencia.
E03390,Rodrigo Mamani,Lenguajes de Programación,14.1,52.8,51.67,Medio,Se recomienda reforzar habitos de estudio y asistencia.
E03391,Natalia Gutiérrez,Matemática Discreta,10.32,74.2,69.13,Medio,Se recomienda reforzar habitos de estudio y asistencia.
E03392,Estefanía Alva,Base de Datos,9.82,55.8,46.37,Alto,Requiere tutoria academica inmediata y seguimiento semanal.
E03393,Nicolás Zapata,Matemática Discreta,12.52,57.7,48.2,Medio,Se recomienda reforzar habitos de estudio y asistencia.
E03394,Ana Rodríguez,Base de Datos,13.75,100.0,65.1,Bajo,Mantener el desempeno actual; sin acciones urgentes.
E03395,Lucía Mendoza,Matemática Discreta,8.95,85.0,73.73,Medio,Se recomienda reforzar habitos de estudio y asistencia.
E03396,Ximena López,Matemática Discreta,13.08,86.5,79.57,Bajo,Mantener el desempeno actual; sin acciones urgentes.
E03397,Natalia Salazar,Estructuras de Datos,12.53,100.0,76.7,Medio,Se recomienda reforzar habitos de estudio y asistencia.
E03398,Valentina Cruz,Redes de Computadoras,6.82,93.5,75.2,Medio,Se recomienda reforzar habitos de estudio y asistencia.
E03399,Estefanía Ramírez,Redes de Computadoras,11.48,95.8,91.8,Medio,Se recomienda reforzar habitos de estudio y asistencia.
E03400,Luis Flores,Estructuras de Datos,18.7,55.0,50.67,Medio,Se recomienda reforzar habitos de estudio y asistencia.
E03401,Sofía Salazar,Lenguajes de Programación,14.92,68.2,77.2,Medio,Se recomienda reforzar habitos de estudio y asistencia.
E03402,Sofía Pérez,Lenguajes de Programación,10.07,81.0,55.9,Alto,Requiere tutoria academica inmediata y seguimiento semanal.
E03403,Sebastián Palomino,Base de Datos,16.53,49.6,48.83,Medio,Se recomienda reforzar habitos de estudio y asistencia.
E03404,Iván Medina,Matemática Discreta,19.27,83.1,58.0,Medio,Se recomienda reforzar habitos de estudio y asistencia.
E03405,Bruno Sánchez,Base de Datos,16.92,95.6,70.3,Bajo,Mantener el desempeno actual; sin acciones urgentes.
E03406,Franco Alva,Matemática Discreta,12.88,100.0,63.4,Medio,Se recomienda reforzar habitos de estudio y asistencia.
E03407,Carlos Paredes,Matemática Discreta,12.6,63.1,56.57,Medio,Se recomienda reforzar habitos de estudio y asistencia.
E03408,Martina Mamani,Estructuras de Datos,13.07,93.5,76.73,Bajo,Mantener el desempeno actual; sin acciones urgentes.
E03409,Emilia Cabrera,Matemática Discreta,12.03,90.4,65.17,Medio,Se recomienda reforzar habitos de estudio y asistencia.
E03410,María Herrera,Lenguajes de Programación,17.05,77.5,56.37,Medio,Se recomienda reforzar habitos de estudio y asistencia.
E03411,Estefanía Rodríguez,Base de Datos,11.47,87.9,64.0,Medio,Se recomienda reforzar habitos de estudio y asistencia.
E03412,Alonso Cárdenas,Lenguajes de Programación,11.2,94.5,89.27,Medio,Se recomienda reforzar habitos de estudio y asistencia.
E03413,Fernanda Ponce,Lenguajes de Programación,11.95,73.4,77.8,Medio,Se recomienda reforzar habitos de estudio y asistencia.
E03414,Ximena Flores,Lenguajes de Programación,11.2,65.7,65.33,Medio,Se recomienda reforzar habitos de estudio y asistencia.
E03415,Franco Torres,Redes de Computadoras,14.75,81.4,73.63,Bajo,Mantener el desempeno actual; sin acciones urgentes.
E03416,Rodrigo Medina,Matemática Discreta,18.12,60.3,71.87,Medio,Se recomienda reforzar habitos de estudio y asistencia.
E03417,Estefanía Soto,Matemática Discreta,5.17,74.5,61.43,Medio,Se recomienda reforzar habitos de estudio y asistencia.
E03418,Renata Huamán,Matemática Discreta,11.7,75.5,76.0,Medio,Se recomienda reforzar habitos de estudio y asistencia.
E03419,Daniela Flores,Matemática Discreta,13.97,77.4,67.0,Medio,Se recomienda reforzar habitos de estudio y asistencia.
E03420,Vicente Mendoza,Redes de Computadoras,15.6,77.1,83.87,Medio,Se recomienda reforzar habitos de estudio y asistencia.
E03421,Iván Rivas,Redes de Computadoras,8.12,66.4,62.13,Alto,Requiere tutoria academica inmediata y seguimiento semanal.
E03422,Valeria Ramírez,Matemática Discreta,10.32,78.8,88.17,Medio,Se recomienda reforzar habitos de estudio y asistencia.
E03423,Martina Paredes,Estructuras de Datos,10.45,67.4,47.0,Alto,Requiere tutoria academica inmediata y seguimiento semanal.
E03424,Emilio Cárdenas,Redes de Computadoras,12.9,83.3,83.0,Medio,Se recomienda reforzar habitos de estudio y asistencia.
E03425,Natalia Torres,Matemática Discreta,13.75,57.3,54.67,Medio,Se recomienda reforzar habitos de estudio y asistencia.
E03426,Valeria Rodríguez,Matemática Discreta,16.35,94.3,78.5,Bajo,Mantener el desempeno actual; sin acciones urgentes.
E03427,Andrés Castillo,Redes de Computadoras,11.72,73.7,46.7,Medio,Se recomienda reforzar habitos de estudio y asistencia.
E03428,Renata Aguilar,Estructuras de Datos,17.18,100.0,71.67,Bajo,Mantener el desempeno actual; sin acciones urgentes.
E03429,Mateo Zapata,Redes de Computadoras,9.43,77.6,58.83,Alto,Requiere tutoria academica inmediata y seguimiento semanal.
E03430,Isabela Vega,Base de Datos,18.9,31.8,69.8,Medio,Se recomienda reforzar habitos de estudio y asistencia.
E03431,Alonso Torres,Redes de Computadoras,14.62,72.3,57.27,Medio,Se recomienda reforzar habitos de estudio y asistencia.
E03432,Estefanía Espinoza,Lenguajes de Programación,9.75,64.0,79.3,Alto,Requiere tutoria academica inmediata y seguimiento semanal.
E03433,Vicente Palomino,Matemática Discreta,15.43,75.8,83.77,Medio,Se recomienda reforzar habitos de estudio y asistencia.
E03434,Renata López,Matemática Discreta,9.27,100.0,78.73,Medio,Se recomienda reforzar habitos de estudio y asistencia.
E03435,Bruno Huamán,Redes de Computadoras,17.8,93.3,84.17,Bajo,Mantener el desempeno actual; sin acciones urgentes.
E03436,Iván Cruz,Base de Datos,10.03,89.6,70.0,Medio,Se recomienda reforzar habitos de estudio y asistencia.
E03437,Sebastián Zapata,Lenguajes de Programación,5.68,66.1,76.17,Alto,Requiere tutoria academica inmediata y seguimiento semanal.
E03438,Jorge Zapata,Lenguajes de Programación,15.2,78.3,70.67,Medio,Se recomienda reforzar habitos de estudio y asistencia.
E03439,Renata Espinoza,Matemática Discreta,11.03,94.4,85.4,Medio,Se recomienda reforzar habitos de estudio y asistencia.
E03440,Manuel Cabrera,Estructuras de Datos,18.65,60.0,44.8,Medio,Se recomienda reforzar habitos de estudio y asistencia.
E03441,Renata Huamán,Base de Datos,10.35,65.5,53.0,Alto,Requiere tutoria academica inmediata y seguimiento semanal.
E03442,Carlos Gutiérrez,Matemática Discreta,7.67,54.0,46.97,Alto,Requiere tutoria academica inmediata y seguimiento semanal.
E03443,Paula Herrera,Base de Datos,14.85,84.7,87.03,Bajo,Mantener el desempeno actual; sin acciones urgentes.
E03444,Isabela Vega,Estructuras de Datos,8.15,61.2,61.67,Alto,Requiere tutoria academica inmediata y seguimiento semanal.
E03445,Valeria Cruz,Lenguajes de Programación,9.93,83.2,83.27,Medio,Se recomienda reforzar habitos de estudio y asistencia.
E03446,Natalia Rivas,Matemática Discreta,12.8,42.5,44.8,Medio,Se recomienda reforzar habitos de estudio y asistencia.
E03447,Gabriela Sánchez,Lenguajes de Programación,10.7,79.7,71.73,Medio,Se recomienda reforzar habitos de estudio y asistencia.
E03448,Luis Vega,Estructuras de Datos,6.28,86.0,80.4,Medio,Se recomienda reforzar habitos de estudio y asistencia.
E03449,Jorge López,Redes de Computadoras,17.6,46.5,72.0,Medio,Se recomienda reforzar habitos de estudio y asistencia.
E03450,Gabriela Vargas,Estructuras de Datos,13.75,77.4,77.27,Medio,Se recomienda reforzar habitos de estudio y asistencia.
E03451,Vicente Pérez,Matemática Discreta,16.48,93.6,77.93,Bajo,Mantener el desempeno actual; sin acciones urgentes.
E03452,Adrián López,Matemática Discreta,7.92,48.5,52.53,Alto,Requiere tutoria academica inmediata y seguimiento semanal.
E03453,Paula Gutiérrez,Matemática Discreta,9.98,61.0,56.37,Alto,Requiere tutoria academica inmediata y seguimiento semanal.
E03454,Lucía Reyes,Base de Datos,15.97,70.8,58.07,Medio,Se recomienda reforzar habitos de estudio y asistencia.
E03455,Paula Sánchez,Estructuras de Datos,15.95,62.1,64.67,Medio,Se recomienda reforzar habitos de estudio y asistencia.
E03456,Emilia Rodríguez,Base de Datos,10.85,66.7,52.4,Medio,Se recomienda reforzar habitos de estudio y asistencia.
E03457,Emilio López,Matemática Discreta,11.47,53.0,71.0,Medio,Se recomienda reforzar habitos de estudio y asistencia.
E03458,Natalia García,Estructuras de Datos,14.22,89.0,94.0,Bajo,Mantener el desempeno actual; sin acciones urgentes.
E03459,Sebastián Delgado,Lenguajes de Programación,13.2,49.1,69.67,Medio,Se recomienda reforzar habitos de estudio y asistencia.
E03460,Franco Cabrera,Estructuras de Datos,15.25,64.4,71.13,Medio,Se recomienda reforzar habitos de estudio y asistencia.
E03461,Joaquín García,Estructuras de Datos,12.12,91.1,90.7,Medio,Se recomienda reforzar habitos de estudio y asistencia.
E03462,Manuel Chávez,Matemática Discreta,14.15,67.5,70.33,Medio,Se recomienda reforzar habitos de estudio y asistencia.
E03463,Andrés Alva,Lenguajes de Programación,13.93,99.4,71.07,Bajo,Mantener el desempeno actual; sin acciones urgentes.
E03464,Emilia Salazar,Estructuras de Datos,5.78,79.9,75.93,Medio,Se recomienda reforzar habitos de estudio y asistencia.
E03465,Ana Castillo,Estructuras de Datos,12.45,60.4,64.77,Medio,Se recomienda reforzar habitos de estudio y asistencia.
E03466,Miguel Medina,Base de Datos,7.95,89.0,82.37,Medio,Se recomienda reforzar habitos de estudio y asistencia.
E03467,Gabriela Chávez,Base de Datos,17.3,72.6,62.13,Medio,Se recomienda reforzar habitos de estudio y asistencia.
E03468,Nicolás Cabrera,Redes de Computadoras,11.82,70.6,66.93,Medio,Se recomienda reforzar habitos de estudio y asistencia.
E03469,Iván Paredes,Estructuras de Datos,11.88,93.2,80.83,Medio,Se recomienda reforzar habitos de estudio y asistencia.
E03470,Fernanda Chávez,Matemática Discreta,13.57,79.6,85.67,Medio,Se recomienda reforzar habitos de estudio y asistencia.
E03471,Sofía Herrera,Base de Datos,13.85,66.8,51.87,Medio,Se recomienda reforzar habitos de estudio y asistencia.
E03472,Milagros Herrera,Lenguajes de Programación,9.78,83.6,74.53,Medio,Se recomienda reforzar habitos de estudio y asistencia.
E03473,Luis Medina,Base de Datos,13.07,98.3,90.27,Bajo,Mantener el desempeno actual; sin acciones urgentes.
E03474,Sofía Rodríguez,Base de Datos,10.17,79.2,63.53,Medio,Se recomienda reforzar habitos de estudio y asistencia.
E03475,Antonella Palomino,Lenguajes de Programación,8.85,58.8,70.3,Alto,Requiere tutoria academica inmediata y seguimiento semanal.
E03476,Paula Ramírez,Lenguajes de Programación,14.43,71.0,81.27,Medio,Se recomienda reforzar habitos de estudio y asistencia.
E03477,Daniela Delgado,Redes de Computadoras,7.12,62.1,64.67,Alto,Requiere tutoria academica inmediata y seguimiento semanal.
E03478,Paula Vargas,Matemática Discreta,9.65,85.1,86.77,Medio,Se recomienda reforzar habitos de estudio y asistencia.
E03479,Renata Torres,Estructuras de Datos,5.3,56.6,61.93,Alto,Requiere tutoria academica inmediata y seguimiento semanal.
E03480,Martina Salazar,Lenguajes de Programación,11.95,69.8,74.1,Medio,Se recomienda reforzar habitos de estudio y asistencia.
E03481,Estefanía Huamán,Redes de Computadoras,7.93,44.7,56.9,Alto,Requiere tutoria academica inmediata y seguimiento semanal.
E03482,Antonella López,Redes de Computadoras,17.75,88.3,69.93,Bajo,Mantener el desempeno actual; sin acciones urgentes.
E03483,Valentina Rivas,Matemática Discreta,14.78,42.9,65.37,Medio,Se recomienda reforzar habitos de estudio y asistencia.
E03484,Ana Castillo,Base de Datos,11.83,74.6,58.3,Medio,Se recomienda reforzar habitos de estudio y asistencia.
E03485,Zoe Cabrera,Estructuras de Datos,13.62,73.7,69.37,Medio,Se recomienda reforzar habitos de estudio y asistencia.
E03486,Julio Pérez,Redes de Computadoras,7.65,31.6,63.4,Alto,Requiere tutoria academica inmediata y seguimiento semanal.
E03487,Manuel Mamani,Redes de Computadoras,16.05,82.7,79.47,Bajo,Mantener el desempeno actual; sin acciones urgentes.
E03488,Camila Cruz,Base de Datos,15.18,80.7,63.87,Medio,Se recomienda reforzar habitos de estudio y asistencia.
E03489,Natalia Salazar,Matemática Discreta,15.03,72.3,70.77,Medio,Se recomienda reforzar habitos de estudio y asistencia.
E03490,Julio Rodríguez,Lenguajes de Programación,7.57,86.9,67.4,Medio,Se recomienda reforzar habitos de estudio y asistencia.
E03491,Renata Vargas,Matemática Discreta,18.73,94.7,90.6,Bajo,Mantener el desempeno actual; sin acciones urgentes.
E03492,María Vega,Redes de Computadoras,12.55,74.0,62.97,Medio,Se recomienda reforzar habitos de estudio y asistencia.
E03493,Diego Chávez,Redes de Computadoras,14.33,57.4,61.53,Medio,Se recomienda reforzar habitos de estudio y asistencia.
E03494,Vicente Cruz,Estructuras de Datos,13.82,43.4,64.57,Medio,Se recomienda reforzar habitos de estudio y asistencia.
E03495,Daniela Rojas,Redes de Computadoras,8.68,79.4,51.4,Alto,Requiere tutoria academica inmediata y seguimiento semanal.
E03496,Mateo Zapata,Matemática Discreta,17.57,60.4,63.8,Medio,Se recomienda reforzar habitos de estudio y asistencia.
E03497,Joaquín Ortiz,Matemática Discreta,10.55,52.7,57.77,Medio,Se recomienda reforzar habitos de estudio y asistencia.
E03498,Miguel Rivas,Base de Datos,8.75,76.9,73.43,Medio,Se recomienda reforzar habitos de estudio y asistencia.
E03499,Emilia Alva,Base de Datos,7.08,90.9,78.2,Medio,Se recomienda reforzar habitos de estudio y asistencia.
E03500,Rosa Herrera,Matemática Discreta,3.7,69.6,67.27,Alto,Requiere tutoria academica inmediata y seguimiento semanal.
E03501,Renata Gutiérrez,Matemática Discreta,7.22,70.4,61.83,Medio,Se recomienda reforzar habitos de estudio y asistencia.
E03502,Valentina Castillo,Base de Datos,8.93,86.9,85.23,Medio,Se recomienda reforzar habitos de estudio y asistencia.
E03503,Joaquín Aguilar,Matemática Discreta,11.62,51.3,73.33,Medio,Se recomienda reforzar habitos de estudio y asistencia.
E03504,Renata Delgado,Base de Datos,15.35,38.4,64.57,Medio,Se recomienda reforzar habitos de estudio y asistencia.
E03505,Ximena Cruz,Lenguajes de Programación,11.72,65.9,72.03,Medio,Se recomienda reforzar habitos de estudio y asistencia.
E03506,Fabián Quispe,Lenguajes de Programación,9.45,94.8,69.7,Medio,Se recomienda reforzar habitos de estudio y asistencia.
E03507,Estefanía García,Base de Datos,8.95,73.0,64.6,Medio,Se recomienda reforzar habitos de estudio y asistencia.
E03508,Joaquín Gutiérrez,Lenguajes de Programación,14.15,61.9,59.63,Medio,Se recomienda reforzar habitos de estudio y asistencia.
E03509,Manuel Zapata,Matemática Discreta,14.9,66.3,75.43,Medio,Se recomienda reforzar habitos de estudio y asistencia.
E03510,Franco Paredes,Matemática Discreta,12.8,60.3,59.77,Medio,Se recomienda reforzar habitos de estudio y asistencia.
E03511,Tomás Zapata,Estructuras de Datos,10.82,100.0,82.67,Medio,Se recomienda reforzar habitos de estudio y asistencia.
E03512,Emilia Delgado,Matemática Discreta,7.4,96.1,61.77,Medio,Se recomienda reforzar habitos de estudio y asistencia.
E03513,Ana Medina,Matemática Discreta,7.82,99.4,65.93,Medio,Se recomienda reforzar habitos de estudio y asistencia.
E03514,Vicente Cruz,Base de Datos,18.17,47.0,82.33,Medio,Se recomienda reforzar habitos de estudio y asistencia.
E03515,Nicolás Quispe,Base de Datos,14.62,83.0,67.67,Bajo,Mantener el desempeno actual; sin acciones urgentes.
E03516,Lucía Torres,Matemática Discreta,16.27,77.6,78.6,Medio,Se recomienda reforzar habitos de estudio y asistencia.
E03517,Ximena Gutiérrez,Base de Datos,11.55,61.7,65.07,Medio,Se recomienda reforzar habitos de estudio y asistencia.
E03518,Estefanía Huamán,Redes de Computadoras,11.77,92.6,84.87,Medio,Se recomienda reforzar habitos de estudio y asistencia.
E03519,Nicolás Salazar,Redes de Computadoras,5.1,83.4,74.47,Medio,Se recomienda reforzar habitos de estudio y asistencia.
E03520,Lucía Vega,Redes de Computadoras,10.32,95.9,76.37,Medio,Se recomienda reforzar habitos de estudio y asistencia.
E03521,Ana Reyes,Estructuras de Datos,18.1,47.3,44.3,Medio,Se recomienda reforzar habitos de estudio y asistencia.
E03522,Tomás Cabrera,Redes de Computadoras,10.53,52.8,64.27,Medio,Se recomienda reforzar habitos de estudio y asistencia.
E03523,Bruno Mamani,Base de Datos,7.75,71.8,69.13,Medio,Se recomienda reforzar habitos de estudio y asistencia.
E03524,Franco Mendoza,Base de Datos,20.0,61.8,63.43,Medio,Se recomienda reforzar habitos de estudio y asistencia.
E03525,Renata Mamani,Lenguajes de Programación,10.85,50.1,47.73,Medio,Se recomienda reforzar habitos de estudio y asistencia.
E03526,Adrián Sánchez,Estructuras de Datos,13.15,90.0,60.53,Medio,Se recomienda reforzar habitos de estudio y asistencia.
E03527,Manuel Quispe,Base de Datos,8.95,100.0,88.83,Medio,Se recomienda reforzar habitos de estudio y asistencia.
E03528,Gabriela Gutiérrez,Base de Datos,18.02,72.7,71.4,Medio,Se recomienda reforzar habitos de estudio y asistencia.
E03529,Antonella Rivas,Matemática Discreta,18.27,76.1,63.73,Medio,Se recomienda reforzar habitos de estudio y asistencia.
E03530,Miguel Salazar,Estructuras de Datos,8.35,78.3,80.8,Medio,Se recomienda reforzar habitos de estudio y asistencia.
E03531,Julio Mendoza,Redes de Computadoras,11.97,76.0,72.03,Medio,Se recomienda reforzar habitos de estudio y asistencia.
E03532,Joaquín Vargas,Base de Datos,19.6,55.7,56.97,Medio,Se recomienda reforzar habitos de estudio y asistencia.
E03533,Valeria Huamán,Matemática Discreta,7.78,72.6,63.73,Medio,Se recomienda reforzar habitos de estudio y asistencia.
E03534,Ana García,Lenguajes de Programación,17.17,57.4,62.63,Medio,Se recomienda reforzar habitos de estudio y asistencia.
E03535,Alonso Mendoza,Redes de Computadoras,16.12,92.1,69.6,Bajo,Mantener el desempeno actual; sin acciones urgentes.
E03536,Antonella Torres,Redes de Computadoras,13.25,79.2,72.13,Medio,Se recomienda reforzar habitos de estudio y asistencia.
E03537,Carlos Alva,Base de Datos,13.25,67.8,73.43,Medio,Se recomienda reforzar habitos de estudio y asistencia.
E03538,Miguel Torres,Matemática Discreta,19.1,73.6,67.5,Medio,Se recomienda reforzar habitos de estudio y asistencia.
E03539,Mateo Rivas,Estructuras de Datos,10.43,61.5,69.77,Alto,Requiere tutoria academica inmediata y seguimiento semanal.
E03540,Nicolás Cruz,Redes de Computadoras,9.75,74.0,69.73,Medio,Se recomienda reforzar habitos de estudio y asistencia.
E03541,Julio García,Matemática Discreta,10.98,64.9,57.47,Medio,Se recomienda reforzar habitos de estudio y asistencia.
E03542,Jorge Vega,Lenguajes de Programación,13.77,75.7,77.7,Medio,Se recomienda reforzar habitos de estudio y asistencia.
E03543,Franco Gutiérrez,Redes de Computadoras,15.93,87.6,63.23,Medio,Se recomienda reforzar habitos de estudio y asistencia.
E03544,Jorge Mendoza,Matemática Discreta,8.4,77.5,71.13,Medio,Se recomienda reforzar habitos de estudio y asistencia.
E03545,Gabriela Gutiérrez,Base de Datos,17.2,26.5,62.33,Medio,Se recomienda reforzar habitos de estudio y asistencia.
E03546,Renata Ortiz,Estructuras de Datos,20.0,75.4,82.37,Medio,Se recomienda reforzar habitos de estudio y asistencia.
E03547,Martina Flores,Estructuras de Datos,12.12,67.4,82.5,Medio,Se recomienda reforzar habitos de estudio y asistencia.
E03548,Julio Vega,Base de Datos,18.47,73.0,82.83,Medio,Se recomienda reforzar habitos de estudio y asistencia.
E03549,Valentina López,Base de Datos,16.12,56.7,58.77,Medio,Se recomienda reforzar habitos de estudio y asistencia.
E03550,Luis Sánchez,Lenguajes de Programación,7.77,60.8,71.87,Alto,Requiere tutoria academica inmediata y seguimiento semanal.
E03551,Renata Cruz,Estructuras de Datos,13.68,60.2,80.07,Medio,Se recomienda reforzar habitos de estudio y asistencia.
E03552,Ricardo Aguilar,Base de Datos,16.82,89.9,72.47,Bajo,Mantener el desempeno actual; sin acciones urgentes.
E03553,Andrés Pérez,Estructuras de Datos,8.52,45.7,40.7,Alto,Requiere tutoria academica inmediata y seguimiento semanal.
E03554,Miguel Ponce,Lenguajes de Programación,9.82,100.0,66.53,Medio,Se recomienda reforzar habitos de estudio y asistencia.
E03555,Ximena Rodríguez,Estructuras de Datos,16.93,71.4,71.07,Medio,Se recomienda reforzar habitos de estudio y asistencia.
E03556,Valentina Reyes,Estructuras de Datos,19.85,80.9,50.67,Medio,Se recomienda reforzar habitos de estudio y asistencia.
E03557,Franco Huamán,Matemática Discreta,16.75,79.8,72.7,Medio,Se recomienda reforzar habitos de estudio y asistencia.
E03558,Diego Huamán,Matemática Discreta,7.67,72.3,60.7,Medio,Se recomienda reforzar habitos de estudio y asistencia.
E03559,Gabriela Gutiérrez,Estructuras de Datos,15.93,81.2,83.1,Bajo,Mantener el desempeno actual; sin acciones urgentes.
E03560,Vicente Rodríguez,Redes de Computadoras,10.85,95.5,85.17,Medio,Se recomienda reforzar habitos de estudio y asistencia.
E03561,Milagros Mamani,Base de Datos,6.93,33.2,55.37,Alto,Requiere tutoria academica inmediata y seguimiento semanal.
E03562,Joaquín Cruz,Base de Datos,3.98,83.4,54.7,Alto,Requiere tutoria academica inmediata y seguimiento semanal.
E03563,Alejandra Gutiérrez,Matemática Discreta,14.75,70.7,46.87,Medio,Se recomienda reforzar habitos de estudio y asistencia.
E03564,Camila Castillo,Redes de Computadoras,14.05,45.9,54.43,Medio,Se recomienda reforzar habitos de estudio y asistencia.
E03565,Emilia Mamani,Estructuras de Datos,17.12,64.6,58.7,Medio,Se recomienda reforzar habitos de estudio y asistencia.
E03566,Tomás Mendoza,Matemática Discreta,11.55,55.1,58.47,Medio,Se recomienda reforzar habitos de estudio y asistencia.
E03567,Zoe Castillo,Redes de Computadoras,17.23,56.5,56.53,Medio,Se recomienda reforzar habitos de estudio y asistencia.
E03568,Franco López,Estructuras de Datos,9.85,62.4,46.7,Alto,Requiere tutoria academica inmediata y seguimiento semanal.
E03569,Paula Delgado,Base de Datos,8.62,51.0,69.03,Alto,Requiere tutoria academica inmediata y seguimiento semanal.
E03570,Julio Espinoza,Base de Datos,5.97,100.0,90.33,Medio,Se recomienda reforzar habitos de estudio y asistencia.
E03571,Nicolás Chávez,Base de Datos,12.6,56.5,65.27,Medio,Se recomienda reforzar habitos de estudio y asistencia.
E03572,Ricardo Ramírez,Matemática Discreta,20.0,63.5,67.7,Medio,Se recomienda reforzar habitos de estudio y asistencia.
E03573,Julio Quispe,Lenguajes de Programación,18.88,55.3,52.8,Medio,Se recomienda reforzar habitos de estudio y asistencia.
E03574,Julio Vargas,Base de Datos,13.32,85.5,67.63,Bajo,Mantener el desempeno actual; sin acciones urgentes.
E03575,Ricardo Vargas,Base de Datos,19.1,100.0,79.03,Bajo,Mantener el desempeno actual; sin acciones urgentes.
E03576,Paula Cárdenas,Matemática Discreta,11.38,86.1,71.4,Medio,Se recomienda reforzar habitos de estudio y asistencia.
E03577,Martina Rodríguez,Estructuras de Datos,13.72,74.1,59.57,Medio,Se recomienda reforzar habitos de estudio y asistencia.
E03578,Alonso Mendoza,Estructuras de Datos,11.52,79.5,81.73,Medio,Se recomienda reforzar habitos de estudio y asistencia.
E03579,Franco Flores,Base de Datos,15.95,56.5,62.0,Medio,Se recomienda reforzar habitos de estudio y asistencia.
E03580,Zoe Quispe,Base de Datos,8.03,66.9,44.0,Alto,Requiere tutoria academica inmediata y seguimiento semanal.
E03581,Mateo Torres,Matemática Discreta,7.62,73.4,68.5,Medio,Se recomienda reforzar habitos de estudio y asistencia.
E03582,Tomás Herrera,Estructuras de Datos,10.95,60.5,59.6,Medio,Se recomienda reforzar habitos de estudio y asistencia.
E03583,Rodrigo Herrera,Matemática Discreta,10.78,63.0,67.67,Medio,Se recomienda reforzar habitos de estudio y asistencia.
E03584,Vicente Mendoza,Lenguajes de Programación,19.35,70.9,59.67,Medio,Se recomienda reforzar habitos de estudio y asistencia.
E03585,Gabriela Flores,Estructuras de Datos,15.25,45.7,59.67,Medio,Se recomienda reforzar habitos de estudio y asistencia.
E03586,Estefanía Ponce,Matemática Discreta,16.0,61.4,61.53,Medio,Se recomienda reforzar habitos de estudio y asistencia.
E03587,Zoe Chávez,Redes de Computadoras,9.32,42.0,61.57,Alto,Requiere tutoria academica inmediata y seguimiento semanal.
E03588,Rodrigo Vega,Base de Datos,16.6,98.1,89.93,Bajo,Mantener el desempeno actual; sin acciones urgentes.
E03589,Adrián Salazar,Estructuras de Datos,10.72,64.5,67.3,Medio,Se recomienda reforzar habitos de estudio y asistencia.
E03590,Vicente Rodríguez,Redes de Computadoras,9.35,73.1,79.7,Medio,Se recomienda reforzar habitos de estudio y asistencia.
E03591,Alonso Paredes,Lenguajes de Programación,11.6,72.3,54.77,Medio,Se recomienda reforzar habitos de estudio y asistencia.
E03592,Luis Soto,Base de Datos,9.75,52.5,58.47,Alto,Requiere tutoria academica inmediata y seguimiento semanal.
E03593,Iván Sánchez,Estructuras de Datos,12.23,78.2,69.67,Medio,Se recomienda reforzar habitos de estudio y asistencia.
E03594,Diego Palomino,Base de Datos,15.1,57.4,68.17,Medio,Se recomienda reforzar habitos de estudio y asistencia.
E03595,Rodrigo Zapata,Redes de Computadoras,12.15,80.6,71.9,Medio,Se recomienda reforzar habitos de estudio y asistencia.
E03596,Milagros Ramírez,Matemática Discreta,8.98,100.0,70.9,Medio,Se recomienda reforzar habitos de estudio y asistencia.
E03597,Valentina Chávez,Base de Datos,10.93,46.6,54.33,Medio,Se recomienda reforzar habitos de estudio y asistencia.
E03598,Gabriela Cabrera,Redes de Computadoras,13.25,76.7,47.4,Medio,Se recomienda reforzar habitos de estudio y asistencia.
E03599,Martina Mamani,Base de Datos,15.72,52.1,64.8,Medio,Se recomienda reforzar habitos de estudio y asistencia.
E03600,Nicolás Castillo,Redes de Computadoras,7.45,89.8,67.43,Medio,Se recomienda reforzar habitos de estudio y asistencia.
E03601,Emilio Ramírez,Base de Datos,11.0,75.3,76.37,Medio,Se recomienda reforzar habitos de estudio y asistencia.
E03602,Estefanía Rojas,Lenguajes de Programación,14.38,51.8,69.33,Medio,Se recomienda reforzar habitos de estudio y asistencia.
E03603,Luis Mendoza,Matemática Discreta,15.07,100.0,78.43,Bajo,Mantener el desempeno actual; sin acciones urgentes.
E03604,Luis Zapata,Estructuras de Datos,13.07,55.0,73.03,Medio,Se recomienda reforzar habitos de estudio y asistencia.
E03605,Alejandra Sánchez,Base de Datos,12.48,54.9,64.97,Medio,Se recomienda reforzar habitos de estudio y asistencia.
E03606,Rodrigo Delgado,Matemática Discreta,11.85,70.6,66.97,Medio,Se recomienda reforzar habitos de estudio y asistencia.
E03607,Daniela Soto,Base de Datos,14.05,62.7,79.23,Medio,Se recomienda reforzar habitos de estudio y asistencia.
E03608,Jorge Flores,Redes de Computadoras,13.4,81.0,59.07,Medio,Se recomienda reforzar habitos de estudio y asistencia.
E03609,Daniela Rivas,Base de Datos,16.23,36.1,58.67,Medio,Se recomienda reforzar habitos de estudio y asistencia.
E03610,Vicente Ponce,Base de Datos,14.85,71.7,63.6,Medio,Se recomienda reforzar habitos de estudio y asistencia.
E03611,Andrés Rivas,Estructuras de Datos,13.25,100.0,91.8,Bajo,Mantener el desempeno actual; sin acciones urgentes.
E03612,Emilia Paredes,Redes de Computadoras,7.8,74.1,69.03,Medio,Se recomienda reforzar habitos de estudio y asistencia.
E03613,Manuel Soto,Estructuras de Datos,13.8,61.9,63.03,Medio,Se recomienda reforzar habitos de estudio y asistencia.
E03614,Fabián Mendoza,Estructuras de Datos,18.3,56.5,64.9,Medio,Se recomienda reforzar habitos de estudio y asistencia.
E03615,Estefanía Herrera,Lenguajes de Programación,11.25,75.4,52.4,Medio,Se recomienda reforzar habitos de estudio y asistencia.
E03616,Iván García,Matemática Discreta,7.03,76.4,74.77,Medio,Se recomienda reforzar habitos de estudio y asistencia.
E03617,Franco Paredes,Lenguajes de Programación,14.0,80.9,55.2,Medio,Se recomienda reforzar habitos de estudio y asistencia.
E03618,Ricardo Delgado,Lenguajes de Programación,5.52,89.6,77.43,Medio,Se recomienda reforzar habitos de estudio y asistencia.
E03619,Nicolás Herrera,Estructuras de Datos,11.03,100.0,76.7,Medio,Se recomienda reforzar habitos de estudio y asistencia.
E03620,Milagros Cruz,Base de Datos,9.32,56.7,53.2,Alto,Requiere tutoria academica inmediata y seguimiento semanal.
E03621,Renata Ponce,Matemática Discreta,17.95,76.1,74.5,Medio,Se recomienda reforzar habitos de estudio y asistencia.
E03622,Rosa Cárdenas,Redes de Computadoras,15.78,25.4,68.47,Medio,Se recomienda reforzar habitos de estudio y asistencia.
E03623,Antonella Alva,Matemática Discreta,15.15,94.0,75.87,Bajo,Mantener el desempeno actual; sin acciones urgentes.
E03624,Lucía Espinoza,Base de Datos,11.7,72.3,71.03,Medio,Se recomienda reforzar habitos de estudio y asistencia.
E03625,Manuel Castillo,Matemática Discreta,19.73,69.9,81.33,Medio,Se recomienda reforzar habitos de estudio y asistencia.
E03626,Zoe Sánchez,Matemática Discreta,17.52,75.1,73.87,Medio,Se recomienda reforzar habitos de estudio y asistencia.
E03627,Isabela Torres,Redes de Computadoras,14.0,83.1,80.07,Bajo,Mantener el desempeno actual; sin acciones urgentes.
E03628,Valeria Paredes,Lenguajes de Programación,19.32,70.6,83.53,Medio,Se recomienda reforzar habitos de estudio y asistencia.
E03629,Gabriela Cabrera,Matemática Discreta,8.1,82.9,75.8,Medio,Se recomienda reforzar habitos de estudio y asistencia.
E03630,Andrés Rodríguez,Base de Datos,14.53,59.7,65.7,Medio,Se recomienda reforzar habitos de estudio y asistencia.
E03631,Emilio Vega,Estructuras de Datos,15.1,70.2,57.03,Medio,Se recomienda reforzar habitos de estudio y asistencia.
E03632,Martina Rivas,Matemática Discreta,7.22,50.8,72.93,Alto,Requiere tutoria academica inmediata y seguimiento semanal.
E03633,Luis Cruz,Base de Datos,10.75,75.4,61.13,Medio,Se recomienda reforzar habitos de estudio y asistencia.
E03634,Iván Delgado,Lenguajes de Programación,11.2,61.4,51.17,Medio,Se recomienda reforzar habitos de estudio y asistencia.
E03635,Rodrigo Rodríguez,Base de Datos,15.05,71.9,57.97,Medio,Se recomienda reforzar habitos de estudio y asistencia.
E03636,Rosa Ramírez,Estructuras de Datos,15.62,84.2,53.7,Medio,Se recomienda reforzar habitos de estudio y asistencia.
E03637,Alejandra Alva,Estructuras de Datos,12.43,86.9,61.73,Medio,Se recomienda reforzar habitos de estudio y asistencia.
E03638,Diego Palomino,Redes de Computadoras,8.47,59.5,69.93,Alto,Requiere tutoria academica inmediata y seguimiento semanal.
E03639,Paula Herrera,Base de Datos,8.18,59.4,57.73,Alto,Requiere tutoria academica inmediata y seguimiento semanal.
E03640,Natalia Aguilar,Estructuras de Datos,8.3,68.3,71.67,Alto,Requiere tutoria academica inmediata y seguimiento semanal.
E03641,Fernanda Soto,Matemática Discreta,5.05,97.1,63.8,Medio,Se recomienda reforzar habitos de estudio y asistencia.
E03642,Diego Sánchez,Matemática Discreta,9.43,100.0,86.67,Medio,Se recomienda reforzar habitos de estudio y asistencia.
E03643,María Rivas,Lenguajes de Programación,13.1,98.0,67.6,Bajo,Mantener el desempeno actual; sin acciones urgentes.
E03644,Fabián Herrera,Matemática Discreta,16.8,100.0,73.33,Bajo,Mantener el desempeno actual; sin acciones urgentes.
E03645,Luis Medina,Lenguajes de Programación,16.48,59.5,86.5,Medio,Se recomienda reforzar habitos de estudio y asistencia.
E03646,Camila Chávez,Matemática Discreta,17.8,100.0,78.37,Bajo,Mantener el desempeno actual; sin acciones urgentes.
E03647,Renata Aguilar,Estructuras de Datos,17.88,58.6,64.87,Medio,Se recomienda reforzar habitos de estudio y asistencia.
E03648,Estefanía Mendoza,Matemática Discreta,11.43,74.9,73.27,Medio,Se recomienda reforzar habitos de estudio y asistencia.
E03649,Gabriela Castillo,Redes de Computadoras,11.1,71.7,64.7,Medio,Se recomienda reforzar habitos de estudio y asistencia.
E03650,Mateo Cruz,Matemática Discreta,14.2,55.7,65.23,Medio,Se recomienda reforzar habitos de estudio y asistencia.
E03651,Adrián Delgado,Matemática Discreta,17.68,56.1,65.17,Medio,Se recomienda reforzar habitos de estudio y asistencia.
E03652,Manuel Salazar,Matemática Discreta,18.5,67.8,63.17,Medio,Se recomienda reforzar habitos de estudio y asistencia.
E03653,Jorge Rodríguez,Lenguajes de Programación,10.62,64.3,69.1,Medio,Se recomienda reforzar habitos de estudio y asistencia.
E03654,Iván Quispe,Base de Datos,18.4,73.0,71.0,Medio,Se recomienda reforzar habitos de estudio y asistencia.
E03655,Daniela Delgado,Base de Datos,8.65,84.2,78.7,Medio,Se recomienda reforzar habitos de estudio y asistencia.
E03656,Franco Rojas,Matemática Discreta,13.25,67.0,64.47,Medio,Se recomienda reforzar habitos de estudio y asistencia.
E03657,Nicolás Ponce,Base de Datos,13.32,80.1,73.37,Bajo,Mantener el desempeno actual; sin acciones urgentes.
E03658,Renata Vega,Redes de Computadoras,10.02,54.9,37.37,Alto,Requiere tutoria academica inmediata y seguimiento semanal.
E03659,Emilia Reyes,Base de Datos,8.5,89.3,89.77,Medio,Se recomienda reforzar habitos de estudio y asistencia.
E03660,Nicolás García,Estructuras de Datos,16.8,56.2,63.07,Medio,Se recomienda reforzar habitos de estudio y asistencia.
E03661,Milagros Herrera,Matemática Discreta,12.97,75.9,76.4,Medio,Se recomienda reforzar habitos de estudio y asistencia.
E03662,Natalia Medina,Base de Datos,16.1,66.5,59.83,Medio,Se recomienda reforzar habitos de estudio y asistencia.
E03663,Fabián Medina,Estructuras de Datos,16.62,71.1,69.03,Medio,Se recomienda reforzar habitos de estudio y asistencia.
E03664,Lucía Alva,Matemática Discreta,7.38,75.2,74.43,Medio,Se recomienda reforzar habitos de estudio y asistencia.
E03665,Antonella Gutiérrez,Lenguajes de Programación,10.12,72.3,47.33,Alto,Requiere tutoria academica inmediata y seguimiento semanal.
E03666,Franco Quispe,Base de Datos,10.97,60.9,65.17,Medio,Se recomienda reforzar habitos de estudio y asistencia.
E03667,Rosa Rodríguez,Matemática Discreta,10.5,63.3,85.53,Medio,Se recomienda reforzar habitos de estudio y asistencia.
E03668,Fernanda García,Estructuras de Datos,15.68,80.9,84.27,Bajo,Mantener el desempeno actual; sin acciones urgentes.
E03669,Emilia Castillo,Matemática Discreta,17.98,54.9,65.53,Medio,Se recomienda reforzar habitos de estudio y asistencia.
E03670,Manuel Rojas,Lenguajes de Programación,13.07,81.7,59.57,Medio,Se recomienda reforzar habitos de estudio y asistencia.
E03671,Valentina Quispe,Estructuras de Datos,9.75,39.1,56.37,Alto,Requiere tutoria academica inmediata y seguimiento semanal.
E03672,Gabriela Huamán,Redes de Computadoras,9.4,96.7,70.67,Medio,Se recomienda reforzar habitos de estudio y asistencia.
E03673,Ana Medina,Base de Datos,8.07,68.1,58.37,Alto,Requiere tutoria academica inmediata y seguimiento semanal.
E03674,Iván Ponce,Lenguajes de Programación,15.77,94.7,79.4,Bajo,Mantener el desempeno actual; sin acciones urgentes.
E03675,Julio Gutiérrez,Matemática Discreta,13.62,98.8,78.73,Bajo,Mantener el desempeno actual; sin acciones urgentes.
E03676,Adrián Cabrera,Redes de Computadoras,18.35,74.1,72.27,Medio,Se recomienda reforzar habitos de estudio y asistencia.
E03677,Natalia Herrera,Base de Datos,3.8,80.4,60.6,Medio,Se recomienda reforzar habitos de estudio y asistencia.
E03678,Zoe Aguilar,Estructuras de Datos,16.62,78.4,73.87,Medio,Se recomienda reforzar habitos de estudio y asistencia.
E03679,Ricardo Sánchez,Redes de Computadoras,10.6,76.6,65.77,Medio,Se recomienda reforzar habitos de estudio y asistencia.
E03680,Manuel Paredes,Estructuras de Datos,20.0,100.0,64.6,Medio,Se recomienda reforzar habitos de estudio y asistencia.
E03681,Martina Aguilar,Base de Datos,10.53,100.0,69.4,Medio,Se recomienda reforzar habitos de estudio y asistencia.
E03682,Sofía Herrera,Lenguajes de Programación,12.05,81.8,83.43,Medio,Se recomienda reforzar habitos de estudio y asistencia.
E03683,Milagros Ramírez,Lenguajes de Programación,15.03,59.0,67.07,Medio,Se recomienda reforzar habitos de estudio y asistencia.
E03684,Carlos Torres,Base de Datos,12.1,68.5,60.3,Medio,Se recomienda reforzar habitos de estudio y asistencia.
E03685,Iván Chávez,Matemática Discreta,8.15,47.1,68.2,Alto,Requiere tutoria academica inmediata y seguimiento semanal.
E03686,Valeria Ortiz,Redes de Computadoras,8.9,80.4,68.47,Medio,Se recomienda reforzar habitos de estudio y asistencia.
E03687,Diego Rivas,Redes de Computadoras,16.25,72.9,68.83,Medio,Se recomienda reforzar habitos de estudio y asistencia.
E03688,Julio Ramírez,Lenguajes de Programación,16.1,70.9,51.37,Medio,Se recomienda reforzar habitos de estudio y asistencia.
E03689,Rosa Rojas,Estructuras de Datos,12.5,68.7,85.03,Medio,Se recomienda reforzar habitos de estudio y asistencia.
E03690,Iván Palomino,Base de Datos,15.55,80.0,66.67,Bajo,Mantener el desempeno actual; sin acciones urgentes.
E03691,Natalia Ramírez,Base de Datos,9.23,83.2,72.97,Medio,Se recomienda reforzar habitos de estudio y asistencia.
E03692,Alonso Huamán,Base de Datos,12.02,82.3,65.77,Medio,Se recomienda reforzar habitos de estudio y asistencia.
E03693,Paula García,Redes de Computadoras,8.83,55.0,55.63,Alto,Requiere tutoria academica inmediata y seguimiento semanal.
E03694,Alejandra López,Base de Datos,19.2,54.2,56.2,Medio,Se recomienda reforzar habitos de estudio y asistencia.
E03695,Luis Mamani,Estructuras de Datos,8.35,90.8,75.8,Medio,Se recomienda reforzar habitos de estudio y asistencia.
E03696,Daniela López,Redes de Computadoras,18.15,78.8,65.03,Medio,Se recomienda reforzar habitos de estudio y asistencia.
E03697,Jorge Zapata,Matemática Discreta,13.93,89.8,73.7,Bajo,Mantener el desempeno actual; sin acciones urgentes.
E03698,Julio Flores,Matemática Discreta,10.92,90.6,72.13,Medio,Se recomienda reforzar habitos de estudio y asistencia.
E03699,Renata Aguilar,Estructuras de Datos,7.53,44.4,67.73,Alto,Requiere tutoria academica inmediata y seguimiento semanal.
E03700,Alejandra Castillo,Matemática Discreta,12.93,84.6,63.37,Medio,Se recomienda reforzar habitos de estudio y asistencia.
E03701,Iván Rojas,Estructuras de Datos,11.3,45.5,67.93,Medio,Se recomienda reforzar habitos de estudio y asistencia.
E03702,Nicolás Flores,Matemática Discreta,13.1,67.2,69.8,Medio,Se recomienda reforzar habitos de estudio y asistencia.
E03703,Luis Torres,Estructuras de Datos,10.07,68.5,58.3,Alto,Requiere tutoria academica inmediata y seguimiento semanal.
E03704,Alonso Aguilar,Redes de Computadoras,13.23,35.9,50.63,Medio,Se recomienda reforzar habitos de estudio y asistencia.
E03705,Jorge Quispe,Matemática Discreta,14.43,61.2,63.5,Medio,Se recomienda reforzar habitos de estudio y asistencia.
E03706,Julio Alva,Base de Datos,13.18,90.4,82.67,Bajo,Mantener el desempeno actual; sin acciones urgentes.
E03707,Manuel Espinoza,Estructuras de Datos,10.85,73.2,66.8,Medio,Se recomienda reforzar habitos de estudio y asistencia.
E03708,Ricardo Rivas,Estructuras de Datos,14.95,90.8,67.27,Bajo,Mantener el desempeno actual; sin acciones urgentes.
E03709,Estefanía Cabrera,Base de Datos,18.05,97.3,73.7,Bajo,Mantener el desempeno actual; sin acciones urgentes.
E03710,Renata Torres,Base de Datos,8.2,88.7,58.5,Alto,Requiere tutoria academica inmediata y seguimiento semanal.
E03711,Fabián Huamán,Estructuras de Datos,9.8,70.9,54.13,Alto,Requiere tutoria academica inmediata y seguimiento semanal.
E03712,Rosa Huamán,Lenguajes de Programación,12.02,58.1,75.57,Medio,Se recomienda reforzar habitos de estudio y asistencia.
E03713,Valeria Palomino,Lenguajes de Programación,14.6,68.7,86.0,Medio,Se recomienda reforzar habitos de estudio y asistencia.
E03714,Ricardo Paredes,Matemática Discreta,8.15,51.5,66.23,Alto,Requiere tutoria academica inmediata y seguimiento semanal.
E03715,Fernanda Cabrera,Lenguajes de Programación,18.52,81.4,80.57,Bajo,Mantener el desempeno actual; sin acciones urgentes.
E03716,Sofía Delgado,Base de Datos,5.58,52.4,67.13,Alto,Requiere tutoria academica inmediata y seguimiento semanal.
E03717,Valeria Paredes,Estructuras de Datos,13.78,59.1,49.47,Medio,Se recomienda reforzar habitos de estudio y asistencia.
E03718,Renata Ortiz,Estructuras de Datos,15.3,71.4,67.1,Medio,Se recomienda reforzar habitos de estudio y asistencia.
E03719,Adrián Paredes,Estructuras de Datos,19.4,57.2,65.83,Medio,Se recomienda reforzar habitos de estudio y asistencia.
E03720,Bruno Espinoza,Base de Datos,14.75,81.1,77.33,Bajo,Mantener el desempeno actual; sin acciones urgentes.
E03721,Adrián Espinoza,Redes de Computadoras,9.32,70.7,68.47,Medio,Se recomienda reforzar habitos de estudio y asistencia.
E03722,Jorge Palomino,Matemática Discreta,19.07,51.2,48.97,Medio,Se recomienda reforzar habitos de estudio y asistencia.
E03723,Jorge Cárdenas,Base de Datos,16.68,90.1,64.93,Medio,Se recomienda reforzar habitos de estudio y asistencia.
E03724,Mateo López,Lenguajes de Programación,13.5,92.3,71.03,Bajo,Mantener el desempeno actual; sin acciones urgentes.
E03725,Mateo Chávez,Estructuras de Datos,10.2,100.0,73.03,Medio,Se recomienda reforzar habitos de estudio y asistencia.
E03726,Milagros Mamani,Estructuras de Datos,7.17,83.0,85.53,Medio,Se recomienda reforzar habitos de estudio y asistencia.
E03727,Andrés Vargas,Estructuras de Datos,14.53,95.8,70.97,Bajo,Mantener el desempeno actual; sin acciones urgentes.
E03728,Vicente García,Matemática Discreta,11.65,73.0,69.33,Medio,Se recomienda reforzar habitos de estudio y asistencia.
E03729,Camila Ortiz,Redes de Computadoras,14.88,73.0,77.67,Medio,Se recomienda reforzar habitos de estudio y asistencia.
E03730,Isabela Paredes,Estructuras de Datos,15.2,75.6,67.23,Medio,Se recomienda reforzar habitos de estudio y asistencia.
E03731,Miguel Flores,Estructuras de Datos,7.5,83.7,70.23,Medio,Se recomienda reforzar habitos de estudio y asistencia.
E03732,Alonso Torres,Estructuras de Datos,14.68,50.3,69.27,Medio,Se recomienda reforzar habitos de estudio y asistencia.
E03733,Julio Mendoza,Matemática Discreta,16.2,74.9,83.77,Medio,Se recomienda reforzar habitos de estudio y asistencia.
E03734,Alonso Mamani,Matemática Discreta,5.62,79.6,63.57,Medio,Se recomienda reforzar habitos de estudio y asistencia.
E03735,María Ortiz,Matemática Discreta,7.25,76.5,70.13,Medio,Se recomienda reforzar habitos de estudio y asistencia.
E03736,Sebastián Vargas,Estructuras de Datos,11.55,63.5,75.1,Medio,Se recomienda reforzar habitos de estudio y asistencia.
E03737,Natalia Huamán,Estructuras de Datos,15.82,85.9,74.33,Bajo,Mantener el desempeno actual; sin acciones urgentes.
E03738,Mateo Cabrera,Redes de Computadoras,11.25,84.8,68.47,Medio,Se recomienda reforzar habitos de estudio y asistencia.
E03739,Martina Cárdenas,Estructuras de Datos,10.68,61.3,73.77,Medio,Se recomienda reforzar habitos de estudio y asistencia.
E03740,Iván Reyes,Lenguajes de Programación,11.02,75.2,66.67,Medio,Se recomienda reforzar habitos de estudio y asistencia.
E03741,Daniela Soto,Lenguajes de Programación,10.65,48.2,48.33,Medio,Se recomienda reforzar habitos de estudio y asistencia.
E03742,Andrés Rivas,Estructuras de Datos,10.95,47.5,61.87,Medio,Se recomienda reforzar habitos de estudio y asistencia.
E03743,Diego Aguilar,Redes de Computadoras,11.25,97.8,99.27,Medio,Se recomienda reforzar habitos de estudio y asistencia.
E03744,Fabián López,Redes de Computadoras,12.6,72.1,75.63,Medio,Se recomienda reforzar habitos de estudio y asistencia.
E03745,Julio Huamán,Redes de Computadoras,15.32,71.4,58.53,Medio,Se recomienda reforzar habitos de estudio y asistencia.
E03746,Rosa Espinoza,Base de Datos,8.25,100.0,72.07,Medio,Se recomienda reforzar habitos de estudio y asistencia.
E03747,Manuel Soto,Redes de Computadoras,10.68,75.7,81.3,Medio,Se recomienda reforzar habitos de estudio y asistencia.
E03748,Bruno López,Redes de Computadoras,10.65,47.6,54.87,Medio,Se recomienda reforzar habitos de estudio y asistencia.
E03749,Sebastián Ortiz,Base de Datos,20.0,59.8,55.47,Medio,Se recomienda reforzar habitos de estudio y asistencia.
E03750,Rodrigo Herrera,Matemática Discreta,10.32,63.5,55.67,Alto,Requiere tutoria academica inmediata y seguimiento semanal.
E03751,Ricardo Cruz,Estructuras de Datos,17.98,70.5,74.93,Medio,Se recomienda reforzar habitos de estudio y asistencia.
E03752,Daniela Salazar,Matemática Discreta,16.43,65.6,58.4,Medio,Se recomienda reforzar habitos de estudio y asistencia.
E03753,Alonso Rivas,Redes de Computadoras,13.2,63.8,74.6,Medio,Se recomienda reforzar habitos de estudio y asistencia.
E03754,Renata Rivas,Matemática Discreta,12.25,83.1,71.03,Medio,Se recomienda reforzar habitos de estudio y asistencia.
E03755,Miguel Mendoza,Estructuras de Datos,13.0,66.7,62.97,Medio,Se recomienda reforzar habitos de estudio y asistencia.
E03756,María Paredes,Estructuras de Datos,14.73,62.5,67.5,Medio,Se recomienda reforzar habitos de estudio y asistencia.
E03757,Manuel Gutiérrez,Redes de Computadoras,13.3,77.3,71.13,Medio,Se recomienda reforzar habitos de estudio y asistencia.
E03758,Zoe Cabrera,Matemática Discreta,18.18,87.9,66.93,Bajo,Mantener el desempeno actual; sin acciones urgentes.
E03759,Julio Medina,Redes de Computadoras,9.68,100.0,91.23,Medio,Se recomienda reforzar habitos de estudio y asistencia.
E03760,Valentina Vega,Redes de Computadoras,8.57,67.2,41.5,Alto,Requiere tutoria academica inmediata y seguimiento semanal.
E03761,Isabela Alva,Base de Datos,11.23,63.9,76.3,Medio,Se recomienda reforzar habitos de estudio y asistencia.
E03762,Mateo Cabrera,Base de Datos,7.45,70.1,69.6,Medio,Se recomienda reforzar habitos de estudio y asistencia.
E03763,Alejandra Cabrera,Redes de Computadoras,4.18,72.3,58.53,Alto,Requiere tutoria academica inmediata y seguimiento semanal.
E03764,Joaquín Chávez,Lenguajes de Programación,17.1,44.5,55.23,Medio,Se recomienda reforzar habitos de estudio y asistencia.
E03765,María Delgado,Base de Datos,11.68,84.3,81.43,Medio,Se recomienda reforzar habitos de estudio y asistencia.
E03766,Camila Quispe,Lenguajes de Programación,12.93,71.3,62.63,Medio,Se recomienda reforzar habitos de estudio y asistencia.
E03767,Natalia Palomino,Matemática Discreta,14.22,53.8,47.33,Medio,Se recomienda reforzar habitos de estudio y asistencia.
E03768,Milagros Cabrera,Matemática Discreta,12.38,83.6,70.9,Medio,Se recomienda reforzar habitos de estudio y asistencia.
E03769,Emilio Castillo,Lenguajes de Programación,15.1,67.9,89.3,Medio,Se recomienda reforzar habitos de estudio y asistencia.
E03770,Valeria Rivas,Matemática Discreta,11.05,74.7,70.0,Medio,Se recomienda reforzar habitos de estudio y asistencia.
E03771,Carlos Ortiz,Base de Datos,10.72,77.6,68.07,Medio,Se recomienda reforzar habitos de estudio y asistencia.
E03772,Ricardo Ramírez,Lenguajes de Programación,16.0,55.1,56.7,Medio,Se recomienda reforzar habitos de estudio y asistencia.
E03773,Mateo Palomino,Matemática Discreta,14.18,63.0,56.8,Medio,Se recomienda reforzar habitos de estudio y asistencia.
E03774,Manuel Pérez,Matemática Discreta,20.0,52.7,65.53,Medio,Se recomienda reforzar habitos de estudio y asistencia.
E03775,Mateo Vega,Matemática Discreta,11.25,100.0,74.5,Medio,Se recomienda reforzar habitos de estudio y asistencia.
E03776,Mateo Sánchez,Lenguajes de Programación,14.52,92.0,90.67,Bajo,Mantener el desempeno actual; sin acciones urgentes.
E03777,Paula Reyes,Base de Datos,12.1,71.8,59.6,Medio,Se recomienda reforzar habitos de estudio y asistencia.
E03778,Diego Delgado,Lenguajes de Programación,17.68,99.0,91.97,Bajo,Mantener el desempeno actual; sin acciones urgentes.
E03779,Diego Cruz,Matemática Discreta,10.85,74.0,66.43,Medio,Se recomienda reforzar habitos de estudio y asistencia.
E03780,Franco Mendoza,Lenguajes de Programación,15.2,61.4,83.4,Medio,Se recomienda reforzar habitos de estudio y asistencia.
E03781,Bruno Espinoza,Matemática Discreta,13.57,70.0,68.73,Medio,Se recomienda reforzar habitos de estudio y asistencia.
E03782,Gabriela Salazar,Matemática Discreta,15.15,70.2,62.93,Medio,Se recomienda reforzar habitos de estudio y asistencia.
E03783,Milagros Medina,Lenguajes de Programación,8.47,100.0,78.67,Medio,Se recomienda reforzar habitos de estudio y asistencia.
E03784,Mateo Paredes,Matemática Discreta,19.3,74.7,55.0,Medio,Se recomienda reforzar habitos de estudio y asistencia.
E03785,Natalia Sánchez,Matemática Discreta,12.95,65.5,75.43,Medio,Se recomienda reforzar habitos de estudio y asistencia.
E03786,Martina Delgado,Redes de Computadoras,12.52,63.3,58.53,Medio,Se recomienda reforzar habitos de estudio y asistencia.
E03787,Jorge Mendoza,Estructuras de Datos,14.95,61.9,66.1,Medio,Se recomienda reforzar habitos de estudio y asistencia.
E03788,Daniela Vargas,Matemática Discreta,8.57,87.5,79.2,Medio,Se recomienda reforzar habitos de estudio y asistencia.
E03789,Sofía López,Estructuras de Datos,14.93,55.2,40.33,Medio,Se recomienda reforzar habitos de estudio y asistencia.
E03790,Zoe Espinoza,Redes de Computadoras,10.6,63.3,77.8,Medio,Se recomienda reforzar habitos de estudio y asistencia.
E03791,Fernanda Ortiz,Redes de Computadoras,14.88,62.0,53.73,Medio,Se recomienda reforzar habitos de estudio y asistencia.
E03792,Milagros Ponce,Lenguajes de Programación,8.1,73.6,60.57,Medio,Se recomienda reforzar habitos de estudio y asistencia.
E03793,Milagros Aguilar,Matemática Discreta,10.1,73.1,77.7,Medio,Se recomienda reforzar habitos de estudio y asistencia.
E03794,Natalia Vega,Matemática Discreta,11.68,68.7,66.47,Medio,Se recomienda reforzar habitos de estudio y asistencia.
E03795,Renata Aguilar,Lenguajes de Programación,9.6,100.0,66.97,Medio,Se recomienda reforzar habitos de estudio y asistencia.
E03796,Adrián Rojas,Matemática Discreta,9.05,54.0,69.5,Alto,Requiere tutoria academica inmediata y seguimiento semanal.
E03797,Carlos Paredes,Base de Datos,13.95,75.2,64.4,Medio,Se recomienda reforzar habitos de estudio y asistencia.
E03798,Milagros Paredes,Matemática Discreta,13.32,64.6,74.87,Medio,Se recomienda reforzar habitos de estudio y asistencia.
E03799,Ricardo Alva,Matemática Discreta,14.05,94.2,68.63,Bajo,Mantener el desempeno actual; sin acciones urgentes.
E03800,Ximena Salazar,Matemática Discreta,12.35,33.9,70.8,Medio,Se recomienda reforzar habitos de estudio y asistencia.
E03801,Joaquín Palomino,Estructuras de Datos,18.35,29.9,39.3,Medio,Se recomienda reforzar habitos de estudio y asistencia.
E03802,Alonso Vega,Lenguajes de Programación,8.43,94.7,75.4,Medio,Se recomienda reforzar habitos de estudio y asistencia.
E03803,Carlos Mamani,Matemática Discreta,11.0,82.5,70.7,Medio,Se recomienda reforzar habitos de estudio y asistencia.
E03804,Carlos García,Matemática Discreta,14.2,76.2,75.9,Medio,Se recomienda reforzar habitos de estudio y asistencia.
E03805,Valentina Castillo,Base de Datos,1.0,76.5,77.87,Medio,Se recomienda reforzar habitos de estudio y asistencia.
E03806,Sofía Gutiérrez,Estructuras de Datos,16.42,75.2,76.03,Medio,Se recomienda reforzar habitos de estudio y asistencia.
E03807,Ximena Espinoza,Estructuras de Datos,15.1,82.0,60.3,Medio,Se recomienda reforzar habitos de estudio y asistencia.
E03808,Zoe Espinoza,Matemática Discreta,16.15,79.9,58.63,Medio,Se recomienda reforzar habitos de estudio y asistencia.
E03809,Sofía Palomino,Redes de Computadoras,10.77,76.5,72.8,Medio,Se recomienda reforzar habitos de estudio y asistencia.
E03810,Luis Rojas,Matemática Discreta,15.97,56.8,55.13,Medio,Se recomienda reforzar habitos de estudio y asistencia.
E03811,Fernanda Cabrera,Estructuras de Datos,7.42,64.5,53.97,Alto,Requiere tutoria academica inmediata y seguimiento semanal.
E03812,Julio Soto,Estructuras de Datos,15.52,80.5,77.67,Bajo,Mantener el desempeno actual; sin acciones urgentes.
E03813,Paula Quispe,Matemática Discreta,15.53,58.0,56.07,Medio,Se recomienda reforzar habitos de estudio y asistencia.
E03814,Estefanía Reyes,Lenguajes de Programación,15.03,54.2,61.87,Medio,Se recomienda reforzar habitos de estudio y asistencia.
E03815,Martina Mendoza,Lenguajes de Programación,16.27,57.3,67.77,Medio,Se recomienda reforzar habitos de estudio y asistencia.
E03816,Mateo Cárdenas,Matemática Discreta,8.28,59.6,70.13,Alto,Requiere tutoria academica inmediata y seguimiento semanal.
E03817,Nicolás López,Redes de Computadoras,13.3,77.5,53.07,Medio,Se recomienda reforzar habitos de estudio y asistencia.
E03818,Isabela Ortiz,Redes de Computadoras,18.27,66.7,67.9,Medio,Se recomienda reforzar habitos de estudio y asistencia.
E03819,Alonso Alva,Estructuras de Datos,17.5,46.1,42.93,Medio,Se recomienda reforzar habitos de estudio y asistencia.
E03820,Antonella Flores,Matemática Discreta,8.72,76.3,61.9,Medio,Se recomienda reforzar habitos de estudio y asistencia.
E03821,Ricardo Chávez,Matemática Discreta,9.68,68.6,49.73,Alto,Requiere tutoria academica inmediata y seguimiento semanal.
E03822,Joaquín Palomino,Estructuras de Datos,10.65,63.4,67.8,Medio,Se recomienda reforzar habitos de estudio y asistencia.
E03823,Isabela Cabrera,Redes de Computadoras,15.05,81.3,70.6,Bajo,Mantener el desempeno actual; sin acciones urgentes.
E03824,Ricardo Quispe,Base de Datos,12.3,86.3,86.13,Medio,Se recomienda reforzar habitos de estudio y asistencia.
E03825,Gabriela Torres,Base de Datos,11.05,72.8,78.57,Medio,Se recomienda reforzar habitos de estudio y asistencia.
E03826,Fernanda Chávez,Redes de Computadoras,13.47,55.9,70.5,Medio,Se recomienda reforzar habitos de estudio y asistencia.
E03827,Adrián Aguilar,Matemática Discreta,13.32,66.5,78.87,Medio,Se recomienda reforzar habitos de estudio y asistencia.
E03828,Alonso Palomino,Base de Datos,17.27,58.9,61.9,Medio,Se recomienda reforzar habitos de estudio y asistencia.
E03829,Tomás Mendoza,Matemática Discreta,11.95,58.3,71.37,Medio,Se recomienda reforzar habitos de estudio y asistencia.
E03830,Rosa Alva,Matemática Discreta,12.55,63.6,74.53,Medio,Se recomienda reforzar habitos de estudio y asistencia.
E03831,Estefanía Soto,Redes de Computadoras,10.2,61.5,66.57,Alto,Requiere tutoria academica inmediata y seguimiento semanal.
E03832,Camila Ponce,Lenguajes de Programación,16.77,87.7,84.77,Bajo,Mantener el desempeno actual; sin acciones urgentes.
E03833,Carlos Rivas,Lenguajes de Programación,7.45,91.2,70.87,Medio,Se recomienda reforzar habitos de estudio y asistencia.
E03834,Ximena Herrera,Redes de Computadoras,5.8,100.0,85.1,Medio,Se recomienda reforzar habitos de estudio y asistencia.
E03835,Andrés Medina,Base de Datos,2.5,73.9,81.67,Medio,Se recomienda reforzar habitos de estudio y asistencia.
E03836,Iván Gutiérrez,Estructuras de Datos,15.22,69.2,61.5,Medio,Se recomienda reforzar habitos de estudio y asistencia.
E03837,María Ortiz,Redes de Computadoras,9.53,80.4,72.13,Medio,Se recomienda reforzar habitos de estudio y asistencia.
E03838,Franco Delgado,Redes de Computadoras,10.78,65.6,63.5,Medio,Se recomienda reforzar habitos de estudio y asistencia.
E03839,Carlos Cruz,Lenguajes de Programación,9.62,76.8,74.77,Medio,Se recomienda reforzar habitos de estudio y asistencia.
E03840,Franco Zapata,Estructuras de Datos,16.12,71.2,71.57,Medio,Se recomienda reforzar habitos de estudio y asistencia.
E03841,Fabián Medina,Lenguajes de Programación,17.77,74.4,84.8,Medio,Se recomienda reforzar habitos de estudio y asistencia.
E03842,Valeria Alva,Base de Datos,10.65,85.6,73.5,Medio,Se recomienda reforzar habitos de estudio y asistencia.
E03843,Mateo López,Estructuras de Datos,11.47,48.0,69.33,Medio,Se recomienda reforzar habitos de estudio y asistencia.
E03844,Emilio Paredes,Matemática Discreta,15.25,94.8,90.1,Bajo,Mantener el desempeno actual; sin acciones urgentes.
E03845,Alejandra Zapata,Matemática Discreta,13.3,68.3,58.87,Medio,Se recomienda reforzar habitos de estudio y asistencia.
E03846,Daniela Chávez,Lenguajes de Programación,17.8,66.8,80.8,Medio,Se recomienda reforzar habitos de estudio y asistencia.
E03847,Bruno Alva,Estructuras de Datos,18.67,67.0,82.63,Medio,Se recomienda reforzar habitos de estudio y asistencia.
E03848,María Sánchez,Redes de Computadoras,15.53,22.1,53.2,Medio,Se recomienda reforzar habitos de estudio y asistencia.
E03849,Manuel Soto,Lenguajes de Programación,13.2,88.2,82.73,Bajo,Mantener el desempeno actual; sin acciones urgentes.
E03850,Isabela Paredes,Base de Datos,12.65,69.7,63.43,Medio,Se recomienda reforzar habitos de estudio y asistencia.
E03851,Iván Mendoza,Matemática Discreta,9.65,63.3,77.77,Alto,Requiere tutoria academica inmediata y seguimiento semanal.
E03852,Ximena Reyes,Matemática Discreta,15.2,99.9,77.63,Bajo,Mantener el desempeno actual; sin acciones urgentes.
E03853,Daniela García,Estructuras de Datos,12.95,86.9,82.03,Medio,Se recomienda reforzar habitos de estudio y asistencia.
E03854,Valentina Gutiérrez,Base de Datos,15.15,41.0,60.83,Medio,Se recomienda reforzar habitos de estudio y asistencia.
E03855,Martina Alva,Lenguajes de Programación,13.0,52.4,44.4,Medio,Se recomienda reforzar habitos de estudio y asistencia.
E03856,Vicente Herrera,Estructuras de Datos,16.23,87.4,88.2,Bajo,Mantener el desempeno actual; sin acciones urgentes.
E03857,Lucía Ponce,Lenguajes de Programación,9.77,59.6,56.37,Alto,Requiere tutoria academica inmediata y seguimiento semanal.
E03858,Adrián Cruz,Base de Datos,10.22,69.2,57.77,Alto,Requiere tutoria academica inmediata y seguimiento semanal.
E03859,Sebastián Ortiz,Estructuras de Datos,13.93,72.5,42.0,Medio,Se recomienda reforzar habitos de estudio y asistencia.
E03860,Alejandra Herrera,Base de Datos,10.65,86.7,83.4,Medio,Se recomienda reforzar habitos de estudio y asistencia.
E03861,Alonso Gutiérrez,Base de Datos,14.32,84.9,71.83,Bajo,Mantener el desempeno actual; sin acciones urgentes.
E03862,Fernanda Zapata,Matemática Discreta,12.55,77.4,70.9,Medio,Se recomienda reforzar habitos de estudio y asistencia.
E03863,Milagros Huamán,Estructuras de Datos,14.18,100.0,71.0,Bajo,Mantener el desempeno actual; sin acciones urgentes.
E03864,Andrés López,Redes de Computadoras,9.62,57.6,50.6,Alto,Requiere tutoria academica inmediata y seguimiento semanal.
E03865,Natalia Cabrera,Redes de Computadoras,16.75,68.7,55.13,Medio,Se recomienda reforzar habitos de estudio y asistencia.
E03866,Luis García,Lenguajes de Programación,13.48,40.5,43.33,Medio,Se recomienda reforzar habitos de estudio y asistencia.
E03867,Rosa Chávez,Matemática Discreta,3.83,29.4,58.63,Alto,Requiere tutoria academica inmediata y seguimiento semanal.
E03868,Ana Vargas,Lenguajes de Programación,10.05,53.9,57.87,Alto,Requiere tutoria academica inmediata y seguimiento semanal.
E03869,Isabela Paredes,Base de Datos,10.9,89.5,83.17,Medio,Se recomienda reforzar habitos de estudio y asistencia.
E03870,Emilio Ortiz,Matemática Discreta,12.97,90.6,76.33,Medio,Se recomienda reforzar habitos de estudio y asistencia.
E03871,Mateo Sánchez,Redes de Computadoras,19.35,100.0,81.87,Bajo,Mantener el desempeno actual; sin acciones urgentes.
E03872,Tomás Ramírez,Estructuras de Datos,9.12,100.0,72.47,Medio,Se recomienda reforzar habitos de estudio y asistencia.
E03873,Mateo Palomino,Lenguajes de Programación,12.1,86.5,67.93,Medio,Se recomienda reforzar habitos de estudio y asistencia.
E03874,Miguel Soto,Lenguajes de Programación,11.53,64.0,74.67,Medio,Se recomienda reforzar habitos de estudio y asistencia.
E03875,Ricardo López,Estructuras de Datos,8.75,65.7,70.33,Alto,Requiere tutoria academica inmediata y seguimiento semanal.
E03876,Adrián Pérez,Base de Datos,11.9,86.6,63.2,Medio,Se recomienda reforzar habitos de estudio y asistencia.
E03877,Alejandra Mendoza,Lenguajes de Programación,14.93,69.3,61.37,Medio,Se recomienda reforzar habitos de estudio y asistencia.
E03878,Daniela Herrera,Lenguajes de Programación,6.12,94.8,70.47,Medio,Se recomienda reforzar habitos de estudio y asistencia.
E03879,Fernanda Ramírez,Redes de Computadoras,15.45,56.6,57.6,Medio,Se recomienda reforzar habitos de estudio y asistencia.
E03880,Daniela Aguilar,Lenguajes de Programación,18.62,90.9,70.83,Bajo,Mantener el desempeno actual; sin acciones urgentes.
E03881,Emilia Cabrera,Matemática Discreta,8.95,63.2,64.43,Alto,Requiere tutoria academica inmediata y seguimiento semanal.
E03882,Fernanda Rivas,Base de Datos,12.15,72.3,71.4,Medio,Se recomienda reforzar habitos de estudio y asistencia.
E03883,Diego Sánchez,Estructuras de Datos,15.1,89.0,73.4,Bajo,Mantener el desempeno actual; sin acciones urgentes.
E03884,Emilio Castillo,Lenguajes de Programación,19.32,46.6,51.7,Medio,Se recomienda reforzar habitos de estudio y asistencia.
E03885,Valentina Paredes,Base de Datos,11.98,73.3,65.77,Medio,Se recomienda reforzar habitos de estudio y asistencia.
E03886,Milagros Medina,Redes de Computadoras,19.18,82.7,66.0,Bajo,Mantener el desempeno actual; sin acciones urgentes.
E03887,Valeria Reyes,Base de Datos,19.07,81.7,72.27,Bajo,Mantener el desempeno actual; sin acciones urgentes.
E03888,Bruno Ponce,Estructuras de Datos,11.85,63.3,51.97,Medio,Se recomienda reforzar habitos de estudio y asistencia.
E03889,Alejandra Ortiz,Lenguajes de Programación,17.45,37.5,66.9,Medio,Se recomienda reforzar habitos de estudio y asistencia.
E03890,Alonso Chávez,Redes de Computadoras,17.85,69.2,55.93,Medio,Se recomienda reforzar habitos de estudio y asistencia.
E03891,Tomás Espinoza,Estructuras de Datos,15.53,79.4,64.7,Medio,Se recomienda reforzar habitos de estudio y asistencia.
E03892,María López,Estructuras de Datos,13.53,64.7,64.17,Medio,Se recomienda reforzar habitos de estudio y asistencia.
E03893,Isabela Cárdenas,Estructuras de Datos,13.23,84.4,67.97,Bajo,Mantener el desempeno actual; sin acciones urgentes.
E03894,Ximena Zapata,Estructuras de Datos,14.28,96.6,65.57,Bajo,Mantener el desempeno actual; sin acciones urgentes.
E03895,Sofía Zapata,Redes de Computadoras,19.23,66.5,72.8,Medio,Se recomienda reforzar habitos de estudio y asistencia.
E03896,Iván Cárdenas,Base de Datos,11.82,100.0,78.3,Medio,Se recomienda reforzar habitos de estudio y asistencia.
E03897,Valeria Chávez,Base de Datos,10.25,72.3,60.77,Medio,Se recomienda reforzar habitos de estudio y asistencia.
E03898,Adrián Ortiz,Lenguajes de Programación,11.77,63.4,57.77,Medio,Se recomienda reforzar habitos de estudio y asistencia.
E03899,Nicolás Soto,Redes de Computadoras,7.7,51.4,62.23,Alto,Requiere tutoria academica inmediata y seguimiento semanal.
E03900,Daniela Medina,Matemática Discreta,12.4,56.2,51.3,Medio,Se recomienda reforzar habitos de estudio y asistencia.
E03901,Joaquín Flores,Base de Datos,11.65,62.4,68.33,Medio,Se recomienda reforzar habitos de estudio y asistencia.
E03902,Rodrigo Espinoza,Lenguajes de Programación,14.12,77.6,92.53,Medio,Se recomienda reforzar habitos de estudio y asistencia.
E03903,Valeria Vega,Base de Datos,12.15,87.0,67.03,Medio,Se recomienda reforzar habitos de estudio y asistencia.
E03904,Bruno Ramírez,Matemática Discreta,13.43,78.3,87.27,Medio,Se recomienda reforzar habitos de estudio y asistencia.
E03905,Franco Sánchez,Base de Datos,17.48,92.8,94.97,Bajo,Mantener el desempeno actual; sin acciones urgentes.
E03906,Paula Zapata,Estructuras de Datos,17.67,95.1,84.37,Bajo,Mantener el desempeno actual; sin acciones urgentes.
E03907,Valeria Aguilar,Matemática Discreta,17.65,74.2,81.27,Medio,Se recomienda reforzar habitos de estudio y asistencia.
E03908,Renata Flores,Matemática Discreta,14.1,42.8,53.9,Medio,Se recomienda reforzar habitos de estudio y asistencia.
E03909,Isabela Ponce,Redes de Computadoras,6.38,75.1,65.2,Medio,Se recomienda reforzar habitos de estudio y asistencia.
E03910,Valentina Herrera,Estructuras de Datos,13.98,87.9,63.6,Medio,Se recomienda reforzar habitos de estudio y asistencia.
E03911,Daniela Ortiz,Estructuras de Datos,14.45,46.4,59.93,Medio,Se recomienda reforzar habitos de estudio y asistencia.
E03912,Rodrigo Sánchez,Estructuras de Datos,10.43,40.2,38.13,Alto,Requiere tutoria academica inmediata y seguimiento semanal.
E03913,Renata Cruz,Lenguajes de Programación,12.43,64.8,56.83,Medio,Se recomienda reforzar habitos de estudio y asistencia.
E03914,Mateo Aguilar,Base de Datos,8.82,33.0,54.5,Alto,Requiere tutoria academica inmediata y seguimiento semanal.
E03915,Tomás Salazar,Estructuras de Datos,8.65,79.4,75.6,Medio,Se recomienda reforzar habitos de estudio y asistencia.
E03916,Paula Cruz,Estructuras de Datos,7.95,88.1,75.4,Medio,Se recomienda reforzar habitos de estudio y asistencia.
E03917,Isabela Zapata,Base de Datos,9.38,79.4,68.9,Medio,Se recomienda reforzar habitos de estudio y asistencia.
E03918,Camila Ponce,Base de Datos,13.68,61.7,60.0,Medio,Se recomienda reforzar habitos de estudio y asistencia.
E03919,Luis Reyes,Lenguajes de Programación,11.45,56.1,64.43,Medio,Se recomienda reforzar habitos de estudio y asistencia.
E03920,María Reyes,Lenguajes de Programación,12.4,96.1,74.53,Medio,Se recomienda reforzar habitos de estudio y asistencia.
E03921,Franco Palomino,Estructuras de Datos,18.67,57.4,57.57,Medio,Se recomienda reforzar habitos de estudio y asistencia.
E03922,Ricardo García,Redes de Computadoras,17.15,99.8,77.2,Bajo,Mantener el desempeno actual; sin acciones urgentes.
E03923,Carlos Pérez,Base de Datos,10.65,61.0,63.2,Medio,Se recomienda reforzar habitos de estudio y asistencia.
E03924,Adrián Chávez,Estructuras de Datos,13.93,72.3,84.1,Medio,Se recomienda reforzar habitos de estudio y asistencia.
E03925,María Chávez,Estructuras de Datos,6.85,95.5,76.33,Medio,Se recomienda reforzar habitos de estudio y asistencia.
E03926,Milagros Rivas,Estructuras de Datos,14.65,87.0,59.77,Medio,Se recomienda reforzar habitos de estudio y asistencia.
E03927,Mateo Cárdenas,Matemática Discreta,11.43,80.2,86.73,Medio,Se recomienda reforzar habitos de estudio y asistencia.
E03928,Daniela Huamán,Matemática Discreta,10.7,53.9,64.83,Medio,Se recomienda reforzar habitos de estudio y asistencia.
E03929,Valeria Rodríguez,Lenguajes de Programación,12.32,61.5,64.17,Medio,Se recomienda reforzar habitos de estudio y asistencia.
E03930,Miguel Rodríguez,Lenguajes de Programación,14.07,89.2,65.93,Bajo,Mantener el desempeno actual; sin acciones urgentes.
E03931,Diego López,Base de Datos,17.55,100.0,77.47,Bajo,Mantener el desempeno actual; sin acciones urgentes.
E03932,Antonella Salazar,Redes de Computadoras,11.75,51.5,55.53,Medio,Se recomienda reforzar habitos de estudio y asistencia.
E03933,Camila Zapata,Redes de Computadoras,13.27,82.4,67.67,Bajo,Mantener el desempeno actual; sin acciones urgentes.
E03934,Natalia Pérez,Base de Datos,17.83,93.3,73.67,Bajo,Mantener el desempeno actual; sin acciones urgentes.
E03935,Andrés Vega,Matemática Discreta,16.93,69.4,66.13,Medio,Se recomienda reforzar habitos de estudio y asistencia.
E03936,Emilio Palomino,Matemática Discreta,6.0,87.8,63.87,Medio,Se recomienda reforzar habitos de estudio y asistencia.
E03937,Manuel García,Redes de Computadoras,17.82,62.0,49.63,Medio,Se recomienda reforzar habitos de estudio y asistencia.
E03938,Natalia Delgado,Matemática Discreta,18.7,77.3,64.07,Medio,Se recomienda reforzar habitos de estudio y asistencia.
E03939,Renata Rodríguez,Redes de Computadoras,19.48,66.3,60.2,Medio,Se recomienda reforzar habitos de estudio y asistencia.
E03940,Joaquín Soto,Matemática Discreta,14.4,60.7,62.07,Medio,Se recomienda reforzar habitos de estudio y asistencia.
E03941,Martina Quispe,Base de Datos,15.25,56.5,67.83,Medio,Se recomienda reforzar habitos de estudio y asistencia.
E03942,Ximena Ponce,Estructuras de Datos,9.5,83.8,74.6,Medio,Se recomienda reforzar habitos de estudio y asistencia.
E03943,Paula Soto,Redes de Computadoras,9.8,67.0,71.77,Alto,Requiere tutoria academica inmediata y seguimiento semanal.
E03944,Daniela Medina,Redes de Computadoras,10.38,65.2,56.43,Alto,Requiere tutoria academica inmediata y seguimiento semanal.
E03945,María Cruz,Estructuras de Datos,17.3,72.5,71.7,Medio,Se recomienda reforzar habitos de estudio y asistencia.
E03946,Ana Rojas,Redes de Computadoras,12.43,63.9,56.97,Medio,Se recomienda reforzar habitos de estudio y asistencia.
E03947,Camila Torres,Base de Datos,16.73,66.0,66.5,Medio,Se recomienda reforzar habitos de estudio y asistencia.
E03948,Natalia Torres,Matemática Discreta,13.12,34.3,68.57,Medio,Se recomienda reforzar habitos de estudio y asistencia.
E03949,Joaquín Quispe,Lenguajes de Programación,14.15,76.1,55.03,Medio,Se recomienda reforzar habitos de estudio y asistencia.
E03950,Natalia Sánchez,Base de Datos,14.62,62.3,80.43,Medio,Se recomienda reforzar habitos de estudio y asistencia.
E03951,Andrés Cabrera,Lenguajes de Programación,14.8,56.5,65.4,Medio,Se recomienda reforzar habitos de estudio y asistencia.
E03952,Renata Salazar,Base de Datos,12.35,88.8,82.93,Medio,Se recomienda reforzar habitos de estudio y asistencia.
E03953,Nicolás Sánchez,Matemática Discreta,3.95,73.9,68.2,Medio,Se recomienda reforzar habitos de estudio y asistencia.
E03954,Lucía Ramírez,Lenguajes de Programación,10.2,40.3,66.7,Alto,Requiere tutoria academica inmediata y seguimiento semanal.
E03955,Carlos Palomino,Base de Datos,7.15,69.8,56.43,Alto,Requiere tutoria academica inmediata y seguimiento semanal.
E03956,Sofía Cabrera,Base de Datos,12.78,43.4,43.07,Medio,Se recomienda reforzar habitos de estudio y asistencia.
E03957,Isabela Reyes,Estructuras de Datos,10.6,73.5,67.43,Medio,Se recomienda reforzar habitos de estudio y asistencia.
E03958,Iván Quispe,Redes de Computadoras,16.68,39.3,54.63,Medio,Se recomienda reforzar habitos de estudio y asistencia.
E03959,Milagros Vega,Lenguajes de Programación,13.6,42.0,40.07,Medio,Se recomienda reforzar habitos de estudio y asistencia.
E03960,Paula Vargas,Matemática Discreta,11.47,67.0,57.5,Medio,Se recomienda reforzar habitos de estudio y asistencia.
E03961,Rodrigo Herrera,Estructuras de Datos,16.1,63.3,55.8,Medio,Se recomienda reforzar habitos de estudio y asistencia.
E03962,Estefanía Espinoza,Estructuras de Datos,14.1,54.6,58.3,Medio,Se recomienda reforzar habitos de estudio y asistencia.
E03963,Adrián Huamán,Redes de Computadoras,7.3,79.5,71.77,Medio,Se recomienda reforzar habitos de estudio y asistencia.
E03964,Mateo Gutiérrez,Base de Datos,13.93,90.0,77.8,Bajo,Mantener el desempeno actual; sin acciones urgentes.
E03965,Zoe Ortiz,Estructuras de Datos,13.23,66.2,53.83,Medio,Se recomienda reforzar habitos de estudio y asistencia.
E03966,Joaquín Cabrera,Lenguajes de Programación,17.73,78.1,67.0,Medio,Se recomienda reforzar habitos de estudio y asistencia.
E03967,Adrián Sánchez,Lenguajes de Programación,11.12,60.3,59.43,Medio,Se recomienda reforzar habitos de estudio y asistencia.
E03968,Lucía Mamani,Estructuras de Datos,18.25,89.6,65.17,Bajo,Mantener el desempeno actual; sin acciones urgentes.
E03969,Franco Vega,Base de Datos,12.88,98.7,84.83,Medio,Se recomienda reforzar habitos de estudio y asistencia.
E03970,Martina Zapata,Base de Datos,19.5,87.4,80.77,Bajo,Mantener el desempeno actual; sin acciones urgentes.
E03971,Ricardo Chávez,Matemática Discreta,16.2,96.9,85.63,Bajo,Mantener el desempeno actual; sin acciones urgentes.
E03972,Martina Cabrera,Redes de Computadoras,15.45,60.9,55.4,Medio,Se recomienda reforzar habitos de estudio y asistencia.
E03973,Iván Gutiérrez,Matemática Discreta,10.97,59.5,69.77,Medio,Se recomienda reforzar habitos de estudio y asistencia.
E03974,Antonella Reyes,Lenguajes de Programación,17.55,57.7,62.43,Medio,Se recomienda reforzar habitos de estudio y asistencia.
E03975,Alejandra Torres,Base de Datos,11.38,85.1,61.33,Medio,Se recomienda reforzar habitos de estudio y asistencia.
E03976,Nicolás Palomino,Redes de Computadoras,13.95,35.6,49.37,Medio,Se recomienda reforzar habitos de estudio y asistencia.
E03977,Antonella Gutiérrez,Lenguajes de Programación,13.3,72.1,76.03,Medio,Se recomienda reforzar habitos de estudio y asistencia.
E03978,Sebastián López,Estructuras de Datos,15.28,44.6,61.27,Medio,Se recomienda reforzar habitos de estudio y asistencia.
E03979,Renata Pérez,Base de Datos,11.7,84.7,71.27,Medio,Se recomienda reforzar habitos de estudio y asistencia.
E03980,Lucía Paredes,Lenguajes de Programación,11.88,91.1,80.33,Medio,Se recomienda reforzar habitos de estudio y asistencia.
E03981,Joaquín Cruz,Matemática Discreta,14.27,84.3,73.33,Bajo,Mantener el desempeno actual; sin acciones urgentes.
E03982,Diego Alva,Matemática Discreta,15.18,66.8,58.13,Medio,Se recomienda reforzar habitos de estudio y asistencia.
E03983,Emilio Vargas,Lenguajes de Programación,13.2,63.0,71.37,Medio,Se recomienda reforzar habitos de estudio y asistencia.
E03984,Martina Zapata,Redes de Computadoras,12.93,100.0,78.2,Medio,Se recomienda reforzar habitos de estudio y asistencia.
E03985,Lucía Quispe,Estructuras de Datos,7.85,88.6,69.17,Medio,Se recomienda reforzar habitos de estudio y asistencia.
E03986,Rosa Rojas,Redes de Computadoras,15.22,85.7,70.83,Bajo,Mantener el desempeno actual; sin acciones urgentes.
E03987,Ana Vargas,Lenguajes de Programación,18.98,64.7,73.97,Medio,Se recomienda reforzar habitos de estudio y asistencia.
E03988,Valentina García,Matemática Discreta,19.65,70.5,58.5,Medio,Se recomienda reforzar habitos de estudio y asistencia.
E03989,Mateo Espinoza,Base de Datos,5.72,77.7,64.43,Medio,Se recomienda reforzar habitos de estudio y asistencia.
E03990,Manuel Rivas,Estructuras de Datos,10.68,64.6,58.17,Medio,Se recomienda reforzar habitos de estudio y asistencia.
E03991,Diego Vega,Matemática Discreta,11.88,100.0,77.93,Medio,Se recomienda reforzar habitos de estudio y asistencia.
E03992,Bruno Delgado,Redes de Computadoras,16.77,93.3,77.77,Bajo,Mantener el desempeno actual; sin acciones urgentes.
E03993,Renata Torres,Estructuras de Datos,9.3,59.3,45.3,Alto,Requiere tutoria academica inmediata y seguimiento semanal.
E03994,Carlos Sánchez,Redes de Computadoras,8.3,100.0,92.57,Medio,Se recomienda reforzar habitos de estudio y asistencia.
E03995,Milagros Ponce,Lenguajes de Programación,20.0,86.9,62.37,Medio,Se recomienda reforzar habitos de estudio y asistencia.
E03996,Sebastián Cárdenas,Redes de Computadoras,16.0,65.4,54.5,Medio,Se recomienda reforzar habitos de estudio y asistencia.
E03997,Natalia Zapata,Base de Datos,9.3,89.7,70.0,Medio,Se recomienda reforzar habitos de estudio y asistencia.
E03998,Milagros López,Redes de Computadoras,5.1,80.8,73.83,Medio,Se recomienda reforzar habitos de estudio y asistencia.
E03999,Alejandra Palomino,Redes de Computadoras,15.3,98.4,71.77,Bajo,Mantener el desempeno actual; sin acciones urgentes.
E04000,Estefanía Pérez,Matemática Discreta,13.23,84.4,77.2,Bajo,Mantener el desempeno actual; sin acciones urgentes.
E04001,Tomás Sánchez,Matemática Discreta,17.35,91.2,79.43,Bajo,Mantener el desempeno actual; sin acciones urgentes.
E04002,Antonella Ponce,Base de Datos,19.6,100.0,85.57,Bajo,Mantener el desempeno actual; sin acciones urgentes.
E04003,Nicolás García,Matemática Discreta,5.6,77.7,75.3,Medio,Se recomienda reforzar habitos de estudio y asistencia.
E04004,Milagros Vargas,Base de Datos,15.07,96.1,84.93,Bajo,Mantener el desempeno actual; sin acciones urgentes.
E04005,Camila Palomino,Lenguajes de Programación,17.65,73.1,70.17,Medio,Se recomienda reforzar habitos de estudio y asistencia.
E04006,Estefanía Sánchez,Matemática Discreta,9.22,74.9,67.37,Medio,Se recomienda reforzar habitos de estudio y asistencia.
E04007,Julio Mamani,Base de Datos,4.73,55.1,57.27,Alto,Requiere tutoria academica inmediata y seguimiento semanal.
E04008,Milagros Flores,Redes de Computadoras,19.45,35.3,63.7,Medio,Se recomienda reforzar habitos de estudio y asistencia.
E04009,María Sánchez,Estructuras de Datos,11.25,79.3,86.07,Medio,Se recomienda reforzar habitos de estudio y asistencia.
E04010,Manuel Sánchez,Base de Datos,13.77,82.4,79.67,Bajo,Mantener el desempeno actual; sin acciones urgentes.
E04011,Ana Soto,Base de Datos,10.62,100.0,73.17,Medio,Se recomienda reforzar habitos de estudio y asistencia.
E04012,Andrés Rodríguez,Matemática Discreta,12.18,83.1,77.13,Medio,Se recomienda reforzar habitos de estudio y asistencia.
E04013,Alonso Vega,Estructuras de Datos,15.15,89.1,84.5,Bajo,Mantener el desempeno actual; sin acciones urgentes.
E04014,Paula Soto,Base de Datos,13.52,63.1,84.97,Medio,Se recomienda reforzar habitos de estudio y asistencia.
E04015,Gabriela Espinoza,Estructuras de Datos,9.55,63.7,87.9,Alto,Requiere tutoria academica inmediata y seguimiento semanal.
E04016,Lucía Quispe,Redes de Computadoras,19.05,73.5,66.0,Medio,Se recomienda reforzar habitos de estudio y asistencia.
E04017,Daniela Vargas,Base de Datos,17.43,82.6,75.57,Bajo,Mantener el desempeno actual; sin acciones urgentes.
E04018,Nicolás Espinoza,Base de Datos,15.12,89.8,58.47,Medio,Se recomienda reforzar habitos de estudio y asistencia.
E04019,Emilia Ponce,Matemática Discreta,10.12,54.8,60.87,Alto,Requiere tutoria academica inmediata y seguimiento semanal.
E04020,Julio Vargas,Redes de Computadoras,11.2,100.0,85.7,Medio,Se recomienda reforzar habitos de estudio y asistencia.
E04021,Bruno Salazar,Redes de Computadoras,14.0,65.1,60.67,Medio,Se recomienda reforzar habitos de estudio y asistencia.
E04022,Manuel Quispe,Base de Datos,17.95,64.1,75.67,Medio,Se recomienda reforzar habitos de estudio y asistencia.
E04023,Gabriela Torres,Base de Datos,11.9,77.9,79.3,Medio,Se recomienda reforzar habitos de estudio y asistencia.
E04024,Daniela García,Matemática Discreta,16.3,75.9,55.8,Medio,Se recomienda reforzar habitos de estudio y asistencia.
E04025,Gabriela Reyes,Estructuras de Datos,15.7,89.9,80.73,Bajo,Mantener el desempeno actual; sin acciones urgentes.
E04026,Emilia Delgado,Estructuras de Datos,16.52,73.1,71.27,Medio,Se recomienda reforzar habitos de estudio y asistencia.
E04027,Joaquín Mendoza,Lenguajes de Programación,11.53,74.1,74.1,Medio,Se recomienda reforzar habitos de estudio y asistencia.
E04028,Ximena Delgado,Base de Datos,13.55,51.8,40.9,Medio,Se recomienda reforzar habitos de estudio y asistencia.
E04029,Fernanda Rojas,Base de Datos,8.52,86.8,78.23,Medio,Se recomienda reforzar habitos de estudio y asistencia.
E04030,Milagros Torres,Lenguajes de Programación,12.82,100.0,85.27,Medio,Se recomienda reforzar habitos de estudio y asistencia.
E04031,Estefanía Ponce,Redes de Computadoras,17.02,70.7,55.27,Medio,Se recomienda reforzar habitos de estudio y asistencia.
E04032,Camila López,Lenguajes de Programación,11.95,79.2,71.27,Medio,Se recomienda reforzar habitos de estudio y asistencia.
E04033,Milagros Torres,Matemática Discreta,16.1,54.0,73.8,Medio,Se recomienda reforzar habitos de estudio y asistencia.
E04034,Martina Ponce,Base de Datos,11.62,61.5,73.23,Medio,Se recomienda reforzar habitos de estudio y asistencia.
E04035,Antonella Medina,Estructuras de Datos,12.62,100.0,78.83,Medio,Se recomienda reforzar habitos de estudio y asistencia.
E04036,Iván Reyes,Redes de Computadoras,14.88,78.0,79.5,Medio,Se recomienda reforzar habitos de estudio y asistencia.
E04037,Rosa Rivas,Lenguajes de Programación,8.82,59.2,70.63,Alto,Requiere tutoria academica inmediata y seguimiento semanal.
E04038,Isabela Sánchez,Base de Datos,12.7,67.0,68.4,Medio,Se recomienda reforzar habitos de estudio y asistencia.
E04039,Bruno Cruz,Matemática Discreta,17.18,58.9,55.03,Medio,Se recomienda reforzar habitos de estudio y asistencia.
E04040,Bruno Paredes,Lenguajes de Programación,6.42,72.3,66.07,Medio,Se recomienda reforzar habitos de estudio y asistencia.
E04041,Miguel Delgado,Matemática Discreta,10.85,56.1,74.87,Medio,Se recomienda reforzar habitos de estudio y asistencia.
E04042,Ricardo Cabrera,Lenguajes de Programación,14.85,96.2,94.07,Bajo,Mantener el desempeno actual; sin acciones urgentes.
E04043,Ximena Torres,Base de Datos,14.75,91.8,97.27,Bajo,Mantener el desempeno actual; sin acciones urgentes.
E04044,Alonso Soto,Base de Datos,8.57,89.8,89.93,Medio,Se recomienda reforzar habitos de estudio y asistencia.
E04045,Bruno Delgado,Lenguajes de Programación,8.65,53.9,64.23,Alto,Requiere tutoria academica inmediata y seguimiento semanal.
E04046,Andrés Mamani,Redes de Computadoras,14.6,71.4,73.13,Medio,Se recomienda reforzar habitos de estudio y asistencia.
E04047,Iván Rodríguez,Estructuras de Datos,19.7,59.7,73.23,Medio,Se recomienda reforzar habitos de estudio y asistencia.
E04048,Zoe Cruz,Base de Datos,4.7,88.0,69.43,Medio,Se recomienda reforzar habitos de estudio y asistencia.
E04049,Joaquín Mendoza,Matemática Discreta,12.25,100.0,72.23,Medio,Se recomienda reforzar habitos de estudio y asistencia.
E04050,Emilia Vargas,Matemática Discreta,6.62,34.1,63.6,Alto,Requiere tutoria academica inmediata y seguimiento semanal.
E04051,Isabela Chávez,Lenguajes de Programación,17.07,96.1,65.6,Bajo,Mantener el desempeno actual; sin acciones urgentes.
E04052,Daniela Ponce,Matemática Discreta,5.75,69.0,65.77,Alto,Requiere tutoria academica inmediata y seguimiento semanal.
E04053,Carlos Torres,Matemática Discreta,10.53,70.7,73.3,Medio,Se recomienda reforzar habitos de estudio y asistencia.
E04054,María Chávez,Redes de Computadoras,8.22,68.9,63.77,Alto,Requiere tutoria academica inmediata y seguimiento semanal.
E04055,Ximena Medina,Lenguajes de Programación,11.93,77.6,83.67,Medio,Se recomienda reforzar habitos de estudio y asistencia.
E04056,Joaquín Salazar,Base de Datos,7.75,68.2,46.43,Alto,Requiere tutoria academica inmediata y seguimiento semanal.
E04057,Renata Ortiz,Matemática Discreta,11.9,78.5,66.77,Medio,Se recomienda reforzar habitos de estudio y asistencia.
E04058,Rodrigo Mamani,Redes de Computadoras,13.38,67.2,56.83,Medio,Se recomienda reforzar habitos de estudio y asistencia.
E04059,Valentina Quispe,Base de Datos,12.03,51.3,64.0,Medio,Se recomienda reforzar habitos de estudio y asistencia.
E04060,Carlos Aguilar,Base de Datos,19.25,57.3,65.77,Medio,Se recomienda reforzar habitos de estudio y asistencia.
E04061,Antonella Chávez,Lenguajes de Programación,11.72,67.2,68.17,Medio,Se recomienda reforzar habitos de estudio y asistencia.
E04062,Renata Pérez,Estructuras de Datos,18.52,51.7,83.9,Medio,Se recomienda reforzar habitos de estudio y asistencia.
E04063,Miguel Alva,Redes de Computadoras,13.83,74.0,66.17,Medio,Se recomienda reforzar habitos de estudio y asistencia.
E04064,Carlos Quispe,Estructuras de Datos,11.0,65.0,59.03,Medio,Se recomienda reforzar habitos de estudio y asistencia.
E04065,Rosa Torres,Lenguajes de Programación,17.15,76.9,65.63,Medio,Se recomienda reforzar habitos de estudio y asistencia.
E04066,Ximena Rodríguez,Redes de Computadoras,14.03,81.4,87.5,Bajo,Mantener el desempeno actual; sin acciones urgentes.
E04067,Zoe Gutiérrez,Base de Datos,10.47,54.5,64.83,Alto,Requiere tutoria academica inmediata y seguimiento semanal.
E04068,Joaquín Cabrera,Matemática Discreta,6.9,74.8,72.3,Medio,Se recomienda reforzar habitos de estudio y asistencia.
E04069,Emilia Paredes,Lenguajes de Programación,15.18,91.3,62.07,Medio,Se recomienda reforzar habitos de estudio y asistencia.
E04070,Iván Castillo,Estructuras de Datos,12.15,68.0,56.13,Medio,Se recomienda reforzar habitos de estudio y asistencia.
E04071,Alonso Sánchez,Base de Datos,17.45,90.5,76.67,Bajo,Mantener el desempeno actual; sin acciones urgentes.
E04072,Daniela Soto,Lenguajes de Programación,14.1,100.0,83.87,Bajo,Mantener el desempeno actual; sin acciones urgentes.
E04073,Renata Rodríguez,Redes de Computadoras,10.12,42.8,71.5,Alto,Requiere tutoria academica inmediata y seguimiento semanal.
E04074,Valentina Torres,Redes de Computadoras,14.35,67.6,75.87,Medio,Se recomienda reforzar habitos de estudio y asistencia.
E04075,Adrián López,Redes de Computadoras,6.72,72.3,59.87,Alto,Requiere tutoria academica inmediata y seguimiento semanal.
E04076,Milagros Medina,Base de Datos,17.62,66.5,67.8,Medio,Se recomienda reforzar habitos de estudio y asistencia.
E04077,Vicente Cárdenas,Matemática Discreta,9.35,37.1,50.43,Alto,Requiere tutoria academica inmediata y seguimiento semanal.
E04078,Julio Sánchez,Matemática Discreta,16.45,79.8,72.57,Medio,Se recomienda reforzar habitos de estudio y asistencia.
E04079,Camila Rodríguez,Base de Datos,20.0,90.3,76.77,Bajo,Mantener el desempeno actual; sin acciones urgentes.
E04080,Martina Cruz,Matemática Discreta,12.82,68.8,75.4,Medio,Se recomienda reforzar habitos de estudio y asistencia.
E04081,Camila Cruz,Matemática Discreta,15.4,66.9,70.93,Medio,Se recomienda reforzar habitos de estudio y asistencia.
E04082,Sebastián Alva,Base de Datos,15.35,77.7,72.83,Medio,Se recomienda reforzar habitos de estudio y asistencia.
E04083,Tomás Mendoza,Redes de Computadoras,7.1,61.3,64.57,Alto,Requiere tutoria academica inmediata y seguimiento semanal.
E04084,Julio Soto,Base de Datos,11.75,64.2,61.47,Medio,Se recomienda reforzar habitos de estudio y asistencia.
E04085,Franco Delgado,Base de Datos,16.1,77.6,77.07,Medio,Se recomienda reforzar habitos de estudio y asistencia.
E04086,Franco Castillo,Redes de Computadoras,17.1,69.3,50.03,Medio,Se recomienda reforzar habitos de estudio y asistencia.
E04087,Iván Cruz,Matemática Discreta,17.12,86.1,66.33,Bajo,Mantener el desempeno actual; sin acciones urgentes.
E04088,Ana Cruz,Redes de Computadoras,12.72,54.1,56.87,Medio,Se recomienda reforzar habitos de estudio y asistencia.
E04089,Emilio Pérez,Lenguajes de Programación,12.85,69.7,56.17,Medio,Se recomienda reforzar habitos de estudio y asistencia.
E04090,Bruno Chávez,Matemática Discreta,14.8,59.5,75.5,Medio,Se recomienda reforzar habitos de estudio y asistencia.
E04091,Adrián Cabrera,Base de Datos,16.0,100.0,60.33,Medio,Se recomienda reforzar habitos de estudio y asistencia.
E04092,Isabela Ponce,Estructuras de Datos,17.55,100.0,74.87,Bajo,Mantener el desempeno actual; sin acciones urgentes.
E04093,Emilia Mamani,Lenguajes de Programación,19.82,59.0,68.0,Medio,Se recomienda reforzar habitos de estudio y asistencia.
E04094,Julio Alva,Estructuras de Datos,15.65,58.7,71.73,Medio,Se recomienda reforzar habitos de estudio y asistencia.
E04095,Ana Ortiz,Lenguajes de Programación,14.78,79.6,68.43,Medio,Se recomienda reforzar habitos de estudio y asistencia.
E04096,Milagros Vega,Base de Datos,10.7,72.6,69.43,Medio,Se recomienda reforzar habitos de estudio y asistencia.
E04097,Daniela Rojas,Lenguajes de Programación,9.98,75.1,78.37,Medio,Se recomienda reforzar habitos de estudio y asistencia.
E04098,Antonella Vargas,Estructuras de Datos,11.12,37.2,60.83,Medio,Se recomienda reforzar habitos de estudio y asistencia.
E04099,Nicolás López,Lenguajes de Programación,8.25,67.3,60.47,Alto,Requiere tutoria academica inmediata y seguimiento semanal.
E04100,Joaquín Paredes,Redes de Computadoras,13.6,68.4,51.6,Medio,Se recomienda reforzar habitos de estudio y asistencia.
E04101,Iván Rivas,Matemática Discreta,17.58,70.8,68.57,Medio,Se recomienda reforzar habitos de estudio y asistencia.
E04102,Fabián Rojas,Base de Datos,14.7,83.0,69.6,Bajo,Mantener el desempeno actual; sin acciones urgentes.
E04103,Tomás Quispe,Redes de Computadoras,17.82,64.8,53.2,Medio,Se recomienda reforzar habitos de estudio y asistencia.
E04104,Andrés Gutiérrez,Redes de Computadoras,10.38,100.0,79.73,Medio,Se recomienda reforzar habitos de estudio y asistencia.
E04105,Natalia Ponce,Base de Datos,8.12,65.5,67.33,Alto,Requiere tutoria academica inmediata y seguimiento semanal.
E04106,Alejandra Herrera,Estructuras de Datos,14.25,68.6,68.07,Medio,Se recomienda reforzar habitos de estudio y asistencia.
E04107,Alonso Ponce,Matemática Discreta,17.43,81.4,53.13,Medio,Se recomienda reforzar habitos de estudio y asistencia.
E04108,Renata Ponce,Lenguajes de Programación,11.98,77.2,57.83,Medio,Se recomienda reforzar habitos de estudio y asistencia.
E04109,Estefanía Ponce,Matemática Discreta,12.18,63.3,45.37,Medio,Se recomienda reforzar habitos de estudio y asistencia.
E04110,Gabriela López,Base de Datos,15.22,71.8,76.37,Medio,Se recomienda reforzar habitos de estudio y asistencia.
E04111,Adrián Palomino,Lenguajes de Programación,18.4,42.3,60.2,Medio,Se recomienda reforzar habitos de estudio y asistencia.
E04112,Franco Medina,Base de Datos,12.28,65.9,75.17,Medio,Se recomienda reforzar habitos de estudio y asistencia.
E04113,Ximena Aguilar,Lenguajes de Programación,13.98,53.8,61.2,Medio,Se recomienda reforzar habitos de estudio y asistencia.
E04114,Jorge Sánchez,Estructuras de Datos,7.6,77.3,56.13,Alto,Requiere tutoria academica inmediata y seguimiento semanal.
E04115,Nicolás Ponce,Base de Datos,10.05,38.3,46.63,Alto,Requiere tutoria academica inmediata y seguimiento semanal.
E04116,Rosa López,Base de Datos,13.47,63.6,71.7,Medio,Se recomienda reforzar habitos de estudio y asistencia.
E04117,Mateo Rojas,Redes de Computadoras,12.07,69.5,75.83,Medio,Se recomienda reforzar habitos de estudio y asistencia.
E04118,Miguel Mamani,Redes de Computadoras,11.05,100.0,69.7,Medio,Se recomienda reforzar habitos de estudio y asistencia.
E04119,Milagros Cruz,Estructuras de Datos,10.38,55.7,79.57,Alto,Requiere tutoria academica inmediata y seguimiento semanal.
E04120,Ana Cárdenas,Lenguajes de Programación,13.85,100.0,79.13,Bajo,Mantener el desempeno actual; sin acciones urgentes.
E04121,Julio Soto,Matemática Discreta,17.4,100.0,83.0,Bajo,Mantener el desempeno actual; sin acciones urgentes.
E04122,Natalia Gutiérrez,Estructuras de Datos,10.55,58.6,60.4,Medio,Se recomienda reforzar habitos de estudio y asistencia.
E04123,Diego Rivas,Base de Datos,13.95,49.4,52.6,Medio,Se recomienda reforzar habitos de estudio y asistencia.
E04124,Valeria Cabrera,Estructuras de Datos,15.18,66.8,66.23,Medio,Se recomienda reforzar habitos de estudio y asistencia.
E04125,Paula Quispe,Matemática Discreta,15.1,45.9,55.83,Medio,Se recomienda reforzar habitos de estudio y asistencia.
E04126,Rodrigo Mamani,Redes de Computadoras,15.12,66.6,53.6,Medio,Se recomienda reforzar habitos de estudio y asistencia.
E04127,Luis Cruz,Redes de Computadoras,9.65,64.8,68.03,Alto,Requiere tutoria academica inmediata y seguimiento semanal.
E04128,Antonella Torres,Matemática Discreta,12.73,35.3,44.03,Medio,Se recomienda reforzar habitos de estudio y asistencia.
E04129,Luis Mamani,Matemática Discreta,16.8,73.1,78.47,Medio,Se recomienda reforzar habitos de estudio y asistencia.
E04130,Alejandra Huamán,Base de Datos,10.53,76.8,67.97,Medio,Se recomienda reforzar habitos de estudio y asistencia.
E04131,Valeria Sánchez,Matemática Discreta,2.88,100.0,62.77,Medio,Se recomienda reforzar habitos de estudio y asistencia.
E04132,Rodrigo Delgado,Lenguajes de Programación,13.75,42.7,56.97,Medio,Se recomienda reforzar habitos de estudio y asistencia.
E04133,Vicente Chávez,Lenguajes de Programación,6.1,65.3,59.03,Alto,Requiere tutoria academica inmediata y seguimiento semanal.
E04134,Ricardo Medina,Lenguajes de Programación,6.25,84.6,77.1,Medio,Se recomienda reforzar habitos de estudio y asistencia.
E04135,Nicolás Herrera,Redes de Computadoras,14.18,84.8,71.83,Bajo,Mantener el desempeno actual; sin acciones urgentes.
E04136,Paula Paredes,Matemática Discreta,15.47,39.9,46.6,Medio,Se recomienda reforzar habitos de estudio y asistencia.
E04137,Joaquín Zapata,Base de Datos,19.25,79.1,49.5,Medio,Se recomienda reforzar habitos de estudio y asistencia.
E04138,Bruno Cárdenas,Base de Datos,17.85,74.4,72.1,Medio,Se recomienda reforzar habitos de estudio y asistencia.
E04139,Sebastián García,Lenguajes de Programación,9.03,100.0,89.4,Medio,Se recomienda reforzar habitos de estudio y asistencia.
E04140,Valentina Ramírez,Base de Datos,14.0,86.8,75.0,Bajo,Mantener el desempeno actual; sin acciones urgentes.
E04141,Renata Espinoza,Lenguajes de Programación,17.55,76.3,56.13,Medio,Se recomienda reforzar habitos de estudio y asistencia.
E04142,Valentina Mendoza,Lenguajes de Programación,8.38,49.9,57.27,Alto,Requiere tutoria academica inmediata y seguimiento semanal.
E04143,Vicente Cabrera,Estructuras de Datos,17.75,77.8,52.4,Medio,Se recomienda reforzar habitos de estudio y asistencia.
E04144,María Reyes,Redes de Computadoras,12.35,85.1,83.67,Medio,Se recomienda reforzar habitos de estudio y asistencia.
E04145,Miguel Rojas,Estructuras de Datos,7.58,77.5,66.73,Medio,Se recomienda reforzar habitos de estudio y asistencia.
E04146,Manuel Delgado,Lenguajes de Programación,16.57,62.4,71.47,Medio,Se recomienda reforzar habitos de estudio y asistencia.
E04147,Antonella Rivas,Base de Datos,10.68,81.6,80.53,Medio,Se recomienda reforzar habitos de estudio y asistencia.
E04148,Paula Rojas,Lenguajes de Programación,15.95,72.3,76.33,Medio,Se recomienda reforzar habitos de estudio y asistencia.
E04149,Daniela García,Estructuras de Datos,15.7,72.6,76.9,Medio,Se recomienda reforzar habitos de estudio y asistencia.
E04150,Renata Rivas,Estructuras de Datos,13.48,38.9,55.6,Medio,Se recomienda reforzar habitos de estudio y asistencia.
E04151,Valentina Palomino,Estructuras de Datos,15.05,79.7,64.0,Medio,Se recomienda reforzar habitos de estudio y asistencia.
E04152,Zoe Salazar,Matemática Discreta,16.38,57.1,65.33,Medio,Se recomienda reforzar habitos de estudio y asistencia.
E04153,Fabián Gutiérrez,Base de Datos,8.65,22.8,65.27,Alto,Requiere tutoria academica inmediata y seguimiento semanal.
E04154,Emilia Ortiz,Lenguajes de Programación,8.22,95.7,81.37,Medio,Se recomienda reforzar habitos de estudio y asistencia.
E04155,Renata Soto,Matemática Discreta,14.55,99.2,79.13,Bajo,Mantener el desempeno actual; sin acciones urgentes.
E04156,Vicente López,Lenguajes de Programación,15.05,45.1,60.67,Medio,Se recomienda reforzar habitos de estudio y asistencia.
E04157,Ricardo Cruz,Lenguajes de Programación,14.15,95.3,84.03,Bajo,Mantener el desempeno actual; sin acciones urgentes.
E04158,Alonso Delgado,Base de Datos,5.6,24.0,62.5,Alto,Requiere tutoria academica inmediata y seguimiento semanal.
E04159,Fernanda Mendoza,Redes de Computadoras,12.65,73.8,66.47,Medio,Se recomienda reforzar habitos de estudio y asistencia.
E04160,Lucía Pérez,Base de Datos,8.85,52.8,70.93,Alto,Requiere tutoria academica inmediata y seguimiento semanal.
E04161,Gabriela García,Base de Datos,11.82,90.8,57.37,Medio,Se recomienda reforzar habitos de estudio y asistencia.
E04162,Paula Gutiérrez,Redes de Computadoras,15.3,90.3,68.4,Bajo,Mantener el desempeno actual; sin acciones urgentes.
E04163,Fernanda Paredes,Matemática Discreta,7.93,69.8,63.5,Alto,Requiere tutoria academica inmediata y seguimiento semanal.
E04164,Isabela Herrera,Redes de Computadoras,10.93,78.2,64.1,Medio,Se recomienda reforzar habitos de estudio y asistencia.
E04165,Adrián Alva,Lenguajes de Programación,13.3,100.0,86.67,Bajo,Mantener el desempeno actual; sin acciones urgentes.
E04166,Daniela Alva,Lenguajes de Programación,11.48,95.4,74.37,Medio,Se recomienda reforzar habitos de estudio y asistencia.
E04167,Sebastián Herrera,Base de Datos,12.97,98.9,98.03,Medio,Se recomienda reforzar habitos de estudio y asistencia.
E04168,Gabriela Salazar,Estructuras de Datos,10.5,76.9,57.27,Medio,Se recomienda reforzar habitos de estudio y asistencia.
E04169,Diego Torres,Redes de Computadoras,12.82,62.2,64.27,Medio,Se recomienda reforzar habitos de estudio y asistencia.
E04170,Paula Mendoza,Estructuras de Datos,12.3,70.8,69.83,Medio,Se recomienda reforzar habitos de estudio y asistencia.
E04171,Natalia García,Base de Datos,9.8,64.8,68.27,Alto,Requiere tutoria academica inmediata y seguimiento semanal.
E04172,Iván Huamán,Lenguajes de Programación,12.82,68.5,73.77,Medio,Se recomienda reforzar habitos de estudio y asistencia.
E04173,Daniela Huamán,Lenguajes de Programación,10.65,78.7,83.4,Medio,Se recomienda reforzar habitos de estudio y asistencia.
E04174,Mateo Cabrera,Lenguajes de Programación,13.55,98.7,76.07,Bajo,Mantener el desempeno actual; sin acciones urgentes.
E04175,Mateo Reyes,Base de Datos,15.28,57.8,52.97,Medio,Se recomienda reforzar habitos de estudio y asistencia.
E04176,Adrián Espinoza,Lenguajes de Programación,19.4,51.6,63.87,Medio,Se recomienda reforzar habitos de estudio y asistencia.
E04177,Estefanía López,Base de Datos,7.3,74.8,58.8,Alto,Requiere tutoria academica inmediata y seguimiento semanal.
E04178,Tomás Soto,Lenguajes de Programación,8.93,24.7,48.4,Alto,Requiere tutoria academica inmediata y seguimiento semanal.
E04179,Tomás Torres,Matemática Discreta,9.9,100.0,75.13,Medio,Se recomienda reforzar habitos de estudio y asistencia.
E04180,Rosa Cabrera,Matemática Discreta,11.2,91.3,64.43,Medio,Se recomienda reforzar habitos de estudio y asistencia.
E04181,Joaquín Espinoza,Base de Datos,14.65,91.0,61.53,Medio,Se recomienda reforzar habitos de estudio y asistencia.
E04182,Manuel Sánchez,Matemática Discreta,12.68,85.3,85.07,Medio,Se recomienda reforzar habitos de estudio y asistencia.
E04183,Sofía Espinoza,Base de Datos,8.98,74.1,76.8,Medio,Se recomienda reforzar habitos de estudio y asistencia.
E04184,Lucía Gutiérrez,Redes de Computadoras,14.75,59.7,61.87,Medio,Se recomienda reforzar habitos de estudio y asistencia.
E04185,Iván Huamán,Lenguajes de Programación,14.97,30.1,53.17,Medio,Se recomienda reforzar habitos de estudio y asistencia.
E04186,Manuel Salazar,Redes de Computadoras,9.6,42.8,67.33,Alto,Requiere tutoria academica inmediata y seguimiento semanal.
E04187,Ana Ortiz,Redes de Computadoras,11.7,47.2,62.4,Medio,Se recomienda reforzar habitos de estudio y asistencia.
E04188,Martina Vega,Base de Datos,13.6,58.0,69.93,Medio,Se recomienda reforzar habitos de estudio y asistencia.
E04189,Mateo Rodríguez,Estructuras de Datos,16.05,51.6,34.63,Medio,Se recomienda reforzar habitos de estudio y asistencia.
E04190,Andrés Ramírez,Lenguajes de Programación,15.38,50.0,43.9,Medio,Se recomienda reforzar habitos de estudio y asistencia.
E04191,Estefanía Medina,Base de Datos,15.2,56.5,43.03,Medio,Se recomienda reforzar habitos de estudio y asistencia.
E04192,Emilio Salazar,Base de Datos,6.65,58.7,69.93,Alto,Requiere tutoria academica inmediata y seguimiento semanal.
E04193,Gabriela Cárdenas,Estructuras de Datos,15.6,84.0,92.0,Bajo,Mantener el desempeno actual; sin acciones urgentes.
E04194,Adrián Vargas,Redes de Computadoras,17.18,49.9,83.3,Medio,Se recomienda reforzar habitos de estudio y asistencia.
E04195,Milagros López,Redes de Computadoras,12.98,83.0,52.9,Medio,Se recomienda reforzar habitos de estudio y asistencia.
E04196,Bruno Quispe,Redes de Computadoras,8.15,73.9,84.13,Medio,Se recomienda reforzar habitos de estudio y asistencia.
E04197,Estefanía Rodríguez,Matemática Discreta,11.38,74.6,70.7,Medio,Se recomienda reforzar habitos de estudio y asistencia.
E04198,Jorge Delgado,Estructuras de Datos,10.7,97.4,71.23,Medio,Se recomienda reforzar habitos de estudio y asistencia.
E04199,Carlos Cárdenas,Estructuras de Datos,11.45,37.8,53.9,Medio,Se recomienda reforzar habitos de estudio y asistencia.
E04200,Gabriela Rivas,Lenguajes de Programación,11.52,98.5,88.43,Medio,Se recomienda reforzar habitos de estudio y asistencia.
E04201,Vicente Castillo,Lenguajes de Programación,8.65,89.1,78.53,Medio,Se recomienda reforzar habitos de estudio y asistencia.
E04202,Ricardo Aguilar,Lenguajes de Programación,8.47,63.8,61.8,Alto,Requiere tutoria academica inmediata y seguimiento semanal.
E04203,Valentina Soto,Estructuras de Datos,6.4,68.0,41.57,Alto,Requiere tutoria academica inmediata y seguimiento semanal.
E04204,Daniela Alva,Base de Datos,15.4,72.7,64.23,Medio,Se recomienda reforzar habitos de estudio y asistencia.
E04205,Gabriela Huamán,Base de Datos,8.03,66.2,68.67,Alto,Requiere tutoria academica inmediata y seguimiento semanal.
E04206,Lucía García,Redes de Computadoras,15.7,97.2,91.63,Bajo,Mantener el desempeno actual; sin acciones urgentes.
E04207,Valeria Huamán,Matemática Discreta,10.25,77.1,61.43,Medio,Se recomienda reforzar habitos de estudio y asistencia.
E04208,Sebastián Cárdenas,Estructuras de Datos,12.0,74.0,55.63,Medio,Se recomienda reforzar habitos de estudio y asistencia.
E04209,Julio Ponce,Base de Datos,14.65,76.4,57.3,Medio,Se recomienda reforzar habitos de estudio y asistencia.
E04210,Ana Cárdenas,Redes de Computadoras,11.6,71.4,61.77,Medio,Se recomienda reforzar habitos de estudio y asistencia.
E04211,Estefanía Delgado,Base de Datos,12.3,55.5,54.63,Medio,Se recomienda reforzar habitos de estudio y asistencia.
E04212,María Palomino,Estructuras de Datos,12.95,61.7,78.63,Medio,Se recomienda reforzar habitos de estudio y asistencia.
E04213,Diego Cárdenas,Base de Datos,9.72,48.9,56.57,Alto,Requiere tutoria academica inmediata y seguimiento semanal.
E04214,Ximena Cabrera,Lenguajes de Programación,14.47,30.0,51.27,Medio,Se recomienda reforzar habitos de estudio y asistencia.
E04215,Gabriela Palomino,Base de Datos,10.77,67.9,68.03,Medio,Se recomienda reforzar habitos de estudio y asistencia.
E04216,Valeria Rodríguez,Redes de Computadoras,11.68,86.9,75.1,Medio,Se recomienda reforzar habitos de estudio y asistencia.
E04217,Adrián Cabrera,Estructuras de Datos,13.2,72.3,62.83,Medio,Se recomienda reforzar habitos de estudio y asistencia.
E04218,Julio Mamani,Base de Datos,13.22,72.3,72.03,Medio,Se recomienda reforzar habitos de estudio y asistencia.
E04219,Lucía Cruz,Redes de Computadoras,14.02,100.0,65.5,Bajo,Mantener el desempeno actual; sin acciones urgentes.
E04220,Fabián Rivas,Lenguajes de Programación,14.0,36.0,45.3,Medio,Se recomienda reforzar habitos de estudio y asistencia.
E04221,Natalia Soto,Lenguajes de Programación,12.1,73.9,77.13,Medio,Se recomienda reforzar habitos de estudio y asistencia.
E04222,Antonella Cárdenas,Lenguajes de Programación,14.05,87.4,81.6,Bajo,Mantener el desempeno actual; sin acciones urgentes.
E04223,Vicente Quispe,Lenguajes de Programación,11.4,34.4,61.73,Medio,Se recomienda reforzar habitos de estudio y asistencia.
E04224,Andrés Rojas,Estructuras de Datos,15.88,77.2,79.07,Medio,Se recomienda reforzar habitos de estudio y asistencia.
E04225,Ricardo Sánchez,Lenguajes de Programación,17.0,88.9,60.4,Medio,Se recomienda reforzar habitos de estudio y asistencia.
E04226,Carlos Huamán,Base de Datos,14.27,97.5,74.13,Bajo,Mantener el desempeno actual; sin acciones urgentes.
E04227,Rosa Vargas,Redes de Computadoras,12.62,93.5,82.93,Medio,Se recomienda reforzar habitos de estudio y asistencia.
E04228,Vicente Salazar,Estructuras de Datos,11.47,98.8,77.97,Medio,Se recomienda reforzar habitos de estudio y asistencia.
E04229,Alejandra Aguilar,Lenguajes de Programación,12.47,70.4,56.43,Medio,Se recomienda reforzar habitos de estudio y asistencia.
E04230,Emilia Aguilar,Estructuras de Datos,16.0,67.8,69.27,Medio,Se recomienda reforzar habitos de estudio y asistencia.
E04231,Jorge Cruz,Lenguajes de Programación,11.62,84.4,76.1,Medio,Se recomienda reforzar habitos de estudio y asistencia.
E04232,Renata Soto,Estructuras de Datos,5.1,77.0,77.33,Medio,Se recomienda reforzar habitos de estudio y asistencia.
E04233,Fernanda Rojas,Matemática Discreta,8.68,57.2,42.93,Alto,Requiere tutoria academica inmediata y seguimiento semanal.
E04234,Nicolás Cárdenas,Lenguajes de Programación,4.38,74.7,68.93,Medio,Se recomienda reforzar habitos de estudio y asistencia.
E04235,Tomás Rojas,Matemática Discreta,9.65,97.5,79.33,Medio,Se recomienda reforzar habitos de estudio y asistencia.
E04236,Andrés Espinoza,Matemática Discreta,14.72,96.0,80.87,Bajo,Mantener el desempeno actual; sin acciones urgentes.
E04237,Camila Flores,Matemática Discreta,11.27,75.8,79.27,Medio,Se recomienda reforzar habitos de estudio y asistencia.
E04238,Zoe Paredes,Matemática Discreta,12.93,92.5,77.0,Medio,Se recomienda reforzar habitos de estudio y asistencia.
E04239,Milagros Herrera,Redes de Computadoras,10.7,75.4,75.37,Medio,Se recomienda reforzar habitos de estudio y asistencia.
E04240,Estefanía Reyes,Base de Datos,10.05,73.1,58.17,Alto,Requiere tutoria academica inmediata y seguimiento semanal.
E04241,Fernanda Cabrera,Estructuras de Datos,14.0,50.9,46.3,Medio,Se recomienda reforzar habitos de estudio y asistencia.
E04242,Renata Castillo,Matemática Discreta,13.75,80.1,73.17,Bajo,Mantener el desempeno actual; sin acciones urgentes.
E04243,Carlos Ponce,Estructuras de Datos,14.57,53.4,48.1,Medio,Se recomienda reforzar habitos de estudio y asistencia.
E04244,Estefanía Rojas,Matemática Discreta,11.25,81.0,57.57,Medio,Se recomienda reforzar habitos de estudio y asistencia.
E04245,Rosa Palomino,Redes de Computadoras,16.4,86.6,58.87,Medio,Se recomienda reforzar habitos de estudio y asistencia.
E04246,Isabela Paredes,Redes de Computadoras,8.28,56.6,50.63,Alto,Requiere tutoria academica inmediata y seguimiento semanal.
E04247,Ana García,Base de Datos,19.62,60.5,53.07,Medio,Se recomienda reforzar habitos de estudio y asistencia.
E04248,Fernanda Reyes,Matemática Discreta,18.02,69.5,59.77,Medio,Se recomienda reforzar habitos de estudio y asistencia.
E04249,Sebastián Delgado,Base de Datos,16.8,100.0,73.53,Bajo,Mantener el desempeno actual; sin acciones urgentes.
E04250,Andrés Cárdenas,Matemática Discreta,14.38,51.3,60.17,Medio,Se recomienda reforzar habitos de estudio y asistencia.
E04251,Camila Zapata,Matemática Discreta,14.2,57.5,72.87,Medio,Se recomienda reforzar habitos de estudio y asistencia.
E04252,Jorge López,Base de Datos,7.88,78.8,63.7,Medio,Se recomienda reforzar habitos de estudio y asistencia.
E04253,Valentina Ramírez,Matemática Discreta,14.57,76.6,55.77,Medio,Se recomienda reforzar habitos de estudio y asistencia.
E04254,Gabriela Salazar,Base de Datos,11.03,77.8,69.03,Medio,Se recomienda reforzar habitos de estudio y asistencia.
E04255,Julio Sánchez,Redes de Computadoras,11.8,79.7,66.6,Medio,Se recomienda reforzar habitos de estudio y asistencia.
E04256,Emilia Castillo,Matemática Discreta,15.3,67.3,68.67,Medio,Se recomienda reforzar habitos de estudio y asistencia.
E04257,Emilio Zapata,Matemática Discreta,20.0,69.7,72.0,Medio,Se recomienda reforzar habitos de estudio y asistencia.
E04258,Rodrigo Vargas,Redes de Computadoras,13.82,57.0,59.0,Medio,Se recomienda reforzar habitos de estudio y asistencia.
E04259,Ricardo Paredes,Estructuras de Datos,12.52,83.3,62.47,Medio,Se recomienda reforzar habitos de estudio y asistencia.
E04260,Tomás Reyes,Lenguajes de Programación,13.1,77.3,83.47,Medio,Se recomienda reforzar habitos de estudio y asistencia.
E04261,Rosa Mamani,Base de Datos,11.07,94.1,58.13,Medio,Se recomienda reforzar habitos de estudio y asistencia.
E04262,Manuel Reyes,Lenguajes de Programación,15.55,61.7,60.5,Medio,Se recomienda reforzar habitos de estudio y asistencia.
E04263,Estefanía Medina,Lenguajes de Programación,3.77,59.6,73.73,Alto,Requiere tutoria academica inmediata y seguimiento semanal.
E04264,Estefanía Espinoza,Redes de Computadoras,17.95,59.0,55.77,Medio,Se recomienda reforzar habitos de estudio y asistencia.
E04265,Milagros Cárdenas,Lenguajes de Programación,11.95,61.2,59.33,Medio,Se recomienda reforzar habitos de estudio y asistencia.
E04266,Valentina Ramírez,Matemática Discreta,8.8,60.7,69.7,Alto,Requiere tutoria academica inmediata y seguimiento semanal.
E04267,Alonso Soto,Estructuras de Datos,12.43,100.0,72.23,Medio,Se recomienda reforzar habitos de estudio y asistencia.
E04268,Ricardo Palomino,Base de Datos,5.78,92.6,77.53,Medio,Se recomienda reforzar habitos de estudio y asistencia.
E04269,Antonella Salazar,Base de Datos,15.72,81.8,65.43,Bajo,Mantener el desempeno actual; sin acciones urgentes.
E04270,Julio Cruz,Estructuras de Datos,17.57,69.8,86.17,Medio,Se recomienda reforzar habitos de estudio y asistencia.
E04271,Lucía Ponce,Matemática Discreta,14.57,50.7,68.67,Medio,Se recomienda reforzar habitos de estudio y asistencia.
E04272,Fernanda Cabrera,Estructuras de Datos,16.58,70.5,67.6,Medio,Se recomienda reforzar habitos de estudio y asistencia.
E04273,Rosa Rodríguez,Lenguajes de Programación,20.0,88.7,89.57,Bajo,Mantener el desempeno actual; sin acciones urgentes.
E04274,Estefanía Cárdenas,Lenguajes de Programación,8.47,83.5,70.0,Medio,Se recomienda reforzar habitos de estudio y asistencia.
E04275,Carlos Mendoza,Lenguajes de Programación,16.73,88.3,93.9,Bajo,Mantener el desempeno actual; sin acciones urgentes.
E04276,Natalia Salazar,Redes de Computadoras,8.18,72.3,84.1,Medio,Se recomienda reforzar habitos de estudio y asistencia.
E04277,Alonso Rodríguez,Matemática Discreta,16.45,65.9,50.57,Medio,Se recomienda reforzar habitos de estudio y asistencia.
E04278,Camila Paredes,Redes de Computadoras,13.57,100.0,88.97,Bajo,Mantener el desempeno actual; sin acciones urgentes.
E04279,Franco Salazar,Base de Datos,10.38,70.3,58.87,Alto,Requiere tutoria academica inmediata y seguimiento semanal.
E04280,Sebastián Alva,Lenguajes de Programación,19.05,35.7,54.9,Medio,Se recomienda reforzar habitos de estudio y asistencia.
E04281,Estefanía López,Matemática Discreta,11.1,92.3,81.7,Medio,Se recomienda reforzar habitos de estudio y asistencia.
E04282,Valentina Cabrera,Lenguajes de Programación,8.05,79.1,61.7,Medio,Se recomienda reforzar habitos de estudio y asistencia.
E04283,Milagros Vargas,Base de Datos,9.1,95.8,80.43,Medio,Se recomienda reforzar habitos de estudio y asistencia.
E04284,Joaquín Aguilar,Redes de Computadoras,18.5,39.5,61.2,Medio,Se recomienda reforzar habitos de estudio y asistencia.
E04285,Natalia Gutiérrez,Base de Datos,12.43,88.1,71.47,Medio,Se recomienda reforzar habitos de estudio y asistencia.
E04286,Daniela Vega,Matemática Discreta,19.18,85.8,68.6,Bajo,Mantener el desempeno actual; sin acciones urgentes.
E04287,Alejandra Aguilar,Redes de Computadoras,14.8,83.0,87.67,Bajo,Mantener el desempeno actual; sin acciones urgentes.
E04288,Renata García,Redes de Computadoras,16.4,93.9,54.67,Medio,Se recomienda reforzar habitos de estudio y asistencia.
E04289,Milagros Delgado,Base de Datos,12.35,52.8,67.53,Medio,Se recomienda reforzar habitos de estudio y asistencia.
E04290,Renata Delgado,Lenguajes de Programación,5.8,73.8,71.3,Medio,Se recomienda reforzar habitos de estudio y asistencia.
E04291,Rosa Rivas,Lenguajes de Programación,18.3,30.0,52.03,Medio,Se recomienda reforzar habitos de estudio y asistencia.
E04292,Milagros Vargas,Redes de Computadoras,16.67,64.7,68.77,Medio,Se recomienda reforzar habitos de estudio y asistencia.
E04293,Andrés Rojas,Lenguajes de Programación,18.93,100.0,72.03,Bajo,Mantener el desempeno actual; sin acciones urgentes.
E04294,Alonso Cruz,Lenguajes de Programación,12.2,95.5,77.8,Medio,Se recomienda reforzar habitos de estudio y asistencia.
E04295,Fernanda Medina,Estructuras de Datos,18.73,99.0,81.8,Bajo,Mantener el desempeno actual; sin acciones urgentes.
E04296,Mateo Mendoza,Estructuras de Datos,9.88,16.9,68.67,Alto,Requiere tutoria academica inmediata y seguimiento semanal.
E04297,Vicente Castillo,Matemática Discreta,16.1,77.3,71.67,Medio,Se recomienda reforzar habitos de estudio y asistencia.
E04298,Sofía Pérez,Lenguajes de Programación,13.45,98.6,54.3,Medio,Se recomienda reforzar habitos de estudio y asistencia.
E04299,Jorge Salazar,Base de Datos,19.55,71.5,61.17,Medio,Se recomienda reforzar habitos de estudio y asistencia.
E04300,Andrés García,Base de Datos,14.32,64.1,61.87,Medio,Se recomienda reforzar habitos de estudio y asistencia.
E04301,Antonella Rojas,Lenguajes de Programación,13.6,74.0,78.97,Medio,Se recomienda reforzar habitos de estudio y asistencia.
E04302,Daniela Espinoza,Lenguajes de Programación,19.62,64.9,67.6,Medio,Se recomienda reforzar habitos de estudio y asistencia.
E04303,Alejandra Mamani,Redes de Computadoras,15.85,24.5,56.27,Medio,Se recomienda reforzar habitos de estudio y asistencia.
E04304,Jorge Ramírez,Redes de Computadoras,7.22,75.1,63.2,Medio,Se recomienda reforzar habitos de estudio y asistencia.
E04305,Diego Paredes,Lenguajes de Programación,4.62,29.2,56.9,Alto,Requiere tutoria academica inmediata y seguimiento semanal.
E04306,Joaquín Herrera,Lenguajes de Programación,12.98,54.6,59.17,Medio,Se recomienda reforzar habitos de estudio y asistencia.
E04307,Ricardo Rivas,Base de Datos,9.0,71.8,78.67,Medio,Se recomienda reforzar habitos de estudio y asistencia.
E04308,Camila Castillo,Lenguajes de Programación,7.42,53.0,56.73,Alto,Requiere tutoria academica inmediata y seguimiento semanal.
E04309,Nicolás Sánchez,Redes de Computadoras,14.15,70.5,71.1,Medio,Se recomienda reforzar habitos de estudio y asistencia.
E04310,Rosa Cabrera,Redes de Computadoras,17.07,82.6,80.87,Bajo,Mantener el desempeno actual; sin acciones urgentes.
E04311,Nicolás Alva,Redes de Computadoras,16.43,90.2,78.4,Bajo,Mantener el desempeno actual; sin acciones urgentes.
E04312,Ana Cruz,Matemática Discreta,13.38,62.6,60.87,Medio,Se recomienda reforzar habitos de estudio y asistencia.
E04313,Carlos Salazar,Matemática Discreta,11.2,100.0,67.53,Medio,Se recomienda reforzar habitos de estudio y asistencia.
E04314,Emilia Ortiz,Estructuras de Datos,8.05,57.9,52.73,Alto,Requiere tutoria academica inmediata y seguimiento semanal.
E04315,Bruno Flores,Lenguajes de Programación,16.1,100.0,95.53,Bajo,Mantener el desempeno actual; sin acciones urgentes.
E04316,Natalia Reyes,Lenguajes de Programación,10.85,86.4,58.63,Medio,Se recomienda reforzar habitos de estudio y asistencia.
E04317,Fernanda Rojas,Matemática Discreta,11.38,35.0,55.63,Medio,Se recomienda reforzar habitos de estudio y asistencia.
E04318,Milagros Palomino,Redes de Computadoras,13.32,46.0,63.4,Medio,Se recomienda reforzar habitos de estudio y asistencia.
E04319,María García,Estructuras de Datos,15.55,83.7,67.9,Bajo,Mantener el desempeno actual; sin acciones urgentes.
E04320,Manuel Mendoza,Matemática Discreta,15.72,86.1,80.47,Bajo,Mantener el desempeno actual; sin acciones urgentes.
E04321,Ricardo Huamán,Lenguajes de Programación,18.15,73.8,84.73,Medio,Se recomienda reforzar habitos de estudio y asistencia.
E04322,Carlos Soto,Matemática Discreta,10.85,65.4,86.63,Medio,Se recomienda reforzar habitos de estudio y asistencia.
E04323,Andrés Vega,Base de Datos,11.1,87.0,63.8,Medio,Se recomienda reforzar habitos de estudio y asistencia.
E04324,Natalia Mamani,Estructuras de Datos,15.98,51.9,52.33,Medio,Se recomienda reforzar habitos de estudio y asistencia.
E04325,María López,Redes de Computadoras,10.75,90.4,86.97,Medio,Se recomienda reforzar habitos de estudio y asistencia.
E04326,María Aguilar,Estructuras de Datos,19.68,78.5,63.7,Medio,Se recomienda reforzar habitos de estudio y asistencia.
E04327,Ricardo Quispe,Matemática Discreta,10.07,90.9,72.17,Medio,Se recomienda reforzar habitos de estudio y asistencia.
E04328,Ana Ortiz,Matemática Discreta,9.4,65.9,81.97,Alto,Requiere tutoria academica inmediata y seguimiento semanal.
E04329,Valentina Huamán,Estructuras de Datos,9.6,66.1,78.9,Alto,Requiere tutoria academica inmediata y seguimiento semanal.
E04330,Sebastián Delgado,Base de Datos,5.7,83.5,77.47,Medio,Se recomienda reforzar habitos de estudio y asistencia.
E04331,Camila Delgado,Lenguajes de Programación,9.8,57.7,43.13,Alto,Requiere tutoria academica inmediata y seguimiento semanal.
E04332,Isabela Aguilar,Redes de Computadoras,9.12,56.9,68.1,Alto,Requiere tutoria academica inmediata y seguimiento semanal.
E04333,Jorge Aguilar,Estructuras de Datos,15.88,81.7,68.97,Bajo,Mantener el desempeno actual; sin acciones urgentes.
E04334,Jorge Espinoza,Base de Datos,16.8,67.4,61.37,Medio,Se recomienda reforzar habitos de estudio y asistencia.
E04335,Fernanda Alva,Redes de Computadoras,13.75,94.2,75.97,Bajo,Mantener el desempeno actual; sin acciones urgentes.
E04336,Bruno Flores,Base de Datos,15.8,86.7,64.3,Medio,Se recomienda reforzar habitos de estudio y asistencia.
E04337,Joaquín Mamani,Matemática Discreta,12.12,77.4,62.03,Medio,Se recomienda reforzar habitos de estudio y asistencia.
E04338,Martina Reyes,Base de Datos,7.03,79.8,74.57,Medio,Se recomienda reforzar habitos de estudio y asistencia.
E04339,Andrés Zapata,Base de Datos,15.03,87.9,71.97,Bajo,Mantener el desempeno actual; sin acciones urgentes.
E04340,Iván Gutiérrez,Lenguajes de Programación,11.68,100.0,86.23,Medio,Se recomienda reforzar habitos de estudio y asistencia.
E04341,Jorge Reyes,Estructuras de Datos,13.9,84.1,82.4,Bajo,Mantener el desempeno actual; sin acciones urgentes.
E04342,Gabriela Quispe,Redes de Computadoras,9.32,56.2,66.67,Alto,Requiere tutoria academica inmediata y seguimiento semanal.
E04343,Bruno Rivas,Base de Datos,9.48,75.8,75.77,Medio,Se recomienda reforzar habitos de estudio y asistencia.
E04344,Tomás Zapata,Estructuras de Datos,15.25,48.7,65.43,Medio,Se recomienda reforzar habitos de estudio y asistencia.
E04345,Luis Rojas,Matemática Discreta,9.85,65.3,72.8,Alto,Requiere tutoria academica inmediata y seguimiento semanal.
E04346,Sofía Cabrera,Lenguajes de Programación,17.67,48.8,72.0,Medio,Se recomienda reforzar habitos de estudio y asistencia.
E04347,Fabián Pérez,Matemática Discreta,3.67,82.6,82.77,Medio,Se recomienda reforzar habitos de estudio y asistencia.
E04348,Luis Herrera,Matemática Discreta,10.1,78.2,58.73,Alto,Requiere tutoria academica inmediata y seguimiento semanal.
E04349,Sofía Ortiz,Estructuras de Datos,10.03,84.2,60.8,Medio,Se recomienda reforzar habitos de estudio y asistencia.
E04350,Miguel Palomino,Lenguajes de Programación,9.6,100.0,84.2,Medio,Se recomienda reforzar habitos de estudio y asistencia.
E04351,Andrés Zapata,Redes de Computadoras,7.65,53.4,68.47,Alto,Requiere tutoria academica inmediata y seguimiento semanal.
E04352,Camila Ponce,Lenguajes de Programación,7.08,77.0,72.33,Medio,Se recomienda reforzar habitos de estudio y asistencia.
E04353,Estefanía Ramírez,Lenguajes de Programación,14.3,58.4,72.8,Medio,Se recomienda reforzar habitos de estudio y asistencia.
E04354,Isabela López,Estructuras de Datos,16.95,54.1,61.4,Medio,Se recomienda reforzar habitos de estudio y asistencia.
E04355,Martina Vega,Estructuras de Datos,13.88,54.6,78.2,Medio,Se recomienda reforzar habitos de estudio y asistencia.
E04356,Carlos López,Redes de Computadoras,16.9,67.7,75.83,Medio,Se recomienda reforzar habitos de estudio y asistencia.
E04357,Fernanda Medina,Matemática Discreta,15.93,30.8,50.87,Medio,Se recomienda reforzar habitos de estudio y asistencia.
E04358,Sebastián Paredes,Matemática Discreta,16.68,69.1,60.03,Medio,Se recomienda reforzar habitos de estudio y asistencia.
E04359,Valeria Vega,Lenguajes de Programación,11.65,66.7,72.83,Medio,Se recomienda reforzar habitos de estudio y asistencia.
E04360,Nicolás Alva,Estructuras de Datos,10.15,54.8,61.2,Alto,Requiere tutoria academica inmediata y seguimiento semanal.
E04361,Miguel Ponce,Matemática Discreta,19.38,100.0,84.8,Bajo,Mantener el desempeno actual; sin acciones urgentes.
E04362,Carlos Mamani,Estructuras de Datos,13.88,85.4,88.97,Bajo,Mantener el desempeno actual; sin acciones urgentes.
E04363,Paula Salazar,Matemática Discreta,14.03,100.0,84.0,Bajo,Mantener el desempeno actual; sin acciones urgentes.
E04364,Paula Castillo,Base de Datos,15.17,75.8,50.8,Medio,Se recomienda reforzar habitos de estudio y asistencia.
E04365,Emilio Rodríguez,Estructuras de Datos,13.35,51.7,69.1,Medio,Se recomienda reforzar habitos de estudio y asistencia.
E04366,Ximena Zapata,Base de Datos,14.82,100.0,83.47,Bajo,Mantener el desempeno actual; sin acciones urgentes.
E04367,Ricardo Vega,Lenguajes de Programación,11.38,28.0,47.27,Medio,Se recomienda reforzar habitos de estudio y asistencia.
E04368,Jorge Alva,Lenguajes de Programación,15.12,100.0,71.5,Bajo,Mantener el desempeno actual; sin acciones urgentes.
E04369,Valentina Herrera,Lenguajes de Programación,12.12,48.7,77.37,Medio,Se recomienda reforzar habitos de estudio y asistencia.
E04370,Vicente Zapata,Estructuras de Datos,11.9,86.8,91.47,Medio,Se recomienda reforzar habitos de estudio y asistencia.
E04371,Isabela Salazar,Matemática Discreta,14.9,55.2,72.13,Medio,Se recomienda reforzar habitos de estudio y asistencia.
E04372,Alonso López,Lenguajes de Programación,16.07,92.9,74.17,Bajo,Mantener el desempeno actual; sin acciones urgentes.
E04373,Sebastián Vargas,Base de Datos,19.27,89.6,79.77,Bajo,Mantener el desempeno actual; sin acciones urgentes.
E04374,Paula Salazar,Base de Datos,8.78,63.5,60.97,Alto,Requiere tutoria academica inmediata y seguimiento semanal.
E04375,Camila Cabrera,Base de Datos,18.5,49.9,43.43,Medio,Se recomienda reforzar habitos de estudio y asistencia.
E04376,Rodrigo Palomino,Estructuras de Datos,12.85,84.7,56.73,Medio,Se recomienda reforzar habitos de estudio y asistencia.
E04377,Sebastián Mendoza,Estructuras de Datos,13.75,76.2,59.57,Medio,Se recomienda reforzar habitos de estudio y asistencia.
E04378,Sebastián Torres,Lenguajes de Programación,9.82,76.5,74.67,Medio,Se recomienda reforzar habitos de estudio y asistencia.
E04379,Valentina Mamani,Base de Datos,8.0,73.8,56.07,Alto,Requiere tutoria academica inmediata y seguimiento semanal.
E04380,Fernanda Gutiérrez,Base de Datos,17.93,67.8,59.67,Medio,Se recomienda reforzar habitos de estudio y asistencia.
E04381,Natalia Vega,Redes de Computadoras,17.25,72.8,78.43,Medio,Se recomienda reforzar habitos de estudio y asistencia.
E04382,Fernanda Aguilar,Lenguajes de Programación,14.55,81.7,90.03,Bajo,Mantener el desempeno actual; sin acciones urgentes.
E04383,Sebastián Vega,Redes de Computadoras,16.52,61.4,63.33,Medio,Se recomienda reforzar habitos de estudio y asistencia.
E04384,Fernanda Palomino,Matemática Discreta,14.67,53.6,61.7,Medio,Se recomienda reforzar habitos de estudio y asistencia.
E04385,Isabela Delgado,Base de Datos,12.55,60.3,72.3,Medio,Se recomienda reforzar habitos de estudio y asistencia.
E04386,Camila Cabrera,Redes de Computadoras,18.23,100.0,73.07,Bajo,Mantener el desempeno actual; sin acciones urgentes.
E04387,Isabela Ramírez,Base de Datos,13.2,54.2,67.0,Medio,Se recomienda reforzar habitos de estudio y asistencia.
E04388,Alejandra Mamani,Matemática Discreta,8.78,50.8,49.27,Alto,Requiere tutoria academica inmediata y seguimiento semanal.
E04389,Alonso Flores,Estructuras de Datos,14.48,60.5,55.1,Medio,Se recomienda reforzar habitos de estudio y asistencia.
E04390,Tomás Vargas,Base de Datos,17.85,67.4,87.4,Medio,Se recomienda reforzar habitos de estudio y asistencia.
E04391,Julio Gutiérrez,Base de Datos,5.9,100.0,70.27,Medio,Se recomienda reforzar habitos de estudio y asistencia.
E04392,Emilia Salazar,Estructuras de Datos,14.4,59.9,77.17,Medio,Se recomienda reforzar habitos de estudio y asistencia.
E04393,Ximena Reyes,Redes de Computadoras,8.22,100.0,78.3,Medio,Se recomienda reforzar habitos de estudio y asistencia.
E04394,Antonella Cárdenas,Matemática Discreta,9.3,73.1,65.9,Medio,Se recomienda reforzar habitos de estudio y asistencia.
E04395,María Flores,Lenguajes de Programación,19.52,71.0,77.0,Medio,Se recomienda reforzar habitos de estudio y asistencia.
E04396,Emilia Alva,Matemática Discreta,10.62,97.4,77.5,Medio,Se recomienda reforzar habitos de estudio y asistencia.
E04397,Miguel Alva,Lenguajes de Programación,10.5,63.3,64.83,Medio,Se recomienda reforzar habitos de estudio y asistencia.
E04398,Paula Delgado,Base de Datos,16.32,75.7,61.27,Medio,Se recomienda reforzar habitos de estudio y asistencia.
E04399,Valentina Paredes,Lenguajes de Programación,10.18,81.3,87.1,Medio,Se recomienda reforzar habitos de estudio y asistencia.
E04400,Iván Salazar,Lenguajes de Programación,10.6,55.7,61.33,Medio,Se recomienda reforzar habitos de estudio y asistencia.
E04401,Valentina Aguilar,Base de Datos,14.03,76.2,63.57,Medio,Se recomienda reforzar habitos de estudio y asistencia.
E04402,Valeria Quispe,Redes de Computadoras,19.85,45.3,56.93,Medio,Se recomienda reforzar habitos de estudio y asistencia.
E04403,Jorge Rivas,Matemática Discreta,9.12,53.5,67.1,Alto,Requiere tutoria academica inmediata y seguimiento semanal.
E04404,Joaquín Zapata,Redes de Computadoras,13.3,100.0,72.5,Bajo,Mantener el desempeno actual; sin acciones urgentes.
E04405,Estefanía Reyes,Matemática Discreta,7.4,93.4,90.6,Medio,Se recomienda reforzar habitos de estudio y asistencia.
E04406,Tomás Soto,Matemática Discreta,11.75,57.5,54.13,Medio,Se recomienda reforzar habitos de estudio y asistencia.
E04407,Rosa Cabrera,Redes de Computadoras,6.15,83.5,68.1,Medio,Se recomienda reforzar habitos de estudio y asistencia.
E04408,Adrián Salazar,Estructuras de Datos,12.7,58.4,55.63,Medio,Se recomienda reforzar habitos de estudio y asistencia.
E04409,Ricardo Aguilar,Lenguajes de Programación,20.0,55.0,55.53,Medio,Se recomienda reforzar habitos de estudio y asistencia.
E04410,Andrés Palomino,Redes de Computadoras,14.28,67.1,61.37,Medio,Se recomienda reforzar habitos de estudio y asistencia.
E04411,Martina Salazar,Base de Datos,17.93,100.0,85.77,Bajo,Mantener el desempeno actual; sin acciones urgentes.
E04412,Rosa Chávez,Estructuras de Datos,13.65,63.0,72.03,Medio,Se recomienda reforzar habitos de estudio y asistencia.
E04413,Alejandra Sánchez,Estructuras de Datos,14.22,78.6,77.4,Medio,Se recomienda reforzar habitos de estudio y asistencia.
E04414,Daniela Pérez,Redes de Computadoras,15.2,53.5,84.5,Medio,Se recomienda reforzar habitos de estudio y asistencia.
E04415,Manuel Rojas,Redes de Computadoras,15.88,56.9,72.43,Medio,Se recomienda reforzar habitos de estudio y asistencia.
E04416,Natalia Rojas,Matemática Discreta,16.57,88.4,89.27,Bajo,Mantener el desempeno actual; sin acciones urgentes.
E04417,Isabela Quispe,Base de Datos,17.8,70.9,65.93,Medio,Se recomienda reforzar habitos de estudio y asistencia.
E04418,Milagros Gutiérrez,Lenguajes de Programación,7.77,54.9,59.93,Alto,Requiere tutoria academica inmediata y seguimiento semanal.
E04419,Carlos Zapata,Base de Datos,10.43,100.0,79.9,Medio,Se recomienda reforzar habitos de estudio y asistencia.
E04420,Sebastián Herrera,Matemática Discreta,10.15,49.5,61.87,Alto,Requiere tutoria academica inmediata y seguimiento semanal.
E04421,Manuel Medina,Estructuras de Datos,10.2,53.2,48.27,Alto,Requiere tutoria academica inmediata y seguimiento semanal.
E04422,Camila Paredes,Base de Datos,9.25,83.9,81.3,Medio,Se recomienda reforzar habitos de estudio y asistencia.
E04423,Antonella Espinoza,Redes de Computadoras,8.6,93.0,84.13,Medio,Se recomienda reforzar habitos de estudio y asistencia.
E04424,Gabriela Paredes,Base de Datos,15.95,76.2,77.77,Medio,Se recomienda reforzar habitos de estudio y asistencia.
E04425,Daniela Aguilar,Matemática Discreta,15.32,69.0,58.2,Medio,Se recomienda reforzar habitos de estudio y asistencia.
E04426,Joaquín Ramírez,Matemática Discreta,6.55,98.5,83.07,Medio,Se recomienda reforzar habitos de estudio y asistencia.
E04427,Renata Palomino,Redes de Computadoras,9.5,67.1,81.33,Alto,Requiere tutoria academica inmediata y seguimiento semanal.
E04428,Sebastián Flores,Estructuras de Datos,11.0,67.7,78.03,Medio,Se recomienda reforzar habitos de estudio y asistencia.
E04429,Estefanía Alva,Lenguajes de Programación,13.0,81.1,59.43,Medio,Se recomienda reforzar habitos de estudio y asistencia.
E04430,Fabián Ortiz,Base de Datos,7.25,55.9,57.87,Alto,Requiere tutoria academica inmediata y seguimiento semanal.
E04431,Paula Rivas,Lenguajes de Programación,17.07,96.5,81.5,Bajo,Mantener el desempeno actual; sin acciones urgentes.
E04432,Miguel García,Base de Datos,5.55,40.9,65.1,Alto,Requiere tutoria academica inmediata y seguimiento semanal.
E04433,Luis Palomino,Lenguajes de Programación,12.68,86.8,88.93,Medio,Se recomienda reforzar habitos de estudio y asistencia.
E04434,Ana Vargas,Matemática Discreta,10.8,88.3,69.53,Medio,Se recomienda reforzar habitos de estudio y asistencia.
E04435,María Gutiérrez,Estructuras de Datos,19.32,79.5,86.5,Medio,Se recomienda reforzar habitos de estudio y asistencia.
E04436,Fernanda Zapata,Redes de Computadoras,19.6,72.0,50.5,Medio,Se recomienda reforzar habitos de estudio y asistencia.
E04437,Isabela Flores,Lenguajes de Programación,13.85,68.5,82.83,Medio,Se recomienda reforzar habitos de estudio y asistencia.
E04438,Iván Pérez,Estructuras de Datos,8.72,63.7,50.67,Alto,Requiere tutoria academica inmediata y seguimiento semanal.
E04439,Joaquín Medina,Redes de Computadoras,13.65,67.5,62.1,Medio,Se recomienda reforzar habitos de estudio y asistencia.
E04440,Sebastián Salazar,Estructuras de Datos,10.95,93.4,65.43,Medio,Se recomienda reforzar habitos de estudio y asistencia.
E04441,Sebastián Paredes,Estructuras de Datos,18.2,66.2,73.93,Medio,Se recomienda reforzar habitos de estudio y asistencia.
E04442,Alejandra Ramírez,Redes de Computadoras,15.38,66.1,68.03,Medio,Se recomienda reforzar habitos de estudio y asistencia.
E04443,Milagros Quispe,Matemática Discreta,9.88,57.9,68.77,Alto,Requiere tutoria academica inmediata y seguimiento semanal.
E04444,Emilia Quispe,Matemática Discreta,16.18,80.4,79.9,Bajo,Mantener el desempeno actual; sin acciones urgentes.
E04445,Manuel Mendoza,Lenguajes de Programación,11.88,63.6,63.7,Medio,Se recomienda reforzar habitos de estudio y asistencia.
E04446,Ana Pérez,Redes de Computadoras,14.85,64.0,74.63,Medio,Se recomienda reforzar habitos de estudio y asistencia.
E04447,Alejandra Paredes,Matemática Discreta,14.25,72.3,65.07,Medio,Se recomienda reforzar habitos de estudio y asistencia.
E04448,Carlos Palomino,Base de Datos,15.35,100.0,73.33,Bajo,Mantener el desempeno actual; sin acciones urgentes.
E04449,Mateo Cárdenas,Matemática Discreta,14.78,55.1,69.03,Medio,Se recomienda reforzar habitos de estudio y asistencia.
E04450,Natalia Cruz,Redes de Computadoras,8.15,81.1,60.87,Medio,Se recomienda reforzar habitos de estudio y asistencia.
E04451,Mateo Huamán,Redes de Computadoras,13.15,100.0,62.57,Medio,Se recomienda reforzar habitos de estudio y asistencia.
E04452,Rosa Cabrera,Base de Datos,15.23,37.6,63.77,Medio,Se recomienda reforzar habitos de estudio y asistencia.
E04453,Luis Torres,Redes de Computadoras,1.85,93.9,55.67,Alto,Requiere tutoria academica inmediata y seguimiento semanal.
E04454,Paula Cabrera,Lenguajes de Programación,13.02,72.2,71.27,Medio,Se recomienda reforzar habitos de estudio y asistencia.
E04455,Emilia Ortiz,Base de Datos,8.48,53.8,55.57,Alto,Requiere tutoria academica inmediata y seguimiento semanal.
E04456,Valeria Huamán,Redes de Computadoras,14.67,84.1,75.83,Bajo,Mantener el desempeno actual; sin acciones urgentes.
E04457,Manuel Pérez,Redes de Computadoras,8.98,79.7,68.77,Medio,Se recomienda reforzar habitos de estudio y asistencia.
E04458,Joaquín Ponce,Redes de Computadoras,9.38,70.8,74.2,Medio,Se recomienda reforzar habitos de estudio y asistencia.
E04459,Sebastián Huamán,Matemática Discreta,16.77,72.2,71.7,Medio,Se recomienda reforzar habitos de estudio y asistencia.
E04460,Estefanía Castillo,Base de Datos,10.55,54.7,78.23,Medio,Se recomienda reforzar habitos de estudio y asistencia.
E04461,Fernanda Chávez,Base de Datos,9.15,100.0,100.0,Medio,Se recomienda reforzar habitos de estudio y asistencia.
E04462,Rodrigo Rodríguez,Estructuras de Datos,11.43,73.9,67.87,Medio,Se recomienda reforzar habitos de estudio y asistencia.
E04463,Antonella Mamani,Estructuras de Datos,14.12,69.3,78.03,Medio,Se recomienda reforzar habitos de estudio y asistencia.
E04464,Nicolás Paredes,Redes de Computadoras,9.3,80.5,69.23,Medio,Se recomienda reforzar habitos de estudio y asistencia.
E04465,Martina Rojas,Matemática Discreta,12.07,76.1,67.37,Medio,Se recomienda reforzar habitos de estudio y asistencia.
E04466,Vicente Aguilar,Matemática Discreta,18.9,63.4,66.6,Medio,Se recomienda reforzar habitos de estudio y asistencia.
E04467,Valentina Zapata,Estructuras de Datos,13.35,55.0,76.37,Medio,Se recomienda reforzar habitos de estudio y asistencia.
E04468,Fabián Torres,Redes de Computadoras,6.38,55.6,61.0,Alto,Requiere tutoria academica inmediata y seguimiento semanal.
E04469,Sofía Medina,Base de Datos,13.78,65.7,73.5,Medio,Se recomienda reforzar habitos de estudio y asistencia.
E04470,Alejandra Cárdenas,Redes de Computadoras,11.03,50.9,56.3,Medio,Se recomienda reforzar habitos de estudio y asistencia.
E04471,Franco Chávez,Redes de Computadoras,6.95,75.8,66.8,Medio,Se recomienda reforzar habitos de estudio y asistencia.
E04472,Fabián Ramírez,Base de Datos,8.75,72.2,86.73,Medio,Se recomienda reforzar habitos de estudio y asistencia.
E04473,Julio Quispe,Base de Datos,11.88,99.3,90.47,Medio,Se recomienda reforzar habitos de estudio y asistencia.
E04474,Iván Soto,Redes de Computadoras,14.18,77.8,63.87,Medio,Se recomienda reforzar habitos de estudio y asistencia.
E04475,Valentina Gutiérrez,Estructuras de Datos,11.88,68.1,79.3,Medio,Se recomienda reforzar habitos de estudio y asistencia.
E04476,Jorge Cruz,Redes de Computadoras,14.4,78.8,65.53,Medio,Se recomienda reforzar habitos de estudio y asistencia.
E04477,Sebastián García,Estructuras de Datos,17.4,88.5,76.93,Bajo,Mantener el desempeno actual; sin acciones urgentes.
E04478,Alejandra Pérez,Redes de Computadoras,14.0,50.3,68.73,Medio,Se recomienda reforzar habitos de estudio y asistencia.
E04479,Emilio Sánchez,Matemática Discreta,17.27,39.6,59.43,Medio,Se recomienda reforzar habitos de estudio y asistencia.
E04480,Emilio Reyes,Base de Datos,11.97,71.8,57.03,Medio,Se recomienda reforzar habitos de estudio y asistencia.
E04481,Ricardo Paredes,Matemática Discreta,11.38,78.3,86.1,Medio,Se recomienda reforzar habitos de estudio y asistencia.
E04482,Manuel Ramírez,Base de Datos,10.62,42.8,60.93,Medio,Se recomienda reforzar habitos de estudio y asistencia.
E04483,Sofía Medina,Redes de Computadoras,14.3,73.1,66.2,Medio,Se recomienda reforzar habitos de estudio y asistencia.
E04484,Andrés Cabrera,Lenguajes de Programación,18.82,100.0,80.73,Bajo,Mantener el desempeno actual; sin acciones urgentes.
E04485,Ana Herrera,Matemática Discreta,13.38,27.1,49.17,Medio,Se recomienda reforzar habitos de estudio y asistencia.
E04486,Antonella Rivas,Base de Datos,15.55,74.7,55.73,Medio,Se recomienda reforzar habitos de estudio y asistencia.
E04487,Manuel Soto,Redes de Computadoras,6.57,66.9,57.83,Alto,Requiere tutoria academica inmediata y seguimiento semanal.
E04488,Bruno Cabrera,Redes de Computadoras,14.77,85.9,81.9,Bajo,Mantener el desempeno actual; sin acciones urgentes.
E04489,Ana Vargas,Estructuras de Datos,9.22,82.0,59.5,Alto,Requiere tutoria academica inmediata y seguimiento semanal.
E04490,Milagros Soto,Redes de Computadoras,16.35,77.2,61.93,Medio,Se recomienda reforzar habitos de estudio y asistencia.
E04491,Andrés Mamani,Redes de Computadoras,10.08,61.4,61.93,Alto,Requiere tutoria academica inmediata y seguimiento semanal.
E04492,Daniela Rojas,Base de Datos,15.2,47.5,67.73,Medio,Se recomienda reforzar habitos de estudio y asistencia.
E04493,Martina Ortiz,Lenguajes de Programación,16.62,63.2,68.87,Medio,Se recomienda reforzar habitos de estudio y asistencia.
E04494,Milagros López,Redes de Computadoras,12.32,60.2,48.77,Medio,Se recomienda reforzar habitos de estudio y asistencia.
E04495,Zoe López,Estructuras de Datos,13.35,50.6,57.87,Medio,Se recomienda reforzar habitos de estudio y asistencia.
E04496,Bruno Herrera,Matemática Discreta,13.33,45.6,75.2,Medio,Se recomienda reforzar habitos de estudio y asistencia.
E04497,Isabela Herrera,Estructuras de Datos,14.32,85.4,77.03,Bajo,Mantener el desempeno actual; sin acciones urgentes.
E04498,Mateo Torres,Estructuras de Datos,18.68,74.0,83.0,Medio,Se recomienda reforzar habitos de estudio y asistencia.
E04499,Adrián Soto,Base de Datos,11.33,81.7,62.6,Medio,Se recomienda reforzar habitos de estudio y asistencia.
E04500,Martina Palomino,Redes de Computadoras,17.98,57.5,60.27,Medio,Se recomienda reforzar habitos de estudio y asistencia.
E04501,Rodrigo Vargas,Base de Datos,13.88,100.0,85.0,Bajo,Mantener el desempeno actual; sin acciones urgentes.
E04502,Estefanía Medina,Base de Datos,10.53,74.0,91.33,Medio,Se recomienda reforzar habitos de estudio y asistencia.
E04503,Andrés Rodríguez,Redes de Computadoras,10.6,54.0,62.83,Medio,Se recomienda reforzar habitos de estudio y asistencia.
E04504,Sebastián Cabrera,Lenguajes de Programación,9.32,86.2,75.47,Medio,Se recomienda reforzar habitos de estudio y asistencia.
E04505,Ricardo Cruz,Lenguajes de Programación,12.63,69.0,75.77,Medio,Se recomienda reforzar habitos de estudio y asistencia.
E04506,Rodrigo Herrera,Base de Datos,15.8,80.2,66.3,Bajo,Mantener el desempeno actual; sin acciones urgentes.
E04507,Camila Quispe,Redes de Computadoras,14.85,79.8,50.3,Medio,Se recomienda reforzar habitos de estudio y asistencia.
E04508,Rosa Cárdenas,Matemática Discreta,16.73,97.3,81.87,Bajo,Mantener el desempeno actual; sin acciones urgentes.
E04509,Paula Gutiérrez,Redes de Computadoras,13.05,70.6,54.6,Medio,Se recomienda reforzar habitos de estudio y asistencia.
E04510,Andrés Soto,Redes de Computadoras,17.4,81.9,68.83,Bajo,Mantener el desempeno actual; sin acciones urgentes.
E04511,Ricardo Salazar,Base de Datos,4.22,77.1,77.47,Medio,Se recomienda reforzar habitos de estudio y asistencia.
E04512,Carlos Cabrera,Lenguajes de Programación,9.1,55.3,46.97,Alto,Requiere tutoria academica inmediata y seguimiento semanal.
E04513,Joaquín Alva,Estructuras de Datos,11.88,48.3,54.9,Medio,Se recomienda reforzar habitos de estudio y asistencia.
E04514,Miguel Chávez,Redes de Computadoras,18.68,94.2,88.47,Bajo,Mantener el desempeno actual; sin acciones urgentes.
E04515,Rosa Aguilar,Base de Datos,16.77,62.1,66.1,Medio,Se recomienda reforzar habitos de estudio y asistencia.
E04516,Diego Reyes,Base de Datos,3.23,62.3,78.2,Alto,Requiere tutoria academica inmediata y seguimiento semanal.
E04517,Iván Ponce,Estructuras de Datos,12.48,74.9,84.97,Medio,Se recomienda reforzar habitos de estudio y asistencia.
E04518,Valentina Chávez,Base de Datos,18.48,83.0,94.33,Bajo,Mantener el desempeno actual; sin acciones urgentes.
E04519,Diego Sánchez,Lenguajes de Programación,15.18,56.2,72.47,Medio,Se recomienda reforzar habitos de estudio y asistencia.
E04520,Luis Herrera,Estructuras de Datos,14.38,79.5,59.93,Medio,Se recomienda reforzar habitos de estudio y asistencia.
E04521,Daniela Huamán,Redes de Computadoras,14.25,73.5,89.9,Medio,Se recomienda reforzar habitos de estudio y asistencia.
E04522,Daniela Castillo,Matemática Discreta,12.35,39.6,69.07,Medio,Se recomienda reforzar habitos de estudio y asistencia.
E04523,Gabriela Vega,Estructuras de Datos,16.38,100.0,72.2,Bajo,Mantener el desempeno actual; sin acciones urgentes.
E04524,Estefanía Vega,Redes de Computadoras,12.45,51.3,57.23,Medio,Se recomienda reforzar habitos de estudio y asistencia.
E04525,Bruno Ortiz,Redes de Computadoras,18.85,60.4,80.13,Medio,Se recomienda reforzar habitos de estudio y asistencia.
E04526,Fernanda Sánchez,Matemática Discreta,15.02,57.8,79.3,Medio,Se recomienda reforzar habitos de estudio y asistencia.
E04527,Emilio Palomino,Lenguajes de Programación,6.38,72.7,63.83,Medio,Se recomienda reforzar habitos de estudio y asistencia.
E04528,Franco Zapata,Matemática Discreta,18.88,84.2,74.73,Bajo,Mantener el desempeno actual; sin acciones urgentes.
E04529,Zoe Zapata,Matemática Discreta,9.85,91.7,82.03,Medio,Se recomienda reforzar habitos de estudio y asistencia.
E04530,Emilia Soto,Redes de Computadoras,16.25,90.8,84.43,Bajo,Mantener el desempeno actual; sin acciones urgentes.
E04531,Iván Sánchez,Estructuras de Datos,11.0,55.1,65.73,Medio,Se recomienda reforzar habitos de estudio y asistencia.
E04532,Adrián Rivas,Redes de Computadoras,13.5,66.6,69.13,Medio,Se recomienda reforzar habitos de estudio y asistencia.
E04533,Alejandra Sánchez,Estructuras de Datos,13.82,71.6,65.13,Medio,Se recomienda reforzar habitos de estudio y asistencia.
E04534,Diego Vega,Base de Datos,12.88,77.3,78.23,Medio,Se recomienda reforzar habitos de estudio y asistencia.
E04535,Luis Reyes,Lenguajes de Programación,13.0,53.4,57.8,Medio,Se recomienda reforzar habitos de estudio y asistencia.
E04536,Joaquín Quispe,Lenguajes de Programación,10.93,71.8,64.8,Medio,Se recomienda reforzar habitos de estudio y asistencia.
E04537,Carlos Cárdenas,Lenguajes de Programación,6.83,81.7,62.83,Medio,Se recomienda reforzar habitos de estudio y asistencia.
E04538,Diego Rodríguez,Redes de Computadoras,11.75,99.4,84.0,Medio,Se recomienda reforzar habitos de estudio y asistencia.
E04539,Zoe Flores,Estructuras de Datos,13.07,52.1,84.03,Medio,Se recomienda reforzar habitos de estudio y asistencia.
E04540,Valeria Mamani,Lenguajes de Programación,12.2,61.2,52.53,Medio,Se recomienda reforzar habitos de estudio y asistencia.
E04541,María Cabrera,Base de Datos,10.78,54.9,64.2,Medio,Se recomienda reforzar habitos de estudio y asistencia.
E04542,Mateo Ponce,Redes de Computadoras,15.62,58.4,56.03,Medio,Se recomienda reforzar habitos de estudio y asistencia.
E04543,Joaquín Medina,Redes de Computadoras,18.15,78.6,53.87,Medio,Se recomienda reforzar habitos de estudio y asistencia.
E04544,Antonella Rivas,Lenguajes de Programación,15.03,69.2,83.07,Medio,Se recomienda reforzar habitos de estudio y asistencia.
E04545,Alonso Rivas,Lenguajes de Programación,10.25,88.1,82.0,Medio,Se recomienda reforzar habitos de estudio y asistencia.
E04546,Gabriela Torres,Redes de Computadoras,10.45,73.7,58.97,Alto,Requiere tutoria academica inmediata y seguimiento semanal.
E04547,Emilio Flores,Matemática Discreta,18.3,52.3,64.53,Medio,Se recomienda reforzar habitos de estudio y asistencia.
E04548,Emilio Quispe,Estructuras de Datos,9.45,100.0,71.27,Medio,Se recomienda reforzar habitos de estudio y asistencia.
E04549,Natalia Rivas,Base de Datos,12.88,56.9,69.87,Medio,Se recomienda reforzar habitos de estudio y asistencia.
E04550,Alonso Medina,Estructuras de Datos,20.0,34.7,74.77,Medio,Se recomienda reforzar habitos de estudio y asistencia.
E04551,Martina Cabrera,Estructuras de Datos,18.27,70.0,66.27,Medio,Se recomienda reforzar habitos de estudio y asistencia.
E04552,Camila Delgado,Matemática Discreta,8.75,56.4,65.47,Alto,Requiere tutoria academica inmediata y seguimiento semanal.
E04553,Luis Alva,Matemática Discreta,15.12,78.4,69.4,Medio,Se recomienda reforzar habitos de estudio y asistencia.
E04554,María Quispe,Redes de Computadoras,14.52,78.9,72.3,Medio,Se recomienda reforzar habitos de estudio y asistencia.
E04555,Camila Gutiérrez,Base de Datos,12.75,52.2,59.67,Medio,Se recomienda reforzar habitos de estudio y asistencia.
E04556,Bruno Chávez,Lenguajes de Programación,14.8,100.0,66.17,Bajo,Mantener el desempeno actual; sin acciones urgentes.
E04557,Adrián Reyes,Estructuras de Datos,11.6,57.9,42.73,Medio,Se recomienda reforzar habitos de estudio y asistencia.
E04558,Zoe Rodríguez,Estructuras de Datos,12.0,40.8,36.6,Medio,Se recomienda reforzar habitos de estudio y asistencia.
E04559,Rosa Huamán,Base de Datos,13.7,70.7,67.63,Medio,Se recomienda reforzar habitos de estudio y asistencia.
E04560,Emilio Salazar,Redes de Computadoras,10.98,77.0,84.37,Medio,Se recomienda reforzar habitos de estudio y asistencia.
E04561,Lucía Ponce,Base de Datos,7.5,90.9,79.87,Medio,Se recomienda reforzar habitos de estudio y asistencia.
E04562,Valentina Soto,Estructuras de Datos,14.45,61.0,70.6,Medio,Se recomienda reforzar habitos de estudio y asistencia.
E04563,Alonso Sánchez,Estructuras de Datos,8.85,77.4,61.13,Medio,Se recomienda reforzar habitos de estudio y asistencia.
E04564,Alonso Chávez,Estructuras de Datos,14.73,51.5,65.63,Medio,Se recomienda reforzar habitos de estudio y asistencia.
E04565,Alonso Vega,Estructuras de Datos,17.72,56.6,60.17,Medio,Se recomienda reforzar habitos de estudio y asistencia.
E04566,Emilia Medina,Matemática Discreta,12.22,56.2,51.27,Medio,Se recomienda reforzar habitos de estudio y asistencia.
E04567,Fernanda Zapata,Redes de Computadoras,16.97,90.3,68.3,Bajo,Mantener el desempeno actual; sin acciones urgentes.
E04568,Renata Castillo,Lenguajes de Programación,12.72,80.9,77.2,Medio,Se recomienda reforzar habitos de estudio y asistencia.
E04569,Iván Flores,Estructuras de Datos,10.9,67.3,75.77,Medio,Se recomienda reforzar habitos de estudio y asistencia.
E04570,Renata Cárdenas,Matemática Discreta,17.77,65.8,61.73,Medio,Se recomienda reforzar habitos de estudio y asistencia.
E04571,María Castillo,Base de Datos,13.6,80.5,87.37,Bajo,Mantener el desempeno actual; sin acciones urgentes.
E04572,Tomás Paredes,Estructuras de Datos,18.25,91.9,67.1,Bajo,Mantener el desempeno actual; sin acciones urgentes.
E04573,Daniela Palomino,Base de Datos,11.82,65.8,83.1,Medio,Se recomienda reforzar habitos de estudio y asistencia.
E04574,Jorge Medina,Base de Datos,16.1,59.2,47.87,Medio,Se recomienda reforzar habitos de estudio y asistencia.
E04575,Isabela Huamán,Matemática Discreta,8.2,100.0,75.97,Medio,Se recomienda reforzar habitos de estudio y asistencia.
E04576,Isabela Mendoza,Redes de Computadoras,13.85,53.5,59.87,Medio,Se recomienda reforzar habitos de estudio y asistencia.
E04577,Julio Delgado,Lenguajes de Programación,11.95,66.8,74.33,Medio,Se recomienda reforzar habitos de estudio y asistencia.
E04578,Zoe Gutiérrez,Redes de Computadoras,11.07,84.0,70.27,Medio,Se recomienda reforzar habitos de estudio y asistencia.
E04579,Bruno Alva,Matemática Discreta,17.67,63.7,79.37,Medio,Se recomienda reforzar habitos de estudio y asistencia.
E04580,Paula Rivas,Estructuras de Datos,9.27,63.1,64.47,Alto,Requiere tutoria academica inmediata y seguimiento semanal.
E04581,Lucía Cruz,Matemática Discreta,9.25,71.8,72.7,Medio,Se recomienda reforzar habitos de estudio y asistencia.
E04582,Rodrigo Aguilar,Matemática Discreta,15.85,100.0,93.33,Bajo,Mantener el desempeno actual; sin acciones urgentes.
E04583,Jorge Medina,Redes de Computadoras,17.1,69.0,49.8,Medio,Se recomienda reforzar habitos de estudio y asistencia.
E04584,Emilia Herrera,Matemática Discreta,12.45,99.9,77.57,Medio,Se recomienda reforzar habitos de estudio y asistencia.
E04585,Valentina Castillo,Lenguajes de Programación,17.33,63.1,50.8,Medio,Se recomienda reforzar habitos de estudio y asistencia.
E04586,Camila Palomino,Estructuras de Datos,11.22,88.1,86.13,Medio,Se recomienda reforzar habitos de estudio y asistencia.
E04587,María Reyes,Redes de Computadoras,4.58,58.9,74.67,Alto,Requiere tutoria academica inmediata y seguimiento semanal.
E04588,Daniela Vega,Lenguajes de Programación,13.5,56.6,54.5,Medio,Se recomienda reforzar habitos de estudio y asistencia.
E04589,Rodrigo Rodríguez,Base de Datos,20.0,82.3,72.9,Bajo,Mantener el desempeno actual; sin acciones urgentes.
E04590,Julio Palomino,Lenguajes de Programación,16.23,66.0,57.93,Medio,Se recomienda reforzar habitos de estudio y asistencia.
E04591,Daniela Mamani,Redes de Computadoras,11.85,78.5,58.5,Medio,Se recomienda reforzar habitos de estudio y asistencia.
E04592,Jorge García,Lenguajes de Programación,14.45,82.0,80.67,Bajo,Mantener el desempeno actual; sin acciones urgentes.
E04593,Franco Paredes,Estructuras de Datos,18.98,80.8,59.53,Medio,Se recomienda reforzar habitos de estudio y asistencia.
E04594,Andrés López,Estructuras de Datos,14.52,88.1,72.03,Bajo,Mantener el desempeno actual; sin acciones urgentes.
E04595,Julio Medina,Estructuras de Datos,14.95,57.0,63.37,Medio,Se recomienda reforzar habitos de estudio y asistencia.
E04596,Andrés Mamani,Lenguajes de Programación,14.35,84.3,81.43,Bajo,Mantener el desempeno actual; sin acciones urgentes.
E04597,Paula Quispe,Matemática Discreta,12.47,86.2,65.1,Medio,Se recomienda reforzar habitos de estudio y asistencia.
E04598,Tomás Flores,Redes de Computadoras,12.75,46.8,50.33,Medio,Se recomienda reforzar habitos de estudio y asistencia.
E04599,Fabián Torres,Base de Datos,17.08,69.8,64.13,Medio,Se recomienda reforzar habitos de estudio y asistencia.
E04600,Miguel Ramírez,Estructuras de Datos,13.23,59.0,52.97,Medio,Se recomienda reforzar habitos de estudio y asistencia.
E04601,Alonso Cruz,Matemática Discreta,16.4,58.6,66.07,Medio,Se recomienda reforzar habitos de estudio y asistencia.
E04602,María Pérez,Base de Datos,18.95,72.1,69.3,Medio,Se recomienda reforzar habitos de estudio y asistencia.
E04603,Luis Ponce,Base de Datos,9.75,71.2,57.4,Alto,Requiere tutoria academica inmediata y seguimiento semanal.
E04604,Andrés Delgado,Estructuras de Datos,4.53,49.3,69.5,Alto,Requiere tutoria academica inmediata y seguimiento semanal.
E04605,Bruno Mendoza,Redes de Computadoras,10.32,89.8,63.17,Medio,Se recomienda reforzar habitos de estudio y asistencia.
E04606,Emilia Vega,Matemática Discreta,14.32,61.0,61.03,Medio,Se recomienda reforzar habitos de estudio y asistencia.
E04607,Alonso Espinoza,Base de Datos,12.32,75.8,64.97,Medio,Se recomienda reforzar habitos de estudio y asistencia.
E04608,Fernanda Castillo,Redes de Computadoras,13.25,49.4,72.37,Medio,Se recomienda reforzar habitos de estudio y asistencia.
E04609,Julio Torres,Base de Datos,18.67,86.5,62.2,Medio,Se recomienda reforzar habitos de estudio y asistencia.
E04610,Andrés Gutiérrez,Redes de Computadoras,12.43,79.9,71.03,Medio,Se recomienda reforzar habitos de estudio y asistencia.
E04611,Sofía Soto,Matemática Discreta,16.95,63.4,74.47,Medio,Se recomienda reforzar habitos de estudio y asistencia.
E04612,Miguel Mamani,Lenguajes de Programación,19.12,71.6,86.7,Medio,Se recomienda reforzar habitos de estudio y asistencia.
E04613,Daniela López,Base de Datos,9.35,83.6,74.87,Medio,Se recomienda reforzar habitos de estudio y asistencia.
E04614,Rosa García,Estructuras de Datos,11.45,69.8,52.7,Medio,Se recomienda reforzar habitos de estudio y asistencia.
E04615,Ricardo Alva,Matemática Discreta,11.82,77.1,72.37,Medio,Se recomienda reforzar habitos de estudio y asistencia.
E04616,María Zapata,Matemática Discreta,11.55,72.1,69.47,Medio,Se recomienda reforzar habitos de estudio y asistencia.
E04617,Rosa Mamani,Base de Datos,16.68,94.6,74.67,Bajo,Mantener el desempeno actual; sin acciones urgentes.
E04618,Emilio Castillo,Matemática Discreta,11.7,100.0,78.93,Medio,Se recomienda reforzar habitos de estudio y asistencia.
E04619,Fabián Herrera,Redes de Computadoras,15.6,81.5,79.3,Bajo,Mantener el desempeno actual; sin acciones urgentes.
E04620,Jorge Sánchez,Matemática Discreta,9.78,61.2,50.43,Alto,Requiere tutoria academica inmediata y seguimiento semanal.
E04621,Alejandra Alva,Estructuras de Datos,17.5,57.9,79.3,Medio,Se recomienda reforzar habitos de estudio y asistencia.
E04622,Estefanía Espinoza,Matemática Discreta,12.75,83.9,53.77,Medio,Se recomienda reforzar habitos de estudio y asistencia.
E04623,Martina Zapata,Estructuras de Datos,15.95,59.2,63.23,Medio,Se recomienda reforzar habitos de estudio y asistencia.
E04624,Sebastián Castillo,Lenguajes de Programación,10.03,100.0,74.8,Medio,Se recomienda reforzar habitos de estudio y asistencia.
E04625,Jorge Pérez,Estructuras de Datos,11.9,64.2,66.5,Medio,Se recomienda reforzar habitos de estudio y asistencia.
E04626,Fabián Rodríguez,Matemática Discreta,18.3,44.0,73.97,Medio,Se recomienda reforzar habitos de estudio y asistencia.
E04627,Franco Sánchez,Lenguajes de Programación,17.58,61.0,73.67,Medio,Se recomienda reforzar habitos de estudio y asistencia.
E04628,Tomás Paredes,Estructuras de Datos,9.38,84.9,60.33,Medio,Se recomienda reforzar habitos de estudio y asistencia.
E04629,Nicolás Zapata,Matemática Discreta,17.67,57.8,72.6,Medio,Se recomienda reforzar habitos de estudio y asistencia.
E04630,Jorge Torres,Redes de Computadoras,10.5,53.4,44.8,Medio,Se recomienda reforzar habitos de estudio y asistencia.
E04631,Ximena Rojas,Matemática Discreta,11.6,45.9,55.3,Medio,Se recomienda reforzar habitos de estudio y asistencia.
E04632,Isabela Espinoza,Estructuras de Datos,12.85,100.0,56.37,Medio,Se recomienda reforzar habitos de estudio y asistencia.
E04633,Natalia Paredes,Estructuras de Datos,8.65,53.9,61.83,Alto,Requiere tutoria academica inmediata y seguimiento semanal.
E04634,Alejandra Ponce,Estructuras de Datos,11.12,76.6,85.43,Medio,Se recomienda reforzar habitos de estudio y asistencia.
E04635,Joaquín Sánchez,Redes de Computadoras,5.05,100.0,77.73,Medio,Se recomienda reforzar habitos de estudio y asistencia.
E04636,Emilia Rodríguez,Base de Datos,9.2,51.8,82.0,Alto,Requiere tutoria academica inmediata y seguimiento semanal.
E04637,Sebastián Palomino,Base de Datos,12.68,84.5,76.47,Medio,Se recomienda reforzar habitos de estudio y asistencia.
E04638,Sofía Pérez,Matemática Discreta,15.5,75.7,70.93,Medio,Se recomienda reforzar habitos de estudio y asistencia.
E04639,Ricardo Torres,Lenguajes de Programación,9.7,91.9,63.17,Medio,Se recomienda reforzar habitos de estudio y asistencia.
E04640,Valentina Flores,Matemática Discreta,20.0,71.8,69.33,Medio,Se recomienda reforzar habitos de estudio y asistencia.
E04641,Natalia Rivas,Base de Datos,6.55,71.8,60.9,Medio,Se recomienda reforzar habitos de estudio y asistencia.
E04642,Natalia Torres,Matemática Discreta,15.73,77.1,79.03,Medio,Se recomienda reforzar habitos de estudio y asistencia.
E04643,Daniela Mamani,Lenguajes de Programación,13.8,67.0,79.73,Medio,Se recomienda reforzar habitos de estudio y asistencia.
E04644,Franco Quispe,Estructuras de Datos,12.75,95.9,98.63,Medio,Se recomienda reforzar habitos de estudio y asistencia.
E04645,Ricardo Zapata,Base de Datos,7.57,44.4,60.87,Alto,Requiere tutoria academica inmediata y seguimiento semanal.
E04646,Nicolás Huamán,Redes de Computadoras,14.35,64.9,88.3,Medio,Se recomienda reforzar habitos de estudio y asistencia.
E04647,Carlos Palomino,Estructuras de Datos,14.62,96.7,70.5,Bajo,Mantener el desempeno actual; sin acciones urgentes.
E04648,Alejandra Ramírez,Matemática Discreta,14.77,51.5,71.63,Medio,Se recomienda reforzar habitos de estudio y asistencia.
E04649,Alejandra Vargas,Matemática Discreta,14.7,47.7,59.17,Medio,Se recomienda reforzar habitos de estudio y asistencia.
E04650,Daniela Ortiz,Estructuras de Datos,11.12,62.2,64.13,Medio,Se recomienda reforzar habitos de estudio y asistencia.
E04651,Alejandra Vargas,Matemática Discreta,11.95,58.8,56.37,Medio,Se recomienda reforzar habitos de estudio y asistencia.
E04652,Fabián Herrera,Lenguajes de Programación,9.93,49.0,66.97,Alto,Requiere tutoria academica inmediata y seguimiento semanal.
E04653,Miguel Cruz,Base de Datos,11.28,56.3,56.37,Medio,Se recomienda reforzar habitos de estudio y asistencia.
E04654,Joaquín Rodríguez,Redes de Computadoras,13.28,73.7,51.6,Medio,Se recomienda reforzar habitos de estudio y asistencia.
E04655,Natalia Paredes,Estructuras de Datos,13.78,86.3,66.17,Bajo,Mantener el desempeno actual; sin acciones urgentes.
E04656,Carlos Torres,Lenguajes de Programación,13.12,77.7,56.13,Medio,Se recomienda reforzar habitos de estudio y asistencia.
E04657,Nicolás Castillo,Estructuras de Datos,15.88,64.7,47.9,Medio,Se recomienda reforzar habitos de estudio y asistencia.
E04658,Andrés Flores,Redes de Computadoras,10.23,74.3,68.77,Medio,Se recomienda reforzar habitos de estudio y asistencia.
E04659,Julio Sánchez,Estructuras de Datos,12.93,58.9,72.5,Medio,Se recomienda reforzar habitos de estudio y asistencia.
E04660,Camila López,Lenguajes de Programación,18.25,60.5,75.93,Medio,Se recomienda reforzar habitos de estudio y asistencia.
E04661,Alonso Herrera,Estructuras de Datos,15.1,72.3,70.77,Medio,Se recomienda reforzar habitos de estudio y asistencia.
E04662,Emilia Quispe,Lenguajes de Programación,12.28,75.4,47.4,Medio,Se recomienda reforzar habitos de estudio y asistencia.
E04663,Manuel Vega,Base de Datos,9.32,100.0,81.3,Medio,Se recomienda reforzar habitos de estudio y asistencia.
E04664,Ximena Ponce,Estructuras de Datos,13.27,63.9,46.3,Medio,Se recomienda reforzar habitos de estudio y asistencia.
E04665,Estefanía Castillo,Base de Datos,18.93,76.1,72.9,Medio,Se recomienda reforzar habitos de estudio y asistencia.
E04666,Emilio Ramírez,Lenguajes de Programación,12.62,87.4,60.37,Medio,Se recomienda reforzar habitos de estudio y asistencia.
E04667,Zoe Zapata,Base de Datos,5.58,60.3,72.7,Alto,Requiere tutoria academica inmediata y seguimiento semanal.
E04668,Daniela García,Redes de Computadoras,7.47,59.1,59.5,Alto,Requiere tutoria academica inmediata y seguimiento semanal.
E04669,Ana Rivas,Redes de Computadoras,16.5,82.2,72.2,Bajo,Mantener el desempeno actual; sin acciones urgentes.
E04670,Ricardo Rivas,Lenguajes de Programación,17.7,93.2,62.47,Medio,Se recomienda reforzar habitos de estudio y asistencia.
E04671,Franco Vega,Base de Datos,6.6,88.3,91.17,Medio,Se recomienda reforzar habitos de estudio y asistencia.
E04672,Miguel Soto,Redes de Computadoras,10.57,74.8,72.6,Medio,Se recomienda reforzar habitos de estudio y asistencia.
E04673,Gabriela Chávez,Estructuras de Datos,14.1,82.9,82.23,Bajo,Mantener el desempeno actual; sin acciones urgentes.
E04674,María Cabrera,Lenguajes de Programación,7.45,54.2,69.9,Alto,Requiere tutoria academica inmediata y seguimiento semanal.
E04675,María Aguilar,Base de Datos,18.1,62.3,70.9,Medio,Se recomienda reforzar habitos de estudio y asistencia.
E04676,Sebastián Cruz,Redes de Computadoras,7.73,76.1,65.47,Medio,Se recomienda reforzar habitos de estudio y asistencia.
E04677,Milagros Delgado,Estructuras de Datos,19.8,87.0,57.9,Medio,Se recomienda reforzar habitos de estudio y asistencia.
E04678,Martina Pérez,Lenguajes de Programación,16.07,27.1,56.67,Medio,Se recomienda reforzar habitos de estudio y asistencia.
E04679,Andrés Mendoza,Lenguajes de Programación,10.57,66.9,71.27,Medio,Se recomienda reforzar habitos de estudio y asistencia.
E04680,Ximena Reyes,Matemática Discreta,9.7,85.4,65.67,Medio,Se recomienda reforzar habitos de estudio y asistencia.
E04681,Luis López,Estructuras de Datos,12.15,83.3,69.9,Medio,Se recomienda reforzar habitos de estudio y asistencia.
E04682,Rodrigo Ortiz,Lenguajes de Programación,10.38,100.0,100.0,Medio,Se recomienda reforzar habitos de estudio y asistencia.
E04683,Alonso Reyes,Estructuras de Datos,19.27,60.4,47.07,Medio,Se recomienda reforzar habitos de estudio y asistencia.
E04684,Nicolás Ramírez,Lenguajes de Programación,14.75,100.0,89.23,Bajo,Mantener el desempeno actual; sin acciones urgentes.
E04685,Ana Delgado,Base de Datos,14.43,61.8,59.37,Medio,Se recomienda reforzar habitos de estudio y asistencia.
E04686,Emilia Sánchez,Lenguajes de Programación,9.57,23.4,48.0,Alto,Requiere tutoria academica inmediata y seguimiento semanal.
E04687,Ana Ortiz,Lenguajes de Programación,19.25,64.0,74.67,Medio,Se recomienda reforzar habitos de estudio y asistencia.
E04688,Carlos Castillo,Base de Datos,11.0,63.6,75.93,Medio,Se recomienda reforzar habitos de estudio y asistencia.
E04689,Bruno Castillo,Base de Datos,14.43,51.0,69.8,Medio,Se recomienda reforzar habitos de estudio y asistencia.
E04690,Emilia Soto,Base de Datos,14.18,84.2,76.9,Bajo,Mantener el desempeno actual; sin acciones urgentes.
E04691,Valentina Medina,Lenguajes de Programación,13.1,66.9,74.23,Medio,Se recomienda reforzar habitos de estudio y asistencia.
E04692,Miguel Castillo,Estructuras de Datos,18.6,79.0,71.83,Medio,Se recomienda reforzar habitos de estudio y asistencia.
E04693,Fabián Paredes,Lenguajes de Programación,10.38,53.1,58.03,Alto,Requiere tutoria academica inmediata y seguimiento semanal.
E04694,Diego Soto,Estructuras de Datos,18.92,71.1,65.97,Medio,Se recomienda reforzar habitos de estudio y asistencia.
E04695,Emilia Pérez,Base de Datos,11.03,43.5,45.13,Medio,Se recomienda reforzar habitos de estudio y asistencia.
E04696,Gabriela Mendoza,Base de Datos,16.23,67.9,60.27,Medio,Se recomienda reforzar habitos de estudio y asistencia.
E04697,Ricardo Vargas,Base de Datos,15.7,67.5,75.6,Medio,Se recomienda reforzar habitos de estudio y asistencia.
E04698,Renata Quispe,Redes de Computadoras,11.35,72.1,73.6,Medio,Se recomienda reforzar habitos de estudio y asistencia.
E04699,María Palomino,Lenguajes de Programación,11.62,88.1,95.17,Medio,Se recomienda reforzar habitos de estudio y asistencia.
E04700,Ricardo Torres,Base de Datos,12.75,46.2,70.67,Medio,Se recomienda reforzar habitos de estudio y asistencia.
E04701,Ricardo Quispe,Matemática Discreta,10.3,95.6,68.83,Medio,Se recomienda reforzar habitos de estudio y asistencia.
E04702,Ana Quispe,Lenguajes de Programación,14.02,88.1,68.83,Bajo,Mantener el desempeno actual; sin acciones urgentes.
E04703,Camila Rodríguez,Redes de Computadoras,15.82,59.8,55.77,Medio,Se recomienda reforzar habitos de estudio y asistencia.
E04704,Miguel Pérez,Estructuras de Datos,17.62,83.8,55.43,Medio,Se recomienda reforzar habitos de estudio y asistencia.
E04705,Gabriela Chávez,Estructuras de Datos,16.02,66.1,68.27,Medio,Se recomienda reforzar habitos de estudio y asistencia.
E04706,Mateo Cárdenas,Lenguajes de Programación,9.85,58.7,41.37,Alto,Requiere tutoria academica inmediata y seguimiento semanal.
E04707,Franco López,Lenguajes de Programación,13.85,78.8,76.23,Medio,Se recomienda reforzar habitos de estudio y asistencia.
E04708,Diego Ramírez,Estructuras de Datos,13.75,92.2,64.07,Medio,Se recomienda reforzar habitos de estudio y asistencia.
E04709,Emilio Torres,Estructuras de Datos,18.45,42.0,51.73,Medio,Se recomienda reforzar habitos de estudio y asistencia.
E04710,Manuel Espinoza,Matemática Discreta,15.82,66.6,57.8,Medio,Se recomienda reforzar habitos de estudio y asistencia.
E04711,Gabriela García,Redes de Computadoras,15.62,51.8,64.47,Medio,Se recomienda reforzar habitos de estudio y asistencia.
E04712,Ximena Zapata,Base de Datos,15.7,60.8,60.27,Medio,Se recomienda reforzar habitos de estudio y asistencia.
E04713,Fabián Soto,Redes de Computadoras,8.52,86.3,77.8,Medio,Se recomienda reforzar habitos de estudio y asistencia.
E04714,Julio Ramírez,Estructuras de Datos,13.78,100.0,72.33,Bajo,Mantener el desempeno actual; sin acciones urgentes.
E04715,Valeria Pérez,Base de Datos,12.75,80.4,74.87,Medio,Se recomienda reforzar habitos de estudio y asistencia.
E04716,Milagros López,Base de Datos,18.12,87.1,69.67,Bajo,Mantener el desempeno actual; sin acciones urgentes.
E04717,Iván Gutiérrez,Lenguajes de Programación,15.12,76.4,64.33,Medio,Se recomienda reforzar habitos de estudio y asistencia.
E04718,Ana Ramírez,Base de Datos,17.1,82.3,82.0,Bajo,Mantener el desempeno actual; sin acciones urgentes.
E04719,Fabián Cárdenas,Redes de Computadoras,18.18,80.7,67.03,Bajo,Mantener el desempeno actual; sin acciones urgentes.
E04720,Andrés Rivas,Lenguajes de Programación,10.02,75.6,71.1,Medio,Se recomienda reforzar habitos de estudio y asistencia.
E04721,Bruno Soto,Lenguajes de Programación,12.05,79.3,60.03,Medio,Se recomienda reforzar habitos de estudio y asistencia.
E04722,Fernanda Chávez,Base de Datos,16.9,56.3,54.2,Medio,Se recomienda reforzar habitos de estudio y asistencia.
E04723,Rosa Ramírez,Matemática Discreta,15.25,77.2,62.03,Medio,Se recomienda reforzar habitos de estudio y asistencia.
E04724,Rosa Espinoza,Base de Datos,15.72,73.4,72.0,Medio,Se recomienda reforzar habitos de estudio y asistencia.
E04725,Alonso Delgado,Lenguajes de Programación,17.38,72.7,90.9,Medio,Se recomienda reforzar habitos de estudio y asistencia.
E04726,Emilio Huamán,Redes de Computadoras,15.85,76.0,72.87,Medio,Se recomienda reforzar habitos de estudio y asistencia.
E04727,Camila Delgado,Base de Datos,13.05,100.0,79.33,Bajo,Mantener el desempeno actual; sin acciones urgentes.
E04728,Antonella Ramírez,Lenguajes de Programación,12.25,31.6,56.77,Medio,Se recomienda reforzar habitos de estudio y asistencia.
E04729,Diego Paredes,Estructuras de Datos,14.5,42.6,61.97,Medio,Se recomienda reforzar habitos de estudio y asistencia.
E04730,Paula Cruz,Estructuras de Datos,17.88,70.3,70.2,Medio,Se recomienda reforzar habitos de estudio y asistencia.
E04731,Joaquín Aguilar,Redes de Computadoras,10.97,84.8,67.37,Medio,Se recomienda reforzar habitos de estudio y asistencia.
E04732,Alonso Zapata,Lenguajes de Programación,12.82,81.5,60.87,Medio,Se recomienda reforzar habitos de estudio y asistencia.
E04733,Diego Sánchez,Estructuras de Datos,7.65,100.0,89.87,Medio,Se recomienda reforzar habitos de estudio y asistencia.
E04734,Camila Cruz,Estructuras de Datos,17.2,96.2,75.17,Bajo,Mantener el desempeno actual; sin acciones urgentes.
E04735,Estefanía Herrera,Matemática Discreta,9.88,59.5,73.0,Alto,Requiere tutoria academica inmediata y seguimiento semanal.
E04736,Carlos Rodríguez,Base de Datos,18.23,32.7,52.53,Medio,Se recomienda reforzar habitos de estudio y asistencia.
E04737,Gabriela Mamani,Matemática Discreta,14.93,76.9,82.53,Medio,Se recomienda reforzar habitos de estudio y asistencia.
E04738,Andrés Huamán,Base de Datos,6.83,70.9,61.03,Medio,Se recomienda reforzar habitos de estudio y asistencia.
E04739,Franco Chávez,Lenguajes de Programación,10.12,58.3,60.9,Alto,Requiere tutoria academica inmediata y seguimiento semanal.
E04740,Rodrigo Gutiérrez,Lenguajes de Programación,12.7,97.2,70.77,Medio,Se recomienda reforzar habitos de estudio y asistencia.
E04741,Alonso Mamani,Redes de Computadoras,13.62,72.3,38.5,Medio,Se recomienda reforzar habitos de estudio y asistencia.
E04742,Daniela Rodríguez,Lenguajes de Programación,9.85,56.9,57.9,Alto,Requiere tutoria academica inmediata y seguimiento semanal.
E04743,Gabriela López,Estructuras de Datos,17.3,90.1,58.37,Medio,Se recomienda reforzar habitos de estudio y asistencia.
E04744,Antonella Ortiz,Matemática Discreta,9.52,71.8,46.4,Alto,Requiere tutoria academica inmediata y seguimiento semanal.
E04745,Franco Rojas,Matemática Discreta,11.43,45.2,49.23,Medio,Se recomienda reforzar habitos de estudio y asistencia.
E04746,Antonella Reyes,Lenguajes de Programación,13.53,83.1,65.97,Bajo,Mantener el desempeno actual; sin acciones urgentes.
E04747,Zoe Rojas,Matemática Discreta,15.05,84.6,69.1,Bajo,Mantener el desempeno actual; sin acciones urgentes.
E04748,Sofía Mendoza,Lenguajes de Programación,11.3,89.2,82.0,Medio,Se recomienda reforzar habitos de estudio y asistencia.
E04749,Daniela Gutiérrez,Base de Datos,16.1,69.9,69.0,Medio,Se recomienda reforzar habitos de estudio y asistencia.
E04750,Joaquín Chávez,Estructuras de Datos,16.4,91.4,69.97,Bajo,Mantener el desempeno actual; sin acciones urgentes.
E04751,Lucía Medina,Redes de Computadoras,12.35,100.0,79.3,Medio,Se recomienda reforzar habitos de estudio y asistencia.
E04752,Ximena Rojas,Matemática Discreta,13.1,76.8,62.57,Medio,Se recomienda reforzar habitos de estudio y asistencia.
E04753,Paula Palomino,Lenguajes de Programación,11.68,46.9,56.27,Medio,Se recomienda reforzar habitos de estudio y asistencia.
E04754,María Rojas,Redes de Computadoras,12.9,62.8,62.9,Medio,Se recomienda reforzar habitos de estudio y asistencia.
E04755,Ricardo Aguilar,Matemática Discreta,12.12,86.0,56.57,Medio,Se recomienda reforzar habitos de estudio y asistencia.
E04756,Ana Espinoza,Estructuras de Datos,15.25,52.4,56.9,Medio,Se recomienda reforzar habitos de estudio y asistencia.
E04757,Antonella Castillo,Lenguajes de Programación,16.93,64.5,74.83,Medio,Se recomienda reforzar habitos de estudio y asistencia.
E04758,Estefanía Castillo,Estructuras de Datos,8.1,64.4,72.77,Alto,Requiere tutoria academica inmediata y seguimiento semanal.
E04759,Natalia Torres,Estructuras de Datos,6.38,96.6,71.47,Medio,Se recomienda reforzar habitos de estudio y asistencia.
E04760,Milagros Cruz,Base de Datos,16.32,70.0,70.23,Medio,Se recomienda reforzar habitos de estudio y asistencia.
E04761,Isabela Rojas,Base de Datos,14.12,84.0,73.57,Bajo,Mantener el desempeno actual; sin acciones urgentes.
E04762,Sofía Cabrera,Matemática Discreta,12.65,74.5,81.0,Medio,Se recomienda reforzar habitos de estudio y asistencia.
E04763,Diego Sánchez,Matemática Discreta,12.4,59.0,75.73,Medio,Se recomienda reforzar habitos de estudio y asistencia.
E04764,Mateo García,Lenguajes de Programación,15.47,100.0,63.67,Medio,Se recomienda reforzar habitos de estudio y asistencia.
E04765,Gabriela Alva,Base de Datos,16.95,57.8,80.97,Medio,Se recomienda reforzar habitos de estudio y asistencia.
E04766,Manuel Vega,Lenguajes de Programación,11.25,72.9,72.63,Medio,Se recomienda reforzar habitos de estudio y asistencia.
E04767,Carlos Reyes,Redes de Computadoras,15.15,78.8,75.1,Medio,Se recomienda reforzar habitos de estudio y asistencia.
E04768,Zoe Pérez,Estructuras de Datos,7.62,56.6,43.83,Alto,Requiere tutoria academica inmediata y seguimiento semanal.
E04769,Luis Herrera,Lenguajes de Programación,9.07,88.0,78.23,Medio,Se recomienda reforzar habitos de estudio y asistencia.
E04770,Emilia Huamán,Matemática Discreta,7.6,67.7,66.2,Alto,Requiere tutoria academica inmediata y seguimiento semanal.
E04771,Renata Mamani,Base de Datos,11.12,62.3,58.27,Medio,Se recomienda reforzar habitos de estudio y asistencia.
E04772,Fabián Zapata,Lenguajes de Programación,7.35,98.0,72.97,Medio,Se recomienda reforzar habitos de estudio y asistencia.
E04773,Valentina Medina,Base de Datos,12.0,74.7,55.83,Medio,Se recomienda reforzar habitos de estudio y asistencia.
E04774,Manuel Rivas,Estructuras de Datos,12.4,69.3,57.3,Medio,Se recomienda reforzar habitos de estudio y asistencia.
E04775,Renata Herrera,Matemática Discreta,15.65,60.1,77.53,Medio,Se recomienda reforzar habitos de estudio y asistencia.
E04776,Manuel Mamani,Redes de Computadoras,18.4,62.5,74.17,Medio,Se recomienda reforzar habitos de estudio y asistencia.
E04777,Nicolás Ponce,Matemática Discreta,14.85,85.9,81.03,Bajo,Mantener el desempeno actual; sin acciones urgentes.
E04778,Valeria Medina,Estructuras de Datos,18.05,53.1,55.83,Medio,Se recomienda reforzar habitos de estudio y asistencia.
E04779,Mateo Flores,Lenguajes de Programación,8.95,43.1,53.23,Alto,Requiere tutoria academica inmediata y seguimiento semanal.
E04780,Nicolás Torres,Lenguajes de Programación,15.57,65.2,43.83,Medio,Se recomienda reforzar habitos de estudio y asistencia.
E04781,Manuel Sánchez,Matemática Discreta,7.8,47.2,57.6,Alto,Requiere tutoria academica inmediata y seguimiento semanal.
E04782,Fabián Flores,Redes de Computadoras,12.3,72.8,68.73,Medio,Se recomienda reforzar habitos de estudio y asistencia.
E04783,Emilio Medina,Redes de Computadoras,17.57,81.2,64.37,Medio,Se recomienda reforzar habitos de estudio y asistencia.
E04784,María Salazar,Matemática Discreta,15.62,90.6,73.73,Bajo,Mantener el desempeno actual; sin acciones urgentes.
E04785,Renata Castillo,Base de Datos,12.73,69.1,53.63,Medio,Se recomienda reforzar habitos de estudio y asistencia.
E04786,Joaquín Gutiérrez,Redes de Computadoras,13.5,65.5,72.1,Medio,Se recomienda reforzar habitos de estudio y asistencia.
E04787,Ana Pérez,Lenguajes de Programación,18.25,65.5,88.5,Medio,Se recomienda reforzar habitos de estudio y asistencia.
E04788,Sofía Chávez,Lenguajes de Programación,15.9,89.6,66.17,Bajo,Mantener el desempeno actual; sin acciones urgentes.
E04789,Ricardo Mendoza,Matemática Discreta,17.68,77.7,78.97,Medio,Se recomienda reforzar habitos de estudio y asistencia.
E04790,Emilio Rojas,Lenguajes de Programación,8.78,80.4,71.2,Medio,Se recomienda reforzar habitos de estudio y asistencia.
E04791,Lucía López,Lenguajes de Programación,12.15,69.7,72.07,Medio,Se recomienda reforzar habitos de estudio y asistencia.
E04792,Renata Espinoza,Estructuras de Datos,11.62,64.4,74.8,Medio,Se recomienda reforzar habitos de estudio y asistencia.
E04793,Valeria Gutiérrez,Matemática Discreta,4.22,72.3,58.0,Alto,Requiere tutoria academica inmediata y seguimiento semanal.
E04794,Bruno Rivas,Redes de Computadoras,17.68,82.6,61.47,Medio,Se recomienda reforzar habitos de estudio y asistencia.
E04795,Valentina Mendoza,Lenguajes de Programación,18.55,90.9,70.83,Bajo,Mantener el desempeno actual; sin acciones urgentes.
E04796,Carlos Pérez,Base de Datos,10.77,42.1,70.1,Medio,Se recomienda reforzar habitos de estudio y asistencia.
E04797,Emilio Cruz,Base de Datos,11.33,65.3,62.73,Medio,Se recomienda reforzar habitos de estudio y asistencia.
E04798,Rodrigo Alva,Base de Datos,10.92,96.1,70.5,Medio,Se recomienda reforzar habitos de estudio y asistencia.
E04799,Jorge Espinoza,Base de Datos,6.73,69.9,85.77,Alto,Requiere tutoria academica inmediata y seguimiento semanal.
E04800,Emilio Mamani,Base de Datos,18.43,51.1,64.63,Medio,Se recomienda reforzar habitos de estudio y asistencia.
E04801,Renata Rivas,Redes de Computadoras,20.0,82.6,67.87,Bajo,Mantener el desempeno actual; sin acciones urgentes.
E04802,Mateo Alva,Estructuras de Datos,5.7,97.7,99.23,Medio,Se recomienda reforzar habitos de estudio y asistencia.
E04803,Gabriela Rodríguez,Redes de Computadoras,20.0,87.9,63.63,Medio,Se recomienda reforzar habitos de estudio y asistencia.
E04804,Carlos Vega,Matemática Discreta,12.27,70.4,71.67,Medio,Se recomienda reforzar habitos de estudio y asistencia.
E04805,Mateo Pérez,Lenguajes de Programación,14.47,78.7,56.73,Medio,Se recomienda reforzar habitos de estudio y asistencia.
E04806,Milagros Mamani,Estructuras de Datos,14.98,63.8,67.7,Medio,Se recomienda reforzar habitos de estudio y asistencia.
E04807,Antonella Vega,Lenguajes de Programación,6.1,45.3,58.5,Alto,Requiere tutoria academica inmediata y seguimiento semanal.
E04808,Zoe Ortiz,Redes de Computadoras,15.17,44.6,52.2,Medio,Se recomienda reforzar habitos de estudio y asistencia.
E04809,María Torres,Lenguajes de Programación,5.03,98.3,85.17,Medio,Se recomienda reforzar habitos de estudio y asistencia.
E04810,Ana Palomino,Redes de Computadoras,12.48,78.9,52.4,Medio,Se recomienda reforzar habitos de estudio y asistencia.
E04811,Mateo Quispe,Base de Datos,9.9,41.0,44.23,Alto,Requiere tutoria academica inmediata y seguimiento semanal.
E04812,Carlos Torres,Lenguajes de Programación,13.7,84.2,59.13,Medio,Se recomienda reforzar habitos de estudio y asistencia.
E04813,Sofía Alva,Estructuras de Datos,18.35,68.8,87.87,Medio,Se recomienda reforzar habitos de estudio y asistencia.
E04814,Lucía Soto,Redes de Computadoras,16.38,85.4,71.37,Bajo,Mantener el desempeno actual; sin acciones urgentes.
E04815,Andrés Rojas,Matemática Discreta,7.15,100.0,58.33,Alto,Requiere tutoria academica inmediata y seguimiento semanal.
E04816,Luis Ortiz,Redes de Computadoras,11.98,62.4,45.2,Medio,Se recomienda reforzar habitos de estudio y asistencia.
E04817,Bruno Cárdenas,Estructuras de Datos,11.85,59.4,68.83,Medio,Se recomienda reforzar habitos de estudio y asistencia.
E04818,Renata Salazar,Base de Datos,15.4,77.8,65.3,Medio,Se recomienda reforzar habitos de estudio y asistencia.
E04819,Jorge Huamán,Base de Datos,16.42,48.2,63.97,Medio,Se recomienda reforzar habitos de estudio y asistencia.
E04820,Mateo Torres,Base de Datos,16.3,84.5,71.6,Bajo,Mantener el desempeno actual; sin acciones urgentes.
E04821,Valentina Paredes,Base de Datos,9.3,100.0,61.97,Medio,Se recomienda reforzar habitos de estudio y asistencia.
E04822,Valeria Pérez,Estructuras de Datos,15.77,78.6,66.2,Medio,Se recomienda reforzar habitos de estudio y asistencia.
E04823,Vicente Delgado,Redes de Computadoras,20.0,79.4,80.77,Medio,Se recomienda reforzar habitos de estudio y asistencia.
E04824,Andrés Zapata,Redes de Computadoras,16.12,100.0,82.83,Bajo,Mantener el desempeno actual; sin acciones urgentes.
E04825,Daniela Aguilar,Base de Datos,18.95,54.0,59.8,Medio,Se recomienda reforzar habitos de estudio y asistencia.
E04826,Iván Medina,Redes de Computadoras,12.12,53.9,71.83,Medio,Se recomienda reforzar habitos de estudio y asistencia.
E04827,Bruno Rojas,Redes de Computadoras,12.52,59.8,55.87,Medio,Se recomienda reforzar habitos de estudio y asistencia.
E04828,Ana García,Estructuras de Datos,0.07,100.0,76.33,Medio,Se recomienda reforzar habitos de estudio y asistencia.
E04829,Valentina García,Estructuras de Datos,10.5,100.0,68.77,Medio,Se recomienda reforzar habitos de estudio y asistencia.
E04830,Andrés Herrera,Matemática Discreta,4.33,59.4,55.33,Alto,Requiere tutoria academica inmediata y seguimiento semanal.
E04831,Camila Castillo,Estructuras de Datos,8.18,90.0,79.97,Medio,Se recomienda reforzar habitos de estudio y asistencia.
E04832,Ana Reyes,Redes de Computadoras,8.47,74.6,72.7,Medio,Se recomienda reforzar habitos de estudio y asistencia.
E04833,Valentina Huamán,Lenguajes de Programación,7.8,55.1,55.6,Alto,Requiere tutoria academica inmediata y seguimiento semanal.
E04834,Bruno Castillo,Lenguajes de Programación,15.12,72.3,59.73,Medio,Se recomienda reforzar habitos de estudio y asistencia.
E04835,Diego Ramírez,Lenguajes de Programación,17.3,80.0,62.6,Medio,Se recomienda reforzar habitos de estudio y asistencia.
E04836,Martina Reyes,Base de Datos,11.85,95.2,64.53,Medio,Se recomienda reforzar habitos de estudio y asistencia.
E04837,Estefanía García,Estructuras de Datos,17.7,66.2,68.73,Medio,Se recomienda reforzar habitos de estudio y asistencia.
E04838,Franco García,Lenguajes de Programación,7.85,86.5,68.27,Medio,Se recomienda reforzar habitos de estudio y asistencia.
E04839,Iván Cárdenas,Base de Datos,13.35,91.5,80.93,Bajo,Mantener el desempeno actual; sin acciones urgentes.
E04840,Andrés Palomino,Redes de Computadoras,8.55,48.5,75.57,Alto,Requiere tutoria academica inmediata y seguimiento semanal.
E04841,María Aguilar,Lenguajes de Programación,13.8,100.0,85.4,Bajo,Mantener el desempeno actual; sin acciones urgentes.
E04842,Jorge Mendoza,Estructuras de Datos,16.2,79.8,59.33,Medio,Se recomienda reforzar habitos de estudio y asistencia.
E04843,Gabriela Torres,Matemática Discreta,15.77,53.0,58.03,Medio,Se recomienda reforzar habitos de estudio y asistencia.
E04844,Alejandra Aguilar,Redes de Computadoras,8.12,62.3,67.73,Alto,Requiere tutoria academica inmediata y seguimiento semanal.
E04845,Emilia Vega,Redes de Computadoras,13.52,72.3,67.3,Medio,Se recomienda reforzar habitos de estudio y asistencia.
E04846,Miguel Vargas,Estructuras de Datos,9.9,76.0,88.0,Medio,Se recomienda reforzar habitos de estudio y asistencia.
E04847,Fernanda Rivas,Redes de Computadoras,9.68,75.4,55.23,Alto,Requiere tutoria academica inmediata y seguimiento semanal.
E04848,Zoe Paredes,Matemática Discreta,13.97,62.6,74.2,Medio,Se recomienda reforzar habitos de estudio y asistencia.
E04849,Valentina López,Base de Datos,18.98,83.8,78.53,Bajo,Mantener el desempeno actual; sin acciones urgentes.
E04850,Ana García,Redes de Computadoras,9.35,48.2,72.0,Alto,Requiere tutoria academica inmediata y seguimiento semanal.
E04851,Manuel López,Redes de Computadoras,12.18,100.0,74.87,Medio,Se recomienda reforzar habitos de estudio y asistencia.
E04852,Estefanía Reyes,Estructuras de Datos,13.2,58.4,46.73,Medio,Se recomienda reforzar habitos de estudio y asistencia.
E04853,Natalia Rivas,Matemática Discreta,10.93,73.8,56.77,Medio,Se recomienda reforzar habitos de estudio y asistencia.
E04854,María Vega,Estructuras de Datos,14.15,64.4,56.63,Medio,Se recomienda reforzar habitos de estudio y asistencia.
E04855,Ana Espinoza,Estructuras de Datos,13.98,52.2,74.97,Medio,Se recomienda reforzar habitos de estudio y asistencia.
E04856,Ximena Mamani,Redes de Computadoras,13.05,88.1,67.53,Bajo,Mantener el desempeno actual; sin acciones urgentes.
E04857,Mateo Medina,Redes de Computadoras,10.2,62.0,60.63,Alto,Requiere tutoria academica inmediata y seguimiento semanal.
E04858,Nicolás Cruz,Estructuras de Datos,14.82,76.6,77.23,Medio,Se recomienda reforzar habitos de estudio y asistencia.
E04859,Fernanda Vega,Matemática Discreta,7.47,91.4,82.27,Medio,Se recomienda reforzar habitos de estudio y asistencia.
E04860,Rosa Rodríguez,Lenguajes de Programación,11.43,91.6,84.3,Medio,Se recomienda reforzar habitos de estudio y asistencia.
E04861,Andrés Huamán,Base de Datos,14.02,84.3,73.23,Bajo,Mantener el desempeno actual; sin acciones urgentes.
E04862,Isabela Rodríguez,Lenguajes de Programación,17.38,62.0,87.33,Medio,Se recomienda reforzar habitos de estudio y asistencia.
E04863,Luis Ponce,Redes de Computadoras,14.15,65.7,72.93,Medio,Se recomienda reforzar habitos de estudio y asistencia.
E04864,Fernanda Medina,Lenguajes de Programación,11.6,33.4,71.13,Medio,Se recomienda reforzar habitos de estudio y asistencia.
E04865,Alonso Rojas,Matemática Discreta,13.88,63.8,51.83,Medio,Se recomienda reforzar habitos de estudio y asistencia.
E04866,Ximena Salazar,Matemática Discreta,6.4,74.1,78.03,Medio,Se recomienda reforzar habitos de estudio y asistencia.
E04867,Rosa Zapata,Redes de Computadoras,15.85,74.0,63.83,Medio,Se recomienda reforzar habitos de estudio y asistencia.
E04868,Emilio Paredes,Base de Datos,9.65,74.9,63.83,Medio,Se recomienda reforzar habitos de estudio y asistencia.
E04869,Rodrigo Rojas,Base de Datos,17.38,67.6,63.47,Medio,Se recomienda reforzar habitos de estudio y asistencia.
E04870,Estefanía Quispe,Base de Datos,19.9,43.3,53.37,Medio,Se recomienda reforzar habitos de estudio y asistencia.
E04871,Fernanda Castillo,Redes de Computadoras,15.5,58.0,60.57,Medio,Se recomienda reforzar habitos de estudio y asistencia.
E04872,Franco Paredes,Base de Datos,20.0,85.2,95.07,Bajo,Mantener el desempeno actual; sin acciones urgentes.
E04873,Luis Vega,Redes de Computadoras,10.0,67.3,75.77,Alto,Requiere tutoria academica inmediata y seguimiento semanal.
E04874,Zoe Ponce,Estructuras de Datos,11.82,54.1,56.93,Medio,Se recomienda reforzar habitos de estudio y asistencia.
E04875,Franco Rodríguez,Estructuras de Datos,9.82,100.0,80.67,Medio,Se recomienda reforzar habitos de estudio y asistencia.
E04876,Julio García,Estructuras de Datos,12.07,53.3,62.17,Medio,Se recomienda reforzar habitos de estudio y asistencia.
E04877,Miguel Vega,Base de Datos,10.62,61.4,66.7,Medio,Se recomienda reforzar habitos de estudio y asistencia.
E04878,Martina Salazar,Estructuras de Datos,7.2,100.0,73.93,Medio,Se recomienda reforzar habitos de estudio y asistencia.
E04879,Emilio Reyes,Lenguajes de Programación,11.98,32.9,74.4,Medio,Se recomienda reforzar habitos de estudio y asistencia.
E04880,Manuel Medina,Matemática Discreta,10.55,73.1,53.6,Medio,Se recomienda reforzar habitos de estudio y asistencia.
E04881,Diego Cruz,Estructuras de Datos,12.38,76.1,79.4,Medio,Se recomienda reforzar habitos de estudio y asistencia.
E04882,Miguel Gutiérrez,Lenguajes de Programación,10.18,63.6,69.7,Alto,Requiere tutoria academica inmediata y seguimiento semanal.
E04883,Camila Torres,Base de Datos,2.45,59.9,50.07,Alto,Requiere tutoria academica inmediata y seguimiento semanal.
E04884,Rodrigo Cabrera,Lenguajes de Programación,14.75,59.4,66.17,Medio,Se recomienda reforzar habitos de estudio y asistencia.
E04885,Manuel Castillo,Matemática Discreta,10.4,73.7,60.6,Medio,Se recomienda reforzar habitos de estudio y asistencia.
E04886,Mateo Zapata,Base de Datos,15.88,58.1,48.57,Medio,Se recomienda reforzar habitos de estudio y asistencia.
E04887,Sofía Rivas,Redes de Computadoras,11.8,55.3,62.3,Medio,Se recomienda reforzar habitos de estudio y asistencia.
E04888,Renata Herrera,Redes de Computadoras,12.3,99.0,92.67,Medio,Se recomienda reforzar habitos de estudio y asistencia.
E04889,Daniela Ramírez,Estructuras de Datos,17.18,55.0,58.33,Medio,Se recomienda reforzar habitos de estudio y asistencia.
E04890,Julio Mamani,Redes de Computadoras,10.47,65.4,64.37,Alto,Requiere tutoria academica inmediata y seguimiento semanal.
E04891,Milagros Herrera,Estructuras de Datos,17.38,36.2,72.07,Medio,Se recomienda reforzar habitos de estudio y asistencia.
E04892,Daniela Reyes,Base de Datos,9.12,84.4,91.1,Medio,Se recomienda reforzar habitos de estudio y asistencia.
E04893,Rosa Rodríguez,Base de Datos,10.0,83.6,76.63,Medio,Se recomienda reforzar habitos de estudio y asistencia.
E04894,Adrián López,Estructuras de Datos,7.67,76.1,68.1,Medio,Se recomienda reforzar habitos de estudio y asistencia.
E04895,Miguel Cárdenas,Lenguajes de Programación,14.97,100.0,82.17,Bajo,Mantener el desempeno actual; sin acciones urgentes.
E04896,Luis Mamani,Redes de Computadoras,13.92,61.0,77.3,Medio,Se recomienda reforzar habitos de estudio y asistencia.
E04897,Sofía Palomino,Redes de Computadoras,13.62,56.1,71.5,Medio,Se recomienda reforzar habitos de estudio y asistencia.
E04898,Lucía Cruz,Matemática Discreta,7.7,60.4,73.8,Alto,Requiere tutoria academica inmediata y seguimiento semanal.
E04899,Mateo Castillo,Redes de Computadoras,15.58,55.2,65.07,Medio,Se recomienda reforzar habitos de estudio y asistencia.
E04900,Daniela Quispe,Matemática Discreta,10.55,85.1,66.33,Medio,Se recomienda reforzar habitos de estudio y asistencia.
E04901,Andrés Ramírez,Base de Datos,14.65,98.0,86.0,Bajo,Mantener el desempeno actual; sin acciones urgentes.
E04902,Julio Alva,Redes de Computadoras,12.38,60.9,55.17,Medio,Se recomienda reforzar habitos de estudio y asistencia.
E04903,Joaquín Pérez,Lenguajes de Programación,10.5,69.1,64.8,Medio,Se recomienda reforzar habitos de estudio y asistencia.
E04904,Julio García,Base de Datos,14.85,84.1,80.9,Bajo,Mantener el desempeno actual; sin acciones urgentes.
E04905,Luis Vega,Base de Datos,10.2,74.0,70.13,Medio,Se recomienda reforzar habitos de estudio y asistencia.
E04906,Sofía Cárdenas,Estructuras de Datos,13.02,46.8,41.3,Medio,Se recomienda reforzar habitos de estudio y asistencia.
E04907,Franco Cabrera,Lenguajes de Programación,6.42,75.7,57.23,Alto,Requiere tutoria academica inmediata y seguimiento semanal.
E04908,Alonso Ponce,Matemática Discreta,11.75,42.4,72.77,Medio,Se recomienda reforzar habitos de estudio y asistencia.
E04909,Julio Delgado,Lenguajes de Programación,14.95,60.3,77.4,Medio,Se recomienda reforzar habitos de estudio y asistencia.
E04910,Paula Alva,Estructuras de Datos,13.6,97.5,84.9,Bajo,Mantener el desempeno actual; sin acciones urgentes.
E04911,Franco Vega,Lenguajes de Programación,14.03,96.1,78.33,Bajo,Mantener el desempeno actual; sin acciones urgentes.
E04912,Iván Cárdenas,Base de Datos,12.48,70.0,80.37,Medio,Se recomienda reforzar habitos de estudio y asistencia.
E04913,Milagros Reyes,Redes de Computadoras,8.12,91.1,90.13,Medio,Se recomienda reforzar habitos de estudio y asistencia.
E04914,Ricardo Alva,Estructuras de Datos,14.5,72.3,74.53,Medio,Se recomienda reforzar habitos de estudio y asistencia.
E04915,Alejandra Sánchez,Estructuras de Datos,10.75,39.8,58.47,Medio,Se recomienda reforzar habitos de estudio y asistencia.
E04916,Mateo Zapata,Matemática Discreta,14.82,44.6,42.0,Medio,Se recomienda reforzar habitos de estudio y asistencia.
E04917,Martina Rojas,Matemática Discreta,12.98,90.7,76.33,Medio,Se recomienda reforzar habitos de estudio y asistencia.
E04918,Jorge Quispe,Lenguajes de Programación,13.82,100.0,93.33,Bajo,Mantener el desempeno actual; sin acciones urgentes.
E04919,Camila Alva,Matemática Discreta,14.68,85.8,74.93,Bajo,Mantener el desempeno actual; sin acciones urgentes.
E04920,Estefanía Delgado,Matemática Discreta,12.82,65.6,53.77,Medio,Se recomienda reforzar habitos de estudio y asistencia.
E04921,Ana Rojas,Matemática Discreta,14.88,76.2,68.27,Medio,Se recomienda reforzar habitos de estudio y asistencia.
E04922,María Cabrera,Redes de Computadoras,14.78,55.3,66.57,Medio,Se recomienda reforzar habitos de estudio y asistencia.
E04923,Iván Sánchez,Base de Datos,16.95,30.1,55.07,Medio,Se recomienda reforzar habitos de estudio y asistencia.
E04924,Alejandra Castillo,Estructuras de Datos,15.35,92.2,77.0,Bajo,Mantener el desempeno actual; sin acciones urgentes.
E04925,Julio Castillo,Estructuras de Datos,15.07,46.0,66.0,Medio,Se recomienda reforzar habitos de estudio y asistencia.
E04926,Bruno Chávez,Matemática Discreta,12.42,69.2,56.07,Medio,Se recomienda reforzar habitos de estudio y asistencia.
E04927,Jorge Zapata,Estructuras de Datos,11.52,100.0,63.43,Medio,Se recomienda reforzar habitos de estudio y asistencia.
E04928,Julio Delgado,Base de Datos,13.82,80.0,65.73,Bajo,Mantener el desempeno actual; sin acciones urgentes.
E04929,Franco Cárdenas,Base de Datos,13.72,90.1,83.37,Bajo,Mantener el desempeno actual; sin acciones urgentes.
E04930,Lucía Salazar,Lenguajes de Programación,8.85,62.1,64.73,Alto,Requiere tutoria academica inmediata y seguimiento semanal.
E04931,Martina Gutiérrez,Lenguajes de Programación,11.2,77.2,57.5,Medio,Se recomienda reforzar habitos de estudio y asistencia.
E04932,Miguel Mendoza,Base de Datos,11.57,55.5,59.77,Medio,Se recomienda reforzar habitos de estudio y asistencia.
E04933,Joaquín García,Lenguajes de Programación,14.93,60.0,59.57,Medio,Se recomienda reforzar habitos de estudio y asistencia.
E04934,Lucía Ortiz,Lenguajes de Programación,13.75,63.8,54.2,Medio,Se recomienda reforzar habitos de estudio y asistencia.
E04935,Gabriela Rivas,Redes de Computadoras,14.7,75.0,59.87,Medio,Se recomienda reforzar habitos de estudio y asistencia.
E04936,Carlos Ramírez,Base de Datos,5.4,77.5,69.67,Medio,Se recomienda reforzar habitos de estudio y asistencia.
E04937,Ricardo Delgado,Matemática Discreta,12.0,49.8,56.6,Medio,Se recomienda reforzar habitos de estudio y asistencia.
E04938,Tomás Mendoza,Estructuras de Datos,19.32,51.6,73.8,Medio,Se recomienda reforzar habitos de estudio y asistencia.
E04939,Miguel Mamani,Estructuras de Datos,15.6,84.5,87.77,Bajo,Mantener el desempeno actual; sin acciones urgentes.
E04940,Emilia Mamani,Estructuras de Datos,15.85,64.1,56.03,Medio,Se recomienda reforzar habitos de estudio y asistencia.
E04941,Mateo Ortiz,Lenguajes de Programación,13.2,82.3,94.1,Bajo,Mantener el desempeno actual; sin acciones urgentes.
E04942,Tomás Medina,Matemática Discreta,13.07,74.3,61.97,Medio,Se recomienda reforzar habitos de estudio y asistencia.
E04943,Martina García,Base de Datos,4.12,52.7,69.53,Alto,Requiere tutoria academica inmediata y seguimiento semanal.
E04944,Camila Medina,Redes de Computadoras,18.8,100.0,73.63,Bajo,Mantener el desempeno actual; sin acciones urgentes.
E04945,Diego Ramírez,Redes de Computadoras,14.93,91.8,85.4,Bajo,Mantener el desempeno actual; sin acciones urgentes.
E04946,Daniela López,Base de Datos,9.8,41.9,61.27,Alto,Requiere tutoria academica inmediata y seguimiento semanal.
E04947,Emilia Rojas,Matemática Discreta,18.18,72.3,83.13,Medio,Se recomienda reforzar habitos de estudio y asistencia.
E04948,Fernanda Sánchez,Estructuras de Datos,17.9,61.6,58.0,Medio,Se recomienda reforzar habitos de estudio y asistencia.
E04949,Paula Espinoza,Redes de Computadoras,13.57,69.0,74.07,Medio,Se recomienda reforzar habitos de estudio y asistencia.
E04950,Sebastián Paredes,Redes de Computadoras,13.05,76.2,71.2,Medio,Se recomienda reforzar habitos de estudio y asistencia.
E04951,Antonella Flores,Lenguajes de Programación,19.25,97.1,66.23,Bajo,Mantener el desempeno actual; sin acciones urgentes.
E04952,Valentina Vega,Lenguajes de Programación,9.55,68.5,70.67,Alto,Requiere tutoria academica inmediata y seguimiento semanal.
E04953,Carlos Medina,Estructuras de Datos,12.3,63.5,51.23,Medio,Se recomienda reforzar habitos de estudio y asistencia.
E04954,Ricardo Medina,Redes de Computadoras,15.55,53.9,53.43,Medio,Se recomienda reforzar habitos de estudio y asistencia.
E04955,Ximena Medina,Estructuras de Datos,6.47,85.6,64.07,Medio,Se recomienda reforzar habitos de estudio y asistencia.
E04956,Fernanda García,Redes de Computadoras,13.38,71.3,51.67,Medio,Se recomienda reforzar habitos de estudio y asistencia.
E04957,Carlos Ramírez,Matemática Discreta,10.93,62.0,69.17,Medio,Se recomienda reforzar habitos de estudio y asistencia.
E04958,Adrián Cárdenas,Redes de Computadoras,10.07,88.7,72.77,Medio,Se recomienda reforzar habitos de estudio y asistencia.
E04959,Milagros Mamani,Lenguajes de Programación,13.62,50.8,53.73,Medio,Se recomienda reforzar habitos de estudio y asistencia.
E04960,Ricardo Gutiérrez,Redes de Computadoras,10.97,31.0,70.33,Medio,Se recomienda reforzar habitos de estudio y asistencia.
E04961,Fernanda Palomino,Lenguajes de Programación,16.5,82.2,69.07,Bajo,Mantener el desempeno actual; sin acciones urgentes.
E04962,Emilio Quispe,Lenguajes de Programación,11.5,61.8,52.57,Medio,Se recomienda reforzar habitos de estudio y asistencia.
E04963,Lucía Rivas,Estructuras de Datos,9.62,86.8,70.63,Medio,Se recomienda reforzar habitos de estudio y asistencia.
E04964,Estefanía Chávez,Redes de Computadoras,15.88,71.4,67.77,Medio,Se recomienda reforzar habitos de estudio y asistencia.
E04965,Luis Rodríguez,Redes de Computadoras,14.53,55.0,75.4,Medio,Se recomienda reforzar habitos de estudio y asistencia.
E04966,Sofía Quispe,Matemática Discreta,11.68,79.8,68.03,Medio,Se recomienda reforzar habitos de estudio y asistencia.
E04967,Ricardo Quispe,Estructuras de Datos,15.9,68.6,68.13,Medio,Se recomienda reforzar habitos de estudio y asistencia.
E04968,Tomás Huamán,Redes de Computadoras,7.5,51.5,58.97,Alto,Requiere tutoria academica inmediata y seguimiento semanal.
E04969,Luis Sánchez,Matemática Discreta,14.75,67.5,80.03,Medio,Se recomienda reforzar habitos de estudio y asistencia.
E04970,Miguel Delgado,Redes de Computadoras,17.95,84.9,74.13,Bajo,Mantener el desempeno actual; sin acciones urgentes.
E04971,Sebastián Alva,Estructuras de Datos,16.0,92.9,62.73,Medio,Se recomienda reforzar habitos de estudio y asistencia.
E04972,Lucía Huamán,Redes de Computadoras,9.45,59.0,67.0,Alto,Requiere tutoria academica inmediata y seguimiento semanal.
E04973,Andrés Paredes,Base de Datos,12.6,49.0,66.3,Medio,Se recomienda reforzar habitos de estudio y asistencia.
E04974,Tomás Mendoza,Base de Datos,8.8,80.4,60.87,Medio,Se recomienda reforzar habitos de estudio y asistencia.
E04975,Joaquín Reyes,Matemática Discreta,10.93,47.9,65.57,Medio,Se recomienda reforzar habitos de estudio y asistencia.
E04976,Joaquín Herrera,Redes de Computadoras,12.75,60.7,65.33,Medio,Se recomienda reforzar habitos de estudio y asistencia.
E04977,Bruno Ramírez,Matemática Discreta,14.3,58.0,66.0,Medio,Se recomienda reforzar habitos de estudio y asistencia.
E04978,Daniela Sánchez,Matemática Discreta,15.05,66.8,77.4,Medio,Se recomienda reforzar habitos de estudio y asistencia.
E04979,Valentina Cárdenas,Base de Datos,11.0,30.6,42.97,Medio,Se recomienda reforzar habitos de estudio y asistencia.
E04980,Alonso Salazar,Matemática Discreta,6.47,100.0,63.97,Medio,Se recomienda reforzar habitos de estudio y asistencia.
E04981,Ricardo Salazar,Estructuras de Datos,18.67,75.7,83.77,Medio,Se recomienda reforzar habitos de estudio y asistencia.
E04982,Antonella Cárdenas,Base de Datos,5.97,59.0,82.27,Alto,Requiere tutoria academica inmediata y seguimiento semanal.
E04983,Manuel Mamani,Estructuras de Datos,9.35,77.7,85.0,Medio,Se recomienda reforzar habitos de estudio y asistencia.
E04984,Daniela Cabrera,Estructuras de Datos,1.43,69.9,54.2,Alto,Requiere tutoria academica inmediata y seguimiento semanal.
E04985,Ana Ortiz,Estructuras de Datos,15.12,65.0,54.9,Medio,Se recomienda reforzar habitos de estudio y asistencia.
E04986,Valentina Flores,Estructuras de Datos,17.7,55.2,71.47,Medio,Se recomienda reforzar habitos de estudio y asistencia.
E04987,Antonella Rodríguez,Matemática Discreta,10.55,82.2,79.83,Medio,Se recomienda reforzar habitos de estudio y asistencia.
E04988,Joaquín Alva,Base de Datos,17.35,80.3,81.53,Bajo,Mantener el desempeno actual; sin acciones urgentes.
E04989,Miguel Medina,Redes de Computadoras,9.25,41.1,50.63,Alto,Requiere tutoria academica inmediata y seguimiento semanal.
E04990,Emilia Mamani,Lenguajes de Programación,5.95,55.6,62.93,Alto,Requiere tutoria academica inmediata y seguimiento semanal.
E04991,Carlos Paredes,Lenguajes de Programación,16.2,63.6,71.0,Medio,Se recomienda reforzar habitos de estudio y asistencia.
E04992,Emilia Palomino,Estructuras de Datos,8.75,68.6,62.63,Alto,Requiere tutoria academica inmediata y seguimiento semanal.
E04993,Ana Mendoza,Matemática Discreta,9.93,68.0,64.5,Alto,Requiere tutoria academica inmediata y seguimiento semanal.
E04994,Luis Delgado,Redes de Computadoras,12.68,76.8,61.27,Medio,Se recomienda reforzar habitos de estudio y asistencia.
E04995,Fabián Mendoza,Redes de Computadoras,14.2,84.2,59.77,Medio,Se recomienda reforzar habitos de estudio y asistencia.
E04996,Daniela Castillo,Estructuras de Datos,15.8,61.5,79.13,Medio,Se recomienda reforzar habitos de estudio y asistencia.
E04997,Andrés Reyes,Redes de Computadoras,8.47,100.0,87.53,Medio,Se recomienda reforzar habitos de estudio y asistencia.
E04998,Camila Cruz,Matemática Discreta,16.5,47.4,58.23,Medio,Se recomienda reforzar habitos de estudio y asistencia.
E04999,Ricardo Alva,Matemática Discreta,1.98,83.7,78.6,Medio,Se recomienda reforzar habitos de estudio y asistencia.
E05000,Iván Torres,Redes de Computadoras,17.77,78.5,70.4,Medio,Se recomienda reforzar habitos de estudio y asistencia.
