id_estudiante,nombre,curso,ciclo,asistencia_pct,horas_estudio_semanal,tareas_entregadas_pct,participacion,nota_ep1,nota_ep2,nota_final
E00001,Antonella Gutiérrez,Matemática Discreta,2025-2,65.0,1.1,74.1,3,11.8,17.6,20
E00002,Gabriela Vega,Matemática Discreta,2026-1,100,6.7,75.6,3,9.6,9.1,10.5
E00003,Alejandra Quispe,Matemática Discreta,2026-1,46.4,0,91.0,3,12.2,12.8,15.9
E00004,Joaquín Quispe,Estructuras de Datos,2025-2,91.4,7.6,51.1,3,5.8,8.0,12.0
E00005,Alonso Medina,Estructuras de Datos,2025-2,68.8,2.9,72.4,3,11.9,13.5,10.1
E00006,Camila Huamán,Base de Datos,2026-1,33.6,2.3,78.1,4,19.3,15.1,15.6
E00007,Mateo Pérez,Matemática Discreta,2026-1,74.1,2.9,83.9,4,9.8,10.3,10.5
E00008,Bruno Torres,Estructuras de Datos,2025-2,91.0,3.2,65.3,5,12.0,14.7,15.9
E00009,Rodrigo Reyes,Redes de Computadoras,2026-1,56.7,10.1,79.9,2,8.3,14.8,8.4
E00010,Ximena Medina,Estructuras de Datos,2025-2,81.5,5.2,100,4,6.8,8.5,13.6
E00011,Manuel Herrera,Redes de Computadoras,2026-1,55.7,15.2,40.3,2,14.1,11.0,10.5
E00012,Miguel Salazar,Redes de Computadoras,2025-2,89.7,5.9,70.6,5,16.8,16.8,16.7
E00013,Mateo Cabrera,Estructuras de Datos,2025-2,81.1,2.9,50.0,2,11.5,11.7,12.1
E00014,Emilia Chávez,Redes de Computadoras,2025-2,58.3,9.8,62.8,3,16.6,17.2,12.0
E00015,Rosa Espinoza,Estructuras de Datos,2026-1,94.1,10.2,36.7,4,11.5,10.6,10.0
E00016,Ana Ortiz,Estructuras de Datos,2026-1,79.2,5.1,72.4,3,12.8,17.2,12.2
E00017,Adrián Vargas,Redes de Computadoras,2026-1,58.0,10.9,93.6,3,8.3,7.1,7.0
E00018,Mateo Chávez,Lenguajes de Programación,2025-2,89.6,4.2,68.0,4,8.5,6.0,7.6
E00019,Ricardo Ortiz,Matemática Discreta,2026-1,75.5,2.7,83.8,3,5.4,12.7,7.5
E00020,Natalia García,Lenguajes de Programación,2025-2,86.2,5.7,65.8,4,5.6,12.6,7.2
E00021,Andrés Ortiz,Lenguajes de Programación,2026-1,41.7,0.5,59.4,2,13.2,8.8,9.1
E00022,Alonso Reyes,Estructuras de Datos,2025-2,50.8,3.1,92.6,3,12.8,16.9,11.8
E00023,Antonella Ponce,Redes de Computadoras,2026-1,69.1,8.6,81.5,4,,17.3,20
E00024,Alejandra Mamani,Redes de Computadoras,2026-1,73.6,5.5,74.0,3,11.6,13.1,13.0
E00025,Valentina García,Base de Datos,2025-2,69.2,8.2,74.3,4,19.0,9.9,16.6
E00026,Franco Vargas,Matemática Discreta,2025-2,84.4,6.8,66.5,4,15.2,14.5,17.3
E00027,Miguel Rodríguez,Matemática Discreta,2025-2,56.6,0.3,77.2,1,12.7,13.1,16.0
E00028,Sebastián Soto,Base de Datos,2025-2,54.9,10.6,76.4,1,10.3,7.8,8.7
E00029,Sebastián Palomino,Matemática Discreta,2025-2,55.3,10.4,83.4,2,12.3,16.0,16.6
E00030,Tomás Cruz,Estructuras de Datos,2026-1,37.1,9.9,86.8,5,14.3,12.1,17.8
E00031,Rodrigo Quispe,Matemática Discreta,2026-1,80.6,0.0,63.5,4,11.6,8.5,9.1
E00032,Iván Pérez,Estructuras de Datos,2025-2,81.8,7.1,60.5,2,4.7,,6.1
E00033,Rosa Flores,Matemática Discreta,2026-1,66.5,7.9,73.8,3,11.7,11.3,12.2
E00034,Renata Torres,Estructuras de Datos,2025-2,47.7,8.8,58.4,5,11.2,9.9,13.2
E00035,Franco Soto,Estructuras de Datos,2026-1,44.0,4.7,65.6,3,11.1,12.8,9.8
E00036,Paula Pérez,Matemática Discreta,2025-2,69.8,0,68.5,5,9.3,12.8,12.7
E00037,Emilia Reyes,Base de Datos,2025-2,77.1,6.2,57.1,1,9.4,4.1,9.3
E00038,Camila Rivas,Estructuras de Datos,2026-1,53.3,1.7,47.0,3,17.7,15.4,18.1
E00039,Ximena Alva,Estructuras de Datos,2026-1,82.3,3.0,58.1,1,13.5,12.5,17.8
E00040,Vicente Vega,Estructuras de Datos,2026-1,52.3,8.2,51.1,4,18.2,16.2,16.2
E00041,Luis Pérez,Redes de Computadoras,2025-2,84.3,7.8,76.1,4,6.8,11.7,10.2
E00042,María Cabrera,Estructuras de Datos,2026-1,57.5,5.5,59.7,3,3.7,,8.3
E00043,Adrián Torres,Base de Datos,2026-1,71.7,15.6,79.0,3,,10.3,8.7
E00044,Jorge Rojas,Redes de Computadoras,2026-1,63.1,0.9,50.1,2,19.2,13.7,15.5
E00045,Lucía Cárdenas,Matemática Discreta,2025-2,78.0,1.9,100,4,14.5,15.7,18.5
E00046,Alonso Cárdenas,Lenguajes de Programación,2025-2,63.9,0.5,64.5,3,10.9,8.5,16.9
E00047,Diego Sánchez,Base de Datos,2025-2,98.9,3.5,76.2,2,8.2,12.9,9.4
E00048,Joaquín Palomino,Matemática Discreta,2026-1,91.8,4.8,34.1,3,10.9,14.4,14.4
E00049,Jorge López,Base de Datos,2026-1,64.2,6.7,67.5,2,10.0,12.4,13.6
E00050,Antonella Cruz,Base de Datos,2026-1,84.5,9.8,87.8,4,12.3,14.1,14.2
E00051,Carlos García,Base de Datos,2026-1,56.4,8.7,66.6,3,20,17.1,18.5
E00052,Alonso Rodríguez,Base de Datos,2025-2,89.2,6.3,70.0,3,14.7,17.6,15.8
E00053,Emilia Rojas,Lenguajes de Programación,2026-1,86.3,15.4,70.6,2,18.8,17.1,20
E00054,Joaquín Reyes,Base de Datos,2026-1,100,0.7,74.4,3,14.2,17.6,14.2
E00055,Paula Rojas,Estructuras de Datos,2026-1,41.7,5.2,42.2,4,13.9,9.9,16.2
E00056,Rodrigo Sánchez,Lenguajes de Programación,2026-1,23.4,2.0,70.7,2,8.2,10.2,11.3
E00057,Renata Alva,Matemática Discreta,2026-1,98.2,1.1,57.3,4,9.5,13.6,13.6
E00058,Alonso Delgado,Matemática Discreta,2026-1,89.8,2.0,62.9,1,19.0,14.8,17.8
E00059,Vicente Vargas,Redes de Computadoras,2026-1,27.4,0.5,73.8,3,12.8,12.6,11.0
E00060,Luis Palomino,Base de Datos,2026-1,60.7,3.1,36.0,2,17.2,15.1,16.8
E00061,Ana Cabrera,Base de Datos,2026-1,89.9,7.8,85.0,1,17.3,,16.4
E00062,Alejandra Vargas,Estructuras de Datos,2026-1,99.2,7.3,96.7,3,5.5,11.1,5.4
E00063,Estefanía Quispe,Lenguajes de Programación,2025-2,73.1,7.5,86.6,4,11.7,13.6,13.2
E00064,Ricardo Rojas,Lenguajes de Programación,2026-1,88.7,5.7,85.2,4,15.7,7.9,11.6
E00065,Valeria Salazar,Lenguajes de Programación,2026-1,68.3,0.0,96.2,2,20,15.5,16.5
E00066,Luis Flores,Lenguajes de Programación,2025-2,54.2,10.0,47.0,3,12.2,14.8,11.5
E00067,Franco García,Matemática Discreta,2026-1,62.2,8.9,58.3,5,20,14.9,20
E00068,Valeria Rojas,Lenguajes de Programación,2026-1,86.3,2.5,70.3,5,11.1,12.7,12.5
E00069,Isabela Reyes,Matemática Discreta,2025-2,61.5,2.3,68.3,3,12.7,19.4,16.9
E00070,Lucía Castillo,Matemática Discreta,2025-2,70.7,5.4,89.8,1,6.2,7.9,10.9
E00071,Martina Reyes,Estructuras de Datos,2026-1,72.2,10.8,62.7,5,8.4,9.7,17.6
E00072,Isabela Sánchez,Redes de Computadoras,2026-1,52.2,3.4,48.0,4,16.4,11.3,13.8
E00073,Rodrigo Huamán,Estructuras de Datos,2026-1,69.9,4.8,62.7,4,16.5,20,19.8
E00074,Andrés Palomino,Estructuras de Datos,2025-2,61.7,6.6,84.8,3,9.5,13.0,15.2
E00075,Rosa Sánchez,Redes de Computadoras,2025-2,60.1,8.3,81.6,2,13.3,10.9,12.6
E00076,María Flores,Lenguajes de Programación,2026-1,43.3,2.1,35.4,5,8.2,11.5,8.3
E00077,Zoe Sánchez,Redes de Computadoras,2025-2,,9.8,86.2,2,17.0,20,16.0
E00078,Bruno Medina,Lenguajes de Programación,2026-1,77.5,12.3,92.5,5,6.8,11.1,9.8
E00079,Milagros Salazar,Base de Datos,2026-1,64.1,0,80.4,3,9.3,13.5,8.7
E00080,Adrián Ortiz,Matemática Discreta,2026-1,65.3,10.2,56.4,3,9.4,13.0,9.6
E00081,Antonella Mendoza,Estructuras de Datos,2025-2,68.4,5.4,61.7,3,9.4,10.2,7.4
E00082,Ricardo Mamani,Estructuras de Datos,2026-1,54.1,7.3,62.4,2,12.6,12.7,15.8
E00083,Andrés Cabrera,Matemática Discreta,2025-2,42.1,7.7,92.9,3,12.7,14.5,12.0
E00084,Valentina Vega,Lenguajes de Programación,2025-2,71.1,0.3,89.2,3,,12.5,7.0
E00085,Isabela Huamán,Base de Datos,2026-1,61.0,4.0,79.4,2,9.7,11.2,15.7
E00086,Ximena Soto,Estructuras de Datos,2025-2,74.8,5.0,78.6,3,16.0,14.1,16.0
E00087,Tomás Soto,Lenguajes de Programación,2025-2,66.0,2.7,99.8,3,4.8,8.8,10.6
E00088,Emilia Flores,Lenguajes de Programación,2026-1,47.1,8.0,61.1,3,20,18.1,19.7
E00089,Valeria Chávez,Base de Datos,2026-1,61.2,0,79.4,3,6.6,8.7,10.8
E00090,Ricardo Vargas,Matemática Discreta,2025-2,71.1,8.6,79.7,4,13.7,14.3,15.1
E00091,Fabián Rivas,Redes de Computadoras,2026-1,59.3,5.3,84.7,3,10.8,16.2,10.9
E00092,Tomás Palomino,Matemática Discreta,2026-1,68.6,7.1,78.0,3,13.3,15.2,15.2
E00093,Carlos Castillo,Estructuras de Datos,2026-1,78.8,3.4,100,3,10.9,10.9,14.6
E00094,Rosa Vargas,Base de Datos,2026-1,75.3,4.5,100,2,17.2,16.5,16.8
E00095,Gabriela Zapata,Base de Datos,2026-1,73.3,5.6,87.4,3,20,19.5,18.5
E00096,Joaquín Delgado,Redes de Computadoras,2026-1,53.4,4.4,80.8,3,12.5,13.5,8.3
E00097,Sebastián Paredes,Redes de Computadoras,2026-1,87.6,4.7,48.2,3,9.3,6.8,4.7
E00098,Luis Reyes,Estructuras de Datos,2026-1,84.6,0,59.7,1,20,18.6,20
E00099,Ana Herrera,Redes de Computadoras,2025-2,100,2.6,40.9,2,20,20,17.3
E00100,Carlos Quispe,Matemática Discreta,2025-2,45.9,3.3,82.4,4,13.9,12.5,10.9
E00101,Emilio Aguilar,Estructuras de Datos,2025-2,71.8,5.0,93.6,4,14.1,19.9,16.6
E00102,Valentina García,Redes de Computadoras,2025-2,71.4,12.3,91.7,1,11.6,9.8,15.7
E00103,Estefanía Torres,Redes de Computadoras,2025-2,78.6,8.5,100,1,17.4,16.2,17.2
E00104,Nicolás Torres,Estructuras de Datos,2025-2,73.5,1.2,57.6,3,,15.5,17.9
E00105,Valentina Paredes,Estructuras de Datos,2025-2,65.1,10.9,76.6,4,8.4,7.4,6.4
E00106,Andrés Espinoza,Redes de Computadoras,2025-2,68.0,4.2,67.1,2,19.6,13.0,16.9
E00107,Miguel Cárdenas,Lenguajes de Programación,2026-1,45.3,7.2,57.7,1,10.8,13.6,10.3
E00108,Manuel Aguilar,Redes de Computadoras,2025-2,55.1,4.7,86.2,3,3.9,6.0,5.8
E00109,Emilia Palomino,Estructuras de Datos,2025-2,86.2,7.1,92.7,4,7.0,9.2,7.1
E00110,Diego Zapata,Redes de Computadoras,2025-2,87.3,6.3,65.0,3,17.6,15.2,18.7
E00111,Gabriela Castillo,Base de Datos,2025-2,31.3,6.3,81.3,4,14.7,14.8,12.4
E00112,Zoe Cárdenas,Lenguajes de Programación,2026-1,77.2,4.9,79.3,4,19.9,18.5,16.4
E00113,Adrián Soto,Matemática Discreta,2026-1,83.0,9.1,68.0,2,14.7,11.1,13.3
E00114,Ana Ramírez,Base de Datos,2025-2,67.8,6.7,93.7,3,10.0,10.5,10.0
E00115,Martina Mendoza,Base de Datos,2025-2,63.9,1.2,54.7,5,10.1,,7.5
E00116,Martina Chávez,Redes de Computadoras,2026-1,75.6,7.4,89.7,3,19.7,20,20.0
E00117,Sebastián Mendoza,Estructuras de Datos,2025-2,98.3,0.5,65.9,3,11.3,14.8,11.6
E00118,Ximena Mamani,Lenguajes de Programación,2026-1,68.4,1.1,79.7,2,7.6,12.0,1.8
E00119,Diego Mamani,Redes de Computadoras,2026-1,89.2,8.7,64.5,4,4.4,4.4,10.5
E00120,Fabián Zapata,Base de Datos,2026-1,64.5,8.4,77.5,2,7.8,11.4,12.1
E00121,Milagros Salazar,Lenguajes de Programación,2025-2,81.4,5.7,62.2,3,7.4,7.1,10.6
E00122,Mateo Alva,Redes de Computadoras,2026-1,66.1,6.7,62.8,1,13.8,16.6,14.0
E00123,Isabela Alva,Lenguajes de Programación,2026-1,87.1,10.8,93.7,2,9.0,10.3,10.2
E00124,Daniela Quispe,Estructuras de Datos,2025-2,30.9,6.3,59.7,5,18.8,18.0,18.8
E00125,Ricardo Flores,Matemática Discreta,2025-2,51.1,0.4,85.0,3,18.8,15.7,18.5
E00126,Rosa Ponce,Redes de Computadoras,2026-1,84.1,4.9,72.5,3,11.8,9.8,8.1
E00127,Martina Rivas,Lenguajes de Programación,2025-2,31.4,11.3,69.6,3,14.4,16.9,11.4
E00128,Luis Cruz,Estructuras de Datos,2026-1,87.5,5.6,73.3,3,14.8,14.3,17.9
E00129,Mateo Castillo,Redes de Computadoras,2025-2,43.9,5.6,78.9,3,10.9,13.0,14.3
E00130,Fernanda Soto,Matemática Discreta,2026-1,24.9,4.9,31.3,2,9.7,11.8,14.0
E00131,Ana Alva,Estructuras de Datos,2026-1,83.9,0,77.1,2,14.2,15.9,14.0
E00132,Miguel Palomino,Redes de Computadoras,2026-1,42.6,4.8,71.3,1,17.6,20,20.0
E00133,Fabián Palomino,Base de Datos,2025-2,51.6,6.8,100,4,16.0,16.7,20
E00134,Julio Huamán,Redes de Computadoras,2026-1,100,2.6,71.3,4,13.0,12.6,15.8
E00135,Luis Paredes,Matemática Discreta,2026-1,36.2,5.3,60.7,4,13.1,19.9,13.8
E00136,Bruno Soto,Lenguajes de Programación,2025-2,26.1,10.4,100,4,10.0,9.1,11.6
E00137,Daniela Gutiérrez,Redes de Computadoras,2025-2,68.1,2.0,86.3,2,14.5,11.1,15.4
E00138,Natalia Herrera,Redes de Computadoras,2025-2,64.1,7.2,77.2,4,7.2,14.5,9.0
E00139,Tomás Ortiz,Base de Datos,2025-2,61.8,3.3,51.7,3,9.4,12.9,8.6
E00140,Rodrigo Chávez,Base de Datos,2026-1,46.7,3.4,76.4,1,,6.3,10.0
E00141,Milagros Alva,Estructuras de Datos,2026-1,40.5,3.1,74.8,1,12.6,9.3,10.9
E00142,Ximena Ortiz,Redes de Computadoras,2026-1,96.8,7.1,83.2,4,15.0,13.6,16.4
E00143,María Palomino,Redes de Computadoras,2025-2,36.1,4.9,90.7,3,12.4,8.3,2.7
E00144,Manuel Vega,Lenguajes de Programación,2025-2,100,7.1,79.7,2,19.5,18.3,19.6
E00145,Valentina López,Redes de Computadoras,2025-2,78.3,8.5,70.7,4,7.0,10.8,11.0
E00146,Natalia Pérez,Matemática Discreta,2026-1,89.9,4.2,100,2,11.6,8.2,13.8
E00147,Valeria Rivas,Base de Datos,2025-2,58.9,5.8,52.8,3,14.5,15.9,13.7
E00148,Milagros Cruz,Base de Datos,2025-2,60.0,0.5,72.7,4,10.1,9.3,6.2
E00149,Ana Flores,Base de Datos,2025-2,65.7,2.3,91.3,4,16.3,19.0,13.0
E00150,Zoe Vega,Redes de Computadoras,2026-1,100,12.8,58.8,2,,12.0,9.3
E00151,Zoe García,Estructuras de Datos,2026-1,85.1,6.2,72.9,4,11.3,11.6,8.8
E00152,Joaquín Torres,Base de Datos,2026-1,53.2,2.4,72.9,2,20,20,18.1
E00153,Franco Rojas,Base de Datos,2025-2,85.5,1.5,73.7,4,11.8,12.5,9.6
E00154,Alejandra Cruz,Redes de Computadoras,2026-1,87.6,10.2,,5,14.3,11.6,16.6
E00155,María Ortiz,Base de Datos,2025-2,94.9,8.3,89.6,3,20,20,20
E00156,Nicolás Reyes,Matemática Discreta,2026-1,50.4,12.0,96.8,2,8.5,5.4,4.6
E00157,Fabián Paredes,Redes de Computadoras,2025-2,86.5,5.3,100,5,15.5,12.3,13.1
E00158,Isabela Rivas,Matemática Discreta,2025-2,52.1,4.4,45.0,1,16.1,10.5,10.3
E00159,Valentina Ponce,Redes de Computadoras,2026-1,60.5,2.9,98.1,5,12.0,13.2,12.1
E00160,Isabela Zapata,Redes de Computadoras,2025-2,81.3,8.2,100,2,12.4,12.1,14.8
E00161,Franco López,Estructuras de Datos,2026-1,87.1,7.5,99.8,2,11.0,12.0,16.1
E00162,Ximena Vargas,Redes de Computadoras,2026-1,75.3,9.2,74.2,2,7.1,15.5,10.4
E00163,Fabián Quispe,Redes de Computadoras,2026-1,56.9,0,100,3,15.3,4.8,11.0
E00164,Mateo Cabrera,Base de Datos,2025-2,79.6,7.9,74.4,3,9.4,2.2,4.7
E00165,Ricardo Ponce,Estructuras de Datos,2026-1,68.5,5.3,98.6,3,15.4,9.7,14.1
E00166,Ricardo Mendoza,Estructuras de Datos,2026-1,99.5,10.8,84.9,2,14.8,15.0,13.1
E00167,Valentina Chávez,Base de Datos,2025-2,60.6,6.8,56.6,1,8.1,12.0,7.5
E00168,Rodrigo Cárdenas,Lenguajes de Programación,2025-2,77.2,7.7,97.2,3,17.2,10.0,12.0
E00169,Adrián García,Estructuras de Datos,2026-1,72.5,5.4,74.7,3,7.8,15.5,10.3
E00170,Ana Mamani,Lenguajes de Programación,2026-1,57.9,10.2,62.7,3,17.4,20,20
E00171,María Aguilar,Lenguajes de Programación,2025-2,83.6,7.2,69.4,3,10.2,6.9,10.5
E00172,Vicente Rojas,Base de Datos,2025-2,100,6.4,100,3,19.0,20,17.4
E00173,Vicente Castillo,Estructuras de Datos,2025-2,90.1,8.0,85.4,1,16.2,17.7,20
E00174,Alonso Aguilar,Lenguajes de Programación,2026-1,57.9,9.0,61.3,1,17.2,12.2,11.1
E00175,Paula Ramírez,Base de Datos,2025-2,60.6,0,100,5,9.3,5.8,8.2
E00176,Sebastián Vega,Estructuras de Datos,2025-2,81.0,2.6,89.5,1,14.3,15.7,16.6
E00177,Luis Gutiérrez,Lenguajes de Programación,2026-1,62.0,8.6,57.2,5,13.3,12.6,12.7
E00178,Bruno Soto,Base de Datos,2025-2,55.1,8.9,95.2,4,10.8,12.9,10.3
E00179,Gabriela Flores,Redes de Computadoras,2026-1,63.2,9.4,79.9,4,9.5,2.4,5.4
E00180,Sofía Delgado,Redes de Computadoras,2025-2,77.4,9.4,75.7,3,13.3,16.0,11.1
E00181,Adrián Ramírez,Estructuras de Datos,2025-2,54.7,8.7,59.8,2,13.2,15.5,13.4
E00182,Rosa Quispe,Estructuras de Datos,2026-1,51.6,7.2,75.0,1,10.9,11.6,17.0
E00183,Lucía Ponce,Redes de Computadoras,2026-1,41.6,6.1,45.6,3,7.8,13.4,3.6
E00184,Iván Cabrera,Estructuras de Datos,2026-1,76.7,5.1,62.4,5,13.6,11.3,7.7
E00185,Estefanía Palomino,Redes de Computadoras,2025-2,35.9,3.4,62.1,4,7.8,15.3,9.3
E00186,Rosa Rojas,Redes de Computadoras,2025-2,78.4,3.3,47.2,4,12.1,15.0,10.4
E00187,Jorge Ortiz,Estructuras de Datos,2025-2,48.5,7.8,83.8,2,7.4,12.5,6.2
E00188,Nicolás Castillo,Estructuras de Datos,2025-2,64.7,7.3,75.4,1,14.5,14.5,17.0
E00189,Diego Salazar,Estructuras de Datos,2025-2,72.5,7.5,98.6,4,7.3,11.6,8.2
E00190,Adrián Quispe,Redes de Computadoras,2026-1,57.3,6.7,47.8,3,14.6,12.7,10.4
E00191,Alejandra Sánchez,Matemática Discreta,2025-2,32.3,7.3,48.6,1,7.2,11.0,11.6
E00192,Estefanía Rivas,Redes de Computadoras,2025-2,52.7,5.3,85.3,3,8.4,8.2,14.2
E00193,Estefanía Ortiz,Matemática Discreta,2026-1,75.1,2.6,77.7,5,6.5,6.8,2.6
E00194,Fabián Sánchez,Matemática Discreta,2026-1,87.6,10.6,79.8,3,6.1,9.8,6.1
E00195,Alejandra López,Lenguajes de Programación,2025-2,100,10.2,84.6,4,11.2,12.8,8.2
E00196,Carlos Rodríguez,Redes de Computadoras,2026-1,66.2,10.0,69.0,2,18.7,20,15.8
E00197,Joaquín Mamani,Base de Datos,2026-1,65.4,6.7,70.0,3,11.5,14.3,11.9
E00198,María Zapata,Estructuras de Datos,2025-2,,8.7,57.4,1,11.0,16.5,17.2
E00199,María Rodríguez,Base de Datos,2025-2,98.8,2.3,92.0,2,11.8,16.0,10.5
E00200,Isabela Cárdenas,Redes de Computadoras,2025-2,57.2,6.3,47.6,3,11.0,11.3,12.2
E00201,Julio Huamán,Redes de Computadoras,2025-2,100,2.4,46.0,4,20,15.9,17.5
E00202,Ricardo Paredes,Matemática Discreta,2025-2,72.7,0,87.6,3,11.6,13.0,11.8
E00203,Paula Ramírez,Lenguajes de Programación,2025-2,80.5,3.7,71.2,2,19.2,17.0,19.6
E00204,Milagros Rojas,Redes de Computadoras,2025-2,83.3,3.5,54.9,2,13.7,16.1,15.5
E00205,Isabela Soto,Matemática Discreta,2025-2,92.7,7.0,57.2,3,11.7,10.6,11.0
E00206,Natalia Zapata,Matemática Discreta,2025-2,90.4,4.7,,4,10.6,14.0,13.4
E00207,Ximena Reyes,Base de Datos,2026-1,39.6,3.9,58.9,4,7.8,0,7.4
E00208,Adrián García,Lenguajes de Programación,2026-1,100,6.9,74.0,4,10.2,10.5,9.3
E00209,Sebastián Ortiz,Redes de Computadoras,2025-2,72.0,9.1,80.6,4,19.4,20,18.0
E00210,Camila Cárdenas,Lenguajes de Programación,2026-1,66.2,0.2,85.7,3,11.2,10.0,13.0
E00211,Miguel Cabrera,Estructuras de Datos,2025-2,63.7,5.1,100,3,5.8,7.0,7.5
E00212,Martina Zapata,Redes de Computadoras,2025-2,69.2,5.2,67.1,2,5.5,8.3,11.5
E00213,Alonso Medina,Base de Datos,2026-1,76.5,10.2,85.5,3,5.5,8.5,7.2
E00214,Manuel Alva,Lenguajes de Programación,2025-2,68.4,8.1,78.8,3,13.5,13.6,12.9
E00215,Alonso Cruz,Lenguajes de Programación,2026-1,43.4,0.2,86.5,3,9.0,1.8,8.7
E00216,María Aguilar,Estructuras de Datos,2025-2,100,1.3,100,2,13.3,17.8,14.4
E00217,Lucía Salazar,Estructuras de Datos,2025-2,85.4,2.6,93.0,1,10.7,13.3,11.1
E00218,Lucía Reyes,Redes de Computadoras,2026-1,47.2,10.6,74.0,5,16.8,13.7,12.6
E00219,Manuel Gutiérrez,Matemática Discreta,2026-1,87.1,5.3,100,2,11.9,9.0,12.0
E00220,Renata Herrera,Lenguajes de Programación,2025-2,,6.4,74.1,1,14.2,20,14.1
E00221,Bruno Reyes,Matemática Discreta,2025-2,71.8,7.2,46.9,4,10.5,14.2,13.2
E00222,Diego Rodríguez,Base de Datos,2025-2,91.9,5.7,66.1,4,12.5,13.4,12.8
E00223,Fernanda Palomino,Matemática Discreta,2026-1,92.5,12.1,88.8,2,5.2,9.0,8.7
E00224,Joaquín Mamani,Matemática Discreta,2025-2,43.0,3.7,81.9,2,14.4,11.4,14.4
E00225,Estefanía Ponce,Lenguajes de Programación,2026-1,74.3,8.7,93.2,4,16.7,14.0,16.7
E00226,Manuel Chávez,Base de Datos,2025-2,77.6,3.3,72.9,5,18.2,14.2,16.0
E00227,Martina Huamán,Matemática Discreta,2025-2,79.9,7.1,98.4,2,18.4,16.9,16.5
E00228,Paula Rojas,Redes de Computadoras,2025-2,63.4,9.5,50.8,1,11.4,11.6,17.0
E00229,Daniela Reyes,Estructuras de Datos,2025-2,93.7,10.9,68.0,1,8.6,,14.5
E00230,Emilio López,Matemática Discreta,2026-1,85.4,4.5,76.3,2,7.6,10.9,9.2
E00231,Renata Ponce,Lenguajes de Programación,2026-1,50.7,6.9,74.9,1,19.3,17.3,17.6
E00232,Camila López,Lenguajes de Programación,2025-2,56.2,2.7,52.4,3,8.9,10.2,10.6
E00233,Renata Sánchez,Base de Datos,2025-2,100,5.5,77.1,3,9.7,14.2,5.5
E00234,Ximena Vargas,Redes de Computadoras,2026-1,54.3,1.2,59.2,3,10.5,10.3,13.8
E00235,Alejandra Rojas,Estructuras de Datos,2025-2,51.9,5.5,100,1,8.5,5.2,3.2
E00236,Martina Ortiz,Estructuras de Datos,2025-2,57.8,10.0,100,4,20,20,18.9
E00237,Antonella Mendoza,Lenguajes de Programación,2025-2,58.6,8.9,45.7,3,9.1,8.8,13.1
E00238,Isabela Herrera,Base de Datos,2026-1,80.9,5.2,77.1,5,9.3,3.9,7.8
E00239,Mateo Mamani,Redes de Computadoras,2025-2,81.0,12.3,71.6,2,4.2,5.5,11.4
E00240,Martina Espinoza,Lenguajes de Programación,2025-2,85.2,1.9,98.6,3,5.4,2.7,7.3
E00241,Joaquín Ramírez,Matemática Discreta,2026-1,97.8,4.5,60.1,2,12.2,13.3,14.0
E00242,Miguel Quispe,Base de Datos,2025-2,89.5,6.5,77.6,2,15.3,16.0,16.5
E00243,Daniela Ponce,Redes de Computadoras,2025-2,78.7,6.8,70.7,3,20,16.5,20
E00244,Rodrigo García,Base de Datos,2026-1,82.1,6.6,76.5,4,2.8,12.0,6.7
E00245,Alejandra Flores,Base de Datos,2026-1,61.6,7.3,68.2,2,16.4,15.8,17.8
E00246,Jorge Delgado,Redes de Computadoras,2026-1,92.5,9.7,50.6,2,4.4,10.8,15.1
E00247,Joaquín Medina,Lenguajes de Programación,2025-2,66.5,0.4,83.7,2,14.5,11.0,16.3
E00248,Martina Soto,Base de Datos,2025-2,41.8,0.1,51.1,4,17.0,15.3,16.8
E00249,Mateo Chávez,Lenguajes de Programación,2026-1,62.3,5.8,33.5,4,17.3,14.5,16.5
E00250,Manuel Mendoza,Estructuras de Datos,2025-2,59.8,8.0,77.6,4,9.9,14.8,12.5
E00251,Milagros Espinoza,Matemática Discreta,2026-1,65.9,4.0,90.5,2,15.7,12.4,14.7
E00252,Alonso Quispe,Base de Datos,2026-1,46.0,12.7,96.1,2,12.3,10.7,11.9
E00253,Emilio Salazar,Lenguajes de Programación,2025-2,55.3,6.0,83.6,2,16.6,17.9,19.7
E00254,Sofía Cruz,Matemática Discreta,2026-1,89.6,4.1,69.9,1,12.3,14.7,15.3
E00255,Diego Vargas,Base de Datos,2025-2,99.9,6.7,53.2,3,13.0,10.2,12.6
E00256,Ricardo Cruz,Base de Datos,2025-2,45.1,3.4,100,3,13.1,14.4,11.4
E00257,Natalia Quispe,Lenguajes de Programación,2025-2,45.9,13.8,72.7,2,7.4,11.0,12.2
E00258,Iván Rojas,Estructuras de Datos,2026-1,84.3,10.4,45.0,5,10.8,7.0,10.4
E00259,Sofía Ortiz,Lenguajes de Programación,2025-2,77.1,2.0,,4,5.7,12.2,13.9
E00260,Daniela Ponce,Estructuras de Datos,2026-1,75.1,1.5,63.1,2,13.0,9.4,15.7
E00261,Mateo Gutiérrez,Estructuras de Datos,2026-1,67.0,7.1,83.5,3,18.9,16.2,20
E00262,Renata Huamán,Redes de Computadoras,2025-2,100,8.4,62.5,4,15.3,17.5,17.7
E00263,Rodrigo Zapata,Estructuras de Datos,2026-1,82.1,11.1,47.5,3,13.8,17.0,12.4
E00264,Rodrigo Gutiérrez,Base de Datos,2026-1,89.6,8.5,60.7,4,11.4,18.1,19.3
E00265,Paula Delgado,Matemática Discreta,2026-1,52.8,2.6,71.6,5,6.4,10.4,10.8
E00266,Mateo Chávez,Matemática Discreta,2025-2,77.2,3.3,77.4,1,12.3,14.2,8.8
E00267,Joaquín Paredes,Base de Datos,2026-1,65.5,9.3,75.4,4,5.3,12.3,7.3
E00268,Ximena Reyes,Base de Datos,2025-2,100,3.6,52.8,4,14.9,13.4,14.6
E00269,Luis Paredes,Base de Datos,2026-1,58.8,7.6,47.1,3,16.2,12.1,10.8
E00270,Franco Pérez,Base de Datos,2025-2,81.0,1.6,43.0,2,13.5,10.3,15.0
E00271,Nicolás Ponce,Redes de Computadoras,2026-1,63.6,1.4,97.0,4,15.0,15.3,13.5
E00272,Zoe Mendoza,Base de Datos,2026-1,80.3,6.1,50.1,4,5.3,10.8,13.4
E00273,Emilio Chávez,Matemática Discreta,2026-1,70.1,2.2,74.1,2,9.5,4.8,10.5
E00274,Vicente Torres,Base de Datos,2025-2,100,6.5,82.1,4,12.0,11.5,9.0
E00275,Paula Palomino,Matemática Discreta,2025-2,81.3,6.9,52.0,5,9.6,8.2,5.3
E00276,Diego Gutiérrez,Matemática Discreta,2026-1,78.9,4.5,49.0,2,5.6,10.5,12.3
E00277,Iván Mamani,Estructuras de Datos,2025-2,75.2,3.7,60.6,3,16.3,19.0,15.0
E00278,Valentina Soto,Base de Datos,2026-1,64.2,4.9,73.0,2,7.0,9.2,7.7
E00279,Martina García,Estructuras de Datos,2026-1,73.6,7.8,59.5,3,16.6,18.1,16.4
E00280,Emilio Cabrera,Redes de Computadoras,2026-1,65.6,4.0,41.5,2,14.5,10.5,6.9
E00281,Ximena Herrera,Lenguajes de Programación,2026-1,80.7,4.4,61.0,4,18.0,16.5,12.1
E00282,Valeria Palomino,Estructuras de Datos,2026-1,56.1,3.0,,3,12.8,17.4,20
E00283,Andrés López,Redes de Computadoras,2025-2,56.2,0.8,62.4,1,14.9,10.3,11.3
E00284,Tomás Zapata,Base de Datos,2025-2,78.4,4.8,84.4,4,14.4,15.6,14.8
E00285,Emilio Reyes,Estructuras de Datos,2026-1,75.5,8.5,71.8,4,16.5,11.3,9.8
E00286,Emilio Rodríguez,Lenguajes de Programación,2026-1,89.2,4.9,40.0,4,13.5,12.6,14.0
E00287,Rodrigo Herrera,Redes de Computadoras,2026-1,84.5,6.9,81.2,3,12.4,11.2,14.6
E00288,Martina Flores,Matemática Discreta,2025-2,42.2,2.0,100,2,10.6,11.4,9.2
E00289,Paula Torres,Matemática Discreta,2026-1,84.3,8.2,73.9,3,13.8,11.5,15.6
E00290,Camila Sánchez,Lenguajes de Programación,2026-1,81.8,4.6,91.1,3,12.1,12.0,16.4
E00291,Sofía Ramírez,Lenguajes de Programación,2025-2,99.8,0.2,73.7,3,14.1,15.1,15.5
E00292,Valentina Aguilar,Estructuras de Datos,2025-2,44.6,3.9,56.8,5,20.0,18.1,15.8
E00293,Iván Salazar,Estructuras de Datos,2025-2,88.3,3.4,72.2,4,13.3,11.8,13.0
E00294,Fabián Palomino,Redes de Computadoras,2026-1,67.7,10.3,54.7,4,14.0,17.8,11.4
E00295,Camila Flores,Base de Datos,2026-1,77.6,4.5,67.1,3,9.3,13.2,11.0
E00296,Zoe Cabrera,Base de Datos,2025-2,86.2,7.5,76.0,1,19.8,18.8,14.7
E00297,Rosa Cabrera,Lenguajes de Programación,2026-1,73.1,9.0,80.8,4,10.9,12.3,7.5
E00298,Jorge Ponce,Redes de Computadoras,2025-2,83.6,13.5,48.9,2,11.0,9.6,19.7
E00299,Ricardo Gutiérrez,Base de Datos,2025-2,74.3,8.5,100,5,14.5,10.4,13.8
E00300,Iván Reyes,Matemática Discreta,2026-1,95.3,2.4,76.9,4,12.8,13.0,11.9
E00301,Estefanía Flores,Redes de Computadoras,2025-2,62.7,5.8,92.8,3,20,19.1,16.4
E00302,Ximena Castillo,Matemática Discreta,2026-1,72.5,12.6,65.4,2,15.1,10.0,9.6
E00303,Julio Huamán,Matemática Discreta,2026-1,93.1,5.5,86.8,1,16.1,14.1,14.2
E00304,Andrés Ramírez,Estructuras de Datos,2025-2,61.1,1.1,85.0,3,16.6,12.9,14.0
E00305,Diego García,Estructuras de Datos,2025-2,66.4,1.9,62.7,4,13.5,15.3,6.6
E00306,Rodrigo Sánchez,Matemática Discreta,2025-2,62.1,7.9,71.5,2,8.4,10.5,8.3
E00307,Lucía Cruz,Base de Datos,2026-1,62.2,4.9,78.3,1,16.4,16.2,14.3
E00308,Julio Soto,Matemática Discreta,2026-1,73.3,7.2,97.9,2,14.1,14.8,15.0
E00309,Sofía Torres,Estructuras de Datos,2026-1,86.6,5.0,100,4,17.3,18.3,18.0
E00310,Andrés Torres,Redes de Computadoras,2025-2,76.5,5.9,80.8,1,14.2,13.9,7.9
E00311,Iván Flores,Matemática Discreta,2026-1,66.0,10.6,90.6,3,14.9,8.7,14.1
E00312,Sebastián Gutiérrez,Base de Datos,2026-1,48.4,0.6,83.5,4,6.8,9.5,11.7
E00313,Natalia Sánchez,Matemática Discreta,2026-1,88.1,8.9,83.5,3,11.2,15.9,11.7
E00314,Carlos Huamán,Lenguajes de Programación,2026-1,82.9,8.8,76.8,5,11.1,12.7,9.2
E00315,Isabela Sánchez,Redes de Computadoras,2025-2,91.8,6.4,85.2,2,8.4,5.5,9.4
E00316,Martina Pérez,Estructuras de Datos,2026-1,100,0,100,2,8.0,14.4,13.8
E00317,Gabriela García,Redes de Computadoras,2026-1,,1.5,72.7,4,11.1,14.6,13.9
E00318,Jorge Pérez,Base de Datos,2025-2,51.7,11.2,64.2,1,11.9,14.0,7.3
E00319,María López,Lenguajes de Programación,2026-1,66.8,6.3,68.2,3,12.9,19.6,15.9
E00320,Ana Rodríguez,Redes de Computadoras,2026-1,95.2,3.0,69.4,3,18.3,17.5,17.6
E00321,Alonso Torres,Redes de Computadoras,2025-2,86.8,6.4,98.7,2,19.6,13.5,10.2
E00322,Franco Flores,Redes de Computadoras,2026-1,74.0,4.6,59.2,2,14.2,16.7,12.0
E00323,Mateo Pérez,Base de Datos,2026-1,99.4,0,73.2,4,15.1,13.6,14.3
E00324,Luis Aguilar,Matemática Discreta,2025-2,72.1,10.2,71.9,3,11.5,8.7,9.5
E00325,Miguel Chávez,Lenguajes de Programación,2026-1,,4.4,61.8,2,20,16.3,18.3
E00326,Miguel Ortiz,Lenguajes de Programación,2026-1,72.0,4.9,69.5,4,10.3,9.2,10.3
E00327,María Castillo,Matemática Discreta,2026-1,69.5,3.6,100,5,16.2,17.8,18.0
E00328,María Sánchez,Estructuras de Datos,2026-1,33.3,4.8,100,4,20,20,19.1
E00329,Valentina Rivas,Base de Datos,2026-1,100,6.7,62.1,4,7.4,3.8,6.7
E00330,Ana Palomino,Estructuras de Datos,2026-1,71.0,8.2,86.7,2,5.8,7.4,10.0
E00331,Andrés Cruz,Matemática Discreta,2026-1,88.0,6.5,58.1,3,15.3,15.8,10.7
E00332,Bruno Pérez,Matemática Discreta,2025-2,83.1,0,67.8,5,13.2,11.5,13.7
E00333,Iván Castillo,Estructuras de Datos,2026-1,73.6,5.3,90.5,2,3.9,9.2,8.4
E00334,Luis Gutiérrez,Lenguajes de Programación,2026-1,51.9,6.4,,5,14.0,12.4,14.4
E00335,Daniela Aguilar,Lenguajes de Programación,2026-1,81.1,2.7,100,4,13.7,8.9,8.9
E00336,Martina Ponce,Base de Datos,2026-1,99.8,10.0,100,3,12.6,7.4,11.8
E00337,Tomás Rivas,Estructuras de Datos,2025-2,67.5,4.5,32.4,2,14.7,16.0,13.3
E00338,María Rodríguez,Lenguajes de Programación,2026-1,70.5,10.7,78.1,4,17.2,17.2,15.2
E00339,Mateo Castillo,Base de Datos,2026-1,97.2,4.8,65.4,2,14.7,18.7,20
E00340,Adrián López,Lenguajes de Programación,2026-1,69.6,2.7,85.8,4,12.2,9.1,10.9
E00341,Ana Soto,Estructuras de Datos,2025-2,71.6,7.5,51.6,4,17.1,16.9,20
E00342,Renata Medina,Base de Datos,2026-1,100,5.2,69.9,3,7.7,8.5,7.3
E00343,Carlos Rojas,Redes de Computadoras,2026-1,61.6,6.5,69.6,3,10.2,15.3,10.5
E00344,Rodrigo Gutiérrez,Redes de Computadoras,2025-2,67.7,13.7,45.2,4,8.2,8.4,11.5
E00345,Ximena Sánchez,Estructuras de Datos,2026-1,,4.9,67.8,2,10.5,8.5,11.4
E00346,Paula Ramírez,Lenguajes de Programación,2026-1,81.4,5.3,75.1,3,4.6,7.1,7.3
E00347,Julio Rivas,Lenguajes de Programación,2025-2,65.8,5.2,58.2,4,9.7,10.6,14.4
E00348,Ximena Reyes,Base de Datos,2026-1,72.3,10.8,48.5,5,11.2,9.7,7.1
E00349,Fabián Rojas,Estructuras de Datos,2025-2,68.2,4.4,63.4,4,11.3,16.4,11.8
E00350,Manuel Ponce,Matemática Discreta,2026-1,59.0,8.8,95.3,5,15.3,12.6,12.9
E00351,Sofía Rivas,Base de Datos,2026-1,75.4,6.2,91.4,3,19.1,19.2,19.2
E00352,Valeria Rodríguez,Estructuras de Datos,2026-1,35.3,4.3,67.2,5,4.1,13.0,8.7
E00353,Emilio Ramírez,Redes de Computadoras,2025-2,58.2,6.2,62.9,5,18.0,19.0,17.3
E00354,Miguel Pérez,Matemática Discreta,2026-1,100,10.0,60.0,2,14.0,8.0,12.2
E00355,Ximena Soto,Redes de Computadoras,2025-2,65.9,12.7,72.1,2,6.6,9.2,10.3
E00356,Vicente Cruz,Base de Datos,2026-1,76.5,0.5,95.8,4,18.0,15.6,12.0
E00357,Diego Ramírez,Matemática Discreta,2026-1,94.9,6.9,87.7,2,16.2,14.8,20
E00358,Joaquín Cabrera,Matemática Discreta,2025-2,100,6.6,85.0,2,10.2,9.9,7.4
E00359,Ricardo Cárdenas,Matemática Discreta,2026-1,78.9,6.8,73.3,2,,12.1,16.7
E00360,Joaquín Salazar,Redes de Computadoras,2026-1,70.8,3.7,90.1,4,12.0,10.7,14.6
E00361,Lucía López,Redes de Computadoras,2026-1,70.2,9.4,80.3,2,19.8,14.4,14.1
E00362,Iván Ortiz,Lenguajes de Programación,2025-2,83.1,3.9,100,3,6.8,1.5,8.9
E00363,Ximena Rivas,Lenguajes de Programación,2026-1,75.9,2.6,90.3,3,6.5,9.0,5.4
E00364,Rosa Soto,Estructuras de Datos,2025-2,76.0,6.0,82.5,1,14.9,16.6,20
E00365,Daniela Rojas,Matemática Discreta,2025-2,62.7,3.9,81.5,1,16.0,15.3,15.3
E00366,Martina García,Estructuras de Datos,2025-2,67.5,8.5,100,2,16.8,14.6,17.3
E00367,Diego Rojas,Estructuras de Datos,2026-1,59.5,3.1,64.2,1,17.8,16.0,14.6
E00368,Joaquín Herrera,Estructuras de Datos,2026-1,88.4,0.0,65.8,5,9.1,13.3,12.5
E00369,Emilia Gutiérrez,Redes de Computadoras,2025-2,72.6,5.3,100,3,12.2,16.8,17.9
E00370,Diego Sánchez,Matemática Discreta,2025-2,72.8,5.9,45.6,4,10.8,13.4,14.7
E00371,Gabriela Mamani,Estructuras de Datos,2026-1,69.5,5.2,95.5,2,14.3,15.0,14.7
E00372,Antonella Palomino,Estructuras de Datos,2025-2,71.1,10.0,76.7,3,8.6,8.1,6.2
E00373,Alonso Torres,Lenguajes de Programación,2025-2,83.4,4.3,78.0,3,8.4,10.5,8.6
E00374,Julio Herrera,Redes de Computadoras,2026-1,78.2,4.1,55.3,3,,10.7,10.2
E00375,Ana Sánchez,Lenguajes de Programación,2026-1,73.4,7.0,49.2,5,17.0,12.5,7.2
E00376,Rodrigo Ponce,Lenguajes de Programación,2026-1,68.4,10.1,61.4,3,12.6,14.3,13.3
E00377,Natalia Vargas,Estructuras de Datos,2025-2,71.1,0,78.0,4,15.0,19.6,13.2
E00378,Martina Cárdenas,Lenguajes de Programación,2026-1,49.6,1.0,36.2,3,15.3,16.6,14.3
E00379,Manuel Cabrera,Base de Datos,2025-2,55.5,5.1,100,1,3.5,5.1,8.3
E00380,Fernanda Cabrera,Matemática Discreta,2026-1,60.5,10.2,57.9,4,16.4,20,19.6
E00381,Jorge Ponce,Redes de Computadoras,2025-2,100,6.5,95.8,3,8.7,8.3,9.4
E00382,Ricardo Ortiz,Estructuras de Datos,2026-1,100,9.8,97.5,2,9.2,13.0,10.1
E00383,Alejandra Flores,Base de Datos,2025-2,69.6,0,70.1,4,8.1,14.8,15.7
E00384,Miguel Medina,Matemática Discreta,2025-2,70.7,7.5,95.2,4,17.6,17.9,20
E00385,Gabriela Alva,Lenguajes de Programación,2026-1,44.0,8.5,97.1,5,6.4,12.4,9.0
E00386,Daniela Aguilar,Base de Datos,2026-1,86.8,1.0,60.9,4,15.2,16.1,13.4
E00387,Camila López,Lenguajes de Programación,2026-1,59.3,7.9,96.3,3,20,18.3,20
E00388,Rodrigo Cabrera,Lenguajes de Programación,2025-2,51.9,8.5,100.0,2,2.9,5.6,5.6
E00389,Mateo Cárdenas,Lenguajes de Programación,2026-1,24.1,11.0,80.2,5,11.2,12.0,7.5
E00390,Fabián Cabrera,Lenguajes de Programación,2025-2,61.6,3.3,90.3,2,10.7,11.9,15.4
E00391,María Delgado,Redes de Computadoras,2026-1,95.0,8.8,91.2,1,17.2,20,20
E00392,Ana Medina,Base de Datos,2025-2,48.1,8.3,,4,16.9,18.6,17.6
E00393,Diego Reyes,Redes de Computadoras,2025-2,83.3,2.6,57.8,2,13.8,20,14.7
E00394,Nicolás Vega,Redes de Computadoras,2025-2,65.1,7.2,79.1,3,6.5,7.5,5.6
E00395,Sebastián Huamán,Matemática Discreta,2025-2,77.0,7.9,71.9,2,14.5,13.2,14.5
E00396,Alejandra Aguilar,Base de Datos,2025-2,94.6,3.9,44.4,3,11.2,12.6,7.9
E00397,Antonella Salazar,Redes de Computadoras,2025-2,100,5.1,77.1,2,20,19.2,17.2
E00398,Martina Castillo,Lenguajes de Programación,2026-1,73.1,5.3,84.8,3,12.7,14.6,12.7
E00399,Luis Rodríguez,Base de Datos,2025-2,89.6,11.7,88.2,4,14.9,16.5,20
E00400,Martina Delgado,Lenguajes de Programación,2026-1,80.5,4.1,92.1,5,20,16.2,19.5
E00401,Sofía López,Matemática Discreta,2026-1,50.0,7.5,72.0,4,20,20,18.6
E00402,Emilia Vega,Matemática Discreta,2025-2,93.3,5.3,100,5,10.8,10.5,12.4
E00403,Tomás Vega,Lenguajes de Programación,2025-2,100,6.5,70.2,4,7.5,5.9,10.1
E00404,Milagros Espinoza,Redes de Computadoras,2026-1,64.6,0,58.9,3,8.1,11.7,14.0
E00405,Estefanía Flores,Base de Datos,2025-2,55.8,9.1,56.3,5,12.1,12.5,20
E00406,Nicolás Quispe,Matemática Discreta,2025-2,84.7,3.4,82.5,4,18.1,12.9,13.8
E00407,Valentina García,Estructuras de Datos,2026-1,93.1,9.2,52.8,2,20,14.5,16.2
E00408,Ana Cárdenas,Matemática Discreta,2025-2,56.2,5.6,73.1,1,3.4,0.8,2.5
E00409,Rodrigo Cabrera,Estructuras de Datos,2025-2,93.3,9.8,70.3,4,8.8,15.8,12.9
E00410,Antonella Cabrera,Lenguajes de Programación,2026-1,81.5,7.5,49.0,4,16.3,15.1,11.0
E00411,Alejandra Rodríguez,Redes de Computadoras,2026-1,94.6,6.5,81.2,3,9.3,13.9,9.6
E00412,Lucía Delgado,Redes de Computadoras,2025-2,100,9.2,67.2,4,9.2,14.5,15.4
E00413,Camila López,Estructuras de Datos,2025-2,42.4,7.9,85.9,3,17.8,14.1,13.9
E00414,Antonella Torres,Base de Datos,2025-2,84.4,3.2,100,4,12.2,13.5,13.3
E00415,Bruno Paredes,Base de Datos,2025-2,37.6,6.5,76.3,3,9.9,11.6,11.3
E00416,Iván Gutiérrez,Estructuras de Datos,2026-1,61.0,8.8,72.2,3,16.6,15.1,10.9
E00417,Emilio Rivas,Estructuras de Datos,2026-1,89.8,10.5,97.8,4,12.4,15.4,10.3
E00418,Sofía Pérez,Estructuras de Datos,2026-1,63.9,0,79.9,3,5.6,7.2,14.2
E00419,Diego Castillo,Lenguajes de Programación,2026-1,88.7,9.0,78.9,5,12.2,13.4,14.2
E00420,Sebastián Rodríguez,Estructuras de Datos,2026-1,55.9,8.4,65.1,2,18.3,11.6,6.8
E00421,Julio Vargas,Redes de Computadoras,2026-1,52.1,5.2,79.0,2,13.3,16.9,11.6
E00422,Iván Chávez,Base de Datos,2025-2,71.5,7.4,78.8,2,14.1,14.7,11.2
E00423,Martina Medina,Lenguajes de Programación,2026-1,79.2,7.6,76.2,2,14.8,13.6,9.8
E00424,Iván García,Lenguajes de Programación,2026-1,61.8,12.4,77.4,5,5.4,8.7,11.6
E00425,Rodrigo Salazar,Matemática Discreta,2026-1,94.2,5.9,72.7,2,19.8,19.8,20
E00426,Mateo Herrera,Redes de Computadoras,2026-1,75.6,1.4,80.2,4,16.9,10.1,14.1
E00427,Julio Vega,Lenguajes de Programación,2026-1,82.2,11.2,92.8,4,13.7,13.7,12.7
E00428,Martina Rodríguez,Redes de Computadoras,2026-1,84.2,5.7,68.6,3,11.9,15.4,10.6
E00429,Manuel Alva,Lenguajes de Programación,2026-1,97.5,3.6,80.2,4,14.0,11.4,10.3
E00430,Julio Rivas,Matemática Discreta,2026-1,56.0,8.7,100,2,14.9,12.5,13.3
E00431,Miguel Rodríguez,Matemática Discreta,2026-1,50.4,4.3,60.5,1,14.2,11.3,15.1
E00432,Isabela Salazar,Matemática Discreta,2025-2,86.2,8.2,88.7,5,5.6,7.9,4.4
E00433,Antonella Delgado,Redes de Computadoras,2026-1,71.1,2.1,75.2,2,9.8,7.2,5.7
E00434,Alonso Huamán,Redes de Computadoras,2026-1,89.3,3.8,46.8,2,6.8,14.2,7.6
E00435,Ana Paredes,Redes de Computadoras,2025-2,91.2,3.6,56.3,3,9.8,5.9,11.6
E00436,Estefanía Alva,Lenguajes de Programación,2026-1,100,4.1,73.5,3,8.9,9.1,12.5
E00437,Daniela Salazar,Base de Datos,2026-1,27.6,2.4,53.4,3,15.0,15.5,14.6
E00438,Renata Zapata,Redes de Computadoras,2026-1,88.3,4.6,62.3,4,9.1,8.7,11.1
E00439,Carlos Torres,Lenguajes de Programación,2026-1,56.8,7.9,64.8,1,9.9,13.6,8.5
E00440,Iván Paredes,Base de Datos,2025-2,54.1,0.3,68.8,2,14.0,13.3,12.4
E00441,Vicente Mamani,Base de Datos,2025-2,46.8,5.5,40.8,4,5.4,4.5,9.3
E00442,Tomás Sánchez,Matemática Discreta,2025-2,96.4,4.2,65.4,1,13.7,15.6,9.4
E00443,Jorge Flores,Redes de Computadoras,2025-2,64.9,4.1,76.5,3,9.5,12.4,9.5
E00444,Valentina Flores,Matemática Discreta,2025-2,72.1,15.9,80.9,3,11.5,10.3,11.0
E00445,Diego Alva,Base de Datos,2025-2,91.1,4.1,100,4,11.3,8.1,7.8
E00446,Carlos Salazar,Base de Datos,2026-1,54.1,7.8,76.9,4,15.6,13.2,12.4
E00447,Sofía Reyes,Base de Datos,2025-2,60.5,9.0,74.3,5,5.7,12.1,14.8
E00448,Tomás Torres,Lenguajes de Programación,2026-1,65.1,6.4,86.5,3,10.8,13.8,11.0
E00449,Estefanía Ponce,Base de Datos,2025-2,73.3,4.0,69.8,2,9.3,8.3,12.8
E00450,Luis Quispe,Base de Datos,2026-1,83.7,4.8,95.7,3,10.8,10.8,9.3
E00451,Julio Espinoza,Matemática Discreta,2025-2,60.7,4.8,61.8,2,20,18.8,20
E00452,Renata Herrera,Lenguajes de Programación,2026-1,96.5,6.2,66.2,3,5.8,10.9,9.9
E00453,Ximena Medina,Redes de Computadoras,2025-2,86.5,5.2,70.4,2,10.9,17.6,14.9
E00454,Nicolás García,Matemática Discreta,2025-2,35.1,7.4,82.8,5,11.3,3.8,8.8
E00455,Antonella Torres,Estructuras de Datos,2026-1,92.8,2.9,58.8,5,8.5,9.1,11.2
E00456,Jorge Aguilar,Redes de Computadoras,2026-1,54.8,5.0,91.8,4,15.7,10.6,12.3
E00457,Natalia Rivas,Redes de Computadoras,2025-2,,0,63.8,3,13.0,13.4,12.1
E00458,Lucía López,Redes de Computadoras,2026-1,46.6,3.8,64.1,3,16.9,20,19.4
E00459,Lucía Espinoza,Matemática Discreta,2025-2,57.7,5.5,96.0,2,20,19.2,19.0
E00460,Alejandra Sánchez,Redes de Computadoras,2026-1,51.5,4.6,84.8,3,2.4,4.8,1.4
E00461,Vicente Chávez,Redes de Computadoras,2026-1,59.0,0,84.5,1,15.6,11.5,16.5
E00462,Luis Soto,Matemática Discreta,2025-2,77.2,1.9,75.8,3,10.3,13.6,11.9
E00463,Gabriela Castillo,Redes de Computadoras,2025-2,97.1,9.4,74.8,4,13.7,16.5,14.6
E00464,Paula Torres,Matemática Discreta,2026-1,51.0,6.7,79.4,3,12.6,15.0,8.8
E00465,Sebastián Herrera,Lenguajes de Programación,2026-1,100,8.1,61.3,1,7.7,8.8,11.7
E00466,Andrés García,Redes de Computadoras,2026-1,78.0,0,100,5,7.5,11.6,9.1
E00467,Martina Medina,Lenguajes de Programación,2025-2,73.6,7.8,60.0,2,19.6,19.2,20
E00468,Isabela Cabrera,Estructuras de Datos,2026-1,29.9,7.4,79.4,4,17.6,17.4,20
E00469,Valentina Alva,Lenguajes de Programación,2025-2,68.2,6.2,70.0,2,12.3,16.2,14.3
E00470,Fabián Cabrera,Matemática Discreta,2026-1,71.2,4.3,69.3,1,12.9,15.2,15.7
E00471,Nicolás Aguilar,Lenguajes de Programación,2026-1,68.0,0,72.8,3,8.1,8.1,8.7
E00472,Fernanda Flores,Matemática Discreta,2026-1,95.0,7.5,98.8,3,15.0,15.8,10.3
E00473,Fabián Ponce,Lenguajes de Programación,2025-2,66.7,9.0,52.3,3,12.2,5.6,8.6
E00474,Alonso Aguilar,Redes de Computadoras,2025-2,100,12.8,95.2,3,5.0,3.6,1.9
E00475,Valeria Soto,Redes de Computadoras,2026-1,46.3,5.2,72.1,4,16.5,18.4,16.9
E00476,Estefanía Herrera,Redes de Computadoras,2026-1,77.9,0,86.8,1,10.1,7.2,10.0
E00477,Adrián Paredes,Lenguajes de Programación,2026-1,78.7,8.9,91.0,3,13.1,11.6,14.3
E00478,María Vega,Lenguajes de Programación,2025-2,58.3,4.9,70.6,5,13.7,15.2,13.8
E00479,Milagros Espinoza,Lenguajes de Programación,2026-1,100,8.7,64.1,3,14.6,20,17.3
E00480,Milagros Rojas,Lenguajes de Programación,2026-1,55.4,7.0,43.6,3,10.7,8.9,12.8
E00481,Valeria Torres,Redes de Computadoras,2025-2,100,10.6,87.1,3,15.6,16.5,15.4
E00482,Fernanda Palomino,Matemática Discreta,2025-2,45.4,1.1,80.7,3,9.7,10.3,10.8
E00483,Jorge Delgado,Estructuras de Datos,2025-2,78.0,9.1,70.4,1,5.0,4.9,6.5
E00484,Ximena Ortiz,Base de Datos,2025-2,89.5,0.3,47.5,2,18.2,17.0,18.5
E00485,Franco Zapata,Estructuras de Datos,2025-2,100,9.4,85.8,4,8.9,9.3,11.4
E00486,Julio Torres,Redes de Computadoras,2026-1,43.6,5.6,100,2,15.3,13.7,9.6
E00487,Paula Rodríguez,Estructuras de Datos,2026-1,47.7,10.5,97.1,3,14.3,11.2,11.8
E00488,Valeria Castillo,Base de Datos,2026-1,92.8,6.7,,2,14.2,14.2,14.1
E00489,Manuel Ortiz,Estructuras de Datos,2025-2,100,7.5,100,3,17.7,19.6,19.7
E00490,Luis García,Lenguajes de Programación,2025-2,62.5,8.6,90.0,1,8.8,7.9,7.4
E00491,Valentina Zapata,Lenguajes de Programación,2025-2,85.4,3.3,55.1,1,20,20,18.9
E00492,Ximena Aguilar,Estructuras de Datos,2025-2,77.7,8.8,63.4,1,16.6,17.6,19.6
E00493,Natalia Sánchez,Estructuras de Datos,2025-2,39.4,11.8,100,4,15.0,16.4,18.2
E00494,Julio Aguilar,Estructuras de Datos,2026-1,99.3,7.0,76.5,3,9.2,6.2,5.6
E00495,Bruno Cabrera,Matemática Discreta,2026-1,72.1,3.2,68.4,2,13.7,11.7,10.1
E00496,Daniela Herrera,Matemática Discreta,2026-1,77.9,2.8,26.5,4,16.2,16.3,14.7
E00497,Adrián Quispe,Redes de Computadoras,2025-2,92.5,10.3,56.5,4,8.8,12.3,9.6
E00498,Ximena Quispe,Matemática Discreta,2025-2,87.4,9.5,87.1,2,10.4,6.2,7.7
E00499,Ximena López,Redes de Computadoras,2025-2,62.4,0,48.8,3,20,20,20
E00500,Manuel Mendoza,Base de Datos,2026-1,92.5,11.3,45.9,3,11.8,15.0,10.8
E00501,Tomás Alva,Matemática Discreta,2025-2,86.6,6.4,52.0,3,13.4,12.7,13.3
E00502,Alonso Flores,Estructuras de Datos,2025-2,89.6,6.6,83.8,5,14.8,10.6,9.3
E00503,María García,Redes de Computadoras,2025-2,78.4,10.7,76.4,4,8.6,10.8,13.1
E00504,Miguel Herrera,Matemática Discreta,2026-1,67.2,5.8,58.1,2,17.6,15.6,15.9
E00505,Camila Cárdenas,Matemática Discreta,2026-1,41.7,3.5,62.1,4,13.7,13.1,14.4
E00506,Estefanía Ramírez,Redes de Computadoras,2026-1,90.7,7.3,75.1,2,10.6,16.0,13.7
E00507,Lucía Sánchez,Lenguajes de Programación,2025-2,59.5,9.6,100,5,9.7,13.6,10.4
E00508,Alonso Sánchez,Matemática Discreta,2026-1,71.7,10.4,82.4,3,18.0,20,20
E00509,Julio Castillo,Redes de Computadoras,2026-1,,6.9,68.2,3,11.1,11.3,9.8
E00510,Joaquín Delgado,Lenguajes de Programación,2025-2,54.5,4.7,57.7,3,15.6,13.8,12.7
E00511,Rodrigo Salazar,Lenguajes de Programación,2026-1,71.1,7.0,87.6,2,15.3,14.5,14.9
E00512,Nicolás Aguilar,Base de Datos,2025-2,58.0,3.4,33.7,4,20,20,20
E00513,Milagros Rojas,Estructuras de Datos,2026-1,60.3,3.3,66.8,4,15.6,14.1,10.6
E00514,Franco Cabrera,Lenguajes de Programación,2026-1,53.6,2.9,73.3,2,17.0,,12.0
E00515,Bruno Flores,Redes de Computadoras,2026-1,74.7,0,98.2,5,13.2,11.7,10.0
E00516,Adrián Herrera,Redes de Computadoras,2026-1,62.0,6.8,80.4,3,6.6,8.2,10.8
E00517,Rosa Chávez,Matemática Discreta,2026-1,82.1,3.5,80.5,2,11.8,12.0,15.6
E00518,Emilio Torres,Matemática Discreta,2025-2,77.1,3.9,100,4,7.5,6.6,7.6
E00519,Manuel Torres,Estructuras de Datos,2025-2,91.6,9.1,76.6,3,9.6,13.2,7.0
E00520,Franco Rivas,Redes de Computadoras,2025-2,57.2,4.2,36.9,5,10.9,14.9,10.7
E00521,Alonso Zapata,Redes de Computadoras,2026-1,85.7,2.2,59.6,2,20,18.6,17.8
E00522,Iván Salazar,Base de Datos,2025-2,75.8,8.9,56.4,2,17.8,17.1,19.9
E00523,Renata Cabrera,Redes de Computadoras,2025-2,70.2,3.9,62.5,4,10.9,16.1,11.9
E00524,Isabela Cárdenas,Base de Datos,2026-1,87.3,5.3,62.5,1,11.7,12.5,7.7
E00525,Alonso Vega,Redes de Computadoras,2026-1,59.1,1.5,67.9,4,2.5,5.1,8.6
E00526,Franco Paredes,Redes de Computadoras,2025-2,76.2,5.9,100,1,,10.6,15.1
E00527,Emilio Paredes,Redes de Computadoras,2025-2,71.5,10.3,100,1,8.3,6.4,5.2
E00528,Manuel Rojas,Base de Datos,2026-1,86.2,0,54.0,2,17.1,16.2,15.0
E00529,Camila Rivas,Lenguajes de Programación,2026-1,72.5,6.5,59.1,1,10.2,10.8,14.7
E00530,Sofía Cárdenas,Lenguajes de Programación,2025-2,61.1,10.2,59.2,2,11.0,11.6,16.5
E00531,Sebastián Delgado,Redes de Computadoras,2025-2,53.5,8.4,100,3,13.0,14.5,12.5
E00532,Emilio Rivas,Base de Datos,2026-1,63.2,0,68.9,1,12.4,14.1,11.9
E00533,Iván Vega,Matemática Discreta,2026-1,97.8,6.5,83.7,2,16.1,13.2,12.7
E00534,Andrés Salazar,Estructuras de Datos,2026-1,48.6,2.1,79.8,4,14.9,18.7,18.4
E00535,Ana Castillo,Base de Datos,2026-1,62.7,5.1,77.8,2,19.0,15.2,15.9
E00536,Diego Aguilar,Lenguajes de Programación,2026-1,66.3,7.1,94.1,3,12.2,10.5,8.8
E00537,Mateo Quispe,Lenguajes de Programación,2025-2,100,3.0,79.6,5,6.8,12.4,10.7
E00538,Antonella Aguilar,Lenguajes de Programación,2025-2,74.7,0.3,77.4,3,13.2,8.5,9.7
E00539,Jorge Cruz,Lenguajes de Programación,2025-2,52.8,7.9,48.9,2,9.9,7.9,13.6
E00540,Paula Ramírez,Redes de Computadoras,2025-2,67.3,0,100,3,7.3,9.3,9.8
E00541,Renata Huamán,Estructuras de Datos,2025-2,100,1.4,100,4,13.9,14.2,17.5
E00542,Adrián Mendoza,Matemática Discreta,2025-2,100,1.7,85.0,5,11.8,14.4,11.8
E00543,Franco Paredes,Redes de Computadoras,2026-1,19.8,4.9,57.5,3,10.9,12.4,14.7
E00544,Antonella Cárdenas,Base de Datos,2026-1,62.4,10.6,52.8,4,11.6,8.5,11.1
E00545,Jorge Reyes,Redes de Computadoras,2026-1,67.6,2.8,33.7,2,7.8,7.3,7.3
E00546,Bruno Rojas,Base de Datos,2025-2,98.7,4.1,56.1,2,13.1,10.0,11.5
E00547,Valeria Quispe,Estructuras de Datos,2026-1,99.4,7.7,71.5,3,6.2,8.3,2.6
E00548,Valentina Paredes,Lenguajes de Programación,2026-1,71.9,9.7,78.7,4,18.9,15.0,15.3
E00549,Mateo Medina,Redes de Computadoras,2026-1,84.3,0,41.7,5,15.0,13.1,14.4
E00550,Ana Pérez,Lenguajes de Programación,2025-2,79.1,5.6,93.8,3,8.2,10.2,11.3
E00551,Ricardo Gutiérrez,Redes de Computadoras,2026-1,100,3.3,55.0,2,12.6,9.3,13.0
E00552,Isabela Cabrera,Lenguajes de Programación,2025-2,75.6,0.0,60.9,2,16.8,11.9,20
E00553,Gabriela Salazar,Base de Datos,2025-2,59.3,8.8,57.9,1,14.8,7.5,5.1
E00554,Gabriela Palomino,Redes de Computadoras,2026-1,95.7,6.8,76.5,3,13.4,13.3,15.2
E00555,Lucía Cabrera,Lenguajes de Programación,2026-1,100,6.0,94.8,2,9.0,11.1,15.0
E00556,Valeria Delgado,Estructuras de Datos,2026-1,59.4,6.1,50.0,4,13.3,14.0,11.2
E00557,Diego Ponce,Redes de Computadoras,2025-2,85.8,5.5,85.6,3,10.9,12.1,15.7
E00558,María Rivas,Lenguajes de Programación,2026-1,73.1,4.7,70.1,4,16.1,13.9,14.9
E00559,Tomás Cabrera,Redes de Computadoras,2025-2,91.3,10.3,88.3,1,13.8,9.0,10.7
E00560,Renata Sánchez,Redes de Computadoras,2026-1,93.6,5.8,85.0,3,19.4,16.5,16.8
E00561,Milagros Ramírez,Matemática Discreta,2025-2,100,3.6,52.7,4,15.8,14.0,11.1
E00562,Ximena Medina,Redes de Computadoras,2025-2,73.2,4.4,82.0,3,16.5,14.5,18.2
E00563,Martina Rodríguez,Estructuras de Datos,2026-1,58.0,0,95.4,4,7.5,9.6,12.0
E00564,Vicente Castillo,Base de Datos,2025-2,53.9,8.7,100,4,15.9,10.3,6.7
E00565,Martina Castillo,Estructuras de Datos,2026-1,59.4,10.0,84.4,1,9.9,8.1,10.8
E00566,Iván Cruz,Base de Datos,2026-1,95.7,11.1,58.7,2,10.9,11.2,9.5
E00567,Luis Gutiérrez,Redes de Computadoras,2025-2,93.9,6.1,22.7,1,,12.0,12.5
E00568,Sofía Pérez,Estructuras de Datos,2026-1,61.2,4.7,60.8,3,3.8,12.7,10.9
E00569,Adrián Vega,Estructuras de Datos,2026-1,88.7,10.5,31.3,3,16.2,15.1,14.3
E00570,Paula Flores,Base de Datos,2026-1,66.1,3.6,72.2,4,11.3,13.2,7.7
E00571,Emilio Huamán,Base de Datos,2026-1,84.2,6.5,50.0,5,16.6,15.7,16.2
E00572,Ricardo Quispe,Lenguajes de Programación,2025-2,81.5,2.2,95.2,4,7.6,6.0,11.3
E00573,Paula Sánchez,Matemática Discreta,2026-1,99.1,10.1,81.9,2,16.6,16.5,13.8
E00574,Camila Salazar,Redes de Computadoras,2025-2,71.4,5.1,43.8,2,12.3,15.2,14.8
E00575,Fabián Cabrera,Lenguajes de Programación,2025-2,88.3,5.5,100,3,15.7,12.0,15.2
E00576,Estefanía Ortiz,Matemática Discreta,2026-1,60.4,5.3,47.7,3,8.7,14.2,12.0
E00577,Renata Alva,Redes de Computadoras,2025-2,76.3,6.5,98.0,5,16.5,17.2,13.0
E00578,Estefanía Ramírez,Lenguajes de Programación,2025-2,50.7,2.0,100,4,6.9,10.9,12.5
E00579,Franco Mendoza,Base de Datos,2026-1,72.3,6.9,31.1,3,10.9,7.7,14.5
E00580,Paula Mendoza,Redes de Computadoras,2026-1,48.7,2.6,43.3,4,13.0,11.7,11.3
E00581,Estefanía Mamani,Base de Datos,2026-1,83.2,10.9,75.6,2,8.1,7.4,10.3
E00582,Sofía Huamán,Estructuras de Datos,2026-1,78.0,8.4,61.6,3,3.5,7.1,8.3
E00583,Tomás Aguilar,Matemática Discreta,2025-2,87.0,3.5,70.6,4,14.5,10.2,12.3
E00584,Isabela Espinoza,Matemática Discreta,2026-1,74.8,13.9,100,4,13.0,11.8,17.4
E00585,Zoe Flores,Matemática Discreta,2025-2,90.1,3.0,83.0,2,9.7,11.3,13.0
E00586,Carlos Salazar,Redes de Computadoras,2026-1,79.2,0.2,72.2,2,17.3,16.1,13.6
E00587,Nicolás Paredes,Matemática Discreta,2026-1,58.4,7.5,100,3,14.5,12.1,11.6
E00588,Adrián Palomino,Redes de Computadoras,2025-2,,2.6,47.9,4,16.1,11.2,18.5
E00589,Alejandra Vega,Lenguajes de Programación,2026-1,64.2,0,59.6,3,17.0,16.5,20
E00590,Renata Zapata,Base de Datos,2026-1,73.2,8.3,97.1,4,20,20,20
E00591,Manuel Rodríguez,Matemática Discreta,2026-1,87.2,6.0,52.1,2,11.0,12.2,10.4
E00592,Adrián García,Lenguajes de Programación,2026-1,47.2,2.8,100,5,19.1,20,17.9
E00593,Manuel Quispe,Matemática Discreta,2026-1,41.9,2.4,83.3,5,16.3,14.6,12.9
E00594,Valentina Rivas,Matemática Discreta,2026-1,58.6,13.9,98.1,4,12.8,11.2,11.3
E00595,Julio Reyes,Matemática Discreta,2025-2,95.7,5.0,47.6,1,14.1,15.3,17.5
E00596,Tomás Paredes,Lenguajes de Programación,2026-1,74.3,11.6,45.0,3,14.6,14.0,15.7
E00597,Vicente Vargas,Estructuras de Datos,2025-2,68.3,12.5,88.6,3,9.8,10.2,12.5
E00598,Rodrigo Rodríguez,Estructuras de Datos,2026-1,65.4,3.9,89.1,1,12.4,12.7,8.2
E00599,Ana Ortiz,Estructuras de Datos,2025-2,64.5,2.8,92.0,2,11.5,8.7,9.6
E00600,Zoe Espinoza,Estructuras de Datos,2026-1,87.6,4.2,50.4,4,14.1,17.5,15.2
E00601,Lucía Quispe,Estructuras de Datos,2026-1,94.5,3.6,78.6,1,12.0,13.0,10.5
E00602,Miguel Rodríguez,Lenguajes de Programación,2026-1,70.6,0,47.8,4,19.5,14.3,14.7
E00603,Alejandra Pérez,Lenguajes de Programación,2025-2,100,6.8,78.3,5,14.9,13.1,15.9
E00604,Fernanda Cabrera,Lenguajes de Programación,2025-2,46.5,4.5,36.8,3,12.2,12.7,7.0
E00605,Tomás Rojas,Estructuras de Datos,2025-2,100,3.4,100,5,13.6,15.0,16.0
E00606,Sofía Soto,Matemática Discreta,2026-1,54.4,6.4,87.1,5,17.0,18.8,12.6
E00607,Valentina Vargas,Lenguajes de Programación,2026-1,74.7,8.8,73.6,4,10.6,11.1,13.1
E00608,María Castillo,Estructuras de Datos,2026-1,80.6,6.2,79.5,1,10.5,10.4,16.1
E00609,María Espinoza,Matemática Discreta,2025-2,66.7,2.9,69.6,3,15.1,10.1,7.2
E00610,Andrés Quispe,Matemática Discreta,2026-1,74.8,4.4,59.9,3,16.6,12.4,12.6
E00611,María Rivas,Base de Datos,2025-2,55.8,7.5,70.9,3,11.5,11.9,11.4
E00612,Valeria Pérez,Estructuras de Datos,2026-1,81.3,1.4,96.9,1,7.5,12.3,5.9
E00613,Valeria Huamán,Lenguajes de Programación,2025-2,70.8,5.7,85.8,3,13.4,12.5,9.0
E00614,Jorge Zapata,Estructuras de Datos,2026-1,68.5,2.2,55.2,1,15.6,16.3,17.2
E00615,Sebastián Quispe,Estructuras de Datos,2025-2,70.0,3.8,100,2,16.9,12.8,16.0
E00616,Mateo Delgado,Matemática Discreta,2026-1,83.5,8.1,,2,9.1,11.4,8.2
E00617,Diego Rojas,Matemática Discreta,2025-2,88.6,2.9,79.4,2,9.2,9.9,6.5
E00618,Valentina Quispe,Lenguajes de Programación,2026-1,93.2,5.4,87.0,3,20,15.1,20
E00619,Diego López,Estructuras de Datos,2025-2,52.9,5.6,72.4,4,15.4,12.2,15.6
E00620,Sofía Espinoza,Redes de Computadoras,2026-1,57.1,0.5,64.5,4,14.3,14.7,16.1
E00621,Camila Vega,Estructuras de Datos,2025-2,76.0,8.0,46.4,4,15.9,17.1,16.1
E00622,Alonso Castillo,Estructuras de Datos,2026-1,53.5,7.0,94.4,1,8.2,9.0,11.3
E00623,Fabián García,Matemática Discreta,2026-1,85.1,8.1,76.0,3,16.7,10.9,11.1
E00624,Iván Medina,Redes de Computadoras,2026-1,29.2,0,100,5,19.4,20,13.4
E00625,Julio Castillo,Lenguajes de Programación,2025-2,95.0,9.3,91.2,3,19.3,16.7,16.4
E00626,Sofía Rivas,Base de Datos,2025-2,36.5,4.1,76.0,3,18.2,11.5,17.5
E00627,Adrián Ortiz,Matemática Discreta,2026-1,91.6,8.0,66.4,5,19.8,18.2,17.4
E00628,Renata Sánchez,Lenguajes de Programación,2025-2,86.6,13.7,76.9,2,14.2,9.1,16.1
E00629,Carlos Soto,Base de Datos,2026-1,54.4,6.0,85.9,4,17.5,6.5,15.1
E00630,Gabriela Gutiérrez,Matemática Discreta,2026-1,85.9,3.2,72.9,3,19.4,16.1,14.8
E00631,Emilio Ortiz,Redes de Computadoras,2026-1,63.1,9.5,81.6,3,20,17.9,18.2
E00632,Luis Gutiérrez,Base de Datos,2026-1,100,7.9,69.0,3,13.5,12.8,11.1
E00633,Ximena López,Lenguajes de Programación,2026-1,100,3.5,89.6,4,15.6,17.6,15.1
E00634,Jorge Herrera,Estructuras de Datos,2025-2,89.0,0,69.8,4,12.1,13.8,15.9
E00635,Alejandra Espinoza,Base de Datos,2026-1,68.1,5.8,35.2,4,13.5,14.6,15.7
E00636,Isabela López,Redes de Computadoras,2025-2,95.9,5.7,58.8,4,17.0,19.5,18.1
E00637,Renata Alva,Base de Datos,2026-1,59.7,1.5,74.2,3,20,20,20
E00638,Camila Quispe,Redes de Computadoras,2025-2,82.9,5.2,67.3,2,17.1,20,15.5
E00639,Emilia Castillo,Redes de Computadoras,2025-2,59.6,0,90.1,2,13.0,9.7,16.2
E00640,Alejandra Vega,Estructuras de Datos,2026-1,71.0,6.6,82.8,2,13.6,16.5,12.1
E00641,Luis Palomino,Lenguajes de Programación,2026-1,61.7,7.5,66.6,3,9.1,8.7,6.9
E00642,Nicolás Ortiz,Redes de Computadoras,2025-2,66.2,6.5,78.0,3,8.2,7.7,1.9
E00643,Lucía Chávez,Matemática Discreta,2026-1,80.8,5.9,93.4,1,4.3,4.8,0.5
E00644,Miguel Torres,Matemática Discreta,2025-2,96.9,6.5,32.1,3,14.6,17.8,17.4
E00645,Mateo Ramírez,Matemática Discreta,2025-2,87.6,15.7,49.2,1,9.6,14.1,7.5
E00646,Valeria Herrera,Base de Datos,2025-2,68.5,10.7,67.0,2,11.2,8.3,7.6
E00647,Daniela Flores,Matemática Discreta,2026-1,77.3,3.5,92.0,4,16.1,16.5,13.2
E00648,Sebastián Vega,Estructuras de Datos,2025-2,73.3,1.9,88.2,3,12.4,16.1,15.4
E00649,Ximena Cárdenas,Estructuras de Datos,2025-2,82.2,0,40.0,5,16.5,18.2,11.4
E00650,Natalia Chávez,Lenguajes de Programación,2025-2,100,3.3,85.7,2,9.9,7.0,8.1
E00651,Adrián Cabrera,Estructuras de Datos,2025-2,77.5,3.9,98.6,3,12.6,16.9,9.4
E00652,Paula Pérez,Lenguajes de Programación,2026-1,59.5,7.4,77.8,3,10.8,12.8,11.0
E00653,Bruno Alva,Matemática Discreta,2026-1,90.3,9.3,82.0,3,10.4,12.5,11.9
E00654,Emilio Vega,Redes de Computadoras,2026-1,76.2,0.8,94.8,4,12.0,10.9,13.3
E00655,Emilio Espinoza,Base de Datos,2025-2,96.0,2.1,86.8,3,4.3,16.2,9.9
E00656,Fernanda Ortiz,Estructuras de Datos,2026-1,91.0,8.7,76.6,2,9.3,9.1,7.5
E00657,Ximena Cárdenas,Lenguajes de Programación,2026-1,100,7.9,83.2,2,14.7,13.3,12.7
E00658,Joaquín Zapata,Base de Datos,2026-1,75.5,4.7,64.3,3,15.5,11.1,16.0
E00659,Paula Chávez,Redes de Computadoras,2026-1,79.6,0.7,86.1,4,13.4,11.6,8.8
E00660,Miguel Paredes,Matemática Discreta,2026-1,78.3,2.8,65.7,2,12.0,9.3,9.2
E00661,Sofía García,Base de Datos,2026-1,60.3,7.4,56.6,4,15.7,20,20
E00662,María Alva,Estructuras de Datos,2026-1,64.8,5.3,86.5,2,2.5,2.8,7.2
E00663,Sofía Alva,Estructuras de Datos,2025-2,62.3,3.2,96.9,3,16.9,16.1,12.2
E00664,Antonella Ortiz,Base de Datos,2025-2,63.0,4.9,60.1,3,20,16.4,16.3
E00665,Jorge Gutiérrez,Matemática Discreta,2026-1,73.0,1.5,42.7,2,9.4,8.3,8.2
E00666,Iván Vega,Matemática Discreta,2025-2,78.0,2.1,37.3,3,11.2,8.7,15.6
E00667,Adrián Mendoza,Base de Datos,2026-1,65.6,7.9,80.2,1,19.6,9.6,14.0
E00668,Iván Herrera,Matemática Discreta,2025-2,91.4,10.4,52.9,5,16.3,15.0,15.3
E00669,Valentina Ortiz,Lenguajes de Programación,2025-2,98.4,9.5,64.1,4,17.6,17.9,16.7
E00670,Rosa Torres,Lenguajes de Programación,2026-1,88.9,5.4,75.7,4,17.8,18.2,20
E00671,Emilio Mamani,Base de Datos,2025-2,64.0,8.7,76.4,5,12.0,11.1,13.2
E00672,Valentina Cárdenas,Estructuras de Datos,2025-2,62.5,3.3,87.5,4,11.4,10.6,8.4
E00673,Carlos Salazar,Lenguajes de Programación,2026-1,64.9,5.0,93.9,4,18.3,20,20
E00674,Diego Vargas,Estructuras de Datos,2026-1,63.7,8.6,56.4,2,7.1,8.9,5.9
E00675,Manuel López,Estructuras de Datos,2025-2,60.4,3.0,85.1,1,11.3,13.6,9.8
E00676,Zoe Gutiérrez,Estructuras de Datos,2026-1,80.0,13.0,71.8,3,17.8,15.6,13.8
E00677,Andrés Rodríguez,Redes de Computadoras,2025-2,21.8,5.4,90.3,3,9.4,8.1,11.3
E00678,Alejandra Palomino,Redes de Computadoras,2025-2,65.9,7.1,,4,11.8,13.7,11.2
E00679,Emilio Huamán,Matemática Discreta,2025-2,53.6,2.7,100,4,10.4,9.6,7.7
E00680,Julio Castillo,Estructuras de Datos,2025-2,16.8,2.3,100,4,9.1,11.1,7.6
E00681,Emilia Vega,Redes de Computadoras,2025-2,57.0,8.4,46.7,4,15.6,7.4,8.6
E00682,Adrián Reyes,Lenguajes de Programación,2025-2,42.2,9.6,58.2,4,7.3,5.5,10.2
E00683,Estefanía Castillo,Estructuras de Datos,2025-2,91.5,0,69.0,5,18.2,15.4,12.9
E00684,Sebastián García,Matemática Discreta,2026-1,52.6,7.4,,3,16.7,18.2,9.1
E00685,Diego Castillo,Redes de Computadoras,2025-2,93.4,8.8,50.8,1,19.6,17.3,16.5
E00686,Emilia Torres,Base de Datos,2026-1,49.9,0.4,49.5,2,18.4,15.9,18.5
E00687,Fabián Mamani,Estructuras de Datos,2025-2,91.2,0.5,96.5,4,11.0,6.6,11.3
E00688,Fabián Alva,Redes de Computadoras,2026-1,71.2,8.1,40.7,5,9.3,7.0,11.5
E00689,María Cárdenas,Estructuras de Datos,2025-2,51.1,8.6,83.8,5,12.9,11.6,14.3
E00690,Sofía Salazar,Matemática Discreta,2026-1,80.1,11.9,100,3,11.5,13.1,9.5
E00691,Lucía Rojas,Redes de Computadoras,2025-2,28.5,0,80.5,4,10.8,11.2,15.1
E00692,Iván Ramírez,Base de Datos,2025-2,61.6,7.2,66.2,2,9.0,12.3,7.6
E00693,Valentina Medina,Lenguajes de Programación,2026-1,65.3,6.1,100,2,13.7,10.2,14.9
E00694,Rodrigo Alva,Lenguajes de Programación,2026-1,68.1,4.1,68.9,4,14.7,15.0,17.4
E00695,Ana Reyes,Base de Datos,2025-2,46.8,11.9,71.9,4,14.2,15.8,16.5
E00696,Valeria Flores,Estructuras de Datos,2025-2,69.9,9.5,83.9,1,,15.9,20
E00697,Tomás Rivas,Estructuras de Datos,2025-2,76.7,4.4,57.1,3,9.8,18.3,15.7
E00698,Sebastián Zapata,Estructuras de Datos,2026-1,82.0,9.9,70.7,2,15.0,18.7,16.1
E00699,Rodrigo Alva,Matemática Discreta,2025-2,93.3,4.7,71.8,2,13.2,17.2,15.0
E00700,Ximena Rojas,Matemática Discreta,2026-1,63.5,2.4,35.3,3,17.3,13.3,14.7
E00701,Adrián Medina,Lenguajes de Programación,2026-1,55.7,5.7,92.5,2,13.1,16.1,12.0
E00702,Ana Quispe,Lenguajes de Programación,2025-2,77.9,4.7,93.5,2,15.2,14.8,14.7
E00703,Emilia Quispe,Redes de Computadoras,2026-1,65.1,7.5,79.3,3,18.7,16.0,18.3
E00704,Camila Paredes,Base de Datos,2026-1,59.9,7.6,73.0,5,8.9,16.2,13.2
E00705,Zoe Aguilar,Lenguajes de Programación,2025-2,59.2,7.2,70.6,3,4.3,13.2,9.0
E00706,Fernanda Palomino,Redes de Computadoras,2025-2,52.4,1.3,57.3,4,7.5,8.6,12.5
E00707,Paula Torres,Matemática Discreta,2025-2,90.0,8.1,56.2,1,11.2,11.7,11.9
E00708,Gabriela Gutiérrez,Estructuras de Datos,2025-2,71.4,9.7,85.8,3,8.9,6.4,14.0
E00709,Joaquín Torres,Matemática Discreta,2025-2,78.3,5.7,75.7,4,15.2,16.2,16.6
E00710,Nicolás Palomino,Estructuras de Datos,2026-1,78.3,6.8,75.3,3,8.5,7.9,8.5
E00711,Antonella Cabrera,Matemática Discreta,2025-2,58.8,6.4,92.9,3,10.7,7.0,14.7
E00712,Valeria Mamani,Lenguajes de Programación,2025-2,63.7,6.0,70.3,1,12.9,6.1,7.6
E00713,Carlos Quispe,Redes de Computadoras,2025-2,86.3,5.3,75.2,1,12.4,8.7,12.3
E00714,Nicolás Castillo,Lenguajes de Programación,2025-2,55.1,4.4,86.2,5,14.9,14.9,17.6
E00715,Miguel Medina,Redes de Computadoras,2025-2,80.1,6.3,73.4,4,14.9,16.2,17.4
E00716,Alejandra Espinoza,Matemática Discreta,2025-2,100,1.1,78.4,5,18.8,17.1,15.0
E00717,Isabela Castillo,Lenguajes de Programación,2025-2,87.3,9.5,86.5,3,13.3,13.2,15.7
E00718,María Soto,Base de Datos,2026-1,57.0,3.8,67.2,2,10.6,17.9,13.4
E00719,Emilia Cabrera,Redes de Computadoras,2026-1,83.7,0.0,38.0,4,11.0,13.4,9.5
E00720,Isabela Rodríguez,Estructuras de Datos,2026-1,80.2,5.3,55.0,4,6.4,11.7,2.7
E00721,Valentina Palomino,Base de Datos,2025-2,64.6,9.4,100,1,17.1,11.8,12.2
E00722,Nicolás Huamán,Base de Datos,2025-2,56.0,3.9,92.6,3,16.9,13.3,13.4
E00723,Diego Castillo,Base de Datos,2026-1,44.3,5.5,52.1,3,17.1,18.3,20
E00724,Manuel Castillo,Estructuras de Datos,2025-2,100,6.0,69.2,3,9.7,5.4,8.1
E00725,Tomás García,Base de Datos,2026-1,69.8,3.5,68.3,1,12.1,11.9,8.0
E00726,Lucía Gutiérrez,Base de Datos,2025-2,79.5,5.3,53.4,2,20,20,19.2
E00727,Valeria Medina,Estructuras de Datos,2025-2,66.4,7.9,88.4,3,10.6,19.3,18.1
E00728,Sebastián Mendoza,Redes de Computadoras,2026-1,61.6,8.2,81.8,4,15.5,18.0,17.5
E00729,Tomás Torres,Matemática Discreta,2025-2,61.0,5.7,,4,13.4,20,12.5
E00730,Rosa Mendoza,Redes de Computadoras,2025-2,100,1.7,100,3,18.2,13.3,7.6
E00731,Sebastián Quispe,Base de Datos,2026-1,81.1,7.0,73.3,2,15.9,17.9,12.6
E00732,Fernanda Rodríguez,Redes de Computadoras,2026-1,85.4,10.4,66.4,3,5.7,10.0,9.3
E00733,Alejandra Alva,Matemática Discreta,2026-1,100,8.6,87.4,3,15.3,19.5,15.2
E00734,Lucía Alva,Lenguajes de Programación,2026-1,80.7,3.7,68.0,4,9.9,11.7,12.5
E00735,Natalia Vargas,Redes de Computadoras,2025-2,80.3,6.5,97.1,4,15.7,18.6,16.7
E00736,Fabián Soto,Redes de Computadoras,2026-1,76.7,11.6,52.2,2,15.0,13.6,17.2
E00737,Iván Torres,Base de Datos,2026-1,89.5,11.8,100,4,17.7,14.4,12.0
E00738,Martina Quispe,Redes de Computadoras,2025-2,100,0.7,97.8,3,19.9,20,17.2
E00739,Sofía Cárdenas,Redes de Computadoras,2025-2,85.2,6.2,70.4,2,11.0,16.0,11.1
E00740,Iván Mamani,Estructuras de Datos,2026-1,53.1,3.8,68.6,3,4.2,6.0,11.5
E00741,Valentina Ramírez,Base de Datos,2025-2,55.0,14.5,82.7,2,9.3,15.5,13.1
E00742,Alejandra Gutiérrez,Base de Datos,2025-2,75.6,5.4,58.1,1,16.4,14.7,15.9
E00743,Camila Quispe,Matemática Discreta,2025-2,80.6,0,64.0,4,8.0,5.6,9.4
E00744,Natalia Aguilar,Estructuras de Datos,2025-2,,15.7,77.0,4,13.0,12.7,14.7
E00745,Rodrigo López,Lenguajes de Programación,2026-1,59.8,8.9,58.1,2,12.8,13.5,14.5
E00746,Isabela Cárdenas,Matemática Discreta,2025-2,79.0,11.3,64.6,3,18.1,19.7,17.2
E00747,Julio Zapata,Base de Datos,2026-1,87.4,4.4,100,2,12.6,9.3,8.5
E00748,Manuel Flores,Estructuras de Datos,2026-1,50.5,2.6,59.7,5,7.8,13.2,11.9
E00749,Valeria Medina,Matemática Discreta,2025-2,70.1,5.8,60.2,4,15.2,10.9,17.9
E00750,Ricardo Ramírez,Matemática Discreta,2025-2,66.7,11.4,60.3,5,12.6,20,11.7
E00751,Ximena Ortiz,Base de Datos,2026-1,85.9,12.6,67.9,4,16.7,17.5,8.9
E00752,Vicente Salazar,Redes de Computadoras,2025-2,60.2,8.9,68.9,3,10.6,16.3,15.0
E00753,Manuel Torres,Matemática Discreta,2026-1,57.0,6.5,81.8,2,15.9,9.0,11.0
E00754,Sofía García,Lenguajes de Programación,2026-1,43.1,12.7,61.4,4,20,20,20
E00755,Joaquín Mendoza,Lenguajes de Programación,2026-1,42.9,5.1,95.1,5,1.6,7.1,5.6
E00756,Antonella Ortiz,Estructuras de Datos,2026-1,88.0,8.0,73.0,3,12.3,13.6,12.9
E00757,Zoe Ortiz,Matemática Discreta,2026-1,66.2,1.4,57.3,3,6.6,9.4,10.8
E00758,Iván Pérez,Base de Datos,2025-2,59.2,2.7,44.5,2,15.8,16.1,18.7
E00759,Rodrigo Salazar,Estructuras de Datos,2025-2,100,11.2,68.3,4,11.7,12.0,13.0
E00760,Ximena Mamani,Redes de Computadoras,2026-1,50.3,5.0,83.1,4,12.3,9.8,9.3
E00761,Milagros Soto,Redes de Computadoras,2025-2,85.9,6.3,71.3,2,8.5,3.5,12.6
E00762,Carlos Vega,Base de Datos,2026-1,83.6,0,67.2,1,12.1,12.8,10.3
E00763,Diego Ortiz,Redes de Computadoras,2025-2,65.3,4.9,36.3,4,14.4,12.4,15.5
E00764,Renata Delgado,Matemática Discreta,2026-1,85.6,3.0,42.9,4,18.5,11.5,13.4
E00765,Paula Cruz,Matemática Discreta,2025-2,61.5,10.0,70.3,4,10.8,12.1,10.8
E00766,Natalia Medina,Estructuras de Datos,2026-1,91.1,4.5,70.3,3,14.3,8.7,5.2
E00767,Carlos Rodríguez,Redes de Computadoras,2026-1,62.6,6.1,45.7,4,8.9,7.2,8.8
E00768,Rodrigo Cruz,Matemática Discreta,2025-2,89.7,1.2,76.7,2,5.8,12.9,18.7
E00769,Estefanía Salazar,Lenguajes de Programación,2025-2,100,11.4,51.0,3,14.9,13.3,13.0
E00770,Ana Torres,Matemática Discreta,2025-2,41.9,7.4,91.9,2,7.1,8.8,5.0
E00771,Ricardo Palomino,Redes de Computadoras,2026-1,51.9,4.6,63.4,5,13.2,15.2,20
E00772,Carlos Flores,Lenguajes de Programación,2025-2,100,0,71.7,2,13.3,10.6,11.0
E00773,Fernanda Reyes,Estructuras de Datos,2026-1,45.1,7.4,75.9,3,12.8,14.2,14.8
E00774,Valeria Vega,Estructuras de Datos,2025-2,53.9,3.4,55.0,2,15.7,14.2,14.4
E00775,Fabián Rivas,Matemática Discreta,2026-1,92.6,8.0,53.2,3,14.1,11.5,11.8
E00776,Milagros Sánchez,Matemática Discreta,2026-1,91.0,4.4,78.6,3,11.3,9.2,7.5
E00777,Joaquín Alva,Lenguajes de Programación,2026-1,54.6,5.7,79.1,2,15.0,8.0,10.4
E00778,Fabián Rivas,Lenguajes de Programación,2025-2,38.8,9.5,86.3,2,14.5,14.5,17.0
E00779,Camila Vega,Estructuras de Datos,2026-1,79.6,8.6,63.8,3,10.2,13.8,10.0
E00780,Carlos Chávez,Matemática Discreta,2026-1,76.5,6.8,83.7,5,16.6,17.0,14.8
E00781,Ricardo Ramírez,Redes de Computadoras,2026-1,75.5,7.4,82.1,3,13.4,14.1,7.1
E00782,Vicente Aguilar,Lenguajes de Programación,2025-2,88.6,4.6,75.5,2,15.7,20,14.6
E00783,Diego Sánchez,Matemática Discreta,2025-2,70.2,7.2,91.9,5,17.0,16.3,18.0
E00784,Emilio Aguilar,Estructuras de Datos,2026-1,84.5,7.5,90.3,2,15.9,10.3,14.1
E00785,Isabela Cárdenas,Redes de Computadoras,2026-1,84.9,2.4,83.7,5,9.9,16.6,9.2
E00786,Alonso Zapata,Redes de Computadoras,2026-1,78.5,13.5,86.2,5,12.2,13.9,14.3
E00787,Jorge Ramírez,Estructuras de Datos,2025-2,45.6,8.8,78.8,3,10.6,15.0,10.5
E00788,Vicente Herrera,Base de Datos,2026-1,71.7,4.8,79.8,4,16.7,16.9,11.8
E00789,Paula Chávez,Redes de Computadoras,2026-1,66.7,5.5,64.8,2,16.3,20,18.1
E00790,Valeria Soto,Base de Datos,2026-1,36.7,0,85.2,2,8.1,7.2,7.9
E00791,Daniela Paredes,Base de Datos,2026-1,55.7,1.6,74.5,3,18.6,20,17.1
E00792,Lucía Pérez,Matemática Discreta,2025-2,81.0,4.9,87.8,5,12.3,11.1,7.6
E00793,Jorge Castillo,Lenguajes de Programación,2025-2,70.1,7.6,63.2,1,12.5,10.7,15.0
E00794,Adrián Ramírez,Estructuras de Datos,2026-1,43.8,4.3,56.3,5,20,13.0,16.1
E00795,Sebastián Ramírez,Estructuras de Datos,2025-2,52.5,8.0,97.0,2,15.3,7.5,16.9
E00796,Nicolás Ramírez,Matemática Discreta,2026-1,90.0,3.4,91.4,3,12.8,17.4,8.1
E00797,Natalia Sánchez,Redes de Computadoras,2026-1,75.9,1.3,72.0,1,12.0,13.4,12.8
E00798,Franco García,Estructuras de Datos,2025-2,93.6,9.4,43.1,1,2.8,1.3,8.5
E00799,Fernanda Paredes,Matemática Discreta,2026-1,91.8,0,85.3,5,20,19.8,20
E00800,Martina Paredes,Redes de Computadoras,2026-1,64.7,5.7,65.6,3,16.4,11.0,11.2
E00801,Rosa Ponce,Estructuras de Datos,2026-1,80.6,1.1,61.6,3,15.5,15.7,18.9
E00802,Fernanda Cárdenas,Base de Datos,2026-1,66.4,2.0,75.1,5,20,20,20
E00803,Rosa Torres,Redes de Computadoras,2025-2,68.0,0,100,1,20,20,20
E00804,Nicolás Gutiérrez,Matemática Discreta,2025-2,72.3,3.7,77.0,5,9.7,10.1,6.5
E00805,Natalia Sánchez,Estructuras de Datos,2026-1,70.8,3.2,67.1,3,11.3,8.5,7.7
E00806,Gabriela Medina,Estructuras de Datos,2025-2,50.9,2.1,81.9,4,4.9,3.5,5.9
E00807,Ximena Cruz,Lenguajes de Programación,2025-2,80.7,9.9,88.2,1,7.8,14.0,9.9
E00808,Alejandra Rivas,Estructuras de Datos,2026-1,52.7,0,69.0,3,5.5,12.2,10.5
E00809,Franco Vega,Estructuras de Datos,2025-2,76.3,5.0,75.7,2,9.3,5.3,12.6
E00810,Andrés Rojas,Matemática Discreta,2025-2,64.9,11.6,48.2,5,11.9,20,19.2
E00811,Bruno Gutiérrez,Estructuras de Datos,2025-2,81.2,0.3,80.4,2,15.7,15.3,12.7
E00812,Julio Pérez,Base de Datos,2026-1,70.9,3.7,54.2,4,9.0,6.0,4.4
E00813,Iván Cárdenas,Matemática Discreta,2025-2,99.4,8.6,58.7,3,10.3,10.2,12.5
E00814,Fabián Cruz,Base de Datos,2025-2,65.1,4.4,81.9,5,10.0,11.7,14.3
E00815,Diego Ortiz,Redes de Computadoras,2026-1,100,8.1,39.6,2,8.3,10.0,10.8
E00816,María Pérez,Base de Datos,2025-2,77.3,4.8,78.3,3,10.3,12.3,13.7
E00817,Nicolás Ortiz,Matemática Discreta,2026-1,72.3,8.7,88.7,2,12.3,20,12.4
E00818,Diego Cabrera,Redes de Computadoras,2026-1,26.4,8.7,86.6,2,17.4,20,16.5
E00819,Diego Aguilar,Matemática Discreta,2025-2,68.6,4.5,88.0,3,12.5,8.5,4.4
E00820,Isabela Aguilar,Matemática Discreta,2025-2,100,13.1,66.1,2,13.1,11.3,14.0
E00821,Alonso Alva,Estructuras de Datos,2025-2,45.9,0,75.3,3,19.3,14.4,17.4
E00822,Diego Cabrera,Lenguajes de Programación,2026-1,80.1,8.6,70.9,4,9.5,12.6,13.2
E00823,Sebastián Alva,Estructuras de Datos,2026-1,76.0,4.9,89.9,3,18.2,19.2,19.5
E00824,Isabela López,Matemática Discreta,2025-2,57.9,3.4,62.5,5,9.3,15.1,13.6
E00825,Franco Chávez,Base de Datos,2026-1,73.3,2.0,99.3,4,14.8,14.7,11.6
E00826,Iván Delgado,Estructuras de Datos,2025-2,60.1,8.1,91.1,1,,0,2.8
E00827,Ximena Rojas,Estructuras de Datos,2025-2,50.6,0,63.0,3,20,20,18.6
E00828,Andrés Torres,Redes de Computadoras,2026-1,76.2,7.6,64.9,2,12.1,12.3,13.0
E00829,Lucía López,Lenguajes de Programación,2025-2,55.6,6.5,82.6,2,14.7,14.8,13.8
E00830,Bruno García,Base de Datos,2026-1,100,4.0,77.6,1,12.3,12.0,14.1
E00831,Camila Delgado,Redes de Computadoras,2026-1,52.8,9.3,98.9,4,13.4,19.2,16.1
E00832,Valentina Salazar,Redes de Computadoras,2025-2,100,0,100,2,9.1,6.1,8.6
E00833,Jorge Rodríguez,Matemática Discreta,2026-1,68.5,9.1,72.3,3,7.9,5.2,4.8
E00834,Isabela Pérez,Matemática Discreta,2026-1,65.9,10.9,71.7,3,7.8,9.7,8.3
E00835,Lucía Ponce,Lenguajes de Programación,2025-2,92.9,7.0,77.0,3,12.4,11.7,11.0
E00836,Manuel Mamani,Base de Datos,2026-1,80.0,9.1,85.2,4,18.1,19.3,18.6
E00837,Estefanía Alva,Base de Datos,2025-2,100,10.0,60.6,4,13.7,7.9,14.5
E00838,Manuel Delgado,Lenguajes de Programación,2025-2,66.2,4.8,93.1,4,9.5,12.8,11.8
E00839,Natalia Reyes,Redes de Computadoras,2025-2,58.2,7.9,87.8,3,12.1,9.5,8.1
E00840,Joaquín Rodríguez,Estructuras de Datos,2026-1,85.6,9.5,81.6,4,14.0,15.8,12.8
E00841,Sebastián Rodríguez,Redes de Computadoras,2026-1,47.8,8.7,80.7,3,18.8,15.5,19.6
E00842,Daniela Rojas,Matemática Discreta,2025-2,44.1,1.1,74.6,3,14.2,12.4,16.4
E00843,Daniela Quispe,Redes de Computadoras,2025-2,67.4,4.7,98.9,3,17.5,20,14.9
E00844,Rodrigo Mamani,Redes de Computadoras,2025-2,79.8,2.3,83.7,3,12.2,16.1,14.7
E00845,Emilio Cárdenas,Lenguajes de Programación,2026-1,66.6,3.2,75.2,1,16.4,13.5,11.2
E00846,Valeria Cabrera,Base de Datos,2026-1,86.8,8.4,80.7,4,5.2,4.6,8.8
E00847,Ricardo Delgado,Redes de Computadoras,2026-1,42.1,0,72.4,3,10.9,11.2,13.5
E00848,Alonso Cabrera,Matemática Discreta,2026-1,82.5,0,72.5,4,20,14.1,16.3
E00849,Franco Cruz,Base de Datos,2026-1,97.1,6.0,98.7,2,13.1,11.9,12.4
E00850,Daniela Quispe,Base de Datos,2025-2,91.0,6.2,42.0,3,18.5,13.7,17.5
E00851,Nicolás Castillo,Estructuras de Datos,2026-1,78.1,11.3,79.2,5,12.4,11.8,6.7
E00852,María Gutiérrez,Estructuras de Datos,2026-1,83.5,5.1,82.1,2,,18.2,20
E00853,Rodrigo Paredes,Estructuras de Datos,2026-1,75.2,10.1,74.9,3,8.3,12.7,9.0
E00854,Rosa Zapata,Lenguajes de Programación,2025-2,100,5.4,66.9,3,17.8,13.4,14.1
E00855,Milagros Rodríguez,Lenguajes de Programación,2026-1,92.7,4.2,84.0,3,12.9,15.5,16.3
E00856,Fernanda Sánchez,Base de Datos,2026-1,41.1,1.2,95.4,4,12.8,16.5,13.9
E00857,Isabela Ortiz,Base de Datos,2025-2,74.4,4.3,32.7,2,10.7,18.5,13.3
E00858,Fabián Vargas,Matemática Discreta,2025-2,38.0,8.4,78.2,2,10.5,,6.3
E00859,Alejandra Delgado,Matemática Discreta,2026-1,32.2,7.9,62.8,2,17.5,16.8,20
E00860,Camila Mendoza,Lenguajes de Programación,2026-1,63.3,4.9,52.1,4,13.9,16.2,15.0
E00861,Camila Cruz,Matemática Discreta,2025-2,58.3,7.7,,3,13.0,9.5,14.0
E00862,Sebastián Gutiérrez,Matemática Discreta,2025-2,93.0,3.0,70.5,4,12.1,16.0,15.3
E00863,Sofía Cruz,Redes de Computadoras,2025-2,84.3,1.2,61.4,3,15.7,17.0,15.9
E00864,Andrés Salazar,Matemática Discreta,2026-1,100,12.4,65.2,3,15.4,10.8,12.9
E00865,Ana Rojas,Lenguajes de Programación,2025-2,44.5,3.5,60.3,4,12.8,17.5,18.1
E00866,María Cárdenas,Lenguajes de Programación,2026-1,72.2,7.0,55.6,4,17.7,20,17.8
E00867,Paula Cruz,Redes de Computadoras,2025-2,82.2,8.7,54.5,4,13.2,15.0,6.9
E00868,Rodrigo Ortiz,Matemática Discreta,2025-2,100,6.5,97.2,3,13.6,9.8,11.1
E00869,Adrián Mamani,Base de Datos,2026-1,50.0,7.1,,4,12.4,12.3,9.9
E00870,Daniela Medina,Matemática Discreta,2026-1,68.7,4.1,41.1,4,13.3,6.8,9.7
E00871,Gabriela Reyes,Lenguajes de Programación,2025-2,57.7,5.3,69.3,4,15.7,20,12.0
E00872,Mateo Pérez,Lenguajes de Programación,2025-2,66.2,10.3,87.0,4,13.4,18.3,13.1
E00873,Alonso Delgado,Redes de Computadoras,2025-2,62.5,5.8,75.4,2,14.8,10.5,10.1
E00874,Paula Sánchez,Redes de Computadoras,2025-2,84.7,5.1,70.9,2,12.6,11.4,7.4
E00875,Ximena García,Redes de Computadoras,2026-1,100,5.5,59.1,4,8.9,9.2,13.5
E00876,Bruno Ponce,Estructuras de Datos,2025-2,95.9,0.7,77.5,5,15.7,18.7,14.9
E00877,Isabela Torres,Matemática Discreta,2025-2,86.0,11.7,72.2,1,5.4,5.0,9.2
E00878,Manuel Quispe,Estructuras de Datos,2026-1,57.7,10.5,84.9,4,6.9,6.3,6.7
E00879,Manuel Mamani,Estructuras de Datos,2026-1,57.9,6.4,86.7,3,12.9,17.5,19.9
E00880,Martina Sánchez,Base de Datos,2026-1,65.9,3.9,77.0,4,5.9,8.0,12.5
E00881,Adrián Salazar,Base de Datos,2026-1,86.6,8.7,79.2,4,12.3,12.2,14.8
E00882,Zoe Sánchez,Lenguajes de Programación,2025-2,63.8,0.3,91.4,4,14.9,13.2,15.5
E00883,Diego Ramírez,Estructuras de Datos,2026-1,55.5,5.5,75.4,5,10.7,14.6,10.7
E00884,Jorge Cabrera,Lenguajes de Programación,2026-1,81.8,3.4,77.4,4,,12.7,5.5
E00885,Natalia Paredes,Base de Datos,2025-2,84.7,10.2,80.2,3,19.0,20,16.5
E00886,Daniela Torres,Base de Datos,2026-1,72.0,3.3,86.3,5,13.5,17.0,16.2
E00887,Mateo Reyes,Matemática Discreta,2026-1,49.6,2.2,100,2,20,17.9,20
E00888,Rosa Mamani,Matemática Discreta,2025-2,83.9,3.6,81.8,3,20,14.6,12.6
E00889,Natalia Reyes,Lenguajes de Programación,2026-1,92.0,9.6,71.6,2,12.2,13.0,10.3
E00890,María Ortiz,Matemática Discreta,2025-2,92.1,9.6,67.3,1,14.2,15.9,12.1
E00891,Renata Castillo,Redes de Computadoras,2026-1,53.2,7.3,75.0,1,15.1,18.3,18.3
E00892,Valeria Castillo,Matemática Discreta,2026-1,36.8,4.9,50.5,4,11.0,12.5,17.0
E00893,Valeria Ponce,Matemática Discreta,2025-2,78.8,2.0,98.2,2,7.8,9.1,9.4
E00894,Iván Vargas,Redes de Computadoras,2025-2,63.7,0.8,81.4,3,11.9,5.2,7.1
E00895,Milagros Ponce,Base de Datos,2025-2,70.0,0.4,64.0,3,18.9,20,20
E00896,Paula Reyes,Estructuras de Datos,2025-2,70.0,1.8,62.3,2,14.7,14.0,15.6
E00897,Rodrigo Palomino,Redes de Computadoras,2026-1,75.1,0,100,3,14.4,16.4,19.2
E00898,Adrián Espinoza,Estructuras de Datos,2025-2,96.7,7.8,52.6,4,15.2,17.1,19.1
E00899,Franco Castillo,Matemática Discreta,2025-2,84.0,2.4,65.0,2,13.6,,13.7
E00900,Tomás Soto,Lenguajes de Programación,2026-1,68.4,15.0,65.8,2,12.8,14.7,13.1
E00901,Sofía Ramírez,Base de Datos,2026-1,76.2,7.0,79.5,3,13.6,5.6,13.7
E00902,Antonella Delgado,Estructuras de Datos,2025-2,54.2,7.1,62.5,2,,12.6,15.0
E00903,Martina Pérez,Lenguajes de Programación,2026-1,71.7,5.1,60.7,3,10.6,6.6,9.0
E00904,Valentina Ponce,Lenguajes de Programación,2026-1,31.0,7.3,,4,10.6,11.7,8.0
E00905,Valentina Ramírez,Matemática Discreta,2026-1,76.8,1.0,94.1,3,14.4,,13.9
E00906,Lucía Quispe,Estructuras de Datos,2026-1,85.6,5.8,67.9,3,10.5,17.6,13.7
E00907,Isabela Aguilar,Matemática Discreta,2026-1,44.7,5.0,53.1,4,11.1,11.8,12.1
E00908,Luis Alva,Estructuras de Datos,2026-1,82.0,1.2,58.3,3,14.1,12.8,11.7
E00909,Zoe Rodríguez,Redes de Computadoras,2026-1,68.9,5.1,100,5,14.0,13.3,13.9
E00910,Sebastián García,Base de Datos,2026-1,64.4,6.4,78.8,2,7.5,10.5,11.5
E00911,Sofía Delgado,Estructuras de Datos,2026-1,84.6,7.8,94.0,2,13.0,12.4,14.5
E00912,Manuel Aguilar,Lenguajes de Programación,2025-2,73.3,8.8,67.8,3,17.3,11.2,13.9
E00913,Valentina Vargas,Matemática Discreta,2026-1,71.9,13.4,71.1,4,14.4,16.4,16.3
E00914,Emilio Cárdenas,Estructuras de Datos,2025-2,54.9,2.2,53.8,3,14.0,16.3,17.2
E00915,Fernanda Rodríguez,Base de Datos,2026-1,100,6.4,100,1,15.9,11.7,11.9
E00916,Miguel Alva,Redes de Computadoras,2026-1,82.3,9.9,55.4,3,15.3,13.9,17.5
E00917,Lucía Herrera,Base de Datos,2025-2,48.0,6.9,84.4,3,10.2,5.2,11.8
E00918,Natalia Medina,Base de Datos,2026-1,58.1,14.0,59.5,3,12.0,10.5,18.5
E00919,Julio Soto,Redes de Computadoras,2026-1,73.1,1.5,81.8,4,15.7,15.0,16.8
E00920,Martina Torres,Lenguajes de Programación,2026-1,95.8,13.6,67.4,4,15.7,11.4,15.9
E00921,Luis Delgado,Redes de Computadoras,2025-2,68.4,7.8,83.4,1,18.4,8.8,13.9
E00922,Antonella Espinoza,Matemática Discreta,2026-1,43.8,3.8,71.7,5,5.0,7.7,6.2
E00923,Vicente Ponce,Estructuras de Datos,2026-1,86.4,8.5,37.4,3,11.8,14.0,11.5
E00924,Jorge Reyes,Matemática Discreta,2025-2,84.5,4.1,71.4,2,10.0,10.3,12.3
E00925,Tomás Cárdenas,Base de Datos,2026-1,82.2,4.9,73.3,4,6.5,3.1,4.3
E00926,María Ramírez,Base de Datos,2026-1,74.6,1.4,93.2,2,10.7,3.7,4.4
E00927,Zoe Ortiz,Estructuras de Datos,2026-1,68.7,1.8,70.6,3,17.0,16.1,12.4
E00928,Andrés Gutiérrez,Redes de Computadoras,2025-2,94.6,10.5,84.7,2,9.4,8.6,9.9
E00929,Rodrigo Pérez,Redes de Computadoras,2026-1,88.6,5.1,63.7,3,20,18.6,14.3
E00930,Miguel Torres,Matemática Discreta,2025-2,63.3,2.4,60.0,4,10.6,6.5,13.2
E00931,Bruno Delgado,Redes de Computadoras,2025-2,77.4,10.5,43.4,5,16.9,19.1,15.6
E00932,Iván Ramírez,Redes de Computadoras,2025-2,56.1,11.7,61.3,3,11.9,20,16.5
E00933,Luis Reyes,Lenguajes de Programación,2026-1,79.1,7.2,62.2,4,15.1,17.1,13.0
E00934,Antonella Mamani,Redes de Computadoras,2026-1,67.0,9.3,93.6,4,15.5,10.1,3.4
E00935,Milagros Mamani,Base de Datos,2025-2,100,3.5,32.6,5,8.4,9.5,11.1
E00936,Ricardo Pérez,Base de Datos,2025-2,71.4,6.8,75.6,3,14.0,7.7,11.0
E00937,Valentina Ponce,Estructuras de Datos,2025-2,57.0,2.2,86.1,3,11.5,11.7,7.1
E00938,Jorge Ramírez,Matemática Discreta,2026-1,77.0,11.0,81.2,4,15.3,16.2,13.8
E00939,Julio Palomino,Estructuras de Datos,2026-1,80.7,0.3,64.9,3,,18.3,18.5
E00940,Ricardo Rodríguez,Redes de Computadoras,2026-1,55.2,5.5,55.7,4,12.1,10.1,13.7
E00941,Tomás Ortiz,Estructuras de Datos,2025-2,100,3.7,70.2,4,13.4,16.6,14.2
E00942,Alonso Pérez,Base de Datos,2026-1,53.5,4.6,86.1,2,17.5,16.5,14.8
E00943,Miguel Palomino,Lenguajes de Programación,2026-1,92.2,5.4,55.8,2,9.6,7.6,7.6
E00944,Rosa Palomino,Base de Datos,2025-2,82.2,7.8,51.6,4,10.5,8.5,15.0
E00945,Rodrigo Ortiz,Matemática Discreta,2025-2,60.2,9.3,70.3,3,9.8,7.6,7.4
E00946,Lucía Ortiz,Estructuras de Datos,2025-2,86.2,6.0,80.7,3,13.5,17.2,12.9
E00947,Bruno López,Base de Datos,2025-2,51.4,3.0,63.3,3,14.5,13.4,15.2
E00948,Milagros Paredes,Estructuras de Datos,2025-2,62.4,7.7,59.3,3,19.3,15.9,16.8
E00949,Gabriela Gutiérrez,Base de Datos,2025-2,100,1.8,87.1,3,7.1,12.1,6.5
E00950,Andrés Salazar,Lenguajes de Programación,2025-2,97.3,1.3,58.5,4,15.8,16.9,15.8
E00951,Rodrigo Huamán,Lenguajes de Programación,2025-2,75.9,8.9,75.1,3,11.4,9.3,11.3
E00952,Paula Paredes,Base de Datos,2025-2,48.0,7.0,86.4,4,15.8,10.9,17.3
E00953,Estefanía Palomino,Redes de Computadoras,2026-1,58.1,4.2,83.4,2,9.0,12.6,13.5
E00954,Emilio Quispe,Base de Datos,2026-1,28.0,8.7,93.0,5,16.6,9.6,17.4
E00955,María Cruz,Redes de Computadoras,2025-2,67.1,7.7,100,2,11.1,4.5,6.9
E00956,Fernanda Herrera,Lenguajes de Programación,2026-1,90.7,2.9,100,5,15.1,18.0,17.7
E00957,Ricardo Delgado,Lenguajes de Programación,2026-1,86.9,7.5,73.3,4,11.0,9.7,11.8
E00958,Fabián Aguilar,Lenguajes de Programación,2025-2,66.5,2.1,82.5,3,18.1,14.6,14.0
E00959,Vicente Vega,Lenguajes de Programación,2026-1,65.8,5.8,71.3,4,13.0,14.8,11.3
E00960,Milagros López,Redes de Computadoras,2025-2,53.0,5.5,85.4,2,13.1,15.2,13.5
E00961,Joaquín Soto,Matemática Discreta,2025-2,,2.8,100,2,9.8,14.8,15.3
E00962,Manuel Vega,Lenguajes de Programación,2026-1,64.3,13.2,89.8,3,20,20,20
E00963,Daniela Mendoza,Redes de Computadoras,2025-2,79.5,6.9,61.2,2,8.6,13.1,9.5
E00964,Ana Cabrera,Estructuras de Datos,2026-1,54.2,7.7,67.4,2,18.0,20,17.5
E00965,Paula Cruz,Matemática Discreta,2025-2,69.5,9.8,57.7,5,12.3,15.0,17.5
E00966,Lucía Quispe,Lenguajes de Programación,2026-1,71.3,3.8,100,3,4.8,7.9,1.2
E00967,Paula Mamani,Estructuras de Datos,2026-1,78.1,6.4,62.6,5,6.0,11.5,10.6
E00968,Adrián Medina,Redes de Computadoras,2025-2,67.3,10.6,79.4,2,18.1,19.8,16.8
E00969,Iván Gutiérrez,Redes de Computadoras,2026-1,78.4,6.0,51.8,4,14.8,13.8,13.9
E00970,Rosa Soto,Base de Datos,2026-1,69.6,6.7,86.0,3,13.4,16.9,15.5
E00971,Natalia Rodríguez,Lenguajes de Programación,2026-1,87.2,14.9,53.5,2,6.9,8.2,4.3
E00972,Rosa Chávez,Lenguajes de Programación,2026-1,73.1,7.3,66.8,3,14.0,14.6,11.2
E00973,Jorge Cárdenas,Matemática Discreta,2026-1,99.1,4.1,59.4,2,7.3,8.9,13.5
E00974,Valeria Huamán,Base de Datos,2026-1,85.5,5.4,100,3,10.0,7.5,4.4
E00975,Alejandra Rojas,Matemática Discreta,2026-1,70.3,11.9,55.6,3,20,17.7,16.0
E00976,Sofía Cruz,Redes de Computadoras,2026-1,79.3,1.6,80.9,2,12.0,11.5,9.8
E00977,Sofía Espinoza,Lenguajes de Programación,2026-1,93.7,0.9,80.3,2,17.7,18.7,20
E00978,Lucía Pérez,Lenguajes de Programación,2026-1,58.0,8.8,50.3,3,16.3,17.0,12.2
E00979,Andrés Aguilar,Estructuras de Datos,2025-2,62.6,3.7,79.7,2,7.7,5.9,10.4
E00980,Ximena Flores,Redes de Computadoras,2026-1,85.6,9.2,81.6,5,13.8,7.7,13.7
E00981,Gabriela Zapata,Estructuras de Datos,2025-2,66.3,11.5,59.4,4,10.6,19.8,16.8
E00982,Iván Castillo,Lenguajes de Programación,2026-1,100,4.1,81.3,4,13.6,16.2,16.0
E00983,Martina Gutiérrez,Redes de Computadoras,2026-1,97.3,8.1,80.7,2,17.3,18.1,17.5
E00984,Alonso Ortiz,Redes de Computadoras,2026-1,65.9,11.4,75.5,3,12.8,14.4,13.0
E00985,Franco Huamán,Matemática Discreta,2025-2,100,2.8,33.8,2,16.2,,14.1
E00986,Alonso Paredes,Redes de Computadoras,2025-2,84.3,11.1,63.0,1,13.2,18.3,15.4
E00987,Ricardo Flores,Estructuras de Datos,2025-2,31.2,9.7,61.1,2,10.9,7.9,6.0
E00988,Ricardo Vargas,Lenguajes de Programación,2026-1,90.6,4.8,70.6,4,20,20,20.0
E00989,María Delgado,Estructuras de Datos,2026-1,80.7,3.1,46.1,3,17.0,17.4,13.6
E00990,Renata Quispe,Redes de Computadoras,2026-1,68.0,5.6,65.2,4,13.0,15.1,13.5
E00991,Diego Cárdenas,Redes de Computadoras,2026-1,75.2,10.3,82.1,4,14.3,15.4,18.9
E00992,Isabela Mendoza,Redes de Computadoras,2025-2,72.2,3.4,65.5,3,9.8,10.2,10.5
E00993,Bruno Alva,Lenguajes de Programación,2026-1,72.8,2.4,75.2,2,16.4,11.7,11.8
E00994,Fernanda Pérez,Redes de Computadoras,2026-1,50.6,6.9,98.5,3,6.4,6.9,9.8
E00995,Nicolás Herrera,Base de Datos,2025-2,85.4,3.5,66.3,3,19.1,19.0,15.5
E00996,Isabela Vega,Matemática Discreta,2025-2,65.1,3.2,62.7,4,18.7,16.0,13.0
E00997,Julio Soto,Matemática Discreta,2026-1,100,6.5,88.8,3,7.9,11.2,9.5
E00998,Diego Vega,Estructuras de Datos,2025-2,67.0,2.0,78.3,3,19.9,19.8,14.9
E00999,Andrés Quispe,Matemática Discreta,2026-1,60.7,13.4,61.8,2,17.3,12.2,13.6
E01000,Nicolás Palomino,Estructuras de Datos,2025-2,93.5,3.8,61.2,2,18.3,15.4,17.5
E01001,Zoe Rivas,Lenguajes de Programación,2026-1,88.7,6.5,56.8,2,0.2,3.0,5.3
E01002,Sofía Ortiz,Matemática Discreta,2025-2,55.9,10.0,74.8,2,9.5,9.0,13.0
E01003,Gabriela Reyes,Matemática Discreta,2026-1,58.6,8.2,71.7,5,5.6,11.6,8.3
E01004,Antonella Espinoza,Base de Datos,2026-1,73.9,5.3,90.1,2,16.5,14.5,14.0
E01005,Luis Espinoza,Base de Datos,2026-1,44.4,12.1,86.0,3,14.4,18.1,14.8
E01006,Emilia Torres,Lenguajes de Programación,2025-2,43.9,6.7,100,4,10.2,12.3,13.2
E01007,Paula Pérez,Estructuras de Datos,2026-1,43.9,9.0,59.5,1,13.7,17.4,18.6
E01008,Alonso Paredes,Lenguajes de Programación,2026-1,39.5,13.5,72.6,4,13.8,18.2,16.6
E01009,Milagros Chávez,Lenguajes de Programación,2025-2,82.1,0.4,69.9,4,8.2,2.9,12.8
E01010,Lucía Reyes,Lenguajes de Programación,2025-2,68.8,2.4,64.4,4,17.1,15.0,10.1
E01011,Joaquín Reyes,Base de Datos,2026-1,100,9.6,67.9,2,7.1,8.5,9.5
E01012,Sebastián Rodríguez,Matemática Discreta,2026-1,69.3,10.3,69.1,3,15.2,9.0,8.2
E01013,Luis Herrera,Base de Datos,2026-1,76.7,4.0,53.5,3,8.5,4.3,7.1
E01014,Miguel Delgado,Matemática Discreta,2025-2,90.2,2.9,82.6,5,15.4,11.0,13.6
E01015,Lucía Chávez,Lenguajes de Programación,2025-2,98.1,9.6,32.0,3,20,19.5,18.8
E01016,Bruno Reyes,Estructuras de Datos,2026-1,57.8,9.9,67.7,2,11.4,18.2,18.4
E01017,Bruno Aguilar,Lenguajes de Programación,2025-2,62.5,5.0,72.4,2,8.3,8.7,5.0
E01018,Valeria Alva,Matemática Discreta,2025-2,70.3,4.4,85.9,2,16.0,17.9,16.4
E01019,Ximena Medina,Base de Datos,2026-1,81.0,4.6,78.9,1,12.1,13.3,14.7
E01020,Paula Alva,Lenguajes de Programación,2025-2,77.4,0,90.9,2,20,18.5,18.5
E01021,Milagros Rivas,Matemática Discreta,2025-2,49.8,5.1,63.6,3,12.9,9.2,10.0
E01022,Lucía Salazar,Redes de Computadoras,2026-1,80.7,3.2,73.2,5,7.2,5.8,5.0
E01023,Jorge Ramírez,Redes de Computadoras,2025-2,85.6,5.1,65.4,4,9.7,10.0,9.6
E01024,Gabriela Zapata,Estructuras de Datos,2026-1,99.3,2.0,72.0,4,20,20,18.9
E01025,Andrés Soto,Redes de Computadoras,2025-2,71.2,11.5,94.4,5,14.9,13.6,17.2
E01026,Iván Gutiérrez,Redes de Computadoras,2025-2,100,1.7,79.2,3,9.1,12.7,10.0
E01027,Rosa Chávez,Estructuras de Datos,2026-1,90.2,6.4,79.9,3,16.5,9.7,12.9
E01028,Ana Vargas,Estructuras de Datos,2025-2,68.3,8.6,39.6,2,19.6,20,19.3
E01029,Alonso Zapata,Base de Datos,2026-1,70.7,6.5,100,2,5.8,8.4,6.5
E01030,Fernanda Alva,Base de Datos,2026-1,40.6,4.7,42.4,4,15.9,20,14.4
E01031,Valentina Espinoza,Matemática Discreta,2025-2,39.1,11.8,68.1,2,12.8,14.1,7.8
E01032,Paula Paredes,Redes de Computadoras,2026-1,41.5,2.8,93.4,5,18.7,15.5,19.3
E01033,Rosa Mamani,Redes de Computadoras,2026-1,74.1,5.0,67.8,4,13.2,17.4,19.0
E01034,Luis Mendoza,Base de Datos,2026-1,55.1,0,87.7,5,8.1,15.8,8.7
E01035,Antonella Palomino,Estructuras de Datos,2025-2,68.7,3.9,50.5,4,17.0,15.4,15.3
E01036,Natalia Chávez,Base de Datos,2025-2,77.9,3.1,65.7,2,12.8,9.9,12.0
E01037,Sofía Vargas,Base de Datos,2026-1,48.8,6.5,66.9,3,3.2,1.6,1.9
E01038,Nicolás Herrera,Matemática Discreta,2025-2,72.8,15.8,93.7,3,13.4,8.3,16.6
E01039,Fabián Palomino,Lenguajes de Programación,2025-2,66.6,1.9,63.4,3,19.2,14.5,14.7
E01040,Andrés Rojas,Base de Datos,2025-2,95.6,10.2,60.7,3,10.0,10.2,12.0
E01041,Rodrigo Ortiz,Matemática Discreta,2026-1,100,0,71.2,2,13.4,16.8,14.6
E01042,Natalia Salazar,Lenguajes de Programación,2025-2,89.3,1.6,100,4,10.5,14.8,11.5
E01043,María Ponce,Base de Datos,2026-1,71.1,4.1,,2,5.2,4.4,6.6
E01044,Miguel Paredes,Lenguajes de Programación,2025-2,94.7,3.3,83.8,2,20,11.8,17.8
E01045,Natalia Delgado,Matemática Discreta,2025-2,55.1,11.6,100,4,19.0,15.9,19.6
E01046,Valentina López,Base de Datos,2026-1,80.4,3.2,58.9,3,6.9,7.2,5.3
E01047,Valeria Huamán,Estructuras de Datos,2025-2,97.5,0,82.7,5,15.6,13.1,16.2
E01048,Sofía Torres,Matemática Discreta,2025-2,86.7,4.8,40.8,2,11.0,10.8,10.2
E01049,Rodrigo Aguilar,Matemática Discreta,2025-2,53.5,5.3,76.4,4,7.4,5.0,5.9
E01050,Iván Paredes,Redes de Computadoras,2026-1,74.3,0,67.6,2,10.2,10.7,9.3
E01051,Martina Reyes,Matemática Discreta,2026-1,76.1,10.0,100,2,16.8,11.5,14.2
E01052,Tomás Vega,Matemática Discreta,2026-1,39.1,0,62.2,3,10.3,,8.1
E01053,Sofía Cárdenas,Matemática Discreta,2025-2,81.1,7.4,100.0,1,13.1,14.4,14.3
E01054,Alejandra Salazar,Estructuras de Datos,2025-2,86.5,4.5,73.2,4,20,20,19.6
E01055,Alejandra Soto,Redes de Computadoras,2025-2,74.2,3.7,73.7,2,12.0,10.1,7.6
E01056,Joaquín Delgado,Redes de Computadoras,2025-2,54.4,8.3,87.3,4,13.7,15.3,10.2
E01057,Fabián Chávez,Lenguajes de Programación,2026-1,53.1,2.2,94.2,4,10.1,13.1,17.3
E01058,Manuel Reyes,Lenguajes de Programación,2026-1,80.0,6.6,96.8,5,6.9,8.6,10.5
E01059,Julio Mamani,Matemática Discreta,2025-2,71.6,6.7,59.9,2,10.6,13.3,7.4
E01060,Fabián Mamani,Matemática Discreta,2026-1,30.0,9.3,63.7,3,11.1,12.8,12.7
E01061,Ana Rivas,Matemática Discreta,2026-1,62.2,4.7,75.6,3,18.0,20,11.7
E01062,Miguel Chávez,Estructuras de Datos,2026-1,36.6,5.2,79.8,3,13.4,8.7,6.9
E01063,Paula Aguilar,Base de Datos,2025-2,49.8,4.0,67.7,4,7.2,7.2,1.8
E01064,Joaquín Cruz,Matemática Discreta,2026-1,49.7,5.9,86.3,1,10.0,11.5,6.5
E01065,Fabián Salazar,Matemática Discreta,2026-1,91.0,11.5,97.6,4,11.8,15.6,7.0
E01066,Alejandra Rivas,Estructuras de Datos,2025-2,75.2,2.0,94.7,4,16.0,19.1,16.5
E01067,Camila Mamani,Redes de Computadoras,2026-1,83.3,8.8,64.7,2,15.2,6.8,11.6
E01068,Manuel Cruz,Estructuras de Datos,2025-2,58.4,10.6,69.7,5,11.2,12.6,11.5
E01069,Emilia Ramírez,Lenguajes de Programación,2025-2,48.3,6.2,73.5,4,13.1,14.3,11.9
E01070,Rosa Gutiérrez,Estructuras de Datos,2025-2,66.2,6.4,76.1,3,14.7,14.9,14.0
E01071,Fernanda Salazar,Redes de Computadoras,2026-1,31.8,8.2,93.5,2,16.8,17.3,16.2
E01072,Iván Gutiérrez,Redes de Computadoras,2025-2,73.7,5.2,79.9,4,15.4,13.8,16.9
E01073,Isabela Herrera,Base de Datos,2026-1,25.3,8.0,55.2,1,7.2,10.1,8.8
E01074,Mateo Rojas,Estructuras de Datos,2025-2,65.5,2.7,100,3,18.3,11.8,13.6
E01075,Julio López,Estructuras de Datos,2026-1,53.8,7.9,100,3,14.4,20,20
E01076,Daniela Flores,Base de Datos,2026-1,54.5,9.3,83.1,4,7.7,7.5,11.1
E01077,Adrián Castillo,Estructuras de Datos,2025-2,70.0,1.0,59.9,2,8.6,9.3,4.7
E01078,Tomás Sánchez,Estructuras de Datos,2026-1,71.6,4.3,100,3,20,11.6,15.5
E01079,Jorge Castillo,Base de Datos,2025-2,60.4,2.2,62.7,5,14.9,9.5,15.3
E01080,Ricardo Sánchez,Base de Datos,2025-2,67.6,2.5,64.2,4,13.6,7.0,13.9
E01081,Ximena López,Lenguajes de Programación,2025-2,91.8,3.1,92.0,3,10.5,9.9,19.3
E01082,Vicente Aguilar,Redes de Computadoras,2026-1,100,12.6,57.3,4,16.1,13.6,15.3
E01083,Camila Mamani,Matemática Discreta,2025-2,100,0.2,68.1,4,10.3,11.2,11.7
E01084,Alonso Cruz,Lenguajes de Programación,2025-2,81.4,1.8,93.6,4,11.1,13.4,10.5
E01085,Jorge Paredes,Base de Datos,2026-1,93.0,11.2,69.6,3,9.5,5.5,7.2
E01086,Fabián Cárdenas,Lenguajes de Programación,2025-2,66.1,5.3,88.0,4,9.9,13.7,14.8
E01087,Adrián Chávez,Redes de Computadoras,2026-1,78.9,1.6,66.0,3,5.7,0,7.4
E01088,María Ponce,Estructuras de Datos,2025-2,55.9,5.0,59.8,3,8.9,10.1,9.4
E01089,Rosa Medina,Matemática Discreta,2025-2,58.4,11.0,80.7,3,13.1,15.5,12.5
E01090,Miguel Soto,Matemática Discreta,2026-1,100,1.8,84.5,5,16.2,13.8,12.5
E01091,Ana García,Lenguajes de Programación,2026-1,54.4,7.5,66.3,5,11.0,13.2,17.8
E01092,Joaquín García,Lenguajes de Programación,2026-1,62.3,6.9,56.7,2,9.9,10.5,13.5
E01093,Emilia Cruz,Estructuras de Datos,2026-1,83.0,8.7,70.2,2,11.5,15.7,16.9
E01094,Fabián Vargas,Lenguajes de Programación,2026-1,37.7,1.2,71.9,4,10.0,10.5,9.1
E01095,Rodrigo Soto,Redes de Computadoras,2026-1,100,4.8,69.7,3,17.6,14.4,15.3
E01096,Zoe Flores,Estructuras de Datos,2026-1,51.5,3.2,69.4,2,8.4,11.0,12.8
E01097,Mateo Aguilar,Lenguajes de Programación,2025-2,38.2,11.1,99.7,4,11.6,7.7,11.0
E01098,Fernanda Paredes,Redes de Computadoras,2026-1,65.7,3.5,59.0,2,11.7,12.0,12.0
E01099,Natalia Ramírez,Estructuras de Datos,2025-2,58.3,8.6,75.7,2,,11.5,6.7
E01100,Carlos Flores,Matemática Discreta,2025-2,72.5,5.6,58.9,1,17.1,14.1,17.3
E01101,Antonella Palomino,Lenguajes de Programación,2026-1,38.4,8.6,60.3,3,8.8,15.4,10.4
E01102,Joaquín Espinoza,Lenguajes de Programación,2025-2,55.2,3.9,67.7,5,9.8,12.4,12.6
E01103,Rodrigo Castillo,Base de Datos,2025-2,76.9,7.4,80.8,2,15.4,18.3,14.8
E01104,Emilia Ortiz,Estructuras de Datos,2026-1,34.4,0.5,66.3,3,8.3,10.5,14.2
E01105,Emilio Ramírez,Lenguajes de Programación,2026-1,62.0,11.9,87.0,3,15.1,14.8,19.7
E01106,Franco Castillo,Redes de Computadoras,2026-1,75.6,6.8,89.7,2,16.6,18.8,16.5
E01107,Isabela Cruz,Estructuras de Datos,2025-2,66.1,7.5,60.2,3,7.7,0,5.4
E01108,Joaquín Ramírez,Base de Datos,2025-2,87.2,6.8,52.3,4,18.7,13.1,16.2
E01109,Miguel Salazar,Lenguajes de Programación,2026-1,77.7,5.1,61.1,4,10.7,3.9,13.0
E01110,Alejandra Ramírez,Matemática Discreta,2026-1,68.4,7.4,100,4,6.2,10.4,10.2
E01111,Ximena Mendoza,Lenguajes de Programación,2026-1,63.8,7.2,83.6,3,14.5,16.0,11.8
E01112,Camila Ortiz,Estructuras de Datos,2026-1,78.4,11.0,84.4,5,10.5,10.5,16.7
E01113,Bruno Torres,Base de Datos,2026-1,71.3,8.5,79.0,3,12.8,9.3,7.1
E01114,Bruno Espinoza,Lenguajes de Programación,2025-2,73.0,5.9,81.2,1,15.1,13.6,14.5
E01115,Lucía Chávez,Estructuras de Datos,2026-1,70.1,6.6,42.8,2,17.2,17.1,20
E01116,Renata Huamán,Base de Datos,2025-2,100,9.6,55.0,3,13.8,19.2,14.4
E01117,Tomás Aguilar,Lenguajes de Programación,2026-1,68.0,6.0,60.8,2,20,17.5,15.1
E01118,Alonso Ramírez,Base de Datos,2026-1,89.1,10.0,68.6,2,11.7,14.1,14.1
E01119,Fabián Rodríguez,Estructuras de Datos,2026-1,74.9,6.9,87.1,4,20,18.0,20
E01120,Paula Vega,Estructuras de Datos,2025-2,74.5,11.4,60.6,3,9.9,15.2,12.9
E01121,Carlos Ramírez,Redes de Computadoras,2026-1,77.5,8.5,62.5,5,17.9,17.7,16.0
E01122,Tomás Mendoza,Lenguajes de Programación,2026-1,44.3,6.5,73.1,4,10.2,10.9,13.3
E01123,Zoe Ponce,Matemática Discreta,2026-1,64.6,6.6,84.4,1,13.6,14.9,19.2
E01124,Renata Herrera,Matemática Discreta,2025-2,94.8,10.5,70.0,3,12.4,15.3,11.3
E01125,Manuel Ortiz,Estructuras de Datos,2025-2,49.1,8.0,95.4,3,17.7,16.1,18.6
E01126,Estefanía García,Matemática Discreta,2025-2,81.1,5.9,55.3,4,16.4,13.4,11.3
E01127,Miguel Ortiz,Lenguajes de Programación,2026-1,100,8.7,85.8,2,8.5,10.3,12.8
E01128,Andrés Chávez,Redes de Computadoras,2026-1,65.8,10.9,80.0,3,5.4,8.1,13.5
E01129,Nicolás Paredes,Estructuras de Datos,2025-2,63.7,5.7,64.3,3,3.7,10.8,6.9
E01130,Paula Aguilar,Redes de Computadoras,2026-1,48.1,4.6,80.1,3,20,17.4,16.9
E01131,Ricardo Salazar,Redes de Computadoras,2026-1,27.6,2.3,57.0,3,12.0,9.1,9.3
E01132,Joaquín Mamani,Estructuras de Datos,2026-1,80.7,0.9,74.9,3,19.3,13.4,20
E01133,Vicente Zapata,Matemática Discreta,2026-1,87.8,8.5,80.5,4,11.9,12.3,6.4
E01134,Alonso Ortiz,Matemática Discreta,2026-1,78.0,0.8,100,3,20,14.7,17.6
E01135,Luis Palomino,Base de Datos,2026-1,68.1,4.6,49.7,5,11.9,12.6,14.0
E01136,Ana Vargas,Lenguajes de Programación,2025-2,64.5,4.5,76.8,3,11.8,13.3,12.3
E01137,Isabela Cruz,Matemática Discreta,2026-1,39.8,9.2,53.4,1,12.1,14.7,13.8
E01138,Zoe Rodríguez,Estructuras de Datos,2026-1,85.2,0,65.5,4,17.8,15.6,19.8
E01139,Valeria Aguilar,Redes de Computadoras,2025-2,84.1,4.3,70.6,1,14.1,17.3,13.9
E01140,Rodrigo Mendoza,Base de Datos,2025-2,84.8,11.8,76.3,1,14.5,17.5,17.0
E01141,Bruno García,Estructuras de Datos,2026-1,55.6,12.3,60.2,3,20,20,16.0
E01142,Renata García,Base de Datos,2026-1,70.7,10.3,86.6,2,8.4,11.2,8.4
E01143,Fabián Mamani,Redes de Computadoras,2025-2,42.1,12.4,86.7,2,11.2,11.4,5.6
E01144,Diego Mamani,Matemática Discreta,2025-2,50.5,6.6,71.0,4,20,18.4,20
E01145,Jorge Huamán,Estructuras de Datos,2026-1,75.0,3.2,46.8,5,10.6,10.2,8.6
E01146,María Vega,Redes de Computadoras,2025-2,76.9,0.7,71.1,1,11.6,8.7,9.2
E01147,Isabela Palomino,Redes de Computadoras,2026-1,64.9,5.5,100,5,10.3,11.1,12.0
E01148,Julio Cárdenas,Lenguajes de Programación,2025-2,76.7,4.8,77.3,2,10.8,10.2,13.6
E01149,Estefanía López,Base de Datos,2026-1,90.0,2.0,70.3,2,10.6,8.4,14.8
E01150,Adrián Mamani,Redes de Computadoras,2025-2,82.3,0.6,71.0,2,15.4,13.0,12.4
E01151,Emilio Aguilar,Lenguajes de Programación,2025-2,73.7,7.3,83.4,3,4.0,9.7,3.8
E01152,Diego Zapata,Lenguajes de Programación,2025-2,67.5,8.6,89.4,5,11.7,10.4,9.0
E01153,Ximena Mendoza,Lenguajes de Programación,2026-1,57.9,5.4,73.2,2,11.7,11.7,11.5
E01154,Valeria Rodríguez,Lenguajes de Programación,2026-1,72.7,12.3,87.2,4,20,17.4,20
E01155,Mateo Palomino,Lenguajes de Programación,2025-2,59.8,3.1,80.1,2,10.7,8.0,9.8
E01156,Manuel Vargas,Base de Datos,2025-2,87.7,7.1,45.1,2,13.1,15.1,11.8
E01157,Jorge Gutiérrez,Estructuras de Datos,2026-1,71.9,9.2,69.3,5,13.1,15.8,15.7
E01158,Iván Rojas,Lenguajes de Programación,2025-2,86.5,6.1,85.2,2,2.1,8.3,8.0
E01159,Vicente Cruz,Estructuras de Datos,2025-2,56.6,5.4,69.4,3,12.2,11.6,5.3
E01160,Andrés Vega,Estructuras de Datos,2026-1,60.2,8.0,96.0,1,20,10.5,17.4
E01161,Ximena Pérez,Base de Datos,2026-1,55.5,10.6,94.3,3,17.8,12.8,17.6
E01162,Miguel Soto,Lenguajes de Programación,2025-2,83.3,7.2,100,3,16.9,15.4,20
E01163,Gabriela Sánchez,Lenguajes de Programación,2025-2,62.2,10.6,74.7,3,6.6,13.2,8.6
E01164,Manuel Paredes,Estructuras de Datos,2025-2,58.4,8.4,73.5,3,20,18.1,13.9
E01165,Emilio Palomino,Matemática Discreta,2025-2,33.3,7.1,93.0,4,20,16.1,15.3
E01166,María Delgado,Base de Datos,2025-2,79.2,0,42.2,4,11.2,12.9,13.7
E01167,Rosa Vargas,Lenguajes de Programación,2025-2,93.3,6.0,60.0,3,15.2,17.1,10.1
E01168,Rosa Cárdenas,Base de Datos,2025-2,95.8,3.3,50.7,4,12.8,10.0,11.2
E01169,Rodrigo Cruz,Base de Datos,2026-1,49.4,4.7,100,2,11.6,4.1,7.5
E01170,Milagros Mamani,Base de Datos,2026-1,87.6,4.0,72.9,3,11.0,14.8,11.7
E01171,Franco Zapata,Base de Datos,2025-2,99.6,4.2,74.2,2,17.4,14.6,15.3
E01172,Miguel Zapata,Lenguajes de Programación,2025-2,73.1,0,82.0,2,13.6,10.6,17.1
E01173,Franco Quispe,Lenguajes de Programación,2025-2,55.6,7.9,85.4,4,18.2,18.5,19.6
E01174,Sebastián Mamani,Lenguajes de Programación,2025-2,67.7,2.4,,1,16.5,9.2,20
E01175,Adrián Rodríguez,Estructuras de Datos,2025-2,63.0,8.1,67.0,3,12.4,9.0,14.0
E01176,Nicolás Sánchez,Estructuras de Datos,2026-1,55.7,3.7,88.0,3,9.6,10.5,8.8
E01177,Alonso Vargas,Lenguajes de Programación,2025-2,82.0,4.5,100,1,13.0,17.5,12.6
E01178,Manuel Medina,Lenguajes de Programación,2026-1,67.3,8.5,69.0,4,9.4,7.9,9.6
E01179,Iván Cabrera,Estructuras de Datos,2025-2,82.3,6.1,36.2,3,17.6,12.6,15.9
E01180,Mateo Torres,Lenguajes de Programación,2025-2,72.1,3.2,45.1,2,17.3,9.8,14.8
E01181,Antonella Pérez,Lenguajes de Programación,2025-2,45.7,6.8,84.4,3,13.7,18.4,13.6
E01182,Milagros Cárdenas,Lenguajes de Programación,2025-2,82.8,1.5,44.3,3,6.4,10.1,9.9
E01183,Isabela Herrera,Estructuras de Datos,2025-2,55.6,7.7,100,4,11.7,10.7,13.8
E01184,Ricardo Reyes,Base de Datos,2026-1,54.7,7.8,50.2,2,10.5,11.5,5.0
E01185,Alejandra Vargas,Redes de Computadoras,2025-2,80.8,13.8,64.8,2,13.2,9.9,13.3
E01186,Miguel Pérez,Matemática Discreta,2026-1,70.7,7.1,89.9,3,15.6,17.4,20
E01187,Emilia Ortiz,Base de Datos,2026-1,70.7,3.3,80.7,2,12.1,8.0,16.0
E01188,Bruno Castillo,Lenguajes de Programación,2026-1,69.4,7.0,63.1,3,13.3,14.3,15.6
E01189,Mateo Rivas,Base de Datos,2026-1,79.0,12.3,59.5,5,6.3,6.5,3.8
E01190,Rosa Aguilar,Lenguajes de Programación,2025-2,70.5,8.4,78.0,3,8.9,9.9,9.9
E01191,Gabriela Huamán,Lenguajes de Programación,2025-2,95.4,5.1,66.8,4,13.1,12.9,11.9
E01192,Lucía Quispe,Matemática Discreta,2026-1,72.6,3.8,84.7,2,19.9,17.4,12.1
E01193,Jorge Paredes,Matemática Discreta,2025-2,50.9,1.9,86.2,3,13.2,18.3,15.4
E01194,Zoe Delgado,Matemática Discreta,2026-1,63.0,6.9,68.9,3,4.5,5.6,3.9
E01195,Renata Huamán,Estructuras de Datos,2025-2,74.9,13.1,79.2,4,2.4,,7.7
E01196,Ana Herrera,Matemática Discreta,2025-2,71.9,9.0,62.2,4,18.2,12.9,15.2
E01197,Fernanda Rivas,Lenguajes de Programación,2025-2,37.6,4.3,53.1,1,10.3,12.4,17.9
E01198,Julio Vega,Base de Datos,2026-1,68.9,3.1,76.3,4,12.6,11.2,17.1
E01199,Emilia Rojas,Lenguajes de Programación,2026-1,90.7,1.6,92.9,2,11.5,11.3,11.2
E01200,Isabela García,Lenguajes de Programación,2026-1,55.2,5.6,74.9,3,11.8,8.1,6.1
E01201,Ximena Mamani,Lenguajes de Programación,2026-1,85.7,9.0,38.6,3,20,20,20
E01202,Estefanía Reyes,Base de Datos,2026-1,90.0,7.0,74.5,2,12.6,15.4,16.4
E01203,Emilio Rodríguez,Estructuras de Datos,2026-1,92.4,0,82.5,5,17.4,15.7,12.3
E01204,Antonella Mendoza,Estructuras de Datos,2025-2,66.4,5.1,70.6,2,7.6,11.1,11.2
E01205,Sofía Pérez,Matemática Discreta,2025-2,64.1,6.8,80.9,1,16.5,14.0,16.1
E01206,Ricardo Medina,Redes de Computadoras,2026-1,79.2,7.9,84.8,2,16.2,11.2,13.2
E01207,Ricardo Espinoza,Estructuras de Datos,2026-1,61.5,5.7,71.3,3,5.9,15.9,14.2
E01208,Milagros Mamani,Base de Datos,2026-1,91.3,0,59.0,2,9.5,12.6,8.5
E01209,Camila Soto,Base de Datos,2025-2,60.0,3.7,57.1,2,9.0,11.1,10.2
E01210,María Quispe,Lenguajes de Programación,2025-2,76.4,5.5,100,3,20,16.7,16.9
E01211,Isabela Torres,Estructuras de Datos,2025-2,64.7,8.0,43.9,2,11.7,8.6,12.5
E01212,Iván Herrera,Matemática Discreta,2026-1,60.0,5.3,100,2,15.9,15.5,15.2
E01213,Renata Ortiz,Estructuras de Datos,2025-2,70.0,1.5,59.5,2,9.0,6.3,6.7
E01214,Ana López,Base de Datos,2025-2,69.9,7.5,53.8,5,20,16.3,20
E01215,Mateo Palomino,Lenguajes de Programación,2025-2,71.5,14.8,100,2,16.6,14.4,15.2
E01216,Emilio Aguilar,Base de Datos,2026-1,58.4,8.3,77.9,3,11.9,7.9,5.6
E01217,Iván Rodríguez,Base de Datos,2025-2,49.3,2.4,84.4,3,16.9,14.5,14.5
E01218,Emilia Rodríguez,Lenguajes de Programación,2025-2,73.7,2.4,79.9,1,8.3,8.5,15.6
E01219,Paula Ramírez,Redes de Computadoras,2026-1,52.2,2.2,77.5,2,18.4,16.9,15.6
E01220,Franco Gutiérrez,Lenguajes de Programación,2025-2,78.8,8.0,100,2,11.9,14.0,16.2
E01221,Fernanda Medina,Estructuras de Datos,2026-1,54.9,1.9,84.1,3,5.3,6.6,12.1
E01222,Rosa Vega,Estructuras de Datos,2025-2,88.8,1.0,89.6,3,8.1,11.6,10.1
E01223,Diego Pérez,Base de Datos,2025-2,76.3,6.4,17.6,2,14.0,9.4,20
E01224,Vicente Ponce,Redes de Computadoras,2025-2,69.6,5.8,99.7,1,16.1,17.7,14.4
E01225,Daniela Vargas,Base de Datos,2026-1,68.0,5.0,78.1,5,9.9,18.0,16.4
E01226,Vicente López,Matemática Discreta,2025-2,85.1,2.6,73.5,3,6.6,6.8,7.8
E01227,Jorge García,Redes de Computadoras,2026-1,69.2,9.4,62.2,3,12.9,13.1,12.4
E01228,Vicente López,Redes de Computadoras,2025-2,86.9,2.9,89.4,5,7.0,4.5,5.8
E01229,Luis Quispe,Redes de Computadoras,2026-1,48.6,11.0,80.5,5,11.7,13.7,13.7
E01230,Alonso Chávez,Matemática Discreta,2025-2,8.7,12.0,69.7,2,12.5,16.2,18.2
E01231,Sofía Medina,Matemática Discreta,2025-2,100,4.1,87.6,1,18.6,,20
E01232,Zoe Paredes,Lenguajes de Programación,2025-2,85.9,4.5,58.5,1,15.3,12.4,17.1
E01233,Miguel Rivas,Lenguajes de Programación,2026-1,78.6,2.6,76.4,4,20,20,16.5
E01234,Emilio Mendoza,Estructuras de Datos,2025-2,56.3,5.8,58.7,2,13.3,14.1,14.8
E01235,Antonella García,Matemática Discreta,2025-2,100,1.8,34.0,3,15.9,17.5,13.7
E01236,Milagros Aguilar,Redes de Computadoras,2025-2,91.9,5.9,58.6,1,7.5,10.7,12.0
E01237,Paula Chávez,Estructuras de Datos,2025-2,46.2,3.6,71.3,3,20,18.9,17.3
E01238,Sofía Cabrera,Redes de Computadoras,2025-2,100,8.8,61.1,5,9.2,12.8,14.6
E01239,Andrés Mamani,Matemática Discreta,2025-2,75.7,6.5,100,4,14.5,12.3,17.9
E01240,Isabela Quispe,Estructuras de Datos,2026-1,97.6,3.1,76.8,2,7.8,7.5,8.6
E01241,Antonella Vega,Redes de Computadoras,2026-1,39.4,6.1,58.8,3,15.7,12.8,12.6
E01242,Rosa Espinoza,Base de Datos,2025-2,74.4,6.8,62.2,3,11.3,8.4,10.5
E01243,Manuel Aguilar,Base de Datos,2025-2,81.2,4.5,100,3,20,16.3,15.4
E01244,Bruno López,Lenguajes de Programación,2026-1,75.3,0,65.3,5,15.7,12.6,12.8
E01245,Paula Rojas,Base de Datos,2025-2,72.6,7.8,100,3,17.8,12.6,11.3
E01246,Jorge Castillo,Estructuras de Datos,2026-1,93.1,2.5,56.5,3,5.1,8.1,7.9
E01247,Milagros Paredes,Redes de Computadoras,2025-2,55.2,6.8,79.0,3,13.7,11.3,19.6
E01248,Antonella Ortiz,Lenguajes de Programación,2025-2,82.6,7.2,68.2,4,5.9,10.6,10.9
E01249,Martina Torres,Estructuras de Datos,2025-2,61.0,5.8,62.1,5,20,16.9,16.9
E01250,Adrián Huamán,Estructuras de Datos,2025-2,90.2,11.8,80.4,4,9.3,11.3,12.0
E01251,Tomás Espinoza,Matemática Discreta,2025-2,67.8,6.1,74.0,3,17.9,16.4,18.5
E01252,Gabriela García,Base de Datos,2025-2,24.4,0.3,87.0,3,8.5,13.8,16.5
E01253,Natalia Flores,Matemática Discreta,2025-2,56.6,6.7,74.5,3,12.9,16.8,15.8
E01254,Franco Cabrera,Redes de Computadoras,2026-1,69.8,3.4,71.5,3,19.9,15.2,18.6
E01255,Fabián Herrera,Lenguajes de Programación,2025-2,57.2,5.5,100,3,17.0,15.9,14.6
E01256,Fabián Aguilar,Matemática Discreta,2025-2,74.0,2.8,85.5,4,,16.8,18.4
E01257,Carlos Huamán,Base de Datos,2026-1,,3.5,70.9,4,15.2,13.0,11.1
E01258,Miguel Pérez,Matemática Discreta,2026-1,97.7,4.0,86.3,3,10.1,12.8,2.3
E01259,Rodrigo Pérez,Base de Datos,2025-2,54.8,2.4,85.4,4,14.2,11.7,7.9
E01260,Andrés Rivas,Lenguajes de Programación,2025-2,63.5,8.9,59.2,3,19.9,20,19.2
E01261,Diego Herrera,Base de Datos,2025-2,69.8,6.9,91.9,1,11.8,17.5,15.3
E01262,Zoe Espinoza,Estructuras de Datos,2026-1,57.6,6.0,52.7,4,13.9,16.3,16.6
E01263,Daniela Cabrera,Base de Datos,2025-2,59.3,6.0,81.0,4,11.8,10.7,12.4
E01264,Carlos Sánchez,Lenguajes de Programación,2026-1,51.5,11.4,100,2,15.3,14.4,12.7
E01265,Martina Pérez,Base de Datos,2025-2,66.7,2.6,68.8,2,16.1,16.7,10.4
E01266,Martina Mamani,Base de Datos,2026-1,50.3,5.3,95.8,5,3.2,11.0,7.7
E01267,Fabián Herrera,Estructuras de Datos,2026-1,100,8.4,75.3,4,16.3,17.3,13.9
E01268,Estefanía Rodríguez,Lenguajes de Programación,2025-2,69.3,5.3,79.5,2,4.2,9.0,12.8
E01269,Martina García,Redes de Computadoras,2025-2,100,4.0,69.6,5,17.5,15.1,17.0
E01270,Fernanda Aguilar,Base de Datos,2025-2,76.7,0.3,100,5,14.8,12.2,11.2
E01271,Diego Ponce,Estructuras de Datos,2025-2,51.1,8.3,100,3,14.4,10.6,13.8
E01272,Valentina Quispe,Redes de Computadoras,2025-2,66.8,5.3,76.1,5,13.2,16.1,20
E01273,Adrián Ponce,Estructuras de Datos,2026-1,100,8.0,97.8,3,8.5,8.1,9.6
E01274,Iván Rodríguez,Redes de Computadoras,2026-1,85.2,1.6,40.1,5,17.3,20,18.7
E01275,Estefanía Cabrera,Base de Datos,2026-1,55.4,9.5,40.3,4,8.7,12.4,8.5
E01276,Sofía Cruz,Matemática Discreta,2025-2,,0.7,85.6,4,20,20,20
E01277,Vicente Delgado,Matemática Discreta,2026-1,71.1,4.9,75.4,3,14.3,13.5,8.2
E01278,Manuel Torres,Estructuras de Datos,2025-2,84.2,0.5,65.1,5,9.8,13.8,11.4
E01279,Manuel Vega,Redes de Computadoras,2025-2,80.6,10.6,82.0,2,12.9,14.4,10.4
E01280,Rosa Mamani,Redes de Computadoras,2025-2,41.8,6.2,62.8,2,18.0,14.0,14.2
E01281,Alonso Rivas,Estructuras de Datos,2026-1,61.0,11.3,93.6,4,5.3,10.3,5.0
E01282,Ximena Rivas,Base de Datos,2026-1,66.0,10.4,68.8,3,14.9,13.4,16.7
E01283,Ana Herrera,Base de Datos,2025-2,91.2,4.7,60.4,4,9.4,11.5,12.7
E01284,Jorge Alva,Matemática Discreta,2025-2,71.2,1.6,80.2,2,20,18.9,20
E01285,Rosa Herrera,Redes de Computadoras,2026-1,78.4,3.0,78.0,1,8.6,6.0,9.0
E01286,Bruno Mamani,Matemática Discreta,2025-2,64.7,10.5,95.7,5,13.9,13.4,10.0
E01287,Andrés García,Redes de Computadoras,2026-1,72.2,3.2,84.8,3,13.5,8.4,11.4
E01288,Fabián Rivas,Base de Datos,2026-1,68.4,6.7,59.3,2,10.8,11.4,13.3
E01289,Milagros Espinoza,Lenguajes de Programación,2026-1,54.3,4.4,61.3,4,12.0,9.4,12.6
E01290,Ricardo Rojas,Estructuras de Datos,2025-2,36.4,0.8,49.1,3,20,16.4,18.2
E01291,Julio Sánchez,Estructuras de Datos,2025-2,76.7,1.1,54.7,4,14.0,17.0,11.7
E01292,Diego Espinoza,Redes de Computadoras,2025-2,100,5.2,73.3,2,16.0,16.4,20
E01293,Valentina Aguilar,Base de Datos,2025-2,60.3,3.8,54.1,4,12.4,11.2,17.1
E01294,Jorge Huamán,Base de Datos,2026-1,49.6,7.2,95.7,3,13.2,19.8,10.4
E01295,Estefanía Rojas,Matemática Discreta,2025-2,64.7,0,79.4,3,10.3,11.5,13.8
E01296,Lucía Cabrera,Matemática Discreta,2026-1,94.0,9.8,68.1,4,11.6,10.3,12.7
E01297,Fabián Flores,Estructuras de Datos,2025-2,74.9,11.8,75.6,3,12.8,15.4,10.7
E01298,Adrián Delgado,Base de Datos,2026-1,83.7,5.6,60.2,4,8.0,11.4,8.1
E01299,Andrés Mamani,Base de Datos,2026-1,82.9,5.4,54.0,4,13.7,18.4,20
E01300,Nicolás Torres,Lenguajes de Programación,2025-2,68.4,6.1,74.6,5,16.2,14.7,15.0
E01301,Mateo Flores,Lenguajes de Programación,2025-2,62.0,3.1,90.5,4,,17.3,17.5
E01302,Daniela Delgado,Base de Datos,2026-1,74.2,5.9,91.1,1,9.9,16.3,15.7
E01303,Valentina Palomino,Matemática Discreta,2025-2,47.9,11.3,66.1,1,20,19.7,17.2
E01304,Antonella Vega,Matemática Discreta,2025-2,59.3,3.7,40.4,4,12.0,14.6,14.3
E01305,Iván Herrera,Lenguajes de Programación,2025-2,70.1,4.9,60.0,2,15.0,14.1,18.6
E01306,Gabriela Rojas,Base de Datos,2025-2,89.7,8.5,93.0,3,11.7,13.5,9.1
E01307,Valeria Espinoza,Base de Datos,2025-2,85.5,4.3,85.5,5,18.1,19.4,20
E01308,María Zapata,Base de Datos,2026-1,59.2,4.7,95.2,1,14.2,10.6,12.4
E01309,Martina Mendoza,Matemática Discreta,2025-2,100,5.6,100,3,14.1,16.6,16.7
E01310,Miguel Soto,Lenguajes de Programación,2026-1,61.2,1.0,72.5,2,12.1,7.6,5.3
E01311,Gabriela Ortiz,Lenguajes de Programación,2026-1,65.5,6.3,50.8,5,17.1,19.6,19.6
E01312,María Espinoza,Lenguajes de Programación,2025-2,72.0,8.2,85.1,2,16.9,15.8,12.3
E01313,Emilio Rojas,Base de Datos,2026-1,37.8,6.1,72.5,3,15.0,10.6,15.8
E01314,Andrés Salazar,Estructuras de Datos,2026-1,78.8,8.3,29.8,4,14.3,13.2,15.6
E01315,Fabián Ponce,Matemática Discreta,2025-2,65.8,6.6,98.0,5,18.8,11.8,15.8
E01316,Camila Palomino,Redes de Computadoras,2026-1,56.0,8.1,77.8,2,13.7,12.7,13.4
E01317,Andrés Vargas,Matemática Discreta,2025-2,92.1,9.1,85.9,4,13.6,11.5,16.3
E01318,Milagros Pérez,Estructuras de Datos,2026-1,45.0,4.6,84.4,2,20,20,19.4
E01319,Zoe Vargas,Matemática Discreta,2025-2,100,5.5,46.0,4,6.2,0.6,5.1
E01320,Carlos Pérez,Matemática Discreta,2026-1,55.3,1.7,72.7,2,18.6,20,20
E01321,Tomás Rivas,Redes de Computadoras,2025-2,58.6,5.7,59.9,3,11.6,8.5,13.3
E01322,Emilio Soto,Redes de Computadoras,2025-2,45.5,8.6,78.1,3,19.3,12.2,15.6
E01323,Rodrigo Delgado,Matemática Discreta,2025-2,88.3,1.9,77.3,1,20,20,20
E01324,Daniela Castillo,Matemática Discreta,2025-2,96.5,9.1,69.4,4,14.1,14.4,15.4
E01325,Lucía Ortiz,Estructuras de Datos,2026-1,84.5,9.8,65.0,4,19.0,18.6,18.9
E01326,Jorge Ramírez,Lenguajes de Programación,2025-2,90.5,9.3,72.5,3,11.8,10.9,8.1
E01327,Luis Medina,Lenguajes de Programación,2025-2,72.0,3.8,68.2,2,8.3,7.8,11.2
E01328,Valeria Vargas,Lenguajes de Programación,2025-2,97.0,6.0,79.5,2,19.2,18.8,19.6
E01329,Julio Huamán,Redes de Computadoras,2025-2,89.0,3.5,54.6,5,5.3,7.8,6.2
E01330,Jorge Rodríguez,Matemática Discreta,2026-1,54.4,7.5,84.7,5,14.7,15.9,11.2
E01331,Carlos Zapata,Estructuras de Datos,2026-1,72.1,9.0,77.6,2,14.9,12.0,12.2
E01332,Sofía Mendoza,Lenguajes de Programación,2026-1,80.3,1.6,74.1,4,7.1,13.6,9.6
E01333,Rodrigo Vargas,Matemática Discreta,2025-2,85.1,2.8,77.3,2,14.0,17.3,15.6
E01334,Joaquín Castillo,Lenguajes de Programación,2025-2,69.6,5.6,73.9,1,5.4,7.0,6.8
E01335,Alejandra Zapata,Matemática Discreta,2026-1,73.1,8.6,96.2,3,12.9,12.6,14.9
E01336,Jorge Ortiz,Redes de Computadoras,2026-1,71.8,3.4,60.1,5,16.2,13.4,9.3
E01337,Rodrigo Cabrera,Redes de Computadoras,2025-2,36.6,8.7,60.0,4,13.4,11.0,13.4
E01338,Diego Paredes,Estructuras de Datos,2025-2,66.5,7.5,70.6,2,9.2,13.6,12.9
E01339,Camila Quispe,Redes de Computadoras,2025-2,27.0,0,67.0,3,13.2,14.0,15.3
E01340,Rodrigo Vargas,Base de Datos,2026-1,63.9,8.3,93.9,2,10.0,10.4,10.5
E01341,Renata Ponce,Lenguajes de Programación,2026-1,62.3,7.1,65.7,2,15.5,12.7,7.5
E01342,Manuel Aguilar,Matemática Discreta,2025-2,67.5,5.6,84.7,1,11.4,10.6,7.0
E01343,Luis Vargas,Matemática Discreta,2025-2,20.1,5.3,78.0,1,13.8,11.1,10.1
E01344,Alejandra Palomino,Estructuras de Datos,2026-1,54.9,0,61.3,2,14.5,15.4,13.3
E01345,Ana Medina,Lenguajes de Programación,2026-1,66.8,5.8,44.3,4,12.6,12.2,12.3
E01346,Isabela Medina,Matemática Discreta,2026-1,78.5,8.3,56.3,2,15.3,11.5,10.9
E01347,Luis Gutiérrez,Redes de Computadoras,2025-2,60.2,6.9,42.1,3,15.3,10.5,12.2
E01348,Ricardo Gutiérrez,Matemática Discreta,2026-1,93.0,11.8,90.7,2,12.6,13.4,9.3
E01349,Rosa Rodríguez,Estructuras de Datos,2026-1,100,4.1,100,2,17.4,17.6,18.5
E01350,Mateo Delgado,Matemática Discreta,2026-1,61.7,6.1,40.9,4,10.5,12.2,10.4
E01351,Alejandra Vargas,Base de Datos,2026-1,64.0,6.8,60.5,2,10.7,10.1,5.8
E01352,Emilia Castillo,Base de Datos,2026-1,68.0,8.1,69.9,1,13.7,14.5,11.3
E01353,Ximena Aguilar,Lenguajes de Programación,2025-2,89.0,3.3,67.4,4,12.3,7.7,16.9
E01354,Fabián Gutiérrez,Lenguajes de Programación,2025-2,88.4,2.4,66.8,2,15.0,7.5,10.3
E01355,María Cárdenas,Lenguajes de Programación,2026-1,54.4,6.4,63.2,3,15.6,20,14.6
E01356,Carlos Cárdenas,Redes de Computadoras,2026-1,61.4,5.1,47.5,2,5.7,4.6,6.4
E01357,Andrés Paredes,Matemática Discreta,2026-1,72.3,2.1,65.6,2,9.8,10.8,8.7
E01358,Sebastián Quispe,Matemática Discreta,2025-2,,10.0,31.6,3,7.5,7.5,6.8
E01359,Gabriela Rivas,Base de Datos,2026-1,100,8.7,73.3,2,15.8,14.5,15.7
E01360,Tomás Quispe,Redes de Computadoras,2025-2,84.1,8.1,75.8,3,20,16.6,14.5
E01361,Alonso Sánchez,Base de Datos,2025-2,65.0,1.5,40.7,3,9.6,,14.4
E01362,Camila Aguilar,Redes de Computadoras,2026-1,64.6,5.1,18.9,4,13.2,17.6,12.7
E01363,Ximena Rojas,Base de Datos,2026-1,50.5,3.5,89.3,5,18.4,13.3,17.8
E01364,Martina Ponce,Base de Datos,2026-1,87.2,6.5,94.9,4,13.2,5.6,13.3
E01365,Fabián Mamani,Estructuras de Datos,2025-2,61.7,5.0,90.1,3,10.5,8.4,8.3
E01366,Lucía Quispe,Base de Datos,2025-2,83.3,8.5,81.2,4,17.7,11.9,12.8
E01367,Joaquín Soto,Estructuras de Datos,2025-2,49.9,6.1,85.4,4,10.7,11.0,10.7
E01368,Andrés Ponce,Lenguajes de Programación,2025-2,39.8,0.0,83.9,3,14.8,11.7,12.0
E01369,Milagros Herrera,Redes de Computadoras,2026-1,59.1,9.0,85.5,5,15.9,20,17.7
E01370,Nicolás Cruz,Base de Datos,2026-1,63.0,9.6,59.6,2,12.7,14.3,14.1
E01371,Martina Gutiérrez,Lenguajes de Programación,2025-2,44.1,5.3,63.5,3,13.2,14.4,13.6
E01372,Iván Rojas,Redes de Computadoras,2025-2,90.8,5.5,74.2,2,11.3,11.0,14.6
E01373,Fernanda Pérez,Base de Datos,2025-2,74.5,8.8,60.7,2,7.7,9.1,8.0
E01374,Vicente Salazar,Estructuras de Datos,2026-1,84.2,9.2,68.4,4,14.3,10.5,16.3
E01375,Antonella Espinoza,Redes de Computadoras,2026-1,93.1,3.9,85.6,3,15.5,15.2,9.9
E01376,Jorge Rivas,Matemática Discreta,2026-1,78.5,5.9,50.5,4,14.9,13.5,14.2
E01377,Nicolás Ortiz,Estructuras de Datos,2026-1,79.2,8.1,61.6,4,7.1,10.8,12.5
E01378,Estefanía Aguilar,Redes de Computadoras,2025-2,54.0,6.5,69.0,4,14.5,12.0,14.1
E01379,Martina Torres,Base de Datos,2026-1,63.0,4.3,88.4,2,12.3,14.0,14.3
E01380,Renata Rojas,Lenguajes de Programación,2025-2,71.9,5.2,81.8,1,12.9,15.9,11.5
E01381,Vicente Sánchez,Matemática Discreta,2026-1,56.9,5.4,69.7,4,18.0,18.5,20
E01382,Renata Ortiz,Base de Datos,2025-2,56.3,2.8,81.2,1,16.7,16.8,11.4
E01383,María Paredes,Matemática Discreta,2025-2,78.1,7.3,53.6,5,7.5,8.1,12.1
E01384,Antonella Ortiz,Matemática Discreta,2026-1,97.3,11.4,73.5,2,17.6,18.9,16.0
E01385,Fabián Castillo,Estructuras de Datos,2025-2,60.2,0,57.4,4,16.8,16.6,17.2
E01386,Ximena Castillo,Base de Datos,2026-1,86.5,9.2,85.5,4,7.8,8.0,4.1
E01387,Natalia Cabrera,Lenguajes de Programación,2025-2,81.8,4.4,47.0,1,9.1,7.9,5.7
E01388,Isabela Delgado,Base de Datos,2026-1,100,6.6,63.0,4,14.3,,18.4
E01389,Valeria Soto,Base de Datos,2025-2,61.3,12.5,34.5,5,11.5,16.0,13.3
E01390,Zoe Cabrera,Lenguajes de Programación,2025-2,57.1,8.7,84.0,3,4.1,8.8,11.5
E01391,Lucía Ortiz,Matemática Discreta,2025-2,71.8,3.0,80.4,4,15.8,13.6,16.5
E01392,Martina García,Matemática Discreta,2025-2,99.3,12.2,68.6,3,7.6,7.1,9.8
E01393,Fernanda Cabrera,Matemática Discreta,2026-1,55.6,9.7,78.6,2,17.3,19.9,15.3
E01394,Emilio Castillo,Lenguajes de Programación,2026-1,85.0,0.6,72.4,3,9.3,12.7,10.8
E01395,María Ramírez,Base de Datos,2025-2,37.2,2.9,58.0,2,16.5,16.3,13.6
E01396,Fabián Pérez,Estructuras de Datos,2025-2,100,3.7,73.3,4,9.0,10.2,10.3
E01397,Rosa Flores,Lenguajes de Programación,2026-1,59.6,2.1,89.6,3,14.8,19.2,16.7
E01398,Isabela Delgado,Lenguajes de Programación,2026-1,76.2,8.5,53.3,3,13.3,16.0,10.8
E01399,Camila Alva,Redes de Computadoras,2025-2,67.8,5.4,70.2,3,7.8,12.3,8.2
E01400,Valentina García,Matemática Discreta,2026-1,96.1,4.5,91.4,2,16.9,13.9,10.4
E01401,Adrián Mendoza,Matemática Discreta,2025-2,56.2,2.9,64.6,4,14.4,18.3,11.8
E01402,Antonella Torres,Lenguajes de Programación,2025-2,71.9,7.0,100,3,19.3,20,20
E01403,Antonella Mamani,Matemática Discreta,2025-2,52.3,2.2,57.1,4,10.1,10.9,11.2
E01404,Sebastián Salazar,Base de Datos,2026-1,78.0,5.6,100,3,15.5,20,16.8
E01405,Lucía Rodríguez,Lenguajes de Programación,2026-1,65.2,0,63.0,3,18.2,16.3,17.6
E01406,Camila Mendoza,Estructuras de Datos,2026-1,63.5,0,94.3,5,15.7,13.3,18.2
E01407,Diego Sánchez,Redes de Computadoras,2026-1,100,4.0,98.0,3,14.0,12.4,15.6
E01408,Diego García,Matemática Discreta,2026-1,99.9,5.3,81.8,3,11.7,11.2,13.7
E01409,Ana Medina,Estructuras de Datos,2026-1,81.5,7.0,59.6,4,14.4,7.6,9.7
E01410,Valentina Aguilar,Matemática Discreta,2025-2,56.9,13.0,82.0,4,9.6,8.7,18.3
E01411,Alejandra Delgado,Lenguajes de Programación,2025-2,87.7,1.4,63.3,4,17.8,14.3,12.4
E01412,Emilia García,Base de Datos,2026-1,60.2,0,100,1,20,19.9,17.1
E01413,Lucía Cabrera,Redes de Computadoras,2025-2,68.2,12.7,100,5,13.3,16.7,12.6
E01414,Andrés Palomino,Base de Datos,2026-1,55.5,7.5,79.5,3,10.6,,11.2
E01415,Rodrigo Alva,Redes de Computadoras,2025-2,,3.3,46.2,3,9.4,9.0,3.1
E01416,Alejandra Cruz,Redes de Computadoras,2025-2,91.1,1.8,81.7,4,17.2,14.8,17.4
E01417,Fabián Mendoza,Matemática Discreta,2025-2,97.8,7.9,62.8,4,3.0,8.4,9.7
E01418,Renata Palomino,Base de Datos,2025-2,23.9,2.6,90.7,1,10.2,9.2,4.5
E01419,Adrián Chávez,Base de Datos,2026-1,56.4,4.2,86.7,2,20,15.6,20
E01420,Camila Huamán,Matemática Discreta,2025-2,80.8,5.0,66.2,3,14.8,15.1,16.6
E01421,Mateo Cruz,Lenguajes de Programación,2026-1,73.4,7.1,90.1,3,8.5,12.7,11.3
E01422,Iván Vega,Redes de Computadoras,2026-1,99.0,10.7,63.3,2,12.0,14.1,9.0
E01423,Alejandra Herrera,Redes de Computadoras,2025-2,75.5,10.0,66.4,3,14.4,10.8,10.0
E01424,Sebastián Flores,Base de Datos,2026-1,66.7,10.8,72.4,2,12.6,16.8,14.3
E01425,Iván Huamán,Estructuras de Datos,2025-2,51.9,1.6,80.1,2,6.0,6.8,10.3
E01426,Zoe Gutiérrez,Lenguajes de Programación,2025-2,100,2.1,73.6,3,11.2,12.6,8.1
E01427,Jorge Huamán,Base de Datos,2026-1,56.9,1.7,53.8,2,8.5,11.5,9.4
E01428,Estefanía García,Lenguajes de Programación,2025-2,54.8,8.1,57.6,5,6.9,5.8,4.8
E01429,Franco Sánchez,Estructuras de Datos,2026-1,61.8,7.8,99.5,1,16.9,15.5,20.0
E01430,Ricardo Castillo,Matemática Discreta,2026-1,77.7,2.2,97.9,4,11.1,16.0,11.5
E01431,Daniela Pérez,Base de Datos,2025-2,92.4,5.3,40.4,1,6.3,5.5,6.3
E01432,Tomás Reyes,Base de Datos,2025-2,91.1,15.7,59.3,2,10.4,10.1,3.4
E01433,Rosa Rodríguez,Estructuras de Datos,2025-2,58.9,3.6,87.6,2,13.8,13.8,18.8
E01434,Carlos Alva,Base de Datos,2026-1,92.6,0,52.3,3,10.2,10.8,14.3
E01435,Natalia Rivas,Base de Datos,2026-1,51.9,6.1,93.3,4,15.7,17.3,13.3
E01436,Lucía Gutiérrez,Base de Datos,2026-1,48.2,9.5,89.4,3,15.8,16.5,15.7
E01437,Renata Cárdenas,Base de Datos,2025-2,64.5,11.7,55.5,5,16.2,20,20
E01438,Martina Soto,Matemática Discreta,2025-2,48.3,1.7,77.1,3,20,20,19.2
E01439,Sebastián Medina,Estructuras de Datos,2025-2,73.4,6.7,54.0,3,6.6,3.5,6.8
E01440,Carlos Aguilar,Base de Datos,2026-1,47.8,8.9,87.7,2,15.0,13.4,7.0
E01441,Ximena Torres,Redes de Computadoras,2025-2,,6.3,79.1,5,8.6,7.7,12.6
E01442,Estefanía Rivas,Lenguajes de Programación,2025-2,42.7,7.4,70.9,4,9.4,8.7,10.0
E01443,Lucía Rivas,Estructuras de Datos,2025-2,100,5.6,66.7,5,11.9,15.9,15.2
E01444,Iván Mendoza,Base de Datos,2026-1,86.1,0,76.2,4,10.9,16.2,14.1
E01445,Rosa Cruz,Estructuras de Datos,2026-1,75.7,0,69.8,5,18.9,15.9,13.8
E01446,Valeria Soto,Lenguajes de Programación,2026-1,60.5,4.1,97.4,3,18.3,13.7,15.7
E01447,Estefanía Rojas,Matemática Discreta,2025-2,84.3,6.2,56.7,3,4.2,7.5,6.1
E01448,Daniela Flores,Matemática Discreta,2026-1,80.9,4.3,95.7,3,11.7,7.0,11.7
E01449,Fabián Vega,Estructuras de Datos,2025-2,87.5,0,69.4,2,12.3,14.4,15.8
E01450,Adrián Sánchez,Estructuras de Datos,2025-2,85.8,11.6,72.5,2,4.7,8.8,10.0
E01451,Paula Vega,Base de Datos,2026-1,97.9,7.1,80.5,4,7.8,11.5,8.2
E01452,Julio Paredes,Redes de Computadoras,2026-1,63.2,5.6,38.7,4,11.1,12.2,15.9
E01453,Emilio Rivas,Base de Datos,2026-1,58.3,8.5,64.6,5,15.1,14.8,13.3
E01454,Valentina Reyes,Estructuras de Datos,2025-2,49.4,7.9,89.9,4,15.1,15.5,14.8
E01455,Antonella Espinoza,Matemática Discreta,2026-1,51.9,3.0,85.2,2,15.8,14.3,15.7
E01456,Valeria Castillo,Lenguajes de Programación,2025-2,78.5,5.1,63.6,3,8.8,8.8,11.1
E01457,Antonella Mendoza,Base de Datos,2025-2,67.4,3.3,79.8,1,13.6,9.2,12.8
E01458,Andrés Ponce,Estructuras de Datos,2025-2,87.2,8.2,100,2,7.5,5.5,9.0
E01459,Valentina López,Redes de Computadoras,2025-2,83.5,8.5,68.3,1,15.4,16.0,14.5
E01460,Ximena Mamani,Matemática Discreta,2025-2,85.8,2.6,80.7,5,7.5,11.4,8.4
E01461,Iván Paredes,Base de Datos,2026-1,66.0,8.7,100,1,16.3,15.9,12.0
E01462,Joaquín Alva,Matemática Discreta,2026-1,83.0,6.6,53.4,1,17.6,20,18.7
E01463,Fabián Flores,Matemática Discreta,2025-2,65.3,7.6,74.0,4,10.8,8.0,14.6
E01464,Isabela Espinoza,Lenguajes de Programación,2026-1,100,5.9,88.9,5,15.7,12.5,14.1
E01465,Alonso Quispe,Redes de Computadoras,2025-2,57.4,3.3,45.6,2,13.3,10.5,10.6
E01466,Emilia Cárdenas,Lenguajes de Programación,2026-1,78.8,8.6,67.4,2,11.5,15.5,12.5
E01467,Rosa Vargas,Redes de Computadoras,2025-2,75.9,7.5,55.1,1,9.5,14.7,13.2
E01468,Rodrigo Flores,Redes de Computadoras,2026-1,89.8,5.9,75.2,4,11.0,16.0,11.3
E01469,Valeria Vega,Estructuras de Datos,2026-1,52.1,6.2,87.5,1,18.5,17.2,15.3
E01470,Lucía Aguilar,Matemática Discreta,2026-1,92.4,0,93.0,3,14.3,13.0,13.3
E01471,Manuel García,Lenguajes de Programación,2026-1,67.2,5.7,74.7,2,8.5,6.6,6.2
E01472,Iván Flores,Redes de Computadoras,2026-1,22.1,7.1,75.5,5,13.8,18.1,12.3
E01473,Daniela Soto,Lenguajes de Programación,2025-2,55.6,2.6,49.3,4,11.6,13.3,15.1
E01474,Luis Palomino,Lenguajes de Programación,2026-1,52.4,9.3,77.1,3,8.5,8.2,9.1
E01475,Andrés Rodríguez,Redes de Computadoras,2025-2,54.3,0,79.3,3,18.0,20,11.9
E01476,Nicolás Chávez,Matemática Discreta,2026-1,80.3,4.6,53.2,2,,17.0,20
E01477,Emilio Ramírez,Matemática Discreta,2026-1,77.1,11.8,55.4,2,14.0,13.6,10.9
E01478,Daniela Sánchez,Matemática Discreta,2026-1,66.1,6.1,84.8,4,,10.8,10.1
E01479,Emilia Zapata,Lenguajes de Programación,2025-2,100,4.3,58.7,2,16.9,13.4,14.3
E01480,Camila Ortiz,Matemática Discreta,2025-2,72.1,4.8,84.5,2,8.9,11.7,14.7
E01481,Paula Medina,Lenguajes de Programación,2025-2,76.1,1.7,64.1,2,18.4,12.7,16.8
E01482,Sofía Castillo,Redes de Computadoras,2025-2,96.1,5.8,56.9,4,14.9,18.5,20
E01483,Joaquín Aguilar,Lenguajes de Programación,2026-1,54.6,10.6,64.9,1,7.3,11.8,10.7
E01484,Franco López,Base de Datos,2025-2,63.1,5.6,73.4,2,12.6,12.2,12.5
E01485,Antonella Medina,Lenguajes de Programación,2026-1,57.8,10.0,67.4,3,13.2,16.6,15.6
E01486,Alejandra Espinoza,Lenguajes de Programación,2026-1,88.3,10.2,61.1,3,11.6,,14.5
E01487,Franco Paredes,Estructuras de Datos,2026-1,38.4,8.5,95.0,5,14.0,12.0,7.8
E01488,Andrés Medina,Matemática Discreta,2026-1,81.2,3.1,82.5,2,18.1,18.0,15.4
E01489,Ximena Soto,Estructuras de Datos,2026-1,55.5,6.8,72.3,1,0,5.8,1.2
E01490,Diego Cruz,Lenguajes de Programación,2026-1,75.1,10.4,67.6,5,12.3,12.0,14.6
E01491,Manuel Rojas,Lenguajes de Programación,2026-1,100,5.7,73.2,3,6.0,8.0,9.2
E01492,Iván Aguilar,Redes de Computadoras,2025-2,49.7,3.5,89.0,4,16.6,12.7,14.3
E01493,Valentina Castillo,Lenguajes de Programación,2025-2,57.4,6.4,100,3,11.4,10.9,15.6
E01494,Renata Gutiérrez,Redes de Computadoras,2025-2,92.4,5.3,78.9,2,20,20,17.1
E01495,Iván García,Estructuras de Datos,2025-2,96.1,2.9,68.9,2,20,20,17.6
E01496,Carlos Zapata,Matemática Discreta,2025-2,86.4,4.5,72.2,1,13.2,17.3,14.7
E01497,Natalia Soto,Lenguajes de Programación,2026-1,80.9,6.2,100,2,14.7,15.3,12.3
E01498,Ricardo Mamani,Estructuras de Datos,2025-2,82.4,8.6,54.0,4,17.0,16.5,16.2
E01499,Diego Huamán,Matemática Discreta,2026-1,94.3,1.5,69.1,3,10.5,9.4,6.6
E01500,Joaquín Vargas,Estructuras de Datos,2025-2,48.4,4.9,42.3,1,16.9,16.9,17.5
E01501,Fabián Cárdenas,Estructuras de Datos,2026-1,100,13.2,46.0,4,14.5,14.4,14.6
E01502,Mateo Zapata,Redes de Computadoras,2025-2,90.3,7.9,70.6,2,14.7,18.8,18.9
E01503,Emilio Aguilar,Base de Datos,2026-1,57.4,9.4,82.7,4,11.3,15.7,17.2
E01504,Ricardo Alva,Redes de Computadoras,2025-2,88.5,12.1,79.4,4,11.1,8.6,9.6
E01505,Ricardo Soto,Redes de Computadoras,2026-1,100,3.6,84.8,3,12.7,11.0,8.2
E01506,Emilio Rodríguez,Base de Datos,2026-1,72.7,5.1,89.2,2,5.7,11.5,9.6
E01507,María Flores,Base de Datos,2025-2,17.9,8.3,96.4,3,16.9,13.4,14.8
E01508,Paula Castillo,Matemática Discreta,2025-2,59.6,8.0,67.1,3,14.2,13.5,14.0
E01509,Fabián García,Estructuras de Datos,2026-1,73.2,15.1,92.3,2,9.4,9.7,13.2
E01510,Franco García,Matemática Discreta,2026-1,84.8,9.0,45.1,1,7.8,11.5,13.7
E01511,Ximena Delgado,Base de Datos,2026-1,68.8,8.1,73.2,5,14.1,9.8,8.1
E01512,Miguel Medina,Matemática Discreta,2026-1,75.9,9.2,82.3,4,12.6,10.0,11.2
E01513,Ricardo Zapata,Redes de Computadoras,2026-1,87.1,3.8,75.6,4,6.2,9.5,9.5
E01514,Adrián Cárdenas,Redes de Computadoras,2025-2,61.8,8.6,90.3,3,10.3,13.1,7.5
E01515,Gabriela Vargas,Base de Datos,2026-1,56.3,0.7,80.6,3,7.0,9.3,9.2
E01516,Adrián Mendoza,Matemática Discreta,2025-2,79.9,3.1,65.1,4,17.3,17.6,13.8
E01517,Adrián Flores,Estructuras de Datos,2025-2,58.4,1.2,84.2,2,13.8,18.8,15.0
E01518,Sofía Herrera,Redes de Computadoras,2026-1,67.2,8.5,67.5,1,14.9,11.7,16.4
E01519,Ana Rivas,Base de Datos,2026-1,51.2,7.4,73.8,3,16.2,15.8,17.4
E01520,Milagros Herrera,Estructuras de Datos,2025-2,43.7,8.8,80.7,5,9.6,9.0,11.5
E01521,Diego Aguilar,Matemática Discreta,2026-1,64.9,9.0,73.9,3,17.7,14.7,15.9
E01522,Gabriela Espinoza,Matemática Discreta,2026-1,71.2,0.2,39.0,2,12.3,9.6,10.9
E01523,Alejandra Castillo,Matemática Discreta,2025-2,47.6,4.2,75.2,3,15.9,13.4,16.2
E01524,Rodrigo Huamán,Redes de Computadoras,2026-1,86.0,0,93.7,3,20,19.9,14.1
E01525,Tomás García,Base de Datos,2025-2,35.4,6.4,78.2,3,20,19.1,19.6
E01526,Camila Delgado,Redes de Computadoras,2026-1,56.1,6.6,45.1,2,11.4,14.5,14.6
E01527,Zoe Flores,Redes de Computadoras,2025-2,66.9,8.0,100,3,15.1,16.0,19.3
E01528,Lucía Torres,Matemática Discreta,2025-2,75.2,5.7,93.4,2,5.2,12.2,6.8
E01529,Martina Rojas,Matemática Discreta,2026-1,97.9,6.8,72.1,3,17.3,18.1,13.5
E01530,Tomás Mamani,Matemática Discreta,2025-2,46.8,5.3,95.7,4,20,16.0,17.6
E01531,Camila García,Matemática Discreta,2026-1,54.7,0.2,87.3,4,14.8,15.3,17.3
E01532,Manuel Torres,Matemática Discreta,2026-1,67.5,6.7,66.6,4,17.1,12.4,13.8
E01533,Iván Sánchez,Estructuras de Datos,2025-2,62.6,6.3,100,4,14.3,18.0,13.0
E01534,Iván Mamani,Base de Datos,2025-2,73.2,3.1,43.2,4,20,19.0,17.6
E01535,Mateo Palomino,Estructuras de Datos,2026-1,95.6,4.0,100,3,11.4,14.2,17.3
E01536,Paula Herrera,Base de Datos,2025-2,68.5,4.3,72.0,2,7.9,9.1,14.7
E01537,Nicolás Ortiz,Estructuras de Datos,2025-2,89.2,11.6,64.6,4,11.2,10.3,12.0
E01538,Camila Paredes,Redes de Computadoras,2025-2,67.7,7.1,36.8,3,9.2,11.3,13.5
E01539,Valentina Mendoza,Estructuras de Datos,2025-2,80.6,6.1,100,5,15.9,15.4,15.7
E01540,Joaquín Mamani,Estructuras de Datos,2025-2,78.2,9.5,94.0,2,18.9,20,18.6
E01541,Antonella Aguilar,Estructuras de Datos,2025-2,82.7,6.6,67.8,2,6.8,5.5,5.9
E01542,Renata López,Base de Datos,2025-2,56.3,6.1,65.2,4,1.9,6.2,8.9
E01543,Franco Paredes,Base de Datos,2025-2,89.8,7.6,82.4,1,13.1,8.6,12.6
E01544,Camila Reyes,Redes de Computadoras,2026-1,56.4,9.3,76.0,2,10.7,12.6,15.3
E01545,Tomás Cruz,Matemática Discreta,2026-1,82.1,7.8,69.1,4,11.5,10.2,13.9
E01546,Carlos Quispe,Matemática Discreta,2026-1,67.5,5.7,65.8,1,18.7,14.0,16.3
E01547,Sebastián Espinoza,Matemática Discreta,2025-2,68.4,7.1,82.9,3,9.1,3.9,8.5
E01548,Milagros Torres,Estructuras de Datos,2025-2,67.3,6.0,72.3,3,9.9,10.1,13.2
E01549,Nicolás Rojas,Estructuras de Datos,2026-1,76.9,8.2,66.7,2,15.8,12.7,11.4
E01550,Emilia Ramírez,Estructuras de Datos,2026-1,66.9,11.1,100,2,16.1,20,19.5
E01551,Ximena Vargas,Estructuras de Datos,2025-2,84.1,5.1,86.1,2,10.3,15.1,7.7
E01552,Tomás Rodríguez,Base de Datos,2026-1,78.2,6.1,50.2,4,16.3,16.6,13.1
E01553,Natalia Sánchez,Matemática Discreta,2025-2,100,2.2,88.4,2,5.3,2.9,2.9
E01554,Julio Soto,Lenguajes de Programación,2025-2,83.6,3.9,94.1,3,7.8,10.4,9.9
E01555,Ricardo Medina,Redes de Computadoras,2025-2,78.6,4.9,64.2,3,10.1,7.3,6.0
E01556,Franco Ortiz,Matemática Discreta,2026-1,48.3,1.7,74.1,3,12.6,9.8,4.7
E01557,Diego Delgado,Matemática Discreta,2025-2,77.9,7.2,77.5,3,17.2,9.6,13.6
E01558,Vicente Alva,Base de Datos,2025-2,66.1,5.6,62.8,2,12.5,15.2,15.3
E01559,Zoe Cabrera,Matemática Discreta,2026-1,43.6,4.2,100,5,8.8,4.6,13.9
E01560,Jorge Palomino,Matemática Discreta,2026-1,80.3,3.1,75.0,4,18.4,18.1,12.9
E01561,María Mamani,Matemática Discreta,2025-2,95.0,6.0,57.4,2,7.8,14.5,12.2
E01562,Renata García,Redes de Computadoras,2025-2,59.2,9.8,85.5,4,11.5,14.4,12.4
E01563,Andrés Mamani,Redes de Computadoras,2026-1,73.1,2.2,89.5,2,11.5,8.8,15.0
E01564,Tomás Vega,Base de Datos,2026-1,55.8,6.3,49.8,5,19.7,16.9,19.1
E01565,Carlos Quispe,Matemática Discreta,2025-2,90.5,9.4,73.5,4,10.6,10.4,13.0
E01566,Camila Castillo,Estructuras de Datos,2025-2,62.3,1.1,55.0,4,10.5,12.1,9.1
E01567,Joaquín Quispe,Lenguajes de Programación,2026-1,91.5,9.7,81.9,5,11.6,8.2,12.7
E01568,Valeria Rojas,Matemática Discreta,2025-2,45.2,9.7,98.1,5,15.9,16.6,15.2
E01569,Alejandra Vargas,Base de Datos,2025-2,50.2,9.9,60.2,3,10.5,12.1,8.9
E01570,Sebastián Salazar,Redes de Computadoras,2026-1,76.5,7.9,35.6,4,11.1,8.2,10.9
E01571,Adrián Aguilar,Estructuras de Datos,2026-1,70.3,2.6,98.2,1,8.2,10.0,7.1
E01572,Luis Sánchez,Matemática Discreta,2025-2,42.7,7.3,88.6,3,16.6,16.6,17.0
E01573,Rosa Rivas,Base de Datos,2025-2,94.2,6.1,68.0,3,10.8,16.9,19.9
E01574,Rosa Sánchez,Matemática Discreta,2025-2,100,4.0,51.7,3,13.9,,14.4
E01575,Renata Medina,Matemática Discreta,2025-2,64.8,2.8,93.6,3,12.9,7.6,14.2
E01576,Nicolás Espinoza,Estructuras de Datos,2025-2,84.6,8.2,83.4,3,13.8,14.6,11.3
E01577,Milagros Palomino,Matemática Discreta,2026-1,100,2.3,90.6,2,12.9,8.0,14.7
E01578,Ricardo Aguilar,Base de Datos,2025-2,84.9,13.3,100,2,15.6,18.8,16.6
E01579,Alonso García,Base de Datos,2025-2,48.6,4.1,50.5,1,15.0,17.1,16.6
E01580,Ricardo López,Estructuras de Datos,2025-2,,2.1,83.0,3,15.6,14.2,14.8
E01581,Emilio Chávez,Estructuras de Datos,2025-2,67.4,6.2,36.7,2,7.8,8.4,11.2
E01582,Zoe Paredes,Lenguajes de Programación,2025-2,88.0,5.2,100,4,14.1,11.0,8.6
E01583,Estefanía Cárdenas,Base de Datos,2025-2,83.4,2.0,61.3,3,8.1,13.7,13.3
E01584,Iván Mendoza,Matemática Discreta,2026-1,46.5,10.9,96.9,3,11.1,15.1,10.4
E01585,Manuel Mamani,Matemática Discreta,2026-1,70.9,2.2,88.5,3,12.8,7.7,8.6
E01586,Manuel García,Matemática Discreta,2026-1,72.6,5.8,51.4,1,17.4,17.9,17.8
E01587,Zoe Alva,Estructuras de Datos,2025-2,84.4,6.9,45.8,3,14.3,10.4,8.5
E01588,Diego Sánchez,Matemática Discreta,2025-2,70.5,5.4,79.7,1,11.7,11.3,11.7
E01589,Emilia Cabrera,Estructuras de Datos,2026-1,73.1,1.7,47.6,1,16.8,16.6,14.6
E01590,Ana Cabrera,Matemática Discreta,2026-1,93.6,10.7,61.1,3,13.7,8.9,14.6
E01591,Valeria Soto,Base de Datos,2025-2,86.0,5.6,75.5,3,13.3,9.5,11.1
E01592,Zoe Soto,Base de Datos,2025-2,55.9,8.5,40.5,3,2.2,0,0
E01593,Estefanía Rojas,Estructuras de Datos,2025-2,74.6,2.1,71.0,2,7.5,7.3,8.5
E01594,Franco Chávez,Base de Datos,2025-2,68.6,0,69.9,2,15.5,14.3,13.4
E01595,Renata Rivas,Lenguajes de Programación,2026-1,36.9,5.3,93.5,3,15.4,13.5,11.2
E01596,Daniela Ramírez,Estructuras de Datos,2026-1,75.3,0,89.5,3,15.0,13.8,9.1
E01597,Luis Aguilar,Estructuras de Datos,2026-1,62.1,10.8,66.9,4,9.6,13.2,12.0
E01598,Diego Torres,Lenguajes de Programación,2025-2,81.0,7.0,93.6,3,7.6,9.5,7.8
E01599,Emilio Mamani,Estructuras de Datos,2026-1,66.8,0.2,100,2,11.8,11.4,15.7
E01600,Fernanda Cabrera,Estructuras de Datos,2026-1,75.8,0,98.3,2,16.3,18.4,19.4
E01601,Valentina Chávez,Lenguajes de Programación,2026-1,,11.4,59.9,5,15.4,16.0,19.3
E01602,Emilio García,Lenguajes de Programación,2025-2,83.4,5.0,,2,6.2,0,4.7
E01603,Alonso Gutiérrez,Base de Datos,2025-2,99.3,4.4,72.5,3,9.6,11.8,13.9
E01604,Antonella Castillo,Base de Datos,2026-1,89.2,9.1,92.8,3,5.1,12.8,3.2
E01605,Emilia Rivas,Lenguajes de Programación,2026-1,50.1,11.3,67.0,2,16.1,17.6,14.0
E01606,Estefanía Cárdenas,Matemática Discreta,2026-1,77.9,0,86.7,3,2.9,5.4,5.5
E01607,Gabriela Chávez,Estructuras de Datos,2025-2,57.9,0.9,87.8,5,6.9,3.2,6.4
E01608,Julio Rodríguez,Redes de Computadoras,2025-2,74.2,6.8,73.4,1,17.8,18.3,16.3
E01609,Mateo Vargas,Matemática Discreta,2025-2,83.7,2.4,84.4,2,7.0,5.7,8.1
E01610,Iván Castillo,Matemática Discreta,2026-1,78.5,4.5,72.0,3,15.6,18.9,20
E01611,Valeria Rodríguez,Redes de Computadoras,2026-1,99.8,5.4,58.5,4,10.7,13.8,12.7
E01612,Manuel López,Estructuras de Datos,2025-2,83.7,0,,3,11.1,7.9,12.4
E01613,Sofía Rojas,Base de Datos,2026-1,59.9,5.5,57.4,2,13.1,10.3,16.9
E01614,Vicente Herrera,Base de Datos,2026-1,78.2,4.2,70.0,4,11.1,12.3,11.2
E01615,Emilia Herrera,Base de Datos,2026-1,65.6,4.6,73.5,3,17.8,18.5,16.8
E01616,Franco García,Lenguajes de Programación,2026-1,64.9,4.5,83.3,3,10.0,15.3,12.6
E01617,Franco Medina,Matemática Discreta,2026-1,88.3,9.1,90.2,3,15.1,17.8,15.6
E01618,Zoe Rivas,Redes de Computadoras,2025-2,90.5,9.1,100,1,3.0,4.8,3.4
E01619,Natalia Rodríguez,Redes de Computadoras,2026-1,39.9,10.0,73.5,2,17.6,14.7,14.4
E01620,Rosa Reyes,Redes de Computadoras,2025-2,32.7,5.3,73.2,2,11.2,13.7,14.4
E01621,Luis Rivas,Base de Datos,2025-2,68.1,4.3,92.4,5,14.8,11.6,17.6
E01622,Gabriela Cabrera,Redes de Computadoras,2025-2,49.7,6.5,81.9,4,13.4,8.5,14.8
E01623,Manuel Delgado,Estructuras de Datos,2025-2,74.5,4.7,99.7,4,8.8,14.4,15.3
E01624,Mateo Rivas,Estructuras de Datos,2025-2,83.9,3.7,66.5,4,20,13.2,19.5
E01625,Alejandra Alva,Estructuras de Datos,2025-2,95.7,5.7,100,1,20,18.3,18.8
E01626,Mateo Aguilar,Base de Datos,2026-1,84.6,3.7,89.7,2,8.8,7.0,6.7
E01627,Alejandra Soto,Lenguajes de Programación,2025-2,56.0,4.5,48.4,1,11.6,10.7,13.5
E01628,Fernanda Espinoza,Lenguajes de Programación,2025-2,79.8,2.1,60.8,5,7.6,9.4,9.4
E01629,Andrés Torres,Matemática Discreta,2025-2,73.0,1.4,78.0,1,12.7,13.3,7.0
E01630,Martina Delgado,Estructuras de Datos,2025-2,59.1,9.1,67.4,5,18.0,16.0,20
E01631,Adrián Aguilar,Lenguajes de Programación,2026-1,74.1,11.6,47.3,5,15.4,14.4,15.9
E01632,Sofía Alva,Estructuras de Datos,2025-2,37.2,4.3,100,2,20,18.6,15.5
E01633,Rosa Vega,Base de Datos,2026-1,84.6,7.2,72.6,4,7.4,12.4,6.8
E01634,Estefanía Medina,Base de Datos,2026-1,49.6,6.1,76.8,1,17.3,18.9,19.4
E01635,Sebastián Mamani,Redes de Computadoras,2025-2,72.7,7.7,55.1,3,12.4,8.7,7.9
E01636,Emilia Huamán,Estructuras de Datos,2025-2,56.5,4.1,93.3,3,15.4,14.0,16.7
E01637,Zoe Espinoza,Redes de Computadoras,2026-1,100,4.7,63.6,5,12.8,14.6,11.4
E01638,Franco Palomino,Matemática Discreta,2026-1,52.3,2.6,62.0,3,8.1,10.1,13.9
E01639,Daniela Aguilar,Lenguajes de Programación,2026-1,85.4,3.1,,1,19.6,20,16.0
E01640,Sebastián Vargas,Lenguajes de Programación,2025-2,70.7,8.9,72.7,4,13.8,9.4,9.3
E01641,Vicente Delgado,Redes de Computadoras,2026-1,72.2,4.2,70.8,1,20,20,15.3
E01642,Luis Palomino,Lenguajes de Programación,2025-2,100,6.1,51.0,5,11.9,11.7,13.5
E01643,Diego Cárdenas,Base de Datos,2026-1,93.7,9.4,92.3,4,12.4,12.7,10.6
E01644,Daniela Aguilar,Lenguajes de Programación,2025-2,78.5,5.0,86.1,3,7.1,3.6,6.2
E01645,Zoe Pérez,Matemática Discreta,2025-2,56.3,8.6,67.1,1,12.2,7.8,10.8
E01646,Luis Palomino,Lenguajes de Programación,2025-2,89.0,5.1,74.1,1,6.9,7.6,8.6
E01647,Julio Pérez,Base de Datos,2025-2,79.5,8.2,,4,13.7,9.2,17.0
E01648,Vicente Delgado,Base de Datos,2025-2,75.2,10.2,71.0,2,11.0,9.0,17.0
E01649,Valeria Sánchez,Base de Datos,2026-1,78.0,11.1,93.8,2,17.8,18.1,19.8
E01650,Milagros Torres,Estructuras de Datos,2025-2,62.1,4.3,100,4,17.9,17.7,15.6
E01651,Emilia Chávez,Lenguajes de Programación,2026-1,78.0,3.5,100,4,12.2,12.8,11.6
E01652,Milagros Sánchez,Lenguajes de Programación,2026-1,79.3,5.8,68.3,2,10.2,12.7,9.7
E01653,Valeria Rodríguez,Matemática Discreta,2026-1,85.1,7.1,62.7,1,18.6,16.0,15.3
E01654,Gabriela Rojas,Base de Datos,2026-1,48.9,6.2,81.2,4,13.1,10.8,9.2
E01655,Luis Palomino,Redes de Computadoras,2025-2,67.6,9.1,69.8,1,14.9,17.6,15.9
E01656,Carlos Herrera,Base de Datos,2026-1,78.6,0,86.2,2,17.9,14.3,20
E01657,Alejandra Espinoza,Matemática Discreta,2026-1,84.9,6.9,65.8,5,15.6,14.1,12.2
E01658,Mateo Alva,Redes de Computadoras,2025-2,69.0,6.7,100,3,17.4,17.4,19.6
E01659,Miguel Huamán,Base de Datos,2025-2,63.4,1.3,64.2,3,16.3,17.9,16.3
E01660,Joaquín Rodríguez,Lenguajes de Programación,2026-1,42.7,6.8,29.8,3,14.6,17.2,16.4
E01661,Diego García,Base de Datos,2026-1,47.9,6.0,84.2,4,11.2,13.6,10.7
E01662,Zoe Torres,Estructuras de Datos,2026-1,83.5,9.7,54.9,4,14.9,5.5,7.9
E01663,Diego Zapata,Redes de Computadoras,2026-1,71.4,8.3,69.8,1,10.7,12.0,11.4
E01664,Mateo Reyes,Base de Datos,2026-1,56.6,4.6,69.2,4,7.3,11.9,8.8
E01665,Martina Paredes,Matemática Discreta,2025-2,71.2,8.1,100,1,11.0,11.1,9.9
E01666,Natalia Soto,Redes de Computadoras,2026-1,48.6,4.8,98.0,3,18.7,19.7,16.0
E01667,Gabriela Cabrera,Redes de Computadoras,2025-2,79.8,3.8,68.6,2,11.9,13.7,14.9
E01668,Antonella Mamani,Lenguajes de Programación,2026-1,61.6,1.5,45.1,1,14.3,12.6,15.9
E01669,María Espinoza,Matemática Discreta,2025-2,58.3,1.5,56.3,3,5.5,0.4,0
E01670,Carlos Gutiérrez,Redes de Computadoras,2025-2,53.8,1.4,100,1,20,19.7,16.7
E01671,Tomás Vega,Lenguajes de Programación,2026-1,81.0,3.1,68.3,3,5.0,8.5,14.6
E01672,Carlos Ponce,Lenguajes de Programación,2025-2,63.0,4.6,68.9,3,17.3,15.2,17.9
E01673,Sebastián Salazar,Redes de Computadoras,2026-1,66.4,8.7,72.0,3,18.0,16.7,15.0
E01674,Rodrigo Ponce,Lenguajes de Programación,2026-1,90.2,0,44.3,4,8.9,16.6,12.1
E01675,Jorge Quispe,Estructuras de Datos,2026-1,63.1,7.4,73.9,3,13.6,11.0,9.6
E01676,Valentina Reyes,Lenguajes de Programación,2026-1,97.8,11.5,89.9,4,17.0,17.7,17.2
E01677,Ricardo Espinoza,Matemática Discreta,2025-2,63.0,2.1,50.6,2,10.2,8.8,9.0
E01678,Sebastián Rojas,Base de Datos,2025-2,42.3,8.9,83.1,4,17.6,16.2,16.9
E01679,Andrés Zapata,Redes de Computadoras,2025-2,71.1,1.8,52.4,3,16.3,11.8,16.0
E01680,Mateo Reyes,Estructuras de Datos,2025-2,100,3.7,87.4,2,11.0,9.8,7.2
E01681,Emilio Alva,Redes de Computadoras,2026-1,90.4,4.8,82.3,2,8.9,6.9,12.3
E01682,Valentina Rivas,Redes de Computadoras,2026-1,80.0,7.9,84.5,3,9.0,14.5,12.0
E01683,Adrián Flores,Matemática Discreta,2026-1,79.2,6.5,87.1,3,10.4,13.5,10.5
E01684,Martina Flores,Lenguajes de Programación,2026-1,64.6,7.7,75.0,4,20,19.0,20
E01685,Natalia Mamani,Lenguajes de Programación,2026-1,58.1,6.8,69.4,2,14.2,17.1,13.6
E01686,Miguel Castillo,Estructuras de Datos,2025-2,52.5,3.2,73.6,3,16.0,15.8,20
E01687,Valeria Aguilar,Base de Datos,2025-2,84.5,4.5,69.9,4,10.7,8.1,10.2
E01688,Rodrigo Medina,Redes de Computadoras,2025-2,76.3,5.5,73.8,4,17.0,13.2,15.7
E01689,Manuel Cárdenas,Base de Datos,2026-1,86.5,4.9,74.2,1,15.4,16.5,17.7
E01690,Zoe Palomino,Estructuras de Datos,2026-1,75.1,4.1,93.7,1,13.8,11.4,13.6
E01691,Bruno Cruz,Base de Datos,2026-1,64.1,12.2,83.4,3,,9.8,12.6
E01692,Joaquín Huamán,Estructuras de Datos,2025-2,84.1,9.3,46.6,4,19.5,14.5,11.5
E01693,Franco López,Estructuras de Datos,2025-2,75.7,12.5,92.2,3,20,20,20
E01694,Nicolás Ortiz,Matemática Discreta,2026-1,71.1,6.8,100,2,,6.9,9.2
E01695,Andrés Castillo,Estructuras de Datos,2026-1,97.6,9.5,100,4,19.2,20,20
E01696,Zoe Salazar,Matemática Discreta,2026-1,84.3,6.0,56.1,3,8.1,12.3,6.5
E01697,Martina Cruz,Base de Datos,2025-2,,5.3,58.5,3,9.1,11.6,10.4
E01698,Jorge Herrera,Redes de Computadoras,2026-1,82.2,4.9,83.3,3,15.3,15.2,18.9
E01699,Fabián Zapata,Base de Datos,2025-2,100,8.0,93.5,2,16.1,11.2,10.5
E01700,Manuel Vega,Estructuras de Datos,2025-2,86.4,8.1,42.2,4,10.5,15.6,16.4
E01701,Franco García,Estructuras de Datos,2025-2,73.8,3.3,84.7,3,6.4,9.5,7.6
E01702,Rosa García,Estructuras de Datos,2025-2,60.7,5.0,,3,17.6,20,19.7
E01703,Gabriela Vargas,Redes de Computadoras,2025-2,69.6,4.5,92.4,3,16.5,11.4,12.8
E01704,Sebastián Quispe,Lenguajes de Programación,2026-1,82.0,7.5,70.0,4,6.8,4.0,10.0
E01705,Antonella Gutiérrez,Lenguajes de Programación,2026-1,67.7,3.1,74.8,5,20,15.9,16.2
E01706,Camila Mamani,Estructuras de Datos,2026-1,100,8.7,57.3,1,6.1,4.0,8.3
E01707,Valentina Pérez,Redes de Computadoras,2026-1,84.2,4.7,91.2,4,8.0,3.0,8.9
E01708,Camila Quispe,Base de Datos,2026-1,63.7,1.3,45.7,1,12.3,13.6,13.2
E01709,Valentina Cárdenas,Matemática Discreta,2026-1,64.3,10.8,74.7,3,14.8,16.3,17.1
E01710,Luis Espinoza,Lenguajes de Programación,2025-2,73.9,5.4,84.4,3,13.0,18.1,11.6
E01711,Ricardo Paredes,Matemática Discreta,2026-1,63.8,0,100,5,12.0,12.0,12.7
E01712,Gabriela Delgado,Redes de Computadoras,2025-2,68.4,9.9,51.2,4,11.9,10.7,12.5
E01713,Fernanda Delgado,Matemática Discreta,2026-1,100,5.2,83.9,1,6.3,11.1,12.0
E01714,Miguel Ortiz,Estructuras de Datos,2025-2,37.3,5.2,94.5,1,9.8,16.0,18.8
E01715,Franco Cruz,Matemática Discreta,2025-2,55.8,1.2,,1,15.3,10.2,15.4
E01716,Alejandra Sánchez,Matemática Discreta,2026-1,51.5,6.7,41.1,1,9.5,12.2,14.6
E01717,Camila Medina,Matemática Discreta,2026-1,67.7,6.6,39.1,3,15.0,14.4,10.6
E01718,Franco Zapata,Base de Datos,2026-1,48.3,7.3,69.1,3,11.1,9.7,11.1
E01719,Emilia Torres,Base de Datos,2025-2,82.9,0,60.4,5,9.8,5.8,13.7
E01720,Isabela Castillo,Redes de Computadoras,2025-2,74.7,9.1,92.8,5,,7.5,12.8
E01721,Alejandra Zapata,Lenguajes de Programación,2025-2,92.4,14.0,77.9,4,12.9,17.6,13.7
E01722,Julio Ortiz,Estructuras de Datos,2026-1,75.3,0.2,48.3,3,13.8,8.8,7.7
E01723,Camila Palomino,Estructuras de Datos,2025-2,41.8,4.4,94.0,4,14.2,11.2,19.8
E01724,Camila Reyes,Redes de Computadoras,2025-2,89.2,2.5,69.5,2,6.6,4.1,4.8
E01725,Adrián Mamani,Estructuras de Datos,2025-2,68.5,5.1,93.8,2,12.1,9.0,13.7
E01726,Fernanda Herrera,Matemática Discreta,2025-2,43.4,4.6,35.5,5,5.0,6.1,5.1
E01727,Rodrigo Castillo,Lenguajes de Programación,2026-1,74.5,4.5,54.4,5,11.3,7.2,9.1
E01728,Ximena Torres,Estructuras de Datos,2026-1,72.8,4.2,90.3,4,16.1,9.6,13.1
E01729,Iván Rivas,Matemática Discreta,2025-2,78.5,7.5,87.3,2,18.2,12.7,18.7
E01730,Miguel Rojas,Redes de Computadoras,2026-1,52.5,0.1,96.0,4,13.6,18.1,13.4
E01731,Alonso Alva,Lenguajes de Programación,2025-2,83.4,0,91.5,3,9.0,18.2,10.6
E01732,Jorge Castillo,Base de Datos,2026-1,56.4,3.7,69.3,5,13.5,13.5,7.1
E01733,Emilio Palomino,Estructuras de Datos,2026-1,100,10.0,61.8,2,20,20,20
E01734,Rodrigo Cabrera,Matemática Discreta,2026-1,81.2,12.7,69.9,3,8.1,14.1,17.8
E01735,Antonella Vega,Matemática Discreta,2026-1,64.0,0.4,,2,18.8,19.5,19.0
E01736,Sebastián Cárdenas,Estructuras de Datos,2025-2,32.2,0.6,76.1,4,9.4,9.5,7.1
E01737,Isabela Cruz,Estructuras de Datos,2025-2,53.3,1.8,66.9,3,17.6,14.2,15.9
E01738,Fabián Salazar,Matemática Discreta,2025-2,82.4,11.4,97.7,3,11.8,7.4,8.0
E01739,Fabián Rivas,Redes de Computadoras,2026-1,52.2,5.5,77.6,3,12.3,10.4,8.3
E01740,Andrés Ramírez,Matemática Discreta,2025-2,64.0,9.8,60.9,3,10.5,16.5,13.9
E01741,Fabián Alva,Lenguajes de Programación,2026-1,81.1,0,76.1,2,11.1,9.3,12.5
E01742,Ana Soto,Redes de Computadoras,2026-1,95.7,0.5,89.7,4,12.3,20,15.1
E01743,Gabriela Salazar,Estructuras de Datos,2025-2,60.6,8.3,77.4,3,14.9,12.1,15.3
E01744,Martina Delgado,Base de Datos,2025-2,71.7,6.1,98.6,3,10.6,11.5,7.0
E01745,Carlos Ortiz,Matemática Discreta,2026-1,49.6,5.0,57.1,3,9.9,10.5,17.9
E01746,Diego Castillo,Lenguajes de Programación,2025-2,43.3,4.3,83.5,3,20,17.0,13.7
E01747,Zoe García,Base de Datos,2026-1,60.7,9.5,39.2,2,8.5,10.7,13.6
E01748,Sofía Cruz,Redes de Computadoras,2025-2,100,8.4,79.5,4,12.3,12.7,15.9
E01749,María Paredes,Matemática Discreta,2026-1,100,1.9,85.1,1,6.2,12.0,6.7
E01750,Emilio Rodríguez,Estructuras de Datos,2025-2,66.9,2.9,46.0,2,19.3,15.0,18.4
E01751,Julio Cárdenas,Lenguajes de Programación,2026-1,67.4,8.3,81.1,3,12.9,6.5,13.9
E01752,Alejandra Rivas,Estructuras de Datos,2026-1,43.9,10.4,100,1,18.8,20,17.8
E01753,Valentina Rivas,Redes de Computadoras,2025-2,73.0,3.9,65.6,3,10.9,4.9,8.1
E01754,Daniela Huamán,Estructuras de Datos,2025-2,28.2,6.5,49.6,1,20,18.1,17.0
E01755,Miguel Castillo,Matemática Discreta,2026-1,79.0,6.5,66.7,4,9.1,4.4,5.0
E01756,Alejandra Vargas,Redes de Computadoras,2025-2,70.0,6.4,,5,15.1,13.8,12.5
E01757,Emilia Quispe,Lenguajes de Programación,2025-2,74.5,8.6,60.8,2,12.6,12.4,15.6
E01758,Ricardo Vargas,Lenguajes de Programación,2025-2,65.4,10.2,86.0,2,7.1,11.0,13.7
E01759,Emilia Vargas,Lenguajes de Programación,2026-1,45.7,6.8,56.2,4,13.6,8.8,11.9
E01760,Zoe López,Estructuras de Datos,2026-1,,5.9,93.3,5,14.0,19.7,12.3
E01761,Gabriela Paredes,Redes de Computadoras,2025-2,77.8,11.9,84.4,3,17.2,16.0,19.2
E01762,Rodrigo López,Base de Datos,2025-2,100,5.2,46.6,4,6.3,9.5,9.0
E01763,Estefanía Vargas,Base de Datos,2025-2,87.5,2.2,79.2,3,17.0,20,16.5
E01764,Isabela García,Lenguajes de Programación,2025-2,75.6,1.6,83.9,4,11.8,15.0,15.1
E01765,Gabriela Soto,Base de Datos,2025-2,97.4,4.4,65.4,4,15.8,8.3,13.9
E01766,Zoe López,Estructuras de Datos,2025-2,54.1,2.4,64.6,4,8.7,11.4,10.5
E01767,Ximena Alva,Base de Datos,2026-1,56.1,4.5,64.3,2,15.7,18.0,14.4
E01768,Vicente Chávez,Estructuras de Datos,2026-1,79.9,5.1,96.9,2,14.3,11.6,9.4
E01769,Gabriela Herrera,Lenguajes de Programación,2025-2,70.4,6.3,79.8,4,9.1,12.2,12.7
E01770,Estefanía Quispe,Lenguajes de Programación,2025-2,57.1,8.0,50.1,3,8.9,8.6,6.6
E01771,Mateo Gutiérrez,Matemática Discreta,2025-2,46.9,10.5,61.7,3,14.3,14.0,14.8
E01772,Rodrigo Soto,Redes de Computadoras,2026-1,86.3,13.6,100,3,14.7,16.0,17.4
E01773,Sofía Vargas,Redes de Computadoras,2026-1,100,8.3,74.1,4,11.5,19.1,11.3
E01774,Ximena Paredes,Estructuras de Datos,2025-2,94.8,1.6,67.3,3,15.8,15.5,15.7
E01775,Andrés Quispe,Redes de Computadoras,2026-1,59.1,8.3,61.6,2,13.6,10.0,12.5
E01776,Nicolás Mendoza,Estructuras de Datos,2026-1,52.3,9.4,,1,8.2,11.9,10.0
E01777,Lucía Quispe,Base de Datos,2025-2,73.2,5.7,62.1,5,8.0,13.3,10.0
E01778,Sofía Rodríguez,Base de Datos,2026-1,76.9,6.5,80.7,3,8.4,9.0,9.9
E01779,Alonso Vega,Estructuras de Datos,2026-1,100,10.3,70.3,2,11.5,9.4,9.0
E01780,Luis Rodríguez,Estructuras de Datos,2025-2,100,10.5,59.4,5,13.4,17.9,16.5
E01781,María Ponce,Estructuras de Datos,2025-2,53.5,3.8,73.5,2,6.3,5.4,8.9
E01782,Rosa Flores,Estructuras de Datos,2026-1,70.4,2.6,52.6,5,15.8,13.2,8.1
E01783,Jorge Salazar,Estructuras de Datos,2025-2,87.6,5.2,76.7,2,6.3,14.0,8.0
E01784,Emilio Delgado,Estructuras de Datos,2025-2,65.2,6.7,67.1,4,11.4,10.9,4.9
E01785,Zoe Torres,Redes de Computadoras,2026-1,51.1,7.1,56.2,2,10.2,9.9,8.9
E01786,Ana Soto,Redes de Computadoras,2026-1,68.0,6.0,75.2,2,6.9,10.8,14.8
E01787,Julio Flores,Redes de Computadoras,2026-1,78.7,5.3,57.7,4,11.1,9.8,7.4
E01788,María Delgado,Matemática Discreta,2025-2,55.0,2.5,85.4,3,13.2,14.1,15.5
E01789,Ricardo Cabrera,Redes de Computadoras,2025-2,64.5,1.1,68.0,4,11.1,17.2,10.2
E01790,Fabián Rivas,Redes de Computadoras,2026-1,62.9,10.2,98.8,2,13.1,17.4,10.1
E01791,Tomás García,Matemática Discreta,2025-2,63.3,0,87.4,2,7.2,10.1,8.7
E01792,Julio Cárdenas,Estructuras de Datos,2025-2,70.7,0,58.0,3,10.2,11.7,9.9
E01793,Tomás Ortiz,Estructuras de Datos,2025-2,,1.1,90.5,2,15.5,13.6,11.9
E01794,Iván Vega,Redes de Computadoras,2026-1,59.8,9.3,56.7,4,15.4,12.5,13.3
E01795,Rosa Pérez,Lenguajes de Programación,2026-1,38.4,7.8,51.0,5,5.1,6.5,1.7
E01796,Nicolás Vega,Estructuras de Datos,2026-1,65.7,3.4,69.4,2,10.6,9.6,8.0
E01797,Daniela Huamán,Estructuras de Datos,2026-1,51.8,11.5,84.3,2,14.3,8.0,15.7
E01798,Isabela Palomino,Matemática Discreta,2026-1,43.4,5.4,70.5,4,10.5,12.1,8.6
E01799,Paula Flores,Matemática Discreta,2025-2,66.0,8.7,44.0,3,7.4,9.8,8.1
E01800,Martina Aguilar,Redes de Computadoras,2026-1,92.3,5.4,68.2,4,9.7,12.3,10.3
E01801,Valentina Rodríguez,Base de Datos,2026-1,88.3,6.4,73.1,3,9.4,6.5,11.9
E01802,Vicente Mendoza,Redes de Computadoras,2026-1,79.5,5.2,63.6,3,17.0,11.2,16.9
E01803,Iván Mamani,Base de Datos,2025-2,83.7,10.3,75.2,4,9.8,12.1,15.4
E01804,Alejandra Espinoza,Lenguajes de Programación,2025-2,100,6.2,79.0,4,,13.0,8.2
E01805,Adrián Mamani,Matemática Discreta,2026-1,64.4,0.7,51.9,3,6.2,17.3,7.5
E01806,Rosa Sánchez,Base de Datos,2026-1,49.2,8.2,92.4,3,8.2,12.8,9.9
E01807,Sebastián Vega,Base de Datos,2025-2,77.8,0.6,65.9,2,13.6,11.0,18.7
E01808,Zoe Zapata,Lenguajes de Programación,2025-2,86.1,8.9,78.9,3,5.4,0.8,6.5
E01809,María Herrera,Base de Datos,2026-1,77.2,5.6,55.4,4,8.0,9.4,10.7
E01810,Sofía Herrera,Lenguajes de Programación,2026-1,64.2,0,81.7,2,10.0,6.4,5.7
E01811,Estefanía Zapata,Lenguajes de Programación,2025-2,50.7,5.4,50.1,4,8.0,12.8,13.0
E01812,Natalia Herrera,Redes de Computadoras,2026-1,63.3,4.2,72.5,5,18.3,16.2,19.8
E01813,Lucía Alva,Estructuras de Datos,2026-1,0,16.7,85.2,4,13.2,9.9,9.0
E01814,Carlos Salazar,Estructuras de Datos,2026-1,89.5,5.8,75.8,3,9.7,8.1,7.2
E01815,Bruno Cabrera,Estructuras de Datos,2025-2,46.5,2.5,77.0,4,0,2.2,5.0
E01816,Natalia Soto,Redes de Computadoras,2026-1,81.8,0,51.9,2,13.9,11.2,15.2
E01817,Gabriela Huamán,Lenguajes de Programación,2025-2,77.5,8.0,90.2,2,13.8,15.9,16.9
E01818,Estefanía Chávez,Redes de Computadoras,2026-1,75.0,1.6,100,2,9.0,11.0,9.9
E01819,Isabela Alva,Lenguajes de Programación,2025-2,55.2,8.4,73.1,4,16.3,18.0,13.6
E01820,Martina Zapata,Lenguajes de Programación,2026-1,72.3,4.2,59.3,2,12.5,13.0,14.7
E01821,Rosa Rojas,Estructuras de Datos,2026-1,82.5,4.8,83.9,5,14.3,10.1,9.7
E01822,Martina Sánchez,Matemática Discreta,2025-2,78.4,10.4,80.5,2,17.6,19.7,16.5
E01823,Fabián Salazar,Base de Datos,2026-1,79.8,2.8,65.3,3,12.7,10.0,20
E01824,Martina Zapata,Base de Datos,2025-2,89.6,2.6,56.8,4,17.3,18.9,18.2
E01825,Luis Ramírez,Estructuras de Datos,2026-1,51.7,5.1,85.2,3,10.4,,12.0
E01826,Martina Cárdenas,Lenguajes de Programación,2025-2,59.3,5.8,74.6,4,17.0,15.9,12.8
E01827,Emilia Quispe,Base de Datos,2025-2,84.1,3.8,70.0,5,9.7,8.5,16.7
E01828,María Rivas,Matemática Discreta,2025-2,78.4,2.5,74.6,2,1.1,4.1,10.3
E01829,Emilio Delgado,Lenguajes de Programación,2026-1,100,4.1,66.5,2,12.2,6.5,10.9
E01830,Lucía Soto,Redes de Computadoras,2026-1,58.8,9.7,78.2,3,10.9,8.5,10.9
E01831,Emilia Aguilar,Estructuras de Datos,2026-1,79.4,7.6,82.7,4,18.4,19.3,17.0
E01832,Daniela Cruz,Matemática Discreta,2025-2,83.3,2.8,100,3,9.6,15.0,18.0
E01833,Daniela Cabrera,Redes de Computadoras,2025-2,72.3,6.5,100,1,15.0,9.3,8.6
E01834,Emilio Paredes,Lenguajes de Programación,2025-2,40.8,5.5,69.2,4,10.9,15.7,14.4
E01835,Andrés Zapata,Base de Datos,2026-1,86.8,4.9,79.5,3,20,20,18.2
E01836,Sofía Soto,Matemática Discreta,2026-1,,4.7,66.0,5,11.8,15.1,10.8
E01837,Andrés Flores,Redes de Computadoras,2026-1,45.5,7.9,100,4,16.9,16.5,14.0
E01838,Rosa Soto,Base de Datos,2025-2,85.8,10.8,78.3,3,13.9,14.0,13.3
E01839,Rosa García,Base de Datos,2026-1,96.2,6.3,42.8,3,9.6,6.3,6.1
E01840,Sebastián Palomino,Lenguajes de Programación,2025-2,51.5,4.6,84.6,4,9.6,6.8,10.0
E01841,Ana Soto,Estructuras de Datos,2026-1,83.3,8.3,75.4,2,10.2,14.4,8.3
E01842,Valentina Cárdenas,Redes de Computadoras,2026-1,95.2,0,15.6,4,10.3,10.4,10.8
E01843,Rodrigo Mendoza,Matemática Discreta,2026-1,94.3,0.8,93.3,3,13.1,11.7,8.9
E01844,Iván Rivas,Lenguajes de Programación,2025-2,75.5,2.3,63.5,2,19.4,17.8,18.4
E01845,Alejandra Soto,Matemática Discreta,2025-2,72.1,3.1,24.9,5,14.9,11.5,16.3
E01846,Renata García,Redes de Computadoras,2026-1,83.8,5.1,71.1,3,4.9,2.1,12.3
E01847,Franco Quispe,Lenguajes de Programación,2025-2,59.3,8.1,87.9,3,20,20,18.2
E01848,Gabriela Reyes,Estructuras de Datos,2025-2,78.0,3.3,58.9,3,8.8,15.9,9.7
E01849,Paula Cruz,Lenguajes de Programación,2025-2,89.7,5.1,76.6,5,20,18.4,17.4
E01850,Zoe Huamán,Redes de Computadoras,2026-1,76.4,5.9,81.7,2,16.3,17.5,16.7
E01851,Milagros Pérez,Estructuras de Datos,2026-1,77.0,8.0,95.6,2,13.4,13.9,11.4
E01852,Daniela Ortiz,Matemática Discreta,2026-1,46.1,8.2,100,4,19.7,18.8,16.4
E01853,Andrés Delgado,Matemática Discreta,2026-1,65.7,0.5,82.1,3,13.5,15.5,16.9
E01854,Valeria Flores,Lenguajes de Programación,2025-2,61.4,9.9,29.2,2,15.4,18.9,14.0
E01855,Valeria Ortiz,Base de Datos,2026-1,63.2,2.1,78.3,4,14.5,19.3,10.1
E01856,Sebastián Medina,Base de Datos,2026-1,55.6,8.4,65.3,5,11.0,,6.5
E01857,Ximena Cárdenas,Redes de Computadoras,2026-1,94.9,9.2,78.6,1,1.9,6.0,6.7
E01858,Martina Zapata,Base de Datos,2025-2,68.9,7.6,73.2,3,17.0,18.7,15.0
E01859,Martina Medina,Estructuras de Datos,2026-1,70.2,5.5,76.5,4,6.6,3.3,7.7
E01860,Fernanda Soto,Base de Datos,2026-1,75.3,5.7,50.5,3,5.2,12.4,12.4
E01861,Lucía Cárdenas,Lenguajes de Programación,2026-1,62.2,4.8,61.4,1,6.8,13.4,18.1
E01862,Bruno López,Estructuras de Datos,2026-1,78.3,8.0,74.2,4,6.0,8.7,11.2
E01863,Alonso Delgado,Estructuras de Datos,2025-2,68.5,10.1,56.6,2,15.6,18.6,17.9
E01864,Martina Medina,Estructuras de Datos,2025-2,74.3,4.5,99.0,2,6.9,5.6,1.0
E01865,Natalia Pérez,Redes de Computadoras,2025-2,60.9,2.7,76.4,4,9.7,7.5,14.0
E01866,Emilio Paredes,Matemática Discreta,2025-2,60.8,5.0,63.8,5,15.9,12.9,9.9
E01867,Bruno Quispe,Matemática Discreta,2026-1,80.4,10.4,83.4,3,11.6,9.6,11.4
E01868,Julio Delgado,Base de Datos,2025-2,72.2,3.9,100,3,15.1,11.2,13.4
E01869,Andrés Ramírez,Estructuras de Datos,2025-2,100,2.4,43.5,3,11.3,,11.4
E01870,Jorge Soto,Base de Datos,2025-2,78.6,3.2,59.3,3,12.9,12.0,13.0
E01871,Mateo Huamán,Matemática Discreta,2026-1,90.3,8.0,58.9,3,10.7,11.5,8.9
E01872,Valeria Medina,Redes de Computadoras,2025-2,76.4,8.4,70.2,5,10.0,16.3,16.7
E01873,Renata Salazar,Matemática Discreta,2026-1,68.5,14.0,66.3,1,20,17.7,18.0
E01874,Estefanía Cárdenas,Matemática Discreta,2025-2,100,3.2,73.9,4,14.3,12.4,12.1
E01875,Adrián Alva,Redes de Computadoras,2026-1,72.9,4.2,57.4,3,16.2,10.9,19.9
E01876,Nicolás Pérez,Redes de Computadoras,2026-1,82.8,2.1,57.9,2,15.8,15.2,15.3
E01877,Sebastián Cabrera,Estructuras de Datos,2025-2,68.7,11.9,58.1,4,9.6,8.3,8.2
E01878,Mateo Salazar,Base de Datos,2025-2,62.1,8.7,67.2,3,16.9,13.9,15.6
E01879,Ricardo Paredes,Redes de Computadoras,2026-1,61.1,11.1,59.2,3,7.7,8.5,10.1
E01880,Ana Quispe,Lenguajes de Programación,2026-1,68.7,5.9,78.3,4,6.7,0.9,7.8
E01881,Adrián Pérez,Estructuras de Datos,2025-2,78.2,3.2,86.0,2,8.9,8.7,8.3
E01882,Vicente Vargas,Redes de Computadoras,2026-1,80.5,7.9,72.4,3,,9.0,5.3
E01883,Luis Rodríguez,Matemática Discreta,2026-1,45.0,15.0,61.9,3,7.7,1.7,13.0
E01884,Carlos Rodríguez,Base de Datos,2026-1,63.4,12.2,43.1,3,11.9,10.7,8.3
E01885,Valeria Aguilar,Base de Datos,2025-2,90.7,6.7,76.5,4,14.1,7.7,10.7
E01886,Julio Delgado,Matemática Discreta,2026-1,83.4,8.2,92.4,3,11.4,14.0,14.7
E01887,Nicolás Cárdenas,Matemática Discreta,2026-1,68.8,7.4,87.2,2,20,16.3,14.4
E01888,Zoe García,Base de Datos,2026-1,81.1,1.4,81.2,3,7.6,11.0,7.0
E01889,Ximena Mendoza,Estructuras de Datos,2025-2,46.7,6.6,57.4,3,16.7,19.1,18.9
E01890,Antonella Rivas,Estructuras de Datos,2025-2,58.3,7.3,70.0,2,16.0,11.6,13.0
E01891,Tomás Chávez,Redes de Computadoras,2025-2,76.2,11.2,89.5,2,16.9,11.9,16.3
E01892,Daniela Alva,Matemática Discreta,2025-2,64.2,4.9,59.0,2,8.6,12.8,10.0
E01893,Manuel Vargas,Estructuras de Datos,2025-2,89.3,3.5,76.0,3,12.7,8.8,8.7
E01894,Emilia Torres,Redes de Computadoras,2026-1,46.0,4.4,77.5,1,7.2,11.3,6.3
E01895,Jorge García,Redes de Computadoras,2025-2,100,7.1,69.4,4,20,16.5,18.3
E01896,Sofía Huamán,Redes de Computadoras,2026-1,80.2,7.8,47.4,3,6.8,6.9,5.1
E01897,Andrés Vargas,Estructuras de Datos,2025-2,71.5,6.0,52.1,3,16.2,18.1,19.3
E01898,Alonso Quispe,Redes de Computadoras,2025-2,,5.2,94.0,4,13.0,12.0,9.0
E01899,Ricardo Rivas,Base de Datos,2026-1,49.0,9.2,75.1,4,9.1,10.1,8.5
E01900,Joaquín Flores,Matemática Discreta,2025-2,37.6,7.9,71.9,1,9.6,6.8,8.5
E01901,Bruno Castillo,Lenguajes de Programación,2025-2,92.4,3.7,73.9,5,12.8,6.8,7.3
E01902,Manuel Sánchez,Matemática Discreta,2025-2,82.1,9.8,100,3,19.1,20,13.0
E01903,Vicente Salazar,Base de Datos,2026-1,99.2,5.8,64.0,3,10.7,14.8,13.3
E01904,Rodrigo Reyes,Matemática Discreta,2026-1,46.2,6.9,75.2,4,12.4,8.9,14.0
E01905,Renata Ramírez,Matemática Discreta,2026-1,48.2,4.9,55.3,5,11.1,11.8,11.2
E01906,Rodrigo Torres,Estructuras de Datos,2026-1,79.1,0,98.1,4,10.0,5.9,9.0
E01907,Valentina Gutiérrez,Redes de Computadoras,2025-2,76.7,1.7,82.1,5,15.4,16.6,17.9
E01908,Fabián Sánchez,Matemática Discreta,2025-2,67.6,8.1,100,4,12.4,15.6,16.7
E01909,Daniela Soto,Redes de Computadoras,2026-1,99.8,6.9,100,3,14.0,14.3,14.0
E01910,Julio Flores,Lenguajes de Programación,2026-1,61.6,5.7,63.1,2,3.1,4.9,6.0
E01911,Emilio Ponce,Lenguajes de Programación,2025-2,70.3,16.6,72.6,4,15.9,13.2,10.3
E01912,Alonso Ortiz,Lenguajes de Programación,2025-2,74.3,5.9,100,4,11.7,9.4,10.9
E01913,Alejandra Mendoza,Estructuras de Datos,2025-2,94.5,11.4,93.9,4,11.3,13.8,9.8
E01914,Alonso Paredes,Lenguajes de Programación,2026-1,71.0,8.3,51.8,4,11.3,16.6,14.1
E01915,Gabriela Vargas,Base de Datos,2026-1,69.7,5.6,47.9,1,18.7,18.5,20
E01916,Vicente Alva,Lenguajes de Programación,2025-2,67.0,6.8,52.9,4,11.9,10.6,7.2
E01917,Franco Quispe,Redes de Computadoras,2025-2,66.3,4.8,78.2,4,13.3,13.0,12.0
E01918,Bruno Huamán,Lenguajes de Programación,2025-2,87.1,2.3,73.0,2,11.5,20,17.1
E01919,Paula Ramírez,Lenguajes de Programación,2026-1,100,5.2,73.1,3,13.9,20,18.6
E01920,Nicolás Chávez,Lenguajes de Programación,2025-2,67.5,4.7,64.8,3,10.9,15.3,14.8
E01921,Carlos Palomino,Base de Datos,2026-1,79.3,14.0,49.5,3,14.7,18.7,15.2
E01922,María Pérez,Estructuras de Datos,2026-1,81.6,9.2,71.8,5,20,17.2,18.0
E01923,Antonella López,Matemática Discreta,2026-1,52.7,10.9,63.7,2,20,16.7,15.8
E01924,Andrés Salazar,Lenguajes de Programación,2025-2,95.9,6.8,76.6,2,7.3,6.3,6.3
E01925,Carlos Quispe,Estructuras de Datos,2025-2,80.9,10.7,81.9,3,20,20,16.5
E01926,Fernanda Cabrera,Lenguajes de Programación,2026-1,96.8,3.9,84.1,3,8.7,6.7,5.4
E01927,Valentina Delgado,Estructuras de Datos,2026-1,74.1,6.0,68.3,4,14.7,16.4,10.7
E01928,Milagros López,Lenguajes de Programación,2026-1,60.5,6.5,73.1,2,9.8,7.8,8.6
E01929,Sofía Salazar,Matemática Discreta,2025-2,67.0,2.1,87.4,4,20,17.6,19.7
E01930,Diego Vargas,Matemática Discreta,2025-2,76.1,7.0,53.9,5,13.7,8.0,11.3
E01931,Joaquín Salazar,Estructuras de Datos,2026-1,75.5,6.7,52.5,3,4.3,8.6,7.0
E01932,Martina Huamán,Matemática Discreta,2026-1,72.9,8.5,89.9,3,9.5,10.1,12.2
E01933,Iván Salazar,Estructuras de Datos,2025-2,62.3,0,96.1,3,18.0,16.0,17.2
E01934,Carlos Delgado,Base de Datos,2026-1,51.4,8.8,70.6,3,11.4,13.8,14.1
E01935,Gabriela Castillo,Base de Datos,2025-2,78.0,3.5,83.3,3,10.9,12.2,9.2
E01936,Adrián Quispe,Base de Datos,2025-2,52.2,9.3,75.2,5,8.3,15.2,11.1
E01937,Fernanda Gutiérrez,Lenguajes de Programación,2026-1,92.5,11.2,92.0,3,19.0,10.8,10.9
E01938,Zoe Torres,Base de Datos,2025-2,66.8,0.1,47.7,1,12.1,13.1,13.6
E01939,Valentina Espinoza,Redes de Computadoras,2025-2,98.5,12.4,94.2,3,5.5,8.9,8.3
E01940,Manuel Gutiérrez,Estructuras de Datos,2025-2,68.0,6.4,79.0,3,20,19.9,19.7
E01941,Carlos Paredes,Lenguajes de Programación,2025-2,76.7,0.7,75.5,5,13.7,15.7,19.5
E01942,Fernanda Ramírez,Matemática Discreta,2026-1,90.1,1.3,71.4,3,12.9,13.2,15.3
E01943,Mateo Mamani,Matemática Discreta,2025-2,73.7,5.4,70.2,3,14.4,7.4,13.8
E01944,Ana Rojas,Estructuras de Datos,2025-2,73.8,7.9,35.8,2,14.8,12.8,12.6
E01945,Gabriela Quispe,Redes de Computadoras,2025-2,64.6,3.3,39.7,2,20,17.5,15.4
E01946,Martina Huamán,Base de Datos,2026-1,66.6,5.4,67.0,4,8.2,12.9,13.4
E01947,Camila Mendoza,Lenguajes de Programación,2026-1,86.0,7.0,71.7,4,10.8,9.2,9.8
E01948,Valeria Mendoza,Matemática Discreta,2026-1,36.5,6.0,93.4,4,15.2,9.6,11.4
E01949,Sofía Palomino,Matemática Discreta,2026-1,59.8,8.1,51.4,3,8.5,11.7,7.3
E01950,Mateo Palomino,Matemática Discreta,2026-1,39.1,3.8,68.2,1,17.0,13.5,15.6
E01951,Miguel Castillo,Redes de Computadoras,2026-1,90.1,5.8,100,3,11.0,10.2,11.6
E01952,Vicente Mamani,Base de Datos,2026-1,97.7,2.0,71.3,3,7.7,6.3,10.9
E01953,Fernanda Cárdenas,Estructuras de Datos,2025-2,42.6,6.0,69.6,3,13.3,11.6,15.1
E01954,Andrés Espinoza,Base de Datos,2025-2,61.9,7.6,70.3,5,6.9,11.2,10.9
E01955,Alejandra García,Base de Datos,2026-1,57.0,6.9,57.7,1,20,19.4,16.9
E01956,Isabela Espinoza,Matemática Discreta,2025-2,82.7,13.2,68.7,1,10.4,11.5,11.3
E01957,Iván Alva,Base de Datos,2025-2,41.1,7.5,72.8,3,3.6,5.8,7.5
E01958,Emilia Rivas,Redes de Computadoras,2026-1,66.5,9.4,43.8,4,11.6,10.6,14.0
E01959,Tomás Aguilar,Lenguajes de Programación,2026-1,73.8,10.2,88.7,2,18.4,16.2,17.0
E01960,Daniela Rivas,Matemática Discreta,2026-1,70.9,8.9,69.0,3,17.0,14.2,14.5
E01961,Nicolás Huamán,Lenguajes de Programación,2025-2,63.3,0.3,92.1,4,13.3,15.4,20
E01962,Isabela Torres,Lenguajes de Programación,2025-2,73.0,10.8,84.8,2,20,20,20
E01963,Gabriela Huamán,Lenguajes de Programación,2026-1,65.5,10.3,78.6,5,11.9,6.4,9.0
E01964,Valeria Castillo,Redes de Computadoras,2026-1,87.0,0,63.7,2,14.4,12.8,12.7
E01965,Mateo Reyes,Lenguajes de Programación,2026-1,72.5,6.6,79.6,2,6.4,6.3,8.9
E01966,Isabela Espinoza,Matemática Discreta,2026-1,59.3,6.6,89.5,3,14.4,14.3,11.4
E01967,Emilia Castillo,Base de Datos,2025-2,44.2,8.9,93.0,2,7.8,5.1,8.7
E01968,Emilio Paredes,Lenguajes de Programación,2025-2,56.7,5.3,49.4,3,9.5,10.3,16.3
E01969,Valentina Rodríguez,Base de Datos,2025-2,55.5,7.4,58.1,4,14.6,15.8,20
E01970,Sebastián Herrera,Lenguajes de Programación,2025-2,72.9,6.0,70.3,3,19.8,17.0,19.7
E01971,Sebastián Ramírez,Base de Datos,2026-1,81.3,5.1,61.6,4,6.4,,8.2
E01972,Nicolás Herrera,Estructuras de Datos,2026-1,23.4,4.2,60.3,2,13.6,8.7,16.7
E01973,Camila Quispe,Redes de Computadoras,2026-1,51.1,8.6,91.7,2,20,19.7,16.7
E01974,Emilio Rojas,Lenguajes de Programación,2026-1,68.9,1.4,73.7,3,11.1,4.6,10.0
E01975,Gabriela Torres,Lenguajes de Programación,2026-1,62.0,2.6,96.6,3,13.7,12.3,6.4
E01976,Andrés López,Matemática Discreta,2026-1,66.3,7.9,100,4,20,18.0,15.9
E01977,Natalia Cárdenas,Base de Datos,2025-2,67.0,3.5,88.7,5,19.0,11.4,19.9
E01978,Miguel Torres,Lenguajes de Programación,2026-1,47.3,6.5,77.9,2,10.1,12.6,14.5
E01979,Ricardo Paredes,Redes de Computadoras,2026-1,67.9,6.1,77.3,2,13.7,20,15.3
E01980,Emilio Reyes,Lenguajes de Programación,2025-2,76.0,4.9,69.2,3,7.4,7.1,7.8
E01981,Rosa Ortiz,Matemática Discreta,2025-2,79.3,10.7,71.7,2,8.7,16.2,6.0
E01982,Jorge Chávez,Redes de Computadoras,2025-2,63.5,5.2,76.8,4,16.6,13.4,17.3
E01983,Mateo Chávez,Lenguajes de Programación,2025-2,37.4,11.7,88.0,2,11.2,16.2,19.5
E01984,Joaquín Torres,Estructuras de Datos,2025-2,86.1,12.3,55.1,2,20,17.5,20
E01985,Natalia Ramírez,Lenguajes de Programación,2026-1,55.7,8.3,82.2,4,9.2,7.6,11.0
E01986,María Cárdenas,Matemática Discreta,2026-1,46.5,5.1,75.6,2,15.2,18.6,13.5
E01987,Carlos Sánchez,Lenguajes de Programación,2025-2,99.8,12.6,85.2,5,13.3,12.2,14.2
E01988,Joaquín Quispe,Lenguajes de Programación,2026-1,38.3,9.5,87.0,5,7.2,10.1,13.7
E01989,Alonso Rivas,Estructuras de Datos,2026-1,69.8,4.0,81.6,4,15.5,13.2,18.6
E01990,Nicolás Sánchez,Base de Datos,2026-1,,8.0,81.3,1,12.3,14.6,13.6
E01991,Joaquín Flores,Estructuras de Datos,2026-1,88.4,0.2,68.4,4,7.3,8.7,7.7
E01992,Ximena Gutiérrez,Matemática Discreta,2026-1,80.0,7.1,82.9,2,5.6,13.2,7.2
E01993,Emilio Castillo,Lenguajes de Programación,2025-2,38.3,4.2,81.0,4,,12.9,15.5
E01994,Tomás Mendoza,Lenguajes de Programación,2025-2,75.3,3.7,38.4,3,15.5,17.5,14.6
E01995,Natalia Sánchez,Estructuras de Datos,2025-2,75.4,3.1,82.6,4,9.0,11.3,15.5
E01996,Julio Palomino,Redes de Computadoras,2026-1,82.7,3.6,100,2,0,7.1,3.9
E01997,Adrián Huamán,Lenguajes de Programación,2026-1,61.4,9.2,70.1,4,16.1,17.1,13.7
E01998,Jorge Ortiz,Estructuras de Datos,2025-2,47.0,1.4,62.5,4,13.6,20,11.1
E01999,Luis Rojas,Matemática Discreta,2026-1,61.8,6.9,62.3,5,20,18.4,18.4
E02000,Renata García,Redes de Computadoras,2026-1,75.7,8.0,71.2,3,18.0,16.6,15.4
E02001,Adrián Chávez,Lenguajes de Programación,2026-1,72.5,3.7,93.7,1,8.9,12.2,17.0
E02002,Iván Castillo,Redes de Computadoras,2025-2,76.2,4.0,,3,20,20,20
E02003,Estefanía Mendoza,Estructuras de Datos,2026-1,77.6,6.4,100,3,,15.5,18.8
E02004,Sebastián Delgado,Estructuras de Datos,2025-2,67.0,9.1,65.6,5,15.6,13.7,18.9
E02005,Manuel Herrera,Redes de Computadoras,2026-1,35.6,5.0,65.0,3,13.2,8.7,13.4
E02006,Milagros Cárdenas,Base de Datos,2026-1,54.4,3.0,64.5,5,13.6,18.0,15.4
E02007,Alejandra Paredes,Base de Datos,2025-2,100,7.1,79.2,2,11.1,4.8,14.6
E02008,Mateo López,Redes de Computadoras,2025-2,100,10.0,59.6,3,15.3,12.9,16.8
E02009,Zoe Pérez,Matemática Discreta,2026-1,61.5,2.9,54.8,5,11.8,10.5,7.5
E02010,Manuel Flores,Matemática Discreta,2026-1,53.3,0,76.5,4,5.3,16.8,9.0
E02011,Emilio Soto,Lenguajes de Programación,2025-2,57.2,4.9,61.4,4,14.9,,14.4
E02012,Martina Ramírez,Matemática Discreta,2026-1,96.0,7.3,79.6,3,17.6,17.2,9.8
E02013,Isabela Pérez,Lenguajes de Programación,2025-2,85.5,3.4,59.9,3,13.8,14.2,8.4
E02014,Nicolás Castillo,Lenguajes de Programación,2026-1,64.8,5.9,70.2,1,10.2,13.4,17.7
E02015,Vicente Palomino,Estructuras de Datos,2025-2,92.7,7.3,100,1,16.2,16.5,14.0
E02016,Gabriela Sánchez,Redes de Computadoras,2026-1,69.7,4.7,72.1,5,16.4,15.0,14.1
E02017,Alonso Ortiz,Base de Datos,2025-2,60.3,9.8,40.4,1,17.0,11.0,12.5
E02018,Alonso Mamani,Estructuras de Datos,2026-1,65.3,5.7,70.8,3,18.0,14.4,12.6
E02019,Gabriela Huamán,Redes de Computadoras,2025-2,76.1,6.1,91.7,5,11.3,13.8,13.1
E02020,Renata Reyes,Estructuras de Datos,2026-1,79.1,2.6,79.2,3,12.5,11.0,11.8
E02021,Valentina Cruz,Matemática Discreta,2026-1,63.5,8.6,44.5,4,18.1,16.6,17.0
E02022,Fernanda Herrera,Lenguajes de Programación,2025-2,43.6,11.2,66.4,3,12.4,11.5,17.9
E02023,María Torres,Matemática Discreta,2025-2,29.3,4.2,53.1,2,20,20,18.7
E02024,Ricardo Huamán,Matemática Discreta,2025-2,75.5,7.5,90.9,2,7.3,6.9,11.9
E02025,Fabián López,Lenguajes de Programación,2026-1,65.2,7.5,74.7,4,15.2,14.7,18.0
E02026,Rodrigo Zapata,Base de Datos,2026-1,86.1,10.2,72.4,2,15.0,17.0,12.1
E02027,Bruno Mendoza,Redes de Computadoras,2026-1,69.9,0.8,89.1,3,4.4,10.4,5.6
E02028,Miguel Rivas,Lenguajes de Programación,2026-1,63.2,6.8,100,4,5.6,2.2,0
E02029,Fabián Mamani,Redes de Computadoras,2025-2,71.0,11.2,83.1,4,18.2,11.3,17.8
E02030,Zoe Alva,Lenguajes de Programación,2026-1,69.9,2.5,,3,5.2,3.1,6.7
E02031,Antonella Gutiérrez,Estructuras de Datos,2026-1,62.4,7.0,67.9,1,11.6,12.9,13.2
E02032,Iván Espinoza,Base de Datos,2025-2,96.1,7.6,83.2,1,20,14.1,20
E02033,Emilia Mamani,Matemática Discreta,2025-2,85.5,3.1,78.4,4,14.8,16.3,11.2
E02034,Ana Ortiz,Redes de Computadoras,2026-1,37.7,7.2,88.1,3,15.3,10.8,16.4
E02035,Joaquín Reyes,Redes de Computadoras,2026-1,78.9,1.4,80.4,3,19.2,12.1,14.4
E02036,Ana Gutiérrez,Base de Datos,2026-1,82.0,10.8,96.7,3,16.2,18.1,13.6
E02037,Miguel Mamani,Matemática Discreta,2026-1,64.3,7.9,79.7,3,8.6,8.7,11.0
E02038,Julio Sánchez,Lenguajes de Programación,2025-2,100,11.3,86.6,3,13.2,12.8,17.0
E02039,Fabián Delgado,Matemática Discreta,2026-1,74.0,3.7,51.9,4,14.6,16.2,18.1
E02040,Vicente Pérez,Lenguajes de Programación,2025-2,59.3,11.7,91.0,4,14.3,18.1,14.1
E02041,Bruno Cárdenas,Matemática Discreta,2026-1,62.2,2.7,96.7,4,9.4,11.1,11.5
E02042,Diego Rojas,Lenguajes de Programación,2025-2,43.8,5.9,64.1,3,15.7,12.7,16.5
E02043,Isabela Sánchez,Estructuras de Datos,2026-1,98.2,12.3,100,4,14.8,12.7,17.4
E02044,Ricardo Mendoza,Estructuras de Datos,2026-1,90.8,5.2,66.6,2,13.6,13.1,11.5
E02045,Emilio Gutiérrez,Matemática Discreta,2026-1,54.8,3.0,54.4,4,19.7,16.9,14.4
E02046,Franco García,Base de Datos,2025-2,52.6,7.0,38.7,4,16.1,18.9,14.7
E02047,Joaquín Cárdenas,Matemática Discreta,2025-2,51.5,10.6,71.0,5,10.2,11.4,12.1
E02048,Fernanda Paredes,Matemática Discreta,2026-1,65.9,5.3,99.7,2,17.0,13.2,13.4
E02049,Ana Reyes,Estructuras de Datos,2025-2,100,11.0,61.9,3,17.4,16.4,17.1
E02050,Luis Ponce,Matemática Discreta,2026-1,96.9,16.2,91.2,3,5.9,5.3,3.2
E02051,Gabriela Huamán,Redes de Computadoras,2025-2,50.6,0,69.3,1,17.3,18.7,15.6
E02052,Camila Flores,Redes de Computadoras,2026-1,86.9,10.0,100,4,10.1,4.9,9.3
E02053,Carlos Aguilar,Matemática Discreta,2026-1,64.0,0.2,77.2,5,11.5,11.2,9.5
E02054,Nicolás Palomino,Redes de Computadoras,2025-2,69.3,15.2,99.5,2,4.5,11.3,11.0
E02055,Martina Aguilar,Lenguajes de Programación,2026-1,,8.0,95.8,4,10.6,14.3,10.3
E02056,Carlos Herrera,Estructuras de Datos,2025-2,85.1,2.7,67.0,2,17.5,15.1,14.8
E02057,Carlos Ramírez,Matemática Discreta,2026-1,88.1,1.3,76.9,2,12.9,8.8,13.2
E02058,Isabela Aguilar,Estructuras de Datos,2025-2,91.3,11.6,82.7,4,9.5,14.5,13.3
E02059,Franco Medina,Matemática Discreta,2026-1,68.8,5.3,57.9,4,10.2,9.7,14.0
E02060,Ximena López,Base de Datos,2026-1,92.2,9.3,83.5,1,9.2,17.5,11.0
E02061,Alonso Aguilar,Estructuras de Datos,2025-2,80.7,5.9,86.6,2,15.6,20,14.9
E02062,Franco Sánchez,Redes de Computadoras,2026-1,38.1,0.4,58.6,2,9.0,8.6,8.5
E02063,Diego Vega,Redes de Computadoras,2025-2,47.3,6.3,96.2,4,11.0,9.6,11.1
E02064,Valentina Rojas,Matemática Discreta,2025-2,99.0,11.2,67.9,3,10.9,9.4,13.1
E02065,Natalia Pérez,Matemática Discreta,2025-2,50.4,8.5,79.8,3,1.8,4.9,3.3
E02066,Luis Rodríguez,Lenguajes de Programación,2025-2,80.4,4.5,79.0,3,20,13.3,14.7
E02067,Andrés Huamán,Base de Datos,2026-1,77.5,5.2,58.9,2,9.3,10.5,13.0
E02068,Estefanía García,Matemática Discreta,2026-1,69.6,8.5,60.1,4,10.5,6.5,7.6
E02069,Julio Castillo,Base de Datos,2025-2,80.6,8.0,80.6,3,10.8,12.8,10.2
E02070,Paula Delgado,Estructuras de Datos,2026-1,77.2,12.7,98.6,4,19.3,15.5,13.4
E02071,Zoe Medina,Redes de Computadoras,2025-2,40.3,12.0,100,4,18.8,20,19.0
E02072,Diego Pérez,Matemática Discreta,2025-2,80.1,6.5,51.7,2,9.7,8.0,12.2
E02073,Joaquín Huamán,Redes de Computadoras,2025-2,92.1,9.9,98.5,4,13.6,14.1,17.2
E02074,Diego Ramírez,Lenguajes de Programación,2026-1,69.3,5.3,95.8,5,14.1,9.9,11.4
E02075,Ana Soto,Matemática Discreta,2025-2,86.9,1.2,82.1,2,14.3,17.1,16.2
E02076,Sofía Cárdenas,Base de Datos,2026-1,68.7,7.1,79.3,1,18.4,13.4,16.7
E02077,Alejandra Vega,Matemática Discreta,2025-2,82.6,8.4,95.4,1,13.8,17.3,13.6
E02078,Natalia Chávez,Matemática Discreta,2025-2,86.4,2.7,64.5,3,17.1,20,15.4
E02079,Franco Zapata,Lenguajes de Programación,2025-2,77.1,1.8,96.7,2,,2.7,3.5
E02080,Fabián Cabrera,Redes de Computadoras,2026-1,80.2,6.3,76.2,3,1.2,3.4,3.0
E02081,Miguel Delgado,Redes de Computadoras,2026-1,89.8,9.8,100,5,11.1,8.5,10.3
E02082,Ximena Mamani,Lenguajes de Programación,2025-2,73.1,11.8,51.5,3,14.1,10.0,12.4
E02083,Renata Palomino,Redes de Computadoras,2026-1,94.9,10.2,70.4,4,16.5,14.8,12.4
E02084,Sofía Mendoza,Redes de Computadoras,2026-1,52.9,4.4,67.4,2,,16.3,17.7
E02085,Ricardo Mamani,Estructuras de Datos,2026-1,69.4,1.2,55.1,5,10.7,9.9,9.5
E02086,Adrián Delgado,Estructuras de Datos,2026-1,90.9,5.7,87.1,4,12.5,15.1,11.1
E02087,Ricardo Pérez,Base de Datos,2026-1,60.7,3.9,97.8,3,11.9,9.4,12.2
E02088,Zoe Quispe,Lenguajes de Programación,2025-2,81.5,4.5,100,4,16.7,13.6,16.1
E02089,Isabela Salazar,Estructuras de Datos,2025-2,22.4,5.2,86.0,4,18.4,8.6,10.7
E02090,Fabián Vargas,Base de Datos,2026-1,72.0,0.8,80.0,1,13.6,10.8,9.0
E02091,Ximena Vargas,Estructuras de Datos,2026-1,92.3,8.4,87.8,3,15.6,16.4,14.3
E02092,Ricardo Torres,Estructuras de Datos,2025-2,72.8,3.1,80.4,1,14.5,20,11.8
E02093,Joaquín Mendoza,Lenguajes de Programación,2025-2,95.0,7.5,78.2,2,7.8,8.8,12.4
E02094,Nicolás Aguilar,Base de Datos,2025-2,78.1,8.6,85.1,2,19.3,20,19.9
E02095,Luis Rojas,Estructuras de Datos,2026-1,65.4,6.7,67.7,3,10.5,14.9,12.6
E02096,Renata Flores,Redes de Computadoras,2026-1,,1.5,71.3,4,7.1,7.3,2.7
E02097,Rodrigo Ramírez,Base de Datos,2026-1,87.0,9.3,78.4,2,10.7,9.1,14.5
E02098,María Delgado,Matemática Discreta,2026-1,68.1,10.8,62.7,1,6.5,5.7,11.5
E02099,Diego López,Redes de Computadoras,2025-2,66.6,1.6,71.5,5,8.5,8.0,11.1
E02100,Martina Gutiérrez,Redes de Computadoras,2025-2,51.0,4.8,86.4,5,10.5,13.4,13.2
E02101,Sofía Ponce,Base de Datos,2025-2,68.0,4.5,,4,15.3,15.2,16.9
E02102,Iván Gutiérrez,Base de Datos,2025-2,91.7,2.8,63.9,4,14.2,8.7,8.9
E02103,Alonso Cárdenas,Estructuras de Datos,2025-2,99.6,17.6,43.4,5,0,6.3,4.1
E02104,Rodrigo Paredes,Redes de Computadoras,2025-2,57.0,3.5,63.0,3,10.5,7.4,9.6
E02105,Emilio Cárdenas,Estructuras de Datos,2025-2,63.3,0.6,76.0,2,16.8,11.8,11.9
E02106,Vicente Rivas,Estructuras de Datos,2025-2,85.2,3.0,71.3,1,14.7,13.2,14.5
E02107,Paula Delgado,Lenguajes de Programación,2026-1,100,9.2,89.1,4,9.3,13.1,11.1
E02108,Isabela Huamán,Redes de Computadoras,2026-1,64.8,8.4,77.6,4,9.9,7.1,11.4
E02109,Milagros Herrera,Lenguajes de Programación,2026-1,60.6,1.7,52.9,2,19.0,16.3,13.9
E02110,Gabriela Ortiz,Lenguajes de Programación,2026-1,,7.6,67.3,3,11.9,12.5,13.3
E02111,Alonso Salazar,Base de Datos,2025-2,79.8,9.0,77.8,3,6.2,9.4,5.1
E02112,Miguel Vargas,Lenguajes de Programación,2026-1,75.9,6.9,97.2,3,12.4,14.5,10.0
E02113,Ximena Aguilar,Estructuras de Datos,2026-1,85.8,12.0,100,2,13.2,9.8,18.1
E02114,Tomás Flores,Estructuras de Datos,2026-1,88.5,1.2,72.1,4,18.1,17.7,11.0
E02115,Ximena López,Estructuras de Datos,2026-1,67.1,6.0,87.9,4,16.5,13.3,16.2
E02116,Rodrigo Cruz,Estructuras de Datos,2025-2,43.2,5.8,75.6,3,16.8,17.2,18.2
E02117,Paula Cabrera,Estructuras de Datos,2025-2,68.4,7.4,35.0,4,19.4,19.2,16.3
E02118,Bruno Ponce,Base de Datos,2026-1,47.5,6.2,84.3,3,14.3,14.7,12.9
E02119,Gabriela Mamani,Base de Datos,2026-1,76.3,6.1,88.6,2,16.6,18.9,14.2
E02120,Rodrigo Vargas,Base de Datos,2025-2,86.5,8.1,78.4,4,10.6,,9.9
E02121,Emilia Torres,Base de Datos,2025-2,80.0,0,76.3,3,13.0,9.1,5.3
E02122,Renata Mamani,Redes de Computadoras,2025-2,59.0,3.9,69.6,3,19.7,16.6,13.5
E02123,Manuel Huamán,Estructuras de Datos,2026-1,70.9,8.1,62.6,4,8.1,11.8,14.0
E02124,Julio Chávez,Base de Datos,2026-1,52.5,5.6,100,4,7.0,7.6,3.9
E02125,Andrés Pérez,Estructuras de Datos,2026-1,46.6,5.6,90.9,3,6.6,3.7,7.1
E02126,Isabela Ramírez,Lenguajes de Programación,2025-2,58.6,13.1,86.5,2,18.0,16.3,14.3
E02127,Manuel Soto,Redes de Computadoras,2026-1,100,10.6,70.1,2,6.7,3.7,3.0
E02128,Fabián Castillo,Estructuras de Datos,2026-1,59.0,6.9,49.5,3,9.4,11.9,11.2
E02129,Gabriela Delgado,Matemática Discreta,2025-2,72.9,15.3,44.1,3,15.3,14.8,11.2
E02130,Sofía Huamán,Base de Datos,2025-2,67.2,12.2,97.6,4,16.3,17.5,17.4
E02131,Ximena Gutiérrez,Redes de Computadoras,2025-2,63.0,7.8,81.1,5,6.9,6.3,9.7
E02132,Emilia Soto,Matemática Discreta,2026-1,62.4,4.2,90.1,4,15.8,12.9,12.4
E02133,Nicolás Herrera,Lenguajes de Programación,2025-2,,6.6,34.6,2,8.6,11.8,8.2
E02134,Estefanía Espinoza,Matemática Discreta,2026-1,62.8,9.7,100,3,13.3,20,16.8
E02135,Gabriela Rivas,Lenguajes de Programación,2026-1,42.5,10.5,61.8,4,12.7,13.3,11.4
E02136,Julio Quispe,Lenguajes de Programación,2025-2,59.2,7.3,67.2,3,2.4,8.4,1.4
E02137,Fernanda Mamani,Lenguajes de Programación,2026-1,90.7,7.9,50.3,4,12.6,16.3,13.8
E02138,Tomás Salazar,Base de Datos,2025-2,100,3.1,83.5,2,6.8,9.6,3.6
E02139,Gabriela López,Matemática Discreta,2026-1,82.5,0,91.1,2,9.2,9.2,3.1
E02140,Valeria Gutiérrez,Redes de Computadoras,2025-2,80.3,9.0,89.1,1,15.2,13.6,19.0
E02141,Manuel Soto,Redes de Computadoras,2025-2,74.2,7.4,64.9,5,5.5,9.1,8.4
E02142,Camila Aguilar,Redes de Computadoras,2025-2,96.4,8.0,55.7,5,7.1,12.2,9.5
E02143,Fabián Mendoza,Lenguajes de Programación,2026-1,62.9,5.1,64.8,3,17.2,19.0,19.6
E02144,Nicolás Alva,Estructuras de Datos,2026-1,68.4,9.3,91.8,3,15.2,15.5,13.9
E02145,Daniela Vega,Base de Datos,2026-1,76.1,9.5,78.8,4,15.5,19.0,20
E02146,Rosa Pérez,Matemática Discreta,2026-1,79.9,8.5,50.0,4,17.1,13.9,14.6
E02147,Julio Espinoza,Base de Datos,2026-1,73.2,9.2,74.2,3,12.9,11.5,15.0
E02148,Mateo Vargas,Redes de Computadoras,2026-1,37.3,7.5,90.1,3,15.3,14.4,20
E02149,Franco Vargas,Matemática Discreta,2025-2,32.3,9.5,,3,13.0,16.2,11.4
E02150,Ricardo Paredes,Lenguajes de Programación,2026-1,29.1,14.7,63.1,3,14.4,12.4,15.7
E02151,Fernanda Cruz,Base de Datos,2025-2,63.1,8.4,60.7,2,18.5,20,15.5
E02152,Miguel Mendoza,Matemática Discreta,2026-1,84.7,8.9,76.4,1,19.8,15.2,15.3
E02153,Antonella Vega,Lenguajes de Programación,2026-1,70.7,4.3,69.5,5,20,20,17.6
E02154,Daniela Mendoza,Redes de Computadoras,2025-2,76.8,8.0,68.2,4,18.0,14.5,19.4
E02155,Rosa Pérez,Base de Datos,2025-2,72.9,9.8,70.4,5,13.1,10.7,13.4
E02156,Valentina Rodríguez,Lenguajes de Programación,2025-2,70.7,11.4,56.1,3,13.3,13.4,19.6
E02157,Valentina Soto,Estructuras de Datos,2026-1,46.9,6.3,96.5,4,12.9,18.4,17.1
E02158,Ricardo Huamán,Redes de Computadoras,2026-1,74.8,6.2,64.2,3,20,20,20
E02159,Milagros López,Redes de Computadoras,2026-1,75.7,7.6,68.0,3,20,18.2,17.3
E02160,Fernanda Ortiz,Estructuras de Datos,2025-2,35.7,9.8,71.7,2,7.7,9.9,12.4
E02161,Mateo Ramírez,Matemática Discreta,2026-1,97.1,11.9,75.4,5,13.2,8.7,10.9
E02162,Miguel Rodríguez,Matemática Discreta,2026-1,71.6,6.8,91.2,3,9.7,12.2,9.3
E02163,Tomás Mamani,Base de Datos,2026-1,53.9,2.1,70.7,4,0,0.8,2.9
E02164,Luis Zapata,Base de Datos,2025-2,60.0,10.9,80.5,3,5.0,5.6,6.9
E02165,Ximena Quispe,Lenguajes de Programación,2026-1,82.9,0,76.1,3,13.1,12.5,12.7
E02166,Ximena Vega,Estructuras de Datos,2026-1,90.9,11.2,60.3,3,10.3,10.9,14.5
E02167,Diego Aguilar,Redes de Computadoras,2026-1,87.7,9.7,74.0,3,11.7,15.0,13.0
E02168,Ximena López,Matemática Discreta,2025-2,76.3,2.9,100,4,11.1,16.8,19.1
E02169,Ricardo Medina,Redes de Computadoras,2025-2,97.6,3.0,77.8,3,13.2,11.1,8.1
E02170,Mateo Mamani,Matemática Discreta,2026-1,82.7,5.2,76.5,2,16.1,13.9,9.1
E02171,Rodrigo Chávez,Matemática Discreta,2026-1,100,0.6,97.5,4,12.3,10.7,16.2
E02172,Diego Delgado,Estructuras de Datos,2026-1,61.9,5.7,75.7,1,18.2,15.1,14.4
E02173,Ximena Sánchez,Base de Datos,2026-1,56.5,8.5,74.8,4,18.2,19.5,16.6
E02174,Emilia Cárdenas,Redes de Computadoras,2025-2,71.3,12.6,,3,17.1,14.8,9.7
E02175,Vicente López,Base de Datos,2025-2,80.1,4.9,74.7,5,12.4,11.6,5.2
E02176,Adrián Delgado,Redes de Computadoras,2025-2,88.5,5.7,49.4,2,13.3,9.7,11.8
E02177,Luis Rodríguez,Estructuras de Datos,2025-2,94.5,9.7,81.9,3,13.7,15.2,15.8
E02178,María Ramírez,Matemática Discreta,2025-2,75.7,0,90.2,2,9.9,11.9,9.8
E02179,Paula Flores,Matemática Discreta,2026-1,48.0,3.1,92.5,3,4.6,3.7,11.0
E02180,Lucía Cárdenas,Base de Datos,2025-2,96.2,9.3,67.0,3,20,17.8,13.4
E02181,Milagros Torres,Base de Datos,2025-2,42.8,4.6,81.3,2,9.7,15.4,16.5
E02182,Ricardo Zapata,Lenguajes de Programación,2025-2,27.0,9.9,66.7,2,12.3,7.4,5.5
E02183,Rodrigo Huamán,Estructuras de Datos,2025-2,53.6,5.8,71.1,4,10.6,14.9,13.2
E02184,Miguel Alva,Matemática Discreta,2026-1,91.2,10.5,100,3,11.1,11.8,4.7
E02185,Bruno Ponce,Redes de Computadoras,2025-2,100,5.3,76.8,3,16.4,13.8,15.1
E02186,Iván Espinoza,Estructuras de Datos,2026-1,49.2,6.2,78.4,4,19.7,18.6,19.1
E02187,Fabián Chávez,Matemática Discreta,2026-1,73.0,4.0,73.6,4,17.4,13.7,12.2
E02188,Ana Medina,Estructuras de Datos,2026-1,53.1,7.9,76.1,4,13.4,10.2,9.6
E02189,Manuel Cabrera,Estructuras de Datos,2025-2,58.3,0.4,58.0,3,20,20,17.5
E02190,Vicente Torres,Lenguajes de Programación,2026-1,64.1,3.1,60.2,1,5.6,13.9,10.0
E02191,Alonso Ortiz,Matemática Discreta,2026-1,87.5,7.2,56.4,2,9.8,13.0,20
E02192,Alonso Espinoza,Matemática Discreta,2026-1,77.5,3.8,55.2,4,10.2,13.0,15.7
E02193,Miguel Zapata,Estructuras de Datos,2025-2,75.6,8.0,69.9,3,4.8,6.1,10.0
E02194,Bruno Rodríguez,Base de Datos,2026-1,,9.0,79.0,5,3.2,5.3,0.4
E02195,Adrián Chávez,Base de Datos,2026-1,40.7,7.7,57.7,2,13.3,10.8,10.3
E02196,Rosa Aguilar,Matemática Discreta,2026-1,,4.7,76.0,4,13.9,15.5,12.2
E02197,Luis Gutiérrez,Estructuras de Datos,2025-2,76.1,8.9,62.0,2,10.4,13.7,11.4
E02198,Lucía Castillo,Redes de Computadoras,2026-1,45.8,14.8,44.4,3,12.6,11.3,8.5
E02199,Fabián Vega,Estructuras de Datos,2025-2,57.3,8.8,99.6,3,15.9,16.0,16.2
E02200,Nicolás Cruz,Redes de Computadoras,2025-2,43.4,12.6,98.9,3,17.8,17.2,17.7
E02201,Gabriela Soto,Matemática Discreta,2026-1,35.9,0,96.0,3,4.6,12.7,7.4
E02202,Lucía Salazar,Matemática Discreta,2025-2,,3.3,94.3,3,17.1,16.3,18.1
E02203,Adrián López,Base de Datos,2026-1,85.9,8.1,73.8,4,5.1,12.5,10.8
E02204,Iván Rojas,Estructuras de Datos,2026-1,85.6,5.6,90.8,2,11.9,8.9,9.5
E02205,Ana Chávez,Estructuras de Datos,2025-2,77.5,3.9,85.3,2,8.5,10.1,13.6
E02206,Emilia Herrera,Estructuras de Datos,2026-1,55.3,3.9,78.9,4,11.5,10.3,7.5
E02207,Diego Mamani,Base de Datos,2026-1,100,8.3,49.9,5,11.3,9.7,7.6
E02208,Manuel Zapata,Estructuras de Datos,2026-1,90.1,8.1,93.0,2,18.9,16.7,17.0
E02209,Valentina Rojas,Base de Datos,2026-1,58.7,9.0,83.5,2,12.7,11.8,12.2
E02210,Martina Quispe,Base de Datos,2026-1,94.9,4.4,81.8,1,19.0,17.8,19.9
E02211,Vicente Ponce,Matemática Discreta,2026-1,59.9,6.2,45.2,1,20,20,17.3
E02212,Manuel Gutiérrez,Redes de Computadoras,2025-2,36.3,0.7,48.9,2,19.5,17.7,15.4
E02213,Emilia Sánchez,Redes de Computadoras,2026-1,100,8.9,78.5,4,20,19.2,20
E02214,Joaquín Mendoza,Redes de Computadoras,2026-1,82.3,8.4,92.8,2,6.0,10.0,4.9
E02215,Ana Gutiérrez,Matemática Discreta,2026-1,44.2,5.9,55.3,4,4.2,4.8,6.9
E02216,Carlos Rodríguez,Base de Datos,2026-1,100,5.2,65.3,5,10.3,8.9,12.6
E02217,Ricardo Flores,Lenguajes de Programación,2026-1,100,1.7,100,5,14.2,17.7,14.2
E02218,Fernanda Rojas,Redes de Computadoras,2025-2,,5.5,67.3,4,10.0,12.1,5.4
E02219,Emilio Vega,Redes de Computadoras,2025-2,98.1,6.6,76.3,3,14.4,13.5,12.2
E02220,Joaquín Paredes,Estructuras de Datos,2026-1,38.6,5.5,56.8,2,12.8,19.0,16.4
E02221,Bruno Aguilar,Estructuras de Datos,2026-1,67.3,9.9,88.3,3,7.3,6.9,9.4
E02222,Iván Ponce,Redes de Computadoras,2026-1,66.7,0.7,77.3,4,11.0,15.0,12.0
E02223,Paula Salazar,Base de Datos,2025-2,78.6,3.7,87.2,4,16.2,14.6,20
E02224,Luis Salazar,Estructuras de Datos,2026-1,75.6,6.5,71.4,3,20,20,15.2
E02225,Camila Gutiérrez,Estructuras de Datos,2026-1,82.0,11.2,64.1,5,5.7,10.3,6.5
E02226,Daniela Huamán,Redes de Computadoras,2026-1,100,5.6,52.2,3,13.3,6.6,10.2
E02227,Renata Medina,Matemática Discreta,2025-2,64.5,7.5,78.3,2,11.0,9.6,15.9
E02228,Tomás Gutiérrez,Matemática Discreta,2026-1,47.4,4.9,91.5,2,14.2,11.1,14.7
E02229,Ricardo Paredes,Base de Datos,2026-1,100,2.3,88.6,3,8.5,7.3,9.0
E02230,Mateo Rojas,Redes de Computadoras,2026-1,72.7,2.4,63.2,4,8.2,7.4,10.2
E02231,Natalia Espinoza,Base de Datos,2025-2,70.9,4.6,50.2,5,17.6,14.5,19.1
E02232,Jorge Pérez,Base de Datos,2025-2,67.1,11.3,71.4,4,15.8,16.2,19.7
E02233,Manuel Gutiérrez,Estructuras de Datos,2025-2,85.9,11.0,91.4,4,16.2,11.2,11.0
E02234,Ana Cárdenas,Matemática Discreta,2025-2,74.8,10.8,79.1,2,12.5,20.0,12.9
E02235,Emilia Huamán,Lenguajes de Programación,2026-1,58.7,5.0,55.9,2,13.6,18.5,16.8
E02236,Antonella Cruz,Redes de Computadoras,2026-1,61.8,4.1,100,1,9.8,12.6,7.8
E02237,Zoe Reyes,Estructuras de Datos,2025-2,37.7,8.7,86.6,4,15.7,19.0,20
E02238,Rosa Delgado,Base de Datos,2026-1,48.6,7.0,52.6,1,10.5,11.2,9.6
E02239,Gabriela Mamani,Lenguajes de Programación,2025-2,76.1,3.4,57.6,4,3.5,8.0,7.1
E02240,Manuel López,Matemática Discreta,2025-2,54.2,9.4,45.1,3,19.0,19.0,20
E02241,Natalia Cárdenas,Lenguajes de Programación,2026-1,68.8,11.8,90.5,4,13.7,12.4,18.8
E02242,Ximena Ortiz,Estructuras de Datos,2025-2,60.8,3.9,83.3,2,16.6,14.7,13.8
E02243,Renata Espinoza,Redes de Computadoras,2026-1,73.6,6.7,78.1,3,15.7,13.7,14.2
E02244,Iván Zapata,Estructuras de Datos,2025-2,67.0,7.7,84.2,4,14.0,13.6,15.0
E02245,Sebastián Quispe,Estructuras de Datos,2025-2,82.1,4.5,83.9,1,10.4,10.3,11.6
E02246,Joaquín Chávez,Estructuras de Datos,2025-2,29.0,3.3,93.2,3,13.5,11.4,10.1
E02247,Manuel Chávez,Lenguajes de Programación,2025-2,49.3,9.1,72.6,2,18.2,16.4,17.6
E02248,Diego Huamán,Redes de Computadoras,2026-1,53.6,5.1,67.5,4,15.0,14.4,13.0
E02249,Luis Soto,Lenguajes de Programación,2026-1,80.2,2.4,56.8,3,17.6,20,20
E02250,Alonso Rivas,Redes de Computadoras,2025-2,51.4,6.3,84.3,3,14.1,11.7,12.5
E02251,Zoe Espinoza,Redes de Computadoras,2025-2,84.1,7.4,81.1,2,18.7,14.4,15.7
E02252,Tomás Cruz,Matemática Discreta,2026-1,66.3,7.9,44.2,4,7.4,7.9,10.0
E02253,Paula García,Base de Datos,2026-1,,9.9,63.3,3,7.6,8.7,9.4
E02254,Franco Chávez,Lenguajes de Programación,2026-1,100,2.3,75.2,5,20,15.7,16.3
E02255,Daniela Torres,Matemática Discreta,2026-1,71.0,6.2,86.6,5,9.4,5.7,6.3
E02256,Mateo Pérez,Matemática Discreta,2025-2,75.7,3.5,51.6,3,5.2,7.8,11.7
E02257,Nicolás Rodríguez,Estructuras de Datos,2026-1,44.8,6.1,79.5,4,11.9,7.3,6.2
E02258,Adrián Herrera,Estructuras de Datos,2025-2,71.1,3.7,64.4,4,20,16.9,20
E02259,Bruno Rojas,Lenguajes de Programación,2026-1,54.6,7.3,76.8,3,9.9,10.0,15.4
E02260,Alejandra Quispe,Matemática Discreta,2025-2,59.3,2.6,,3,14.0,16.1,12.2
E02261,Ximena Salazar,Matemática Discreta,2025-2,89.6,7.9,95.8,5,20,20,20
E02262,Emilia Mendoza,Estructuras de Datos,2025-2,73.7,6.1,42.5,4,16.1,11.4,3.4
E02263,Zoe Reyes,Estructuras de Datos,2025-2,73.4,12.3,44.2,4,20,18.2,16.2
E02264,Miguel Delgado,Matemática Discreta,2026-1,31.4,8.2,51.8,3,17.8,12.1,13.4
E02265,Manuel Cruz,Redes de Computadoras,2026-1,73.5,6.3,58.5,3,10.1,9.3,15.9
E02266,Franco Zapata,Redes de Computadoras,2025-2,52.1,5.6,47.8,2,11.9,10.0,9.6
E02267,Julio Alva,Lenguajes de Programación,2025-2,65.0,4.8,78.9,3,10.3,8.8,12.3
E02268,Estefanía Paredes,Redes de Computadoras,2025-2,72.3,12.4,99.0,4,10.7,11.1,7.4
E02269,Renata Ponce,Matemática Discreta,2026-1,,9.5,100,4,11.0,18.4,15.7
E02270,Tomás Cárdenas,Lenguajes de Programación,2025-2,100,5.6,74.0,3,11.7,10.2,15.7
E02271,Sebastián Zapata,Base de Datos,2025-2,69.3,7.0,64.1,5,3.4,9.2,5.6
E02272,Luis Alva,Estructuras de Datos,2025-2,49.9,4.1,77.4,3,10.5,13.8,11.6
E02273,Andrés Cabrera,Base de Datos,2026-1,58.1,2.0,78.5,1,12.8,12.7,10.0
E02274,Adrián Herrera,Estructuras de Datos,2025-2,92.5,6.8,75.1,4,13.0,16.7,12.7
E02275,Paula Castillo,Estructuras de Datos,2025-2,63.3,11.7,54.0,2,18.7,17.0,16.0
E02276,Sofía Sánchez,Redes de Computadoras,2026-1,83.5,11.3,66.9,3,18.0,16.3,20
E02277,María Cabrera,Redes de Computadoras,2026-1,86.0,7.7,,3,13.1,17.7,14.0
E02278,Valeria Palomino,Matemática Discreta,2026-1,62.0,1.8,100,5,6.7,7.2,10.1
E02279,Sofía Vega,Redes de Computadoras,2025-2,61.0,6.4,33.9,2,14.0,15.9,17.4
E02280,Milagros Delgado,Matemática Discreta,2025-2,52.4,8.6,48.1,4,15.7,10.6,11.4
E02281,Valentina Mamani,Matemática Discreta,2026-1,84.6,10.4,66.2,3,15.7,19.9,20
E02282,Paula Zapata,Lenguajes de Programación,2025-2,58.0,1.4,86.0,4,9.7,12.7,11.6
E02283,Sebastián Chávez,Estructuras de Datos,2025-2,77.3,0,62.9,2,16.3,15.6,17.8
E02284,Fabián Torres,Matemática Discreta,2025-2,87.1,1.9,56.3,2,15.8,12.9,12.0
E02285,Bruno Cárdenas,Estructuras de Datos,2025-2,65.6,12.9,100,4,13.8,9.6,13.0
E02286,Jorge Alva,Redes de Computadoras,2025-2,76.1,8.9,63.4,3,12.3,13.0,13.5
E02287,Sofía Ramírez,Lenguajes de Programación,2025-2,62.5,10.7,87.1,4,13.8,20,18.8
E02288,Sofía Chávez,Estructuras de Datos,2026-1,49.4,0.0,65.2,2,16.6,11.4,15.4
E02289,Sofía Vega,Matemática Discreta,2025-2,72.4,7.9,85.3,3,20,12.5,14.5
E02290,Fernanda Soto,Base de Datos,2025-2,41.1,2.7,81.0,3,4.4,9.8,6.6
E02291,Lucía López,Base de Datos,2025-2,83.4,10.2,100,4,13.4,14.5,8.7
E02292,Fernanda Soto,Matemática Discreta,2025-2,70.5,1.4,78.5,5,13.1,12.6,16.6
E02293,Joaquín Ortiz,Redes de Computadoras,2025-2,87.6,3.3,47.4,2,18.0,14.7,10.8
E02294,Ximena Rojas,Lenguajes de Programación,2025-2,35.0,5.5,94.1,1,11.6,13.3,11.2
E02295,Emilio Castillo,Base de Datos,2025-2,93.4,5.7,58.0,4,20,20,20
E02296,Natalia Mendoza,Lenguajes de Programación,2025-2,77.6,7.4,96.1,1,15.5,18.2,16.6
E02297,Ana Rodríguez,Base de Datos,2026-1,34.7,4.8,66.7,3,8.8,7.2,7.7
E02298,Sofía Pérez,Base de Datos,2026-1,84.5,4.7,59.8,2,20,15.2,20
E02299,Vicente Huamán,Estructuras de Datos,2025-2,98.7,10.4,56.7,3,6.9,10.3,7.5
E02300,Ana Cabrera,Matemática Discreta,2025-2,71.9,6.6,70.8,1,18.2,20,20
E02301,Renata Salazar,Estructuras de Datos,2025-2,69.1,5.3,59.4,2,11.8,12.1,13.1
E02302,Nicolás Huamán,Estructuras de Datos,2026-1,46.2,4.9,82.5,5,4.7,0,4.5
E02303,Fabián Espinoza,Redes de Computadoras,2025-2,52.7,8.5,28.3,1,15.9,16.9,19.4
E02304,Lucía Sánchez,Matemática Discreta,2026-1,85.6,9.2,87.9,4,12.5,10.5,16.1
E02305,Nicolás Ortiz,Matemática Discreta,2025-2,88.2,8.2,65.8,2,11.1,13.4,16.1
E02306,Bruno Paredes,Estructuras de Datos,2025-2,50.6,4.8,54.4,2,13.5,15.0,15.0
E02307,Rodrigo Vargas,Matemática Discreta,2026-1,65.5,8.4,94.5,2,14.1,7.6,10.2
E02308,Vicente Gutiérrez,Redes de Computadoras,2025-2,83.0,9.4,81.3,3,9.5,10.3,9.4
E02309,Paula Cruz,Matemática Discreta,2026-1,74.8,10.0,73.4,1,18.1,14.6,12.9
E02310,Adrián Mamani,Estructuras de Datos,2025-2,81.8,3.6,,3,17.6,15.7,14.4
E02311,Andrés García,Base de Datos,2025-2,56.6,3.1,54.4,4,13.3,11.2,8.5
E02312,Martina Aguilar,Lenguajes de Programación,2026-1,88.2,10.5,98.6,3,9.9,8.9,14.7
E02313,Fabián Soto,Lenguajes de Programación,2026-1,69.7,12.2,40.2,2,17.2,12.4,16.7
E02314,Renata López,Base de Datos,2026-1,67.6,10.2,46.2,2,5.3,16.3,8.1
E02315,Alejandra Cabrera,Redes de Computadoras,2025-2,68.4,4.8,71.7,3,15.0,12.7,13.4
E02316,Vicente Cruz,Base de Datos,2026-1,79.0,1.1,58.5,2,12.6,12.8,16.6
E02317,Bruno Cárdenas,Base de Datos,2025-2,87.6,2.9,73.6,4,8.5,7.3,5.6
E02318,Adrián Rojas,Estructuras de Datos,2026-1,58.5,1.2,55.6,2,6.6,5.6,10.2
E02319,Luis Alva,Estructuras de Datos,2025-2,76.7,1.9,70.5,4,11.7,14.0,13.5
E02320,Lucía Alva,Matemática Discreta,2026-1,68.1,2.5,39.1,2,18.9,16.6,19.2
E02321,Carlos Ponce,Base de Datos,2025-2,80.5,7.0,91.4,2,17.5,15.5,11.1
E02322,Rosa Vega,Lenguajes de Programación,2025-2,68.8,0.2,78.3,3,6.2,12.3,9.7
E02323,Sofía Zapata,Estructuras de Datos,2025-2,83.6,0,81.6,3,11.0,10.5,6.3
E02324,Renata Medina,Estructuras de Datos,2026-1,69.3,5.1,50.0,4,10.6,6.3,6.6
E02325,Isabela Alva,Estructuras de Datos,2025-2,86.1,10.9,100,3,15.4,17.6,12.9
E02326,Ana Medina,Estructuras de Datos,2025-2,86.3,4.2,79.0,1,8.7,13.0,6.5
E02327,Martina Ramírez,Estructuras de Datos,2026-1,46.6,6.5,93.4,4,11.1,12.1,9.1
E02328,Paula Mamani,Base de Datos,2026-1,52.0,0.7,88.0,3,13.6,15.2,14.9
E02329,Diego Delgado,Lenguajes de Programación,2025-2,69.7,10.4,66.5,3,6.8,,5.9
E02330,Lucía Delgado,Matemática Discreta,2025-2,66.8,10.5,60.6,3,11.2,9.8,11.7
E02331,Fernanda Castillo,Redes de Computadoras,2026-1,76.1,1.8,79.1,4,19.9,14.0,16.8
E02332,Ximena Chávez,Estructuras de Datos,2026-1,54.7,1.0,100,2,4.9,10.3,8.2
E02333,Vicente Rojas,Lenguajes de Programación,2026-1,91.3,8.8,86.3,3,20,18.2,15.1
E02334,Rosa Huamán,Redes de Computadoras,2026-1,86.3,3.8,59.8,1,10.8,7.2,3.8
E02335,Julio Alva,Base de Datos,2025-2,50.6,2.9,62.3,3,20,20,19.5
E02336,Franco Ponce,Estructuras de Datos,2025-2,82.6,5.7,89.7,5,9.1,9.9,9.9
E02337,Julio Cárdenas,Estructuras de Datos,2025-2,64.4,2.9,73.9,2,12.9,11.8,12.7
E02338,Milagros Mamani,Base de Datos,2025-2,48.8,0,84.8,4,15.2,12.4,19.1
E02339,Renata Flores,Base de Datos,2025-2,87.5,3.7,58.2,3,14.5,13.3,14.9
E02340,Estefanía Ramírez,Matemática Discreta,2025-2,68.7,5.0,92.2,1,13.2,9.8,12.4
E02341,Emilio Chávez,Estructuras de Datos,2025-2,86.1,6.8,75.0,3,11.5,9.1,15.7
E02342,Mateo Medina,Lenguajes de Programación,2026-1,54.9,4.3,100.0,1,8.6,7.9,7.6
E02343,Paula Vega,Matemática Discreta,2026-1,83.2,2.8,,3,14.4,18.7,16.2
E02344,Tomás Aguilar,Lenguajes de Programación,2025-2,59.1,13.2,30.8,3,15.5,12.6,10.7
E02345,Emilio Palomino,Estructuras de Datos,2026-1,85.7,8.0,80.4,2,8.5,14.3,15.1
E02346,Alejandra Castillo,Base de Datos,2025-2,96.4,8.4,57.7,3,16.8,20,20
E02347,Valentina López,Lenguajes de Programación,2025-2,92.3,4.1,73.2,3,8.0,3.6,7.9
E02348,Rosa Herrera,Matemática Discreta,2025-2,54.1,3.5,97.8,3,17.1,14.6,12.2
E02349,Estefanía Gutiérrez,Lenguajes de Programación,2026-1,59.1,2.5,70.8,4,9.4,8.1,11.6
E02350,Mateo Mamani,Redes de Computadoras,2026-1,63.7,9.0,66.6,5,19.9,17.2,18.8
E02351,Alonso Cabrera,Redes de Computadoras,2026-1,94.0,7.2,,3,15.3,10.3,11.9
E02352,Carlos Reyes,Redes de Computadoras,2025-2,39.7,0.5,74.7,3,11.7,12.1,7.0
E02353,Emilia Mamani,Lenguajes de Programación,2026-1,73.2,6.6,66.9,3,13.1,9.9,13.5
E02354,Alonso López,Base de Datos,2025-2,81.3,5.4,22.4,1,7.9,8.1,7.8
E02355,Ana Ramírez,Estructuras de Datos,2025-2,87.8,3.5,90.1,2,16.2,15.9,14.2
E02356,Franco Salazar,Lenguajes de Programación,2026-1,38.2,8.7,100,2,14.6,11.0,12.2
E02357,Daniela Rodríguez,Redes de Computadoras,2026-1,48.2,9.7,80.0,4,18.3,19.4,18.6
E02358,Camila Aguilar,Base de Datos,2026-1,77.4,1.1,75.0,2,4.8,6.5,9.2
E02359,Gabriela Paredes,Matemática Discreta,2026-1,,10.4,88.5,2,12.6,9.7,9.6
E02360,Sebastián Vargas,Estructuras de Datos,2025-2,73.9,8.7,51.5,3,5.5,9.9,7.4
E02361,Isabela Quispe,Base de Datos,2025-2,93.5,11.9,86.0,4,7.0,12.3,8.5
E02362,Martina Medina,Estructuras de Datos,2026-1,67.9,8.7,85.4,3,8.3,14.0,11.9
E02363,Isabela López,Lenguajes de Programación,2025-2,63.6,4.8,100,3,11.7,13.2,18.5
E02364,Miguel Torres,Matemática Discreta,2025-2,70.9,3.4,74.3,4,10.9,9.3,12.0
E02365,Martina Delgado,Estructuras de Datos,2025-2,68.8,2.1,98.7,3,11.3,17.0,16.2
E02366,Carlos Medina,Matemática Discreta,2025-2,64.7,7.8,72.3,5,11.5,7.0,12.7
E02367,Antonella Alva,Redes de Computadoras,2025-2,66.6,10.7,99.9,3,19.6,19.9,16.6
E02368,Camila Zapata,Estructuras de Datos,2025-2,80.0,4.5,49.8,5,9.7,9.1,12.0
E02369,Vicente Rivas,Matemática Discreta,2026-1,61.1,13.9,76.9,5,15.3,12.9,13.5
E02370,Lucía Soto,Matemática Discreta,2025-2,61.2,10.2,89.9,3,16.8,8.7,14.9
E02371,Ximena Rojas,Base de Datos,2025-2,70.4,5.4,73.2,1,9.8,20,18.9
E02372,Renata Vega,Estructuras de Datos,2025-2,55.2,10.0,77.9,4,17.4,16.9,11.9
E02373,Estefanía Flores,Matemática Discreta,2025-2,60.8,2.0,77.9,2,10.7,12.2,9.0
E02374,Valeria García,Base de Datos,2025-2,58.9,1.7,82.8,2,12.6,15.1,11.8
E02375,Julio Alva,Estructuras de Datos,2026-1,55.4,6.0,65.1,2,11.6,8.5,10.4
E02376,Fernanda Salazar,Matemática Discreta,2025-2,77.1,2.6,80.5,2,11.3,10.0,9.8
E02377,Ricardo Espinoza,Lenguajes de Programación,2026-1,76.5,5.2,67.0,3,12.1,9.8,12.6
E02378,Luis Ponce,Matemática Discreta,2026-1,71.6,8.0,63.1,3,7.7,9.7,12.2
E02379,Daniela López,Lenguajes de Programación,2026-1,61.0,8.8,64.2,3,10.3,11.2,14.4
E02380,Tomás Cárdenas,Redes de Computadoras,2026-1,43.2,12.0,31.4,3,9.7,11.0,12.9
E02381,Valentina Pérez,Matemática Discreta,2026-1,69.8,9.0,74.6,2,18.8,19.4,19.3
E02382,Manuel Herrera,Redes de Computadoras,2026-1,91.8,3.6,79.5,3,12.8,12.4,17.2
E02383,Manuel Rodríguez,Matemática Discreta,2025-2,63.8,5.6,74.9,3,20,17.4,20
E02384,Isabela López,Redes de Computadoras,2025-2,77.2,7.8,67.7,5,8.1,7.8,7.6
E02385,Mateo Torres,Matemática Discreta,2025-2,92.4,7.5,59.6,5,9.5,5.3,10.3
E02386,Valentina Sánchez,Matemática Discreta,2025-2,57.2,7.6,99.7,4,20,18.0,16.5
E02387,Luis Medina,Matemática Discreta,2026-1,64.0,9.6,57.2,4,13.2,12.4,15.6
E02388,Zoe Aguilar,Estructuras de Datos,2025-2,45.7,8.2,77.9,3,20,14.7,19.5
E02389,Ricardo Huamán,Estructuras de Datos,2026-1,100,3.4,89.1,4,17.2,17.5,20
E02390,Alonso Rodríguez,Base de Datos,2025-2,69.9,6.3,80.8,2,20,18.0,19.3
E02391,Julio Ramírez,Lenguajes de Programación,2025-2,79.7,4.4,80.0,2,13.9,15.7,14.7
E02392,Lucía Rodríguez,Redes de Computadoras,2026-1,93.5,4.9,73.9,3,14.1,15.1,15.3
E02393,María Cruz,Matemática Discreta,2026-1,85.3,4.4,43.3,3,13.7,12.7,16.1
E02394,Ximena Huamán,Redes de Computadoras,2026-1,59.8,7.2,54.7,2,14.2,12.0,10.4
E02395,Mateo Medina,Redes de Computadoras,2026-1,99.8,6.3,72.1,1,0.9,6.9,8.1
E02396,Joaquín Cruz,Lenguajes de Programación,2025-2,92.4,11.2,77.1,3,10.5,7.3,10.8
E02397,Julio Torres,Matemática Discreta,2025-2,51.5,9.4,33.9,4,7.8,10.7,9.7
E02398,Rodrigo Quispe,Lenguajes de Programación,2026-1,96.1,5.2,89.0,3,11.7,10.9,5.9
E02399,Sofía Medina,Redes de Computadoras,2025-2,99.0,7.3,75.8,2,20,19.6,18.6
E02400,Paula López,Matemática Discreta,2025-2,50.7,1.6,88.0,4,11.5,16.1,14.2
E02401,Sebastián Herrera,Redes de Computadoras,2025-2,100,4.6,100,3,9.3,6.8,9.0
E02402,Lucía Ortiz,Estructuras de Datos,2025-2,37.3,5.8,89.4,4,9.3,11.7,9.6
E02403,Nicolás Herrera,Base de Datos,2025-2,98.5,0.7,89.1,2,9.3,6.2,9.7
E02404,Camila Torres,Matemática Discreta,2026-1,73.4,3.7,100,1,12.8,13.0,10.7
E02405,Emilio Aguilar,Matemática Discreta,2025-2,69.3,6.4,90.0,4,19.6,17.3,20
E02406,Ximena Zapata,Estructuras de Datos,2025-2,80.6,3.9,83.8,3,9.7,12.2,9.8
E02407,Milagros Salazar,Matemática Discreta,2026-1,76.9,2.4,68.0,4,18.0,15.8,17.3
E02408,Nicolás Cárdenas,Base de Datos,2025-2,74.8,4.5,57.6,3,16.6,16.2,12.4
E02409,Adrián López,Lenguajes de Programación,2026-1,65.4,5.0,92.7,3,16.3,11.6,15.6
E02410,Ricardo Zapata,Matemática Discreta,2025-2,92.4,4.0,52.4,2,11.4,12.2,9.2
E02411,Sofía Cabrera,Redes de Computadoras,2025-2,60.4,10.1,66.7,4,15.5,10.0,17.0
E02412,Luis Salazar,Estructuras de Datos,2025-2,78.0,4.2,75.8,3,,10.6,11.7
E02413,Tomás García,Lenguajes de Programación,2025-2,60.6,1.0,75.9,4,11.8,15.0,10.4
E02414,Joaquín Ramírez,Estructuras de Datos,2026-1,73.9,6.4,34.9,4,7.2,11.1,9.3
E02415,Julio Sánchez,Estructuras de Datos,2026-1,63.7,0,80.6,2,10.3,9.8,9.2
E02416,Diego Mamani,Lenguajes de Programación,2025-2,58.1,7.4,71.4,5,20,18.0,20
E02417,Rosa Cárdenas,Lenguajes de Programación,2026-1,50.0,2.8,49.7,1,12.9,12.8,10.0
E02418,Milagros Paredes,Estructuras de Datos,2026-1,47.1,5.7,52.9,3,15.9,15.6,15.2
E02419,Camila Castillo,Redes de Computadoras,2025-2,67.4,8.4,48.0,5,16.1,15.5,16.8
E02420,Lucía Cabrera,Estructuras de Datos,2025-2,83.5,10.6,70.2,3,14.5,11.7,9.4
E02421,Mateo Herrera,Estructuras de Datos,2026-1,99.9,2.7,82.0,3,11.7,10.1,9.7
E02422,Zoe Cruz,Base de Datos,2025-2,59.3,2.0,85.4,3,12.1,20,18.5
E02423,Adrián Zapata,Redes de Computadoras,2025-2,71.0,9.4,73.7,3,17.4,15.6,14.8
E02424,Nicolás Vega,Base de Datos,2025-2,62.1,4.4,84.6,3,18.5,12.9,15.3
E02425,Ana Zapata,Matemática Discreta,2025-2,82.4,6.4,100,2,5.6,13.0,6.8
E02426,Luis Herrera,Estructuras de Datos,2026-1,66.6,15.8,45.0,4,14.7,16.3,11.2
E02427,Milagros Ponce,Base de Datos,2026-1,39.6,5.3,87.9,4,13.8,11.4,14.0
E02428,Andrés Flores,Lenguajes de Programación,2026-1,100,6.8,62.5,3,19.5,19.8,20
E02429,Fernanda Pérez,Estructuras de Datos,2025-2,58.5,7.7,71.8,2,9.5,10.2,6.6
E02430,Zoe Cruz,Lenguajes de Programación,2025-2,42.8,4.2,69.5,3,5.8,6.3,12.4
E02431,Natalia Rivas,Base de Datos,2026-1,81.3,4.5,74.0,3,3.7,7.1,8.9
E02432,Isabela Espinoza,Matemática Discreta,2026-1,45.5,4.4,73.1,1,12.8,15.2,15.5
E02433,Manuel Sánchez,Base de Datos,2026-1,83.6,5.0,79.4,3,14.6,16.0,18.0
E02434,Alonso Vega,Redes de Computadoras,2026-1,92.1,5.9,90.7,5,8.4,9.2,4.3
E02435,Estefanía Quispe,Lenguajes de Programación,2026-1,81.2,2.7,83.6,3,18.2,,16.8
E02436,Valeria Ramírez,Lenguajes de Programación,2026-1,71.2,3.4,100,5,13.6,15.9,11.1
E02437,Rodrigo Reyes,Redes de Computadoras,2026-1,63.8,2.4,100,3,12.7,20,19.9
E02438,Iván Alva,Matemática Discreta,2025-2,100,6.4,55.1,4,13.6,16.4,18.6
E02439,Alonso Mamani,Base de Datos,2025-2,92.8,5.3,82.7,3,13.8,10.5,15.7
E02440,Andrés Vega,Base de Datos,2026-1,64.1,9.5,67.4,4,19.1,12.7,14.7
E02441,Iván Rodríguez,Base de Datos,2026-1,79.5,4.3,87.8,2,16.1,13.1,17.4
E02442,Sofía Vargas,Estructuras de Datos,2026-1,44.0,6.5,52.9,4,17.4,17.7,13.3
E02443,Bruno Espinoza,Redes de Computadoras,2026-1,100,6.9,70.8,3,9.0,10.2,12.6
E02444,Bruno Mamani,Estructuras de Datos,2026-1,65.9,4.6,69.2,3,7.2,9.5,10.8
E02445,Iván Chávez,Lenguajes de Programación,2025-2,64.5,9.9,100,3,9.1,17.8,10.2
E02446,Bruno Chávez,Lenguajes de Programación,2026-1,72.6,1.9,100,3,12.8,7.6,5.2
E02447,Paula Vega,Lenguajes de Programación,2025-2,68.1,5.1,54.6,4,11.6,10.5,9.9
E02448,Natalia Quispe,Redes de Computadoras,2025-2,77.1,0,87.7,5,10.9,6.3,14.3
E02449,Antonella Castillo,Lenguajes de Programación,2026-1,80.8,8.0,56.0,1,12.8,16.9,17.4
E02450,Rosa Vega,Estructuras de Datos,2025-2,65.4,0,79.3,1,15.4,20,16.8
E02451,Luis Delgado,Base de Datos,2025-2,62.0,0.5,66.0,3,17.5,14.8,12.4
E02452,Ximena Reyes,Lenguajes de Programación,2025-2,73.6,9.1,96.2,3,10.7,7.7,7.2
E02453,Emilia Medina,Base de Datos,2026-1,61.4,13.4,,3,6.9,12.4,6.5
E02454,Lucía Salazar,Redes de Computadoras,2026-1,100,7.3,53.1,1,19.6,17.7,20
E02455,Antonella Cabrera,Matemática Discreta,2026-1,62.7,8.1,87.0,5,11.6,14.8,11.6
E02456,Daniela Vargas,Matemática Discreta,2025-2,60.4,4.9,45.5,4,7.5,11.1,13.2
E02457,Valeria Salazar,Estructuras de Datos,2026-1,65.3,8.1,87.9,5,8.3,14.2,9.9
E02458,Valentina Salazar,Lenguajes de Programación,2025-2,61.8,4.0,39.7,1,12.7,19.8,14.7
E02459,Franco Vargas,Base de Datos,2026-1,60.2,6.7,88.3,3,15.2,15.7,13.7
E02460,Jorge Vega,Base de Datos,2025-2,78.1,12.2,78.7,2,1.0,8.1,4.1
E02461,Sebastián Ramírez,Redes de Computadoras,2025-2,83.3,7.3,60.6,2,13.3,17.8,13.5
E02462,Ana Mendoza,Base de Datos,2026-1,83.9,9.5,97.4,4,16.6,11.5,15.1
E02463,Andrés Vargas,Matemática Discreta,2026-1,55.0,0.5,100,2,16.4,13.4,13.0
E02464,Renata Paredes,Estructuras de Datos,2025-2,52.6,3.8,56.3,2,9.8,15.8,11.7
E02465,María Salazar,Estructuras de Datos,2026-1,58.8,5.4,74.6,2,12.9,10.3,15.1
E02466,Jorge Chávez,Estructuras de Datos,2025-2,50.2,1.9,67.7,4,13.1,11.9,18.9
E02467,Fabián Castillo,Matemática Discreta,2025-2,90.0,5.0,60.9,1,14.9,17.6,12.9
E02468,Gabriela Cruz,Matemática Discreta,2025-2,71.5,0,91.4,2,13.8,10.3,13.3
E02469,Adrián Ponce,Estructuras de Datos,2025-2,63.9,7.2,96.0,2,10.3,12.5,14.2
E02470,Estefanía Castillo,Lenguajes de Programación,2025-2,93.5,6.5,92.2,5,12.3,16.5,14.8
E02471,Lucía Quispe,Base de Datos,2025-2,58.5,2.9,51.8,5,10.9,6.9,7.6
E02472,Martina Vega,Estructuras de Datos,2025-2,99.6,11.0,70.8,3,7.9,16.1,14.1
E02473,Adrián Vega,Lenguajes de Programación,2025-2,43.4,7.4,40.9,4,15.6,18.2,17.8
E02474,Paula Huamán,Matemática Discreta,2025-2,77.1,1.7,52.7,1,17.6,12.3,18.9
E02475,Franco Chávez,Redes de Computadoras,2025-2,100,5.0,64.7,2,17.7,18.8,13.8
E02476,Emilio Vega,Lenguajes de Programación,2025-2,89.4,10.2,98.8,3,9.6,5.0,7.2
E02477,Mateo Vargas,Redes de Computadoras,2026-1,96.0,11.5,77.2,5,,12.9,12.7
E02478,Emilio Reyes,Lenguajes de Programación,2025-2,63.2,4.1,91.6,2,14.1,10.8,16.5
E02479,Fabián López,Base de Datos,2026-1,79.4,13.0,63.5,2,15.6,16.4,18.9
E02480,Fernanda Reyes,Base de Datos,2026-1,74.1,8.0,100,4,19.0,17.4,13.4
E02481,Martina Flores,Base de Datos,2026-1,63.7,9.7,84.4,2,17.1,15.6,17.6
E02482,Alonso Castillo,Estructuras de Datos,2026-1,43.7,3.3,60.6,3,20,20,20
E02483,Manuel Rojas,Base de Datos,2026-1,81.6,4.9,87.1,4,13.4,4.7,10.7
E02484,Natalia Chávez,Estructuras de Datos,2025-2,69.4,9.6,39.9,4,12.0,16.8,7.2
E02485,Sofía Soto,Redes de Computadoras,2026-1,42.3,0,66.4,2,13.3,18.8,12.8
E02486,Fabián Salazar,Matemática Discreta,2025-2,76.8,7.6,88.7,3,11.1,17.5,13.5
E02487,Vicente Ponce,Redes de Computadoras,2026-1,75.9,4.1,96.2,2,14.5,8.1,5.8
E02488,Vicente Huamán,Redes de Computadoras,2026-1,37.6,4.5,44.7,4,7.9,5.8,9.0
E02489,Ana Delgado,Estructuras de Datos,2025-2,92.2,4.4,97.7,4,7.6,10.2,11.5
E02490,Franco Zapata,Base de Datos,2025-2,55.9,8.2,67.8,3,12.7,14.3,11.7
E02491,Manuel Soto,Estructuras de Datos,2026-1,25.4,6.1,51.1,5,13.7,12.2,12.8
E02492,Julio Reyes,Lenguajes de Programación,2025-2,68.1,13.8,56.0,2,11.7,15.3,10.6
E02493,Ricardo López,Estructuras de Datos,2026-1,100,2.3,82.0,3,10.1,9.3,7.1
E02494,Gabriela Ramírez,Lenguajes de Programación,2025-2,74.0,2.1,100,4,13.5,12.1,15.8
E02495,Bruno Cárdenas,Redes de Computadoras,2026-1,60.3,8.3,56.7,1,12.9,10.1,13.6
E02496,Joaquín Castillo,Matemática Discreta,2025-2,49.5,3.6,72.9,3,10.5,12.8,16.1
E02497,Franco Pérez,Lenguajes de Programación,2026-1,21.5,6.1,96.8,3,11.0,16.6,11.8
E02498,Sofía Palomino,Matemática Discreta,2026-1,97.7,5.5,57.8,2,16.7,8.2,9.7
E02499,Gabriela Flores,Estructuras de Datos,2025-2,82.3,7.0,100,2,7.3,8.2,11.4
E02500,Franco Palomino,Matemática Discreta,2026-1,83.0,10.0,65.6,2,13.2,6.5,10.1
E02501,Jorge Gutiérrez,Estructuras de Datos,2026-1,64.6,7.1,85.4,4,15.3,14.5,12.0
E02502,Bruno Aguilar,Matemática Discreta,2025-2,76.1,0.8,100,3,10.1,8.5,9.3
E02503,Carlos Rojas,Base de Datos,2025-2,70.5,1.3,96.6,1,11.6,15.2,13.7
E02504,Daniela Mamani,Lenguajes de Programación,2026-1,83.9,5.2,56.0,3,18.7,17.3,17.0
E02505,Lucía Ramírez,Matemática Discreta,2025-2,71.4,2.8,62.5,3,13.7,18.4,17.4
E02506,Tomás Ramírez,Estructuras de Datos,2026-1,66.9,6.5,92.3,3,16.1,11.8,11.6
E02507,María Pérez,Estructuras de Datos,2025-2,90.3,1.8,87.6,3,20,17.9,9.6
E02508,Diego Rojas,Estructuras de Datos,2026-1,96.6,6.4,100,2,12.4,13.2,15.8
E02509,Zoe Castillo,Lenguajes de Programación,2026-1,66.9,4.8,70.5,4,12.4,12.3,9.1
E02510,Mateo Rodríguez,Redes de Computadoras,2026-1,53.1,11.9,67.8,4,7.2,9.7,10.1
E02511,María García,Redes de Computadoras,2025-2,75.8,6.3,79.2,4,13.0,14.3,14.0
E02512,Fabián Vargas,Matemática Discreta,2025-2,99.2,2.1,78.9,3,8.8,17.1,16.6
E02513,Bruno Rivas,Redes de Computadoras,2026-1,96.8,1.2,48.9,4,14.1,13.5,13.8
E02514,Mateo Cruz,Base de Datos,2026-1,76.8,12.5,92.6,3,18.4,17.7,18.8
E02515,Sofía Ortiz,Redes de Computadoras,2025-2,84.3,1.0,100,2,17.6,15.4,15.0
E02516,Adrián Quispe,Matemática Discreta,2026-1,71.7,1.7,95.3,2,9.9,11.7,14.4
E02517,Adrián Sánchez,Matemática Discreta,2025-2,65.3,4.8,73.1,4,5.3,10.9,10.7
E02518,Franco Gutiérrez,Lenguajes de Programación,2026-1,88.3,10.5,51.5,4,13.1,19.8,14.5
E02519,Miguel Mamani,Base de Datos,2026-1,64.0,4.7,57.0,3,7.0,6.4,6.0
E02520,Tomás Torres,Lenguajes de Programación,2025-2,49.2,3.5,100,4,6.4,8.2,10.1
E02521,Fabián Vega,Redes de Computadoras,2026-1,69.8,3.1,74.8,2,14.9,18.0,8.1
E02522,Vicente García,Estructuras de Datos,2026-1,69.8,4.9,59.8,3,17.5,18.9,17.9
E02523,Tomás Mendoza,Matemática Discreta,2026-1,23.9,3.7,51.4,1,9.1,7.1,6.0
E02524,Carlos Mendoza,Redes de Computadoras,2025-2,83.5,5.2,79.7,3,10.6,14.7,10.5
E02525,Rosa Palomino,Base de Datos,2025-2,69.4,8.1,61.1,3,17.1,18.5,11.7
E02526,Andrés Mamani,Matemática Discreta,2025-2,55.3,0,100,3,19.3,17.2,14.6
E02527,Diego Alva,Matemática Discreta,2025-2,75.6,8.3,59.5,3,14.2,17.5,19.0
E02528,Sebastián Cabrera,Estructuras de Datos,2025-2,72.3,11.9,53.4,3,20,20,20
E02529,Julio Castillo,Base de Datos,2026-1,25.4,2.3,,3,14.7,16.2,15.8
E02530,Jorge Gutiérrez,Matemática Discreta,2025-2,81.3,1.5,87.9,3,13.4,8.2,9.9
E02531,Alonso Medina,Lenguajes de Programación,2025-2,100,4.6,70.2,3,16.4,16.6,18.8
E02532,Emilio Ramírez,Base de Datos,2025-2,38.6,7.4,62.1,4,15.7,16.1,20
E02533,Rosa Alva,Lenguajes de Programación,2026-1,48.3,5.3,96.3,3,20,14.3,20
E02534,Gabriela Ortiz,Estructuras de Datos,2026-1,85.0,7.0,81.6,2,14.0,11.2,15.9
E02535,Miguel Delgado,Lenguajes de Programación,2026-1,35.3,5.7,58.2,2,17.0,13.5,13.0
E02536,Camila Medina,Estructuras de Datos,2025-2,85.7,7.4,99.2,1,14.9,15.0,13.9
E02537,Emilia Chávez,Redes de Computadoras,2026-1,97.5,11.9,70.3,4,17.5,16.2,13.5
E02538,Miguel Rodríguez,Estructuras de Datos,2026-1,78.5,4.9,64.7,5,14.7,13.9,17.3
E02539,Ximena Salazar,Redes de Computadoras,2026-1,58.9,3.6,72.3,3,20,20,18.4
E02540,María Quispe,Lenguajes de Programación,2025-2,85.8,0.1,52.5,4,15.6,17.5,17.7
E02541,Isabela Castillo,Base de Datos,2026-1,78.2,3.2,37.5,4,9.8,7.7,10.0
E02542,Vicente Ramírez,Estructuras de Datos,2026-1,84.7,0.1,58.1,4,11.8,11.0,14.8
E02543,Emilio Palomino,Matemática Discreta,2026-1,67.9,2.7,70.1,2,20,18.1,16.7
E02544,Rodrigo Sánchez,Redes de Computadoras,2025-2,84.7,4.7,91.2,2,9.6,11.1,11.1
E02545,Sofía Mendoza,Estructuras de Datos,2026-1,76.7,7.5,73.1,4,18.7,14.3,19.8
E02546,María Salazar,Base de Datos,2026-1,95.3,7.1,76.2,1,18.3,16.1,14.1
E02547,Ricardo Castillo,Lenguajes de Programación,2025-2,89.1,7.1,93.7,3,13.1,11.1,11.3
E02548,Zoe Cruz,Matemática Discreta,2025-2,44.5,8.3,39.5,5,14.4,14.6,15.8
E02549,Alonso Chávez,Base de Datos,2025-2,92.6,11.9,70.8,2,13.4,18.4,14.9
E02550,Ricardo Torres,Lenguajes de Programación,2025-2,84.6,5.0,58.7,2,20,15.2,15.7
E02551,Gabriela Aguilar,Redes de Computadoras,2026-1,43.0,5.4,52.8,5,14.8,12.1,14.0
E02552,Alejandra Flores,Base de Datos,2026-1,94.7,4.6,79.4,5,10.2,13.7,9.9
E02553,Fabián Sánchez,Estructuras de Datos,2025-2,77.9,5.7,60.5,3,11.7,7.8,12.5
E02554,Gabriela Reyes,Estructuras de Datos,2025-2,100,9.2,80.1,3,14.1,13.6,13.2
E02555,Franco Flores,Base de Datos,2025-2,84.4,1.6,66.7,2,10.1,11.9,9.2
E02556,Milagros Zapata,Estructuras de Datos,2025-2,35.0,5.1,100,2,20,16.1,15.1
E02557,Andrés Rodríguez,Matemática Discreta,2025-2,71.7,7.8,33.2,3,12.5,11.0,15.1
E02558,Nicolás Chávez,Redes de Computadoras,2025-2,88.0,4.7,75.9,3,12.1,11.4,8.9
E02559,Daniela Palomino,Estructuras de Datos,2025-2,49.9,8.3,92.1,2,18.9,16.2,15.7
E02560,Ana García,Base de Datos,2026-1,50.3,7.4,70.7,3,14.9,16.6,13.6
E02561,Milagros Quispe,Lenguajes de Programación,2026-1,64.7,5.5,88.4,3,14.5,14.6,18.8
E02562,Paula Gutiérrez,Estructuras de Datos,2025-2,62.3,5.7,100,3,11.6,19.8,12.8
E02563,Andrés Sánchez,Redes de Computadoras,2026-1,73.6,15.3,56.5,4,11.8,6.3,7.3
E02564,Fabián Zapata,Base de Datos,2026-1,53.5,7.5,46.4,4,13.6,16.8,12.7
E02565,Estefanía Zapata,Redes de Computadoras,2026-1,62.9,2.9,55.3,2,9.5,12.3,12.0
E02566,Rodrigo Rivas,Base de Datos,2026-1,96.7,5.3,72.6,3,15.2,16.0,13.2
E02567,Zoe Flores,Lenguajes de Programación,2025-2,58.0,10.0,100,3,17.6,17.3,20
E02568,Franco Paredes,Estructuras de Datos,2025-2,79.0,6.1,78.2,3,15.3,11.9,15.7
E02569,María Zapata,Redes de Computadoras,2026-1,97.7,12.2,72.9,5,8.7,11.3,9.6
E02570,Zoe Herrera,Matemática Discreta,2025-2,68.1,7.7,73.4,3,12.2,6.1,12.8
E02571,Isabela Rodríguez,Estructuras de Datos,2026-1,47.4,4.2,58.7,5,6.8,0,2.2
E02572,Alonso Salazar,Lenguajes de Programación,2025-2,77.8,10.2,94.8,3,11.0,9.3,8.8
E02573,Andrés Medina,Base de Datos,2026-1,74.2,8.0,91.3,3,10.3,6.2,4.6
E02574,Camila Mendoza,Estructuras de Datos,2025-2,50.8,7.8,84.7,2,13.8,14.2,12.5
E02575,Alejandra Cárdenas,Base de Datos,2026-1,90.0,10.8,75.4,2,13.4,11.8,7.5
E02576,Andrés Paredes,Lenguajes de Programación,2026-1,90.3,8.0,77.1,2,8.7,15.0,8.8
E02577,Paula Castillo,Lenguajes de Programación,2026-1,58.6,1.6,46.3,2,8.5,13.4,9.7
E02578,Jorge Huamán,Estructuras de Datos,2026-1,61.6,1.8,84.9,1,11.3,9.1,10.0
E02579,Luis Delgado,Base de Datos,2026-1,78.2,9.7,83.9,4,12.5,13.4,15.5
E02580,Jorge Salazar,Base de Datos,2026-1,98.5,9.8,76.3,4,19.9,16.0,15.3
E02581,Rodrigo Ponce,Redes de Computadoras,2026-1,44.2,5.5,73.3,3,8.6,14.1,11.9
E02582,Diego García,Matemática Discreta,2026-1,67.8,8.1,55.8,1,12.7,9.5,13.1
E02583,Lucía Alva,Base de Datos,2025-2,89.1,4.3,71.7,4,11.4,10.9,5.7
E02584,Daniela Espinoza,Estructuras de Datos,2025-2,60.6,5.6,74.3,3,16.9,17.2,17.3
E02585,Fabián Castillo,Base de Datos,2025-2,61.2,15.8,69.0,4,12.0,7.8,9.1
E02586,Milagros Sánchez,Lenguajes de Programación,2025-2,90.7,5.3,70.5,1,20,15.7,18.5
E02587,María Paredes,Matemática Discreta,2026-1,58.8,4.4,82.9,4,13.5,5.4,13.6
E02588,Fabián Herrera,Lenguajes de Programación,2026-1,89.7,4.9,89.9,3,17.5,13.2,15.6
E02589,Martina Mendoza,Base de Datos,2026-1,72.3,5.9,64.8,4,14.3,13.8,10.4
E02590,Estefanía Palomino,Matemática Discreta,2025-2,100,8.7,87.4,4,12.1,15.8,15.5
E02591,Sofía Mendoza,Matemática Discreta,2025-2,49.9,1.3,64.8,3,10.7,8.5,6.3
E02592,Zoe Vargas,Estructuras de Datos,2026-1,86.1,4.6,55.9,3,13.1,9.4,7.4
E02593,Antonella Aguilar,Base de Datos,2025-2,83.9,7.2,47.9,2,15.2,13.3,8.6
E02594,Tomás Vargas,Base de Datos,2026-1,59.2,5.8,66.8,3,19.9,18.3,20
E02595,Jorge Paredes,Base de Datos,2026-1,78.1,10.1,68.6,3,11.4,16.1,13.6
E02596,Jorge Torres,Matemática Discreta,2025-2,77.6,3.6,83.8,5,6.8,15.3,11.7
E02597,Bruno Torres,Estructuras de Datos,2025-2,76.3,10.5,80.3,2,17.4,19.5,18.4
E02598,Miguel Huamán,Base de Datos,2025-2,57.1,6.6,70.8,1,12.1,5.6,9.1
E02599,Lucía Cabrera,Matemática Discreta,2025-2,63.9,1.6,90.7,4,,14.4,14.4
E02600,Milagros Gutiérrez,Estructuras de Datos,2026-1,64.2,5.6,87.9,5,13.1,11.5,12.5
E02601,Milagros Alva,Matemática Discreta,2026-1,100,12.2,59.3,5,15.0,19.2,16.6
E02602,Iván Alva,Redes de Computadoras,2025-2,47.6,3.3,82.6,3,13.1,16.4,14.4
E02603,Andrés Mendoza,Estructuras de Datos,2026-1,57.5,6.5,67.0,3,9.1,6.3,5.1
E02604,Carlos Ramírez,Base de Datos,2025-2,90.0,5.1,69.9,1,11.7,14.5,13.5
E02605,Isabela Torres,Matemática Discreta,2025-2,65.6,2.8,100,5,14.6,14.9,12.7
E02606,Diego Cabrera,Lenguajes de Programación,2025-2,97.6,4.5,58.8,2,10.8,18.4,12.2
E02607,Martina Zapata,Estructuras de Datos,2025-2,74.5,0.3,77.8,2,13.1,14.1,12.3
E02608,Daniela Salazar,Estructuras de Datos,2025-2,,0.7,55.8,3,9.4,8.2,9.6
E02609,Nicolás Soto,Matemática Discreta,2025-2,78.3,1.3,57.2,2,10.4,8.8,5.4
E02610,Zoe Medina,Estructuras de Datos,2025-2,52.7,0,58.3,4,18.0,18.3,18.4
E02611,Nicolás Pérez,Redes de Computadoras,2025-2,70.0,9.7,85.2,5,16.4,9.6,18.0
E02612,Jorge Flores,Estructuras de Datos,2025-2,78.2,9.7,69.4,2,14.9,12.3,16.8
E02613,Ximena Salazar,Estructuras de Datos,2025-2,46.4,4.5,60.4,1,13.9,14.9,16.1
E02614,Valeria García,Redes de Computadoras,2025-2,69.0,11.9,69.7,3,10.0,10.0,6.3
E02615,Rosa Ortiz,Redes de Computadoras,2026-1,75.1,7.6,80.5,3,12.9,13.1,8.8
E02616,Adrián Rivas,Base de Datos,2025-2,76.2,8.8,53.9,2,15.7,10.7,9.6
E02617,Rosa Espinoza,Base de Datos,2026-1,90.3,7.7,69.3,5,14.2,13.2,12.4
E02618,Paula Rivas,Matemática Discreta,2025-2,66.6,5.2,45.1,1,7.5,8.4,9.9
E02619,Sebastián Salazar,Base de Datos,2025-2,88.8,6.2,98.8,2,12.7,19.0,15.4
E02620,María Castillo,Base de Datos,2025-2,48.9,6.6,75.7,2,15.5,20,17.9
E02621,Jorge Rivas,Redes de Computadoras,2025-2,57.2,5.0,83.2,4,16.6,19.6,19.3
E02622,Miguel Ortiz,Estructuras de Datos,2026-1,69.4,6.8,71.9,2,16.5,18.7,13.7
E02623,Alonso Espinoza,Estructuras de Datos,2025-2,67.1,6.7,90.5,5,10.5,13.9,8.0
E02624,Ana García,Base de Datos,2026-1,60.0,10.2,91.4,2,12.7,13.8,15.8
E02625,Alonso Espinoza,Redes de Computadoras,2026-1,63.1,4.7,64.6,4,12.7,11.9,11.4
E02626,Paula Vega,Base de Datos,2025-2,61.2,10.2,48.1,4,10.9,11.0,9.8
E02627,Ricardo Flores,Lenguajes de Programación,2026-1,86.2,0.2,67.9,1,13.5,16.6,15.4
E02628,Ana Vargas,Matemática Discreta,2025-2,89.4,8.4,87.0,1,19.4,14.6,13.7
E02629,Manuel Salazar,Lenguajes de Programación,2026-1,100,0.3,43.1,2,15.4,13.2,10.9
E02630,Natalia Flores,Redes de Computadoras,2025-2,100,7.5,72.5,3,10.3,12.3,13.2
E02631,Ximena Cruz,Lenguajes de Programación,2026-1,93.8,11.9,100,2,10.7,10.4,12.7
E02632,Estefanía Cruz,Lenguajes de Programación,2026-1,57.8,1.9,54.8,3,11.7,8.0,11.5
E02633,Rodrigo Castillo,Lenguajes de Programación,2026-1,72.5,2.3,87.9,2,16.9,15.1,17.7
E02634,Alejandra Delgado,Estructuras de Datos,2026-1,62.5,4.6,56.6,3,14.1,12.7,9.4
E02635,Franco Zapata,Lenguajes de Programación,2025-2,100,4.9,100,2,12.6,7.7,13.7
E02636,Nicolás Salazar,Matemática Discreta,2026-1,55.1,3.7,41.3,4,15.2,12.6,16.0
E02637,Antonella Palomino,Matemática Discreta,2026-1,91.2,8.2,100,1,19.8,19.1,14.2
E02638,Rodrigo Delgado,Lenguajes de Programación,2025-2,79.4,5.9,88.8,4,11.3,11.2,15.3
E02639,Andrés Chávez,Lenguajes de Programación,2025-2,96.2,6.3,76.3,2,15.0,10.6,12.6
E02640,María Mamani,Matemática Discreta,2025-2,84.5,16.2,84.4,3,8.5,10.6,3.0
E02641,Gabriela Torres,Estructuras de Datos,2025-2,54.5,8.0,67.3,2,20,20,20
E02642,Nicolás Paredes,Redes de Computadoras,2025-2,61.4,3.0,66.2,4,13.6,11.5,19.2
E02643,Emilia Cruz,Redes de Computadoras,2026-1,88.6,3.8,93.4,1,11.6,4.5,3.9
E02644,Miguel Quispe,Estructuras de Datos,2026-1,42.9,3.2,76.3,4,14.6,15.5,16.8
E02645,Diego Torres,Lenguajes de Programación,2026-1,57.0,3.4,94.3,3,12.5,15.2,9.9
E02646,Vicente Cruz,Lenguajes de Programación,2026-1,89.2,1.5,38.8,3,6.1,13.0,10.3
E02647,Rodrigo Chávez,Estructuras de Datos,2025-2,39.2,1.0,58.2,2,9.3,14.2,13.4
E02648,Alonso Castillo,Base de Datos,2025-2,98.8,0,89.5,2,11.0,13.5,7.4
E02649,Sebastián Cruz,Lenguajes de Programación,2026-1,57.2,7.2,88.9,3,19.1,10.7,17.9
E02650,Rodrigo Cruz,Matemática Discreta,2026-1,46.4,6.2,100,2,10.0,15.8,12.0
E02651,Joaquín Huamán,Lenguajes de Programación,2025-2,74.6,4.0,70.5,2,12.8,9.6,11.6
E02652,Tomás Pérez,Estructuras de Datos,2026-1,86.5,3.3,100,3,18.3,16.4,20
E02653,Nicolás Gutiérrez,Matemática Discreta,2026-1,90.8,7.6,78.2,2,17.0,18.2,14.5
E02654,Carlos Huamán,Base de Datos,2025-2,81.3,1.4,68.3,2,5.6,11.9,3.1
E02655,Sofía Mendoza,Base de Datos,2026-1,44.9,4.8,95.1,3,16.3,16.1,17.2
E02656,Adrián Vega,Redes de Computadoras,2026-1,76.0,4.3,87.3,1,12.5,13.0,13.3
E02657,Ximena Ramírez,Base de Datos,2025-2,100,10.0,71.4,4,9.7,10.8,13.0
E02658,Bruno Flores,Lenguajes de Programación,2026-1,66.6,8.7,98.6,4,13.9,11.1,11.3
E02659,Rodrigo Vega,Redes de Computadoras,2025-2,71.6,4.2,78.9,3,20,20,20
E02660,Emilio Aguilar,Base de Datos,2025-2,36.4,7.5,74.9,2,12.7,13.0,13.6
E02661,Julio Gutiérrez,Estructuras de Datos,2025-2,43.0,4.3,82.0,2,18.0,14.9,13.2
E02662,Vicente Delgado,Base de Datos,2025-2,96.1,8.2,100,3,11.7,12.3,12.3
E02663,Paula Torres,Base de Datos,2025-2,,4.1,100,4,14.9,11.2,14.0
E02664,Ximena Flores,Estructuras de Datos,2026-1,36.3,8.6,72.8,4,19.5,18.0,19.3
E02665,Manuel Espinoza,Matemática Discreta,2025-2,68.3,2.5,62.0,2,19.0,17.3,17.1
E02666,Valentina Soto,Estructuras de Datos,2026-1,61.3,7.3,84.5,2,14.0,13.8,13.6
E02667,Zoe Chávez,Matemática Discreta,2026-1,96.7,1.4,61.3,5,12.4,12.8,11.7
E02668,Manuel López,Estructuras de Datos,2026-1,43.8,5.4,67.5,4,9.7,15.5,16.1
E02669,Nicolás López,Lenguajes de Programación,2026-1,37.6,6.5,95.2,3,12.6,13.2,11.2
E02670,María Delgado,Estructuras de Datos,2026-1,54.1,9.3,63.2,3,18.3,20,14.7
E02671,Rosa Palomino,Estructuras de Datos,2026-1,97.5,5.6,78.7,2,15.5,8.5,13.1
E02672,Julio Palomino,Lenguajes de Programación,2025-2,100,4.5,100,1,11.6,11.7,11.7
E02673,Rosa Cabrera,Estructuras de Datos,2026-1,72.7,5.6,94.6,5,10.3,19.8,15.5
E02674,Iván Palomino,Lenguajes de Programación,2025-2,67.3,3.3,69.7,3,13.8,10.8,11.5
E02675,Valentina Rojas,Estructuras de Datos,2026-1,58.5,8.2,73.6,4,11.5,11.1,16.2
E02676,Joaquín Vargas,Matemática Discreta,2025-2,,3.1,91.3,5,7.0,4.7,9.0
E02677,Valeria Torres,Lenguajes de Programación,2026-1,76.9,5.6,67.7,5,14.0,14.0,15.0
E02678,Diego Rojas,Lenguajes de Programación,2025-2,81.4,5.8,74.5,2,14.0,12.0,17.2
E02679,Emilia Cárdenas,Redes de Computadoras,2025-2,79.6,6.0,56.6,5,17.5,16.4,12.5
E02680,Milagros Reyes,Redes de Computadoras,2026-1,89.4,6.5,63.6,2,5.5,6.5,8.0
E02681,Sofía López,Redes de Computadoras,2026-1,79.0,4.4,82.5,1,20,20,20
E02682,Isabela Cruz,Matemática Discreta,2025-2,70.4,4.9,100,4,6.1,9.5,8.1
E02683,Joaquín Gutiérrez,Matemática Discreta,2025-2,63.5,5.8,41.9,4,12.4,11.3,9.5
E02684,Paula Alva,Base de Datos,2026-1,75.7,4.6,99.2,3,3.8,5.5,4.4
E02685,Bruno Espinoza,Base de Datos,2026-1,51.4,6.1,85.5,3,17.2,15.7,13.3
E02686,Andrés Rodríguez,Redes de Computadoras,2026-1,57.6,4.1,91.5,3,13.5,7.4,10.8
E02687,Natalia Quispe,Base de Datos,2026-1,88.1,5.4,88.0,1,8.3,7.6,6.0
E02688,Antonella Paredes,Base de Datos,2025-2,62.5,5.6,100,2,9.0,8.0,10.7
E02689,Ana Herrera,Matemática Discreta,2026-1,82.7,0.8,51.9,4,12.2,17.3,16.5
E02690,Martina Mamani,Matemática Discreta,2025-2,88.9,8.5,72.6,5,4.8,10.2,5.0
E02691,Carlos Rodríguez,Matemática Discreta,2026-1,55.4,6.3,50.1,4,20,17.2,17.6
E02692,Ximena Vega,Matemática Discreta,2025-2,48.7,9.7,81.4,2,15.5,11.6,13.5
E02693,Natalia Flores,Lenguajes de Programación,2025-2,77.4,3.7,98.0,3,11.1,9.0,15.0
E02694,Miguel Huamán,Matemática Discreta,2025-2,41.4,13.6,50.4,2,15.7,12.1,14.8
E02695,Natalia Salazar,Estructuras de Datos,2026-1,85.7,9.1,96.8,5,11.8,9.5,13.7
E02696,Ricardo Chávez,Base de Datos,2026-1,76.5,8.3,88.0,3,16.4,20,17.0
E02697,Tomás Palomino,Estructuras de Datos,2026-1,65.4,11.4,90.3,2,20,18.0,19.3
E02698,Milagros García,Base de Datos,2025-2,72.7,6.9,86.2,4,17.8,17.9,18.2
E02699,Natalia Chávez,Redes de Computadoras,2026-1,82.2,8.4,44.1,4,17.9,19.0,17.3
E02700,Alejandra Mendoza,Lenguajes de Programación,2025-2,,4.8,83.0,5,10.4,16.5,15.8
E02701,Alonso Ponce,Redes de Computadoras,2025-2,98.0,4.5,85.3,4,10.5,9.4,11.6
E02702,Estefanía Delgado,Lenguajes de Programación,2025-2,65.9,2.5,81.8,3,20.0,19.4,20
E02703,Jorge Soto,Estructuras de Datos,2025-2,55.8,4.2,78.3,2,12.9,18.0,13.1
E02704,Adrián Salazar,Matemática Discreta,2026-1,88.7,7.2,54.2,5,15.0,16.7,10.6
E02705,Julio Delgado,Matemática Discreta,2026-1,83.4,4.4,79.3,4,10.7,6.7,9.1
E02706,Emilia Delgado,Base de Datos,2026-1,84.8,11.1,74.9,5,6.1,10.1,9.7
E02707,Lucía Quispe,Redes de Computadoras,2026-1,61.2,2.8,49.9,3,12.6,10.5,11.5
E02708,Camila Salazar,Base de Datos,2025-2,80.3,11.6,92.3,4,12.7,12.4,11.5
E02709,Franco Cruz,Redes de Computadoras,2025-2,97.1,9.0,95.5,5,8.4,5.8,5.8
E02710,Miguel López,Estructuras de Datos,2025-2,71.1,8.2,74.1,1,15.6,14.8,20
E02711,Adrián Ponce,Estructuras de Datos,2025-2,97.7,4.1,92.3,2,11.7,10.0,10.2
E02712,Sebastián Mendoza,Base de Datos,2025-2,85.5,6.8,72.0,5,11.1,11.3,10.5
E02713,Sebastián Gutiérrez,Estructuras de Datos,2026-1,100,9.7,89.3,3,16.2,17.4,19.7
E02714,Manuel Ortiz,Estructuras de Datos,2025-2,93.1,10.7,73.5,3,12.2,7.2,9.7
E02715,Rodrigo Mendoza,Base de Datos,2025-2,76.5,11.4,83.0,2,15.7,10.8,16.2
E02716,Isabela Pérez,Base de Datos,2025-2,72.0,5.2,69.7,3,10.3,11.7,15.5
E02717,Emilia Pérez,Matemática Discreta,2025-2,76.7,8.0,82.8,2,17.6,18.5,17.5
E02718,Alejandra Espinoza,Lenguajes de Programación,2025-2,100,10.1,64.4,2,16.3,14.7,13.6
E02719,Martina Rojas,Lenguajes de Programación,2026-1,65.0,11.8,83.0,4,19.0,8.2,12.8
E02720,Antonella Salazar,Redes de Computadoras,2026-1,66.0,6.5,63.7,3,16.8,15.6,12.5
E02721,Alejandra Rivas,Redes de Computadoras,2026-1,75.9,9.2,65.9,4,20,20,20
E02722,Ximena Soto,Redes de Computadoras,2025-2,55.2,3.5,62.1,4,12.9,16.9,15.4
E02723,Renata Flores,Redes de Computadoras,2025-2,85.5,1.2,81.6,4,3.9,7.1,6.7
E02724,Rosa Ponce,Redes de Computadoras,2025-2,99.3,4.0,65.7,5,15.4,12.5,15.1
E02725,Antonella Mendoza,Matemática Discreta,2025-2,100,5.1,80.1,3,8.1,6.7,9.5
E02726,Carlos Mendoza,Redes de Computadoras,2026-1,72.6,8.0,,1,10.3,9.0,14.5
E02727,Adrián Ponce,Lenguajes de Programación,2025-2,50.4,0.1,90.2,2,11.3,12.1,12.0
E02728,Alejandra Palomino,Base de Datos,2026-1,65.8,12.1,65.3,4,11.8,17.7,15.9
E02729,Diego Paredes,Lenguajes de Programación,2026-1,70.3,10.8,100,2,10.1,14.2,12.9
E02730,Rosa Quispe,Redes de Computadoras,2025-2,69.0,8.1,94.1,3,15.2,17.3,12.4
E02731,Iván Herrera,Base de Datos,2026-1,100,0,60.6,1,16.0,19.2,19.8
E02732,Camila Herrera,Matemática Discreta,2026-1,78.8,10.2,81.7,3,15.9,9.1,13.7
E02733,Isabela Quispe,Base de Datos,2026-1,87.4,11.6,71.6,4,20,14.3,20
E02734,Martina Gutiérrez,Estructuras de Datos,2026-1,,7.7,86.8,4,12.1,10.9,8.8
E02735,Lucía Sánchez,Matemática Discreta,2025-2,86.7,4.8,65.2,2,8.4,6.4,7.8
E02736,Ana Gutiérrez,Base de Datos,2026-1,84.3,0.8,83.2,5,12.9,18.3,10.9
E02737,Nicolás Huamán,Lenguajes de Programación,2026-1,93.1,11.9,,2,18.8,15.7,15.4
E02738,Jorge Cárdenas,Redes de Computadoras,2025-2,79.2,10.8,61.5,2,11.2,7.1,11.4
E02739,Julio Vargas,Estructuras de Datos,2025-2,57.4,3.1,63.2,2,13.2,12.8,13.6
E02740,Diego Delgado,Estructuras de Datos,2025-2,80.8,0,58.6,3,12.5,14.0,12.1
E02741,Valentina Palomino,Estructuras de Datos,2025-2,89.7,3.4,100,3,14.9,13.3,14.4
E02742,Luis Mamani,Redes de Computadoras,2025-2,84.9,5.7,62.5,3,13.7,13.2,10.5
E02743,Sebastián Cabrera,Redes de Computadoras,2026-1,83.7,6.7,77.8,1,6.2,7.6,6.9
E02744,Paula Flores,Redes de Computadoras,2025-2,62.9,4.7,77.6,4,2.9,8.8,6.7
E02745,Carlos Medina,Matemática Discreta,2026-1,84.2,2.4,86.7,3,15.7,14.0,10.9
E02746,Mateo Flores,Estructuras de Datos,2026-1,83.5,7.9,66.7,3,19.3,20,15.2
E02747,Natalia Reyes,Redes de Computadoras,2025-2,83.1,6.3,99.8,2,10.8,14.0,11.2
E02748,Milagros Rodríguez,Lenguajes de Programación,2025-2,100,1.9,,5,9.1,12.1,11.7
E02749,Lucía Cruz,Matemática Discreta,2026-1,90.3,6.6,64.8,4,16.3,14.4,12.7
E02750,Tomás Chávez,Redes de Computadoras,2025-2,49.2,7.2,72.1,4,13.2,15.2,19.1
E02751,Andrés Reyes,Base de Datos,2026-1,17.7,15.3,55.1,1,10.5,11.4,7.1
E02752,Renata Gutiérrez,Matemática Discreta,2025-2,71.6,6.5,83.3,2,19.1,11.4,12.9
E02753,Diego Cruz,Estructuras de Datos,2025-2,71.4,2.0,61.9,4,12.4,11.3,13.8
E02754,Ana Palomino,Redes de Computadoras,2025-2,76.2,11.6,100,4,10.3,10.5,7.8
E02755,Tomás Castillo,Matemática Discreta,2025-2,55.4,7.4,64.9,5,20,20,20
E02756,Franco Soto,Lenguajes de Programación,2026-1,54.8,3.3,100,4,17.3,15.5,12.4
E02757,Renata Soto,Lenguajes de Programación,2026-1,82.8,8.5,43.6,5,13.5,16.5,14.5
E02758,Fernanda Palomino,Base de Datos,2025-2,44.8,7.5,42.9,3,14.1,10.9,16.6
E02759,Joaquín Vega,Base de Datos,2026-1,86.1,1.8,75.7,3,20,18.6,15.3
E02760,Ricardo Pérez,Lenguajes de Programación,2026-1,47.7,11.2,61.7,2,7.5,9.8,10.6
E02761,Carlos Cárdenas,Base de Datos,2025-2,74.8,8.1,60.2,4,20,17.5,20
E02762,Estefanía Gutiérrez,Redes de Computadoras,2026-1,79.5,3.5,84.2,2,13.4,13.7,15.9
E02763,Franco López,Base de Datos,2025-2,49.8,7.7,83.4,5,12.6,10.5,9.3
E02764,Iván Soto,Redes de Computadoras,2025-2,94.4,2.9,71.6,2,14.6,11.1,14.1
E02765,Mateo López,Lenguajes de Programación,2025-2,65.5,4.3,77.8,4,6.4,4.8,3.9
E02766,Lucía Rojas,Base de Datos,2026-1,68.9,7.5,90.3,2,10.5,9.6,9.3
E02767,Jorge Castillo,Lenguajes de Programación,2025-2,48.4,2.1,54.7,3,5.4,8.6,6.4
E02768,Natalia Castillo,Base de Datos,2025-2,42.4,3.9,69.2,3,,11.4,16.0
E02769,Valentina Reyes,Lenguajes de Programación,2026-1,60.0,1.4,73.9,4,9.1,7.2,8.9
E02770,Milagros Torres,Lenguajes de Programación,2025-2,55.0,14.9,71.2,5,12.8,18.1,17.4
E02771,Estefanía Rojas,Matemática Discreta,2025-2,79.9,13.7,54.8,5,1.4,7.3,3.1
E02772,Alejandra Huamán,Matemática Discreta,2026-1,74.3,7.8,90.3,3,11.5,11.5,6.6
E02773,Zoe Flores,Base de Datos,2025-2,74.0,5.9,66.5,2,11.6,15.8,8.2
E02774,Iván Gutiérrez,Estructuras de Datos,2025-2,100,5.5,89.0,2,10.4,18.2,20
E02775,Estefanía Salazar,Base de Datos,2025-2,99.6,8.9,62.3,3,11.3,13.0,10.5
E02776,Ximena Delgado,Estructuras de Datos,2025-2,67.9,10.6,61.0,5,11.7,14.4,10.9
E02777,Tomás Huamán,Lenguajes de Programación,2026-1,81.6,12.2,88.0,2,11.1,12.4,10.8
E02778,Estefanía Alva,Matemática Discreta,2026-1,60.1,0,65.7,3,7.1,4.9,11.4
E02779,Renata Alva,Estructuras de Datos,2026-1,82.8,9.2,79.6,3,13.7,14.9,16.6
E02780,Andrés Vargas,Redes de Computadoras,2025-2,93.6,0,92.9,1,5.1,10.6,9.3
E02781,Nicolás Aguilar,Redes de Computadoras,2026-1,70.0,2.2,100,3,14.7,18.1,13.6
E02782,Emilia Herrera,Lenguajes de Programación,2026-1,68.7,9.5,88.7,2,14.2,11.9,16.2
E02783,Lucía Pérez,Matemática Discreta,2026-1,100,12.3,65.7,3,13.5,12.5,11.5
E02784,Estefanía Espinoza,Estructuras de Datos,2025-2,76.1,6.1,80.0,3,2.7,11.2,13.6
E02785,Emilio Gutiérrez,Matemática Discreta,2025-2,50.4,12.0,100,1,14.4,13.0,11.6
E02786,Diego Rivas,Redes de Computadoras,2026-1,75.5,1.4,87.6,3,9.2,6.9,5.9
E02787,Estefanía Chávez,Lenguajes de Programación,2026-1,81.8,5.0,33.3,5,17.4,15.3,14.8
E02788,Mateo Cabrera,Redes de Computadoras,2026-1,83.9,6.6,93.6,1,11.7,12.7,10.7
E02789,Emilia Palomino,Redes de Computadoras,2026-1,73.7,1.5,67.1,2,20,14.2,16.4
E02790,Emilio Gutiérrez,Lenguajes de Programación,2026-1,61.4,9.2,72.3,2,10.6,10.6,8.2
E02791,Antonella Torres,Redes de Computadoras,2025-2,27.9,9.9,81.5,4,17.7,13.2,8.2
E02792,Milagros Flores,Redes de Computadoras,2025-2,50.6,0,70.6,3,13.1,14.5,12.0
E02793,Alejandra Reyes,Matemática Discreta,2025-2,47.6,5.8,70.5,1,19.4,18.0,20
E02794,Emilia Espinoza,Base de Datos,2026-1,72.6,9.6,76.9,2,11.3,10.2,5.2
E02795,Antonella Medina,Lenguajes de Programación,2026-1,59.8,4.1,100,2,12.2,14.4,13.8
E02796,Fabián Torres,Lenguajes de Programación,2025-2,86.8,3.7,68.3,4,8.5,10.7,13.7
E02797,Ricardo López,Estructuras de Datos,2025-2,54.4,5.7,65.5,4,18.2,14.6,12.7
E02798,Valeria Rodríguez,Lenguajes de Programación,2025-2,87.8,2.7,73.9,4,13.5,,11.5
E02799,Lucía Mamani,Matemática Discreta,2026-1,72.5,3.0,100,1,18.0,18.6,14.1
E02800,Iván Ponce,Matemática Discreta,2026-1,100,9.4,100,5,16.2,20,16.0
E02801,Tomás Alva,Estructuras de Datos,2025-2,68.9,0,78.7,5,18.2,20,18.6
E02802,Diego Cárdenas,Redes de Computadoras,2026-1,76.2,0.9,71.2,5,3.5,1.0,6.7
E02803,Andrés Mendoza,Redes de Computadoras,2025-2,75.1,1.5,43.5,2,14.9,11.6,16.7
E02804,Alonso Mamani,Lenguajes de Programación,2025-2,66.6,8.2,100,1,16.5,15.9,14.7
E02805,Ximena Gutiérrez,Redes de Computadoras,2026-1,63.6,5.7,75.5,3,14.3,13.1,8.0
E02806,Lucía Aguilar,Base de Datos,2026-1,83.1,0.8,95.4,2,11.8,7.3,4.7
E02807,Emilia Ramírez,Estructuras de Datos,2026-1,48.9,3.6,79.1,4,12.9,16.0,10.2
E02808,Rosa Gutiérrez,Lenguajes de Programación,2025-2,70.4,7.5,91.5,3,15.3,12.0,11.1
E02809,Milagros Ponce,Base de Datos,2025-2,60.7,4.9,76.3,2,8.9,12.7,10.9
E02810,Ximena Rivas,Matemática Discreta,2025-2,78.7,1.3,89.7,4,14.8,17.6,17.4
E02811,Adrián López,Estructuras de Datos,2025-2,68.9,11.1,92.7,3,17.1,14.4,19.4
E02812,Rosa Quispe,Redes de Computadoras,2025-2,92.0,0,76.2,3,14.8,13.7,12.0
E02813,Emilio Salazar,Matemática Discreta,2026-1,47.3,0.6,57.5,3,9.1,14.1,17.3
E02814,Andrés Sánchez,Base de Datos,2025-2,58.0,4.9,63.2,3,14.6,14.4,17.5
E02815,Alonso Cruz,Matemática Discreta,2025-2,73.8,0,78.3,4,11.3,7.1,13.9
E02816,Emilio Rojas,Estructuras de Datos,2025-2,52.3,7.1,100,5,15.2,13.5,13.9
E02817,Sofía Paredes,Redes de Computadoras,2026-1,31.1,9.5,100,3,7.8,7.7,11.1
E02818,Antonella Gutiérrez,Base de Datos,2025-2,70.8,11.9,100,4,19.4,13.5,13.7
E02819,Martina Reyes,Base de Datos,2026-1,84.9,6.4,59.1,2,10.1,12.4,15.9
E02820,Daniela Espinoza,Matemática Discreta,2025-2,70.7,6.5,95.4,4,20,15.6,16.6
E02821,Ximena Flores,Estructuras de Datos,2025-2,52.4,11.5,78.9,1,9.9,11.2,7.8
E02822,Martina Ortiz,Matemática Discreta,2026-1,48.1,6.6,81.4,4,14.3,15.9,15.9
E02823,Rodrigo Espinoza,Estructuras de Datos,2025-2,82.8,9.3,98.2,2,20,20,18.7
E02824,Ana Rodríguez,Matemática Discreta,2025-2,70.9,9.0,91.9,3,13.4,12.2,10.5
E02825,Sofía Aguilar,Estructuras de Datos,2025-2,67.6,0.3,60.8,3,11.0,9.0,9.6
E02826,Natalia Huamán,Estructuras de Datos,2026-1,94.6,7.6,63.8,3,12.0,11.8,16.1
E02827,Paula López,Redes de Computadoras,2025-2,82.5,5.3,100,2,13.5,12.0,12.7
E02828,Emilio Reyes,Matemática Discreta,2025-2,85.2,8.0,45.0,3,18.6,17.0,19.0
E02829,Renata Cárdenas,Redes de Computadoras,2025-2,51.4,9.9,77.1,4,11.0,17.7,20
E02830,Luis Espinoza,Matemática Discreta,2025-2,56.4,4.9,,1,13.5,9.5,12.2
E02831,Diego Cruz,Estructuras de Datos,2026-1,34.2,12.9,69.6,5,11.7,12.6,13.8
E02832,Adrián Palomino,Base de Datos,2026-1,100,6.7,82.3,4,6.6,8.2,10.0
E02833,Valentina Ramírez,Estructuras de Datos,2025-2,73.5,4.5,65.4,5,12.9,16.0,12.2
E02834,Martina Espinoza,Lenguajes de Programación,2026-1,69.2,11.5,74.8,4,15.8,12.8,9.1
E02835,Nicolás Cabrera,Redes de Computadoras,2026-1,58.7,4.9,71.4,2,10.0,13.5,14.5
E02836,Franco Pérez,Lenguajes de Programación,2026-1,77.5,6.6,74.1,2,5.9,5.7,7.5
E02837,Valentina Medina,Estructuras de Datos,2025-2,52.1,11.2,100,2,16.2,10.6,9.5
E02838,Martina Cárdenas,Base de Datos,2026-1,88.3,4.3,82.6,4,14.5,16.6,16.3
E02839,Mateo López,Matemática Discreta,2026-1,56.0,2.4,87.8,2,15.6,10.4,16.3
E02840,Sofía Cruz,Redes de Computadoras,2025-2,83.2,8.2,80.5,4,10.0,11.6,13.7
E02841,Nicolás Rojas,Redes de Computadoras,2026-1,83.1,6.9,75.1,5,17.2,16.0,12.1
E02842,Franco Rojas,Base de Datos,2026-1,29.3,6.4,77.9,4,13.5,11.7,14.6
E02843,Vicente Ramírez,Matemática Discreta,2026-1,78.6,7.7,100,5,7.7,6.5,6.6
E02844,Ana Chávez,Base de Datos,2026-1,59.0,3.8,77.6,1,8.8,12.6,13.6
E02845,Natalia López,Lenguajes de Programación,2025-2,52.9,8.4,75.0,3,4.8,4.9,4.4
E02846,Joaquín Rojas,Estructuras de Datos,2025-2,72.9,6.2,66.0,4,11.6,13.3,5.3
E02847,Iván Cárdenas,Lenguajes de Programación,2026-1,69.9,4.0,75.9,3,12.5,12.6,14.8
E02848,Paula Espinoza,Matemática Discreta,2025-2,84.5,7.4,93.5,5,20,16.6,20
E02849,Julio Rojas,Base de Datos,2026-1,36.4,0.4,70.3,2,9.0,8.8,9.5
E02850,Martina Ramírez,Estructuras de Datos,2025-2,69.4,6.2,68.1,5,14.0,18.6,11.0
E02851,Martina Zapata,Lenguajes de Programación,2025-2,78.9,3.3,88.3,2,4.8,4.6,8.3
E02852,Fernanda Mendoza,Matemática Discreta,2026-1,77.3,0,100,4,12.4,12.8,11.4
E02853,Daniela Ortiz,Redes de Computadoras,2025-2,64.4,9.1,,3,9.3,13.9,9.9
E02854,Emilio Rojas,Estructuras de Datos,2026-1,85.4,5.4,76.8,3,,12.4,13.8
E02855,Paula Salazar,Redes de Computadoras,2026-1,55.3,8.4,100,4,20,20,20
E02856,Julio Zapata,Matemática Discreta,2025-2,55.8,5.3,88.3,4,20,,20
E02857,Julio Palomino,Matemática Discreta,2026-1,52.8,2.0,100,3,13.8,16.7,16.3
E02858,Sebastián Torres,Redes de Computadoras,2025-2,83.8,8.1,97.5,4,9.9,9.9,11.7
E02859,Andrés Cárdenas,Estructuras de Datos,2026-1,66.7,10.5,61.0,2,12.1,15.1,11.8
E02860,Ricardo Rodríguez,Lenguajes de Programación,2025-2,65.9,10.4,88.3,2,20,20,20
E02861,Bruno Sánchez,Matemática Discreta,2025-2,49.4,4.2,77.2,4,5.4,4.5,5.7
E02862,Miguel Cabrera,Base de Datos,2025-2,81.6,5.7,100,3,15.4,15.4,14.3
E02863,Franco Soto,Redes de Computadoras,2026-1,80.5,2.7,87.7,5,15.4,16.9,14.8
E02864,Bruno Mamani,Matemática Discreta,2026-1,85.1,4.8,100,5,12.2,11.5,11.0
E02865,Ximena Quispe,Matemática Discreta,2026-1,71.9,9.1,89.7,4,14.9,11.0,15.2
E02866,Martina Castillo,Estructuras de Datos,2025-2,54.2,2.9,89.9,3,11.9,11.8,9.9
E02867,Isabela Rivas,Matemática Discreta,2026-1,66.7,9.2,53.3,4,10.3,7.2,10.9
E02868,Luis Soto,Base de Datos,2025-2,74.0,9.3,73.2,4,14.3,16.1,12.9
E02869,Mateo Alva,Estructuras de Datos,2025-2,52.1,6.3,73.7,1,19.3,19.8,20
E02870,Martina Reyes,Estructuras de Datos,2025-2,61.0,0.8,98.7,2,13.4,9.8,12.5
E02871,Lucía Paredes,Estructuras de Datos,2025-2,81.3,9.4,82.0,4,14.5,13.8,18.0
E02872,Adrián García,Lenguajes de Programación,2025-2,86.0,10.7,65.9,4,9.3,15.9,10.8
E02873,Sebastián Reyes,Lenguajes de Programación,2026-1,75.5,10.2,86.4,4,12.2,12.3,8.5
E02874,Ricardo Medina,Base de Datos,2025-2,61.3,9.1,73.0,2,15.1,18.0,18.2
E02875,Renata Quispe,Estructuras de Datos,2026-1,80.4,1.0,52.7,3,6.5,8.8,11.6
E02876,Nicolás Huamán,Matemática Discreta,2026-1,35.5,5.8,85.8,5,12.2,9.6,9.0
E02877,Natalia Pérez,Redes de Computadoras,2025-2,76.4,10.5,90.9,3,12.5,4.3,9.9
E02878,Antonella Flores,Redes de Computadoras,2025-2,66.1,6.8,79.6,3,7.7,9.2,9.3
E02879,Emilia Huamán,Matemática Discreta,2026-1,76.9,8.9,85.2,5,5.9,5.0,7.9
E02880,Andrés Delgado,Estructuras de Datos,2025-2,56.2,7.8,70.3,2,9.3,13.5,12.5
E02881,Tomás Cabrera,Redes de Computadoras,2025-2,77.4,0.2,35.3,2,9.6,9.9,9.9
E02882,Vicente Rodríguez,Matemática Discreta,2026-1,84.1,7.0,47.7,3,14.1,14.8,11.7
E02883,Fabián Sánchez,Estructuras de Datos,2025-2,51.5,7.9,100,1,11.9,8.6,9.0
E02884,Zoe Zapata,Estructuras de Datos,2025-2,99.9,13.1,52.7,2,10.4,11.2,17.4
E02885,Adrián Quispe,Base de Datos,2026-1,87.4,5.2,64.4,3,11.9,8.0,14.5
E02886,Zoe Ortiz,Matemática Discreta,2025-2,36.6,9.4,55.6,4,15.3,17.2,16.1
E02887,Paula García,Matemática Discreta,2026-1,79.0,0.2,74.2,2,9.8,9.0,13.1
E02888,Martina Ponce,Estructuras de Datos,2025-2,73.6,8.0,78.8,3,12.6,16.7,20
E02889,Martina Mamani,Lenguajes de Programación,2026-1,77.2,2.4,80.6,2,11.0,16.6,14.6
E02890,María Pérez,Matemática Discreta,2026-1,41.4,10.6,71.4,3,9.9,11.2,13.2
E02891,Milagros Ortiz,Estructuras de Datos,2025-2,69.5,10.1,77.9,2,11.2,12.7,15.5
E02892,Estefanía Herrera,Estructuras de Datos,2025-2,92.0,11.5,83.7,2,11.1,14.6,15.0
E02893,Alonso Sánchez,Base de Datos,2025-2,77.1,10.1,99.9,2,20,14.4,14.9
E02894,Lucía Flores,Lenguajes de Programación,2025-2,79.1,5.5,89.3,1,16.3,14.3,11.9
E02895,Estefanía Castillo,Matemática Discreta,2026-1,92.7,6.0,91.6,5,11.6,8.0,9.0
E02896,Adrián Mamani,Matemática Discreta,2025-2,82.2,11.3,67.4,4,18.5,15.2,14.0
E02897,Sofía Soto,Estructuras de Datos,2026-1,63.4,6.7,91.4,3,4.9,6.3,3.6
E02898,Miguel Ramírez,Lenguajes de Programación,2026-1,76.5,6.9,71.2,1,12.3,18.3,20
E02899,Paula Ortiz,Base de Datos,2025-2,81.3,2.4,82.7,2,12.0,15.6,14.9
E02900,Emilio Ortiz,Lenguajes de Programación,2025-2,62.5,3.8,80.7,4,7.4,5.0,8.0
E02901,Luis Rivas,Base de Datos,2026-1,82.8,9.4,76.9,2,8.0,11.9,13.6
E02902,Fernanda Gutiérrez,Matemática Discreta,2025-2,82.0,4.2,69.9,4,17.9,17.3,15.0
E02903,Fabián Herrera,Lenguajes de Programación,2026-1,66.5,6.8,87.8,3,4.3,4.9,3.0
E02904,Valeria Ramírez,Base de Datos,2026-1,65.2,1.7,76.4,4,19.2,16.8,20
E02905,Martina Herrera,Lenguajes de Programación,2025-2,71.0,7.2,64.0,2,20,16.6,17.0
E02906,Andrés Rojas,Matemática Discreta,2026-1,44.3,0.3,66.8,4,19.2,11.2,14.4
E02907,Jorge Huamán,Matemática Discreta,2025-2,62.9,12.1,68.2,4,14.3,12.4,9.9
E02908,Sofía Rojas,Base de Datos,2026-1,89.7,8.2,73.4,3,12.5,13.5,11.9
E02909,Adrián Huamán,Base de Datos,2025-2,73.6,7.6,77.2,4,9.3,5.9,9.4
E02910,Valentina Alva,Matemática Discreta,2026-1,63.1,5.0,79.8,3,13.1,,16.2
E02911,Milagros Zapata,Base de Datos,2026-1,49.9,8.2,52.5,3,16.3,14.3,15.9
E02912,Paula Chávez,Redes de Computadoras,2026-1,73.2,4.6,68.9,3,16.7,20,14.5
E02913,Ximena Rojas,Redes de Computadoras,2025-2,87.6,9.7,95.6,4,10.8,7.6,7.6
E02914,Zoe Flores,Base de Datos,2026-1,79.8,9.8,59.8,2,11.1,10.7,9.8
E02915,Vicente Zapata,Redes de Computadoras,2026-1,67.4,4.5,87.3,3,13.7,15.1,12.6
E02916,Natalia Pérez,Estructuras de Datos,2026-1,77.9,5.7,75.8,2,5.6,7.9,15.6
E02917,Gabriela Torres,Estructuras de Datos,2025-2,54.9,7.0,61.6,3,14.9,18.9,17.9
E02918,Joaquín Vega,Base de Datos,2026-1,95.1,6.2,87.2,1,7.7,9.3,15.5
E02919,María Sánchez,Matemática Discreta,2026-1,99.8,8.4,91.2,1,10.7,13.9,6.1
E02920,Zoe Cárdenas,Base de Datos,2026-1,72.5,5.5,59.6,3,17.0,13.2,10.4
E02921,Alejandra Rojas,Lenguajes de Programación,2025-2,73.1,11.2,57.1,4,13.8,,16.2
E02922,María Paredes,Matemática Discreta,2025-2,59.9,9.2,86.4,3,7.7,12.4,12.4
E02923,Antonella Mendoza,Redes de Computadoras,2025-2,77.7,3.4,94.4,4,19.7,20,19.1
E02924,Daniela Paredes,Redes de Computadoras,2026-1,62.6,3.5,79.4,4,15.2,10.3,20.0
E02925,Joaquín Pérez,Redes de Computadoras,2026-1,66.2,15.1,93.9,3,18.4,18.1,20
E02926,Milagros Chávez,Redes de Computadoras,2025-2,71.9,7.6,49.2,5,15.7,18.3,15.8
E02927,Joaquín Torres,Base de Datos,2026-1,60.6,0.2,61.5,3,14.1,11.0,13.5
E02928,Iván Rojas,Redes de Computadoras,2026-1,65.6,6.1,92.1,3,20.0,16.9,18.6
E02929,Jorge Torres,Estructuras de Datos,2025-2,100,11.7,51.4,4,16.0,17.0,18.2
E02930,Camila Cruz,Redes de Computadoras,2025-2,69.6,7.1,47.5,4,5.5,6.6,10.3
E02931,Emilia Flores,Matemática Discreta,2026-1,67.9,5.0,83.8,4,10.9,8.9,13.9
E02932,Vicente Quispe,Redes de Computadoras,2026-1,60.6,8.6,66.3,2,14.2,8.9,6.6
E02933,Zoe Ponce,Matemática Discreta,2025-2,89.2,0,66.2,5,11.2,10.2,7.7
E02934,Gabriela Mamani,Lenguajes de Programación,2026-1,86.4,4.9,62.9,3,14.5,15.1,15.7
E02935,Julio Palomino,Lenguajes de Programación,2026-1,74.4,3.8,84.0,3,14.4,10.8,11.5
E02936,Camila Zapata,Redes de Computadoras,2025-2,68.2,9.9,78.2,2,4.6,8.6,9.6
E02937,Isabela Cárdenas,Base de Datos,2025-2,43.6,7.7,71.2,2,11.0,11.9,12.5
E02938,Diego Palomino,Matemática Discreta,2025-2,65.7,7.6,68.0,4,8.7,14.6,9.7
E02939,Jorge Zapata,Matemática Discreta,2025-2,70.1,8.2,69.4,4,12.2,12.0,11.9
E02940,Sofía Mamani,Estructuras de Datos,2025-2,90.8,10.5,78.3,2,17.9,18.1,18.8
E02941,Franco Rodríguez,Estructuras de Datos,2025-2,22.0,6.2,42.5,1,13.1,13.5,12.8
E02942,Fernanda Cruz,Lenguajes de Programación,2026-1,85.0,5.3,73.8,3,12.5,13.6,12.5
E02943,Diego Herrera,Redes de Computadoras,2026-1,86.1,12.1,80.9,5,19.3,20,20
E02944,Emilia Sánchez,Base de Datos,2025-2,72.1,9.0,83.8,3,12.1,10.3,10.5
E02945,Daniela Ponce,Estructuras de Datos,2025-2,83.5,4.5,79.5,2,6.1,7.7,7.2
E02946,Jorge Vargas,Lenguajes de Programación,2025-2,78.3,3.6,61.4,2,14.6,10.8,14.0
E02947,Antonella Espinoza,Matemática Discreta,2025-2,80.7,12.9,70.5,2,13.5,20,19.0
E02948,Valeria Paredes,Base de Datos,2025-2,100,0.6,44.0,1,18.5,13.9,13.1
E02949,Manuel Ponce,Estructuras de Datos,2025-2,62.4,4.6,91.0,4,17.2,15.9,19.8
E02950,Rosa Cabrera,Base de Datos,2026-1,79.3,8.5,73.1,1,15.5,20,19.8
E02951,Manuel Cabrera,Base de Datos,2026-1,53.3,2.0,81.0,3,8.6,8.4,13.6
E02952,Paula Vargas,Lenguajes de Programación,2025-2,74.9,7.2,63.2,5,12.1,17.1,20
E02953,Renata Rojas,Redes de Computadoras,2026-1,82.2,2.6,46.5,3,15.3,18.2,17.6
E02954,Daniela Castillo,Estructuras de Datos,2026-1,100,2.9,83.4,3,14.3,15.8,15.0
E02955,Alonso Zapata,Lenguajes de Programación,2026-1,60.5,2.9,50.3,5,10.8,8.4,9.6
E02956,Julio Alva,Base de Datos,2025-2,68.2,10.1,100,2,11.1,7.6,4.8
E02957,Natalia Medina,Base de Datos,2025-2,90.1,0.2,95.1,2,2.4,8.6,8.2
E02958,Natalia Rodríguez,Matemática Discreta,2025-2,85.7,4.8,90.3,2,12.4,6.8,8.6
E02959,Andrés Vega,Matemática Discreta,2025-2,56.6,4.1,70.8,1,11.8,11.4,11.8
E02960,Lucía Cruz,Matemática Discreta,2025-2,92.1,2.3,82.4,2,7.6,6.7,13.6
E02961,Ximena Huamán,Redes de Computadoras,2025-2,53.8,10.5,100,3,16.0,9.9,12.0
E02962,Nicolás Castillo,Estructuras de Datos,2026-1,53.9,5.8,58.4,1,17.3,13.0,17.1
E02963,Paula Soto,Lenguajes de Programación,2025-2,66.2,10.4,81.6,1,16.3,17.3,20
E02964,Ana Palomino,Redes de Computadoras,2025-2,78.1,9.9,40.2,4,17.3,14.3,18.3
E02965,Milagros Vega,Estructuras de Datos,2025-2,68.2,5.8,67.8,4,14.6,16.4,15.4
E02966,Fernanda Rojas,Base de Datos,2025-2,61.2,4.1,69.8,4,14.2,12.6,15.5
E02967,Martina Aguilar,Redes de Computadoras,2025-2,81.0,12.1,60.9,1,3.1,8.1,0.7
E02968,Iván Paredes,Redes de Computadoras,2026-1,90.0,2.6,60.2,4,11.9,15.9,17.1
E02969,Tomás Vargas,Redes de Computadoras,2026-1,69.3,3.9,67.1,4,7.9,14.4,12.4
E02970,Ricardo Ortiz,Base de Datos,2025-2,67.1,0.7,90.3,3,15.1,17.2,17.1
E02971,Paula Cabrera,Estructuras de Datos,2025-2,72.3,3.8,81.5,3,15.0,13.0,16.4
E02972,Iván Torres,Base de Datos,2025-2,51.4,2.4,91.7,3,17.6,16.5,16.9
E02973,Rosa Delgado,Base de Datos,2025-2,100,3.4,91.1,3,9.2,14.9,15.3
E02974,Ricardo Zapata,Lenguajes de Programación,2025-2,43.3,7.4,57.7,4,8.1,11.6,12.5
E02975,Fernanda Pérez,Lenguajes de Programación,2025-2,61.7,8.0,82.2,3,14.5,18.4,17.4
E02976,Iván Sánchez,Redes de Computadoras,2025-2,57.8,5.6,58.6,3,15.5,14.8,18.4
E02977,Lucía Espinoza,Estructuras de Datos,2026-1,68.0,7.3,53.2,4,5.9,10.1,10.6
E02978,Rosa Mamani,Base de Datos,2025-2,68.9,10.1,53.7,3,9.7,18.0,11.7
E02979,Gabriela Torres,Lenguajes de Programación,2025-2,73.4,11.7,55.2,3,12.6,19.6,14.7
E02980,Manuel Rivas,Matemática Discreta,2026-1,75.7,10.8,31.6,1,9.9,13.0,9.1
E02981,Luis Alva,Lenguajes de Programación,2025-2,87.7,8.1,26.7,4,18.1,15.9,15.2
E02982,Natalia Cabrera,Lenguajes de Programación,2026-1,67.8,7.4,100,4,15.3,11.2,14.6
E02983,Emilio Pérez,Estructuras de Datos,2025-2,57.5,0,80.8,3,7.1,15.5,4.8
E02984,Alonso Medina,Base de Datos,2026-1,67.0,9.6,63.1,2,13.1,16.0,13.6
E02985,Jorge Castillo,Matemática Discreta,2026-1,67.5,0,100,4,,16.9,10.9
E02986,Vicente Espinoza,Redes de Computadoras,2026-1,53.2,8.5,96.2,3,7.0,7.5,8.2
E02987,Valentina Cabrera,Estructuras de Datos,2025-2,53.1,1.4,72.9,2,13.4,14.8,16.2
E02988,Valeria Salazar,Lenguajes de Programación,2026-1,73.2,4.6,69.4,5,10.0,13.8,11.1
E02989,Tomás Reyes,Lenguajes de Programación,2026-1,66.7,10.4,61.4,3,14.9,19.7,18.5
E02990,Gabriela Mendoza,Lenguajes de Programación,2025-2,100,4.6,54.1,3,11.2,4.3,5.6
E02991,Carlos Ramírez,Estructuras de Datos,2026-1,84.8,6.6,76.9,5,16.9,14.4,12.3
E02992,María Gutiérrez,Matemática Discreta,2026-1,,5.3,94.2,1,13.7,14.6,16.1
E02993,María Rivas,Base de Datos,2026-1,49.9,12.4,50.8,4,16.0,15.0,7.7
E02994,Nicolás Soto,Matemática Discreta,2026-1,66.6,9.4,56.6,4,10.6,13.5,9.6
E02995,Franco Vargas,Redes de Computadoras,2025-2,83.9,5.1,37.6,3,13.6,14.3,6.5
E02996,Estefanía Ortiz,Redes de Computadoras,2025-2,49.9,0,61.1,4,12.1,13.9,14.2
E02997,Joaquín Reyes,Estructuras de Datos,2025-2,72.2,9.3,34.8,1,13.7,10.4,13.0
E02998,Lucía Espinoza,Redes de Computadoras,2025-2,91.5,4.1,69.9,3,16.2,16.9,16.5
E02999,Fabián Rivas,Matemática Discreta,2026-1,100,5.5,85.2,2,13.8,14.8,12.7
E03000,Adrián Mendoza,Redes de Computadoras,2026-1,45.4,0,85.1,4,12.1,8.8,16.8
E03001,Carlos Paredes,Matemática Discreta,2025-2,75.6,6.6,57.7,4,9.6,14.6,10.4
E03002,Isabela Vega,Base de Datos,2025-2,100,2.1,80.3,3,13.9,16.3,13.0
E03003,Valentina Herrera,Matemática Discreta,2026-1,52.5,9.9,63.1,2,6.7,7.4,4.4
E03004,Fernanda Palomino,Lenguajes de Programación,2025-2,45.5,4.3,57.1,3,12.8,13.9,14.5
E03005,Sofía Torres,Lenguajes de Programación,2025-2,97.5,1.0,83.9,4,12.0,11.8,13.1
E03006,Fernanda Rivas,Redes de Computadoras,2025-2,42.7,7.4,46.2,5,14.4,13.9,7.9
E03007,Sebastián Rojas,Lenguajes de Programación,2026-1,79.6,13.6,93.3,5,14.5,11.8,10.3
E03008,Fabián Cárdenas,Base de Datos,2026-1,78.9,9.2,59.0,3,4.9,10.7,6.5
E03009,Rosa Zapata,Base de Datos,2026-1,85.1,4.3,96.3,4,7.0,9.5,11.7
E03010,Daniela Palomino,Base de Datos,2025-2,81.3,3.9,67.3,3,11.8,10.7,12.7
E03011,Valeria Ortiz,Lenguajes de Programación,2026-1,55.9,3.3,79.0,3,12.4,15.2,8.4
E03012,Rodrigo Medina,Lenguajes de Programación,2026-1,63.5,6.7,60.7,2,12.3,13.8,18.1
E03013,Daniela Salazar,Lenguajes de Programación,2025-2,56.3,5.2,89.7,2,9.7,9.1,12.4
E03014,María Quispe,Lenguajes de Programación,2026-1,100,5.1,55.4,4,13.9,18.4,14.9
E03015,Daniela Cárdenas,Base de Datos,2025-2,41.7,4.4,94.3,1,9.7,12.5,10.3
E03016,Andrés Castillo,Estructuras de Datos,2025-2,79.1,6.7,70.6,4,9.5,11.6,5.1
E03017,Rosa Zapata,Lenguajes de Programación,2025-2,57.8,0,48.1,1,19.4,20,17.8
E03018,Carlos Rivas,Matemática Discreta,2026-1,96.8,1.9,95.2,4,17.2,13.7,13.5
E03019,Isabela Ponce,Estructuras de Datos,2025-2,100,0.7,82.7,5,20,14.4,14.9
E03020,Rosa Huamán,Estructuras de Datos,2025-2,65.7,6.0,100,1,16.0,11.6,20
E03021,Ximena López,Matemática Discreta,2026-1,71.6,7.6,67.9,5,7.3,8.5,11.4
E03022,Fabián Rojas,Lenguajes de Programación,2025-2,57.0,3.8,48.5,3,4.7,5.5,5.7
E03023,Carlos Soto,Base de Datos,2025-2,70.4,4.8,95.1,2,20,14.3,17.3
E03024,Julio Zapata,Matemática Discreta,2026-1,46.9,9.1,73.7,4,18.3,12.3,15.8
E03025,Emilia Medina,Matemática Discreta,2025-2,67.5,10.7,82.5,4,15.2,16.3,12.8
E03026,Emilia Ortiz,Matemática Discreta,2026-1,49.1,8.7,85.4,3,14.9,14.8,15.4
E03027,Emilio Ramírez,Redes de Computadoras,2026-1,94.5,2.8,89.0,4,12.4,16.7,20
E03028,Fabián Rodríguez,Redes de Computadoras,2026-1,90.5,5.4,84.8,4,7.4,8.4,14.9
E03029,Ximena Rojas,Base de Datos,2025-2,57.7,5.6,86.8,2,15.7,10.0,16.2
E03030,Paula Gutiérrez,Estructuras de Datos,2025-2,57.3,7.0,100,4,15.9,13.0,14.0
E03031,Adrián Reyes,Lenguajes de Programación,2025-2,61.3,4.3,82.9,5,8.3,5.9,3.5
E03032,Paula Cabrera,Matemática Discreta,2025-2,73.8,4.7,68.5,2,18.6,16.2,16.8
E03033,Diego Quispe,Lenguajes de Programación,2025-2,81.9,6.4,47.1,3,6.7,13.8,12.0
E03034,Julio Espinoza,Matemática Discreta,2026-1,82.3,7.0,71.3,1,17.5,15.3,18.6
E03035,Andrés Vega,Base de Datos,2026-1,50.6,7.9,56.9,4,18.5,13.9,19.0
E03036,Rodrigo Reyes,Matemática Discreta,2025-2,77.0,0.7,57.4,3,17.6,19.3,12.7
E03037,Lucía Herrera,Base de Datos,2025-2,79.7,5.2,62.3,2,13.9,17.0,15.0
E03038,Iván Palomino,Base de Datos,2026-1,61.0,4.0,63.1,3,16.2,19.8,16.7
E03039,Sebastián Delgado,Matemática Discreta,2025-2,82.9,6.0,69.8,2,8.4,15.1,14.4
E03040,Rosa Soto,Estructuras de Datos,2025-2,85.3,7.6,56.4,3,3.1,4.6,4.1
E03041,Emilia Zapata,Estructuras de Datos,2025-2,37.6,8.1,69.9,3,5.6,8.9,8.2
E03042,Isabela Ponce,Matemática Discreta,2026-1,89.0,6.4,95.6,2,12.9,18.1,15.3
E03043,Daniela Aguilar,Base de Datos,2025-2,93.9,0.2,38.5,3,11.8,7.3,10.1
E03044,Franco Flores,Redes de Computadoras,2025-2,66.6,5.0,50.8,1,18.2,10.8,12.8
E03045,Alonso Aguilar,Matemática Discreta,2026-1,58.6,0.6,59.8,2,14.4,,14.4
E03046,Sebastián Chávez,Redes de Computadoras,2026-1,47.5,9.9,57.9,5,,17.3,13.3
E03047,Adrián Ramírez,Base de Datos,2026-1,100,6.2,70.0,3,19.2,19.4,10.4
E03048,Miguel Mamani,Redes de Computadoras,2025-2,48.7,8.7,79.3,4,19.5,18.3,18.9
E03049,Fabián Sánchez,Lenguajes de Programación,2026-1,62.3,2.3,68.6,3,15.7,17.6,15.4
E03050,Manuel Quispe,Base de Datos,2025-2,59.1,8.8,83.8,2,17.1,12.8,15.0
E03051,Fernanda Espinoza,Lenguajes de Programación,2025-2,28.6,11.0,74.3,4,19.7,19.6,19.4
E03052,Antonella López,Base de Datos,2026-1,87.1,3.6,98.1,4,10.9,6.4,8.1
E03053,Luis García,Base de Datos,2025-2,54.6,1.3,76.1,4,12.6,13.3,16.7
E03054,Ana Rojas,Redes de Computadoras,2025-2,71.9,8.3,74.8,3,13.9,8.1,12.2
E03055,Daniela Pérez,Redes de Computadoras,2026-1,97.0,6.3,90.6,2,7.8,9.1,8.7
E03056,Franco Cruz,Estructuras de Datos,2026-1,93.0,3.2,78.2,2,16.6,18.3,13.0
E03057,Julio Cruz,Estructuras de Datos,2026-1,90.6,11.9,67.1,4,8.6,7.5,8.9
E03058,Joaquín Castillo,Matemática Discreta,2025-2,80.6,3.3,69.9,4,17.6,19.9,20
E03059,Joaquín Reyes,Matemática Discreta,2026-1,69.9,11.7,73.7,4,12.8,13.7,16.0
E03060,Emilia Medina,Estructuras de Datos,2026-1,80.1,2.4,41.0,4,13.3,7.6,9.9
E03061,Sofía Torres,Base de Datos,2025-2,71.3,7.6,100,4,9.7,14.6,16.5
E03062,Jorge Herrera,Base de Datos,2026-1,75.8,4.1,69.1,5,16.8,14.0,15.1
E03063,Luis Cárdenas,Redes de Computadoras,2025-2,68.4,5.5,76.9,4,13.6,10.5,10.7
E03064,Diego Delgado,Estructuras de Datos,2025-2,42.5,5.8,76.7,2,11.3,12.4,9.4
E03065,Alonso Soto,Estructuras de Datos,2025-2,56.6,3.2,100,1,12.6,16.7,18.6
E03066,Sebastián Reyes,Base de Datos,2026-1,75.7,4.6,76.8,3,13.4,13.0,6.8
E03067,Fabián García,Lenguajes de Programación,2025-2,100,10.1,84.2,1,9.5,13.9,17.4
E03068,Adrián Alva,Matemática Discreta,2026-1,83.2,2.0,42.1,2,20,20,20
E03069,Lucía Paredes,Base de Datos,2025-2,66.0,5.2,71.5,3,6.1,6.0,6.0
E03070,Ricardo Sánchez,Redes de Computadoras,2026-1,68.2,6.0,77.6,2,11.5,6.8,12.5
E03071,Natalia Quispe,Lenguajes de Programación,2026-1,74.8,8.6,60.9,4,15.4,13.8,16.6
E03072,Rosa Cárdenas,Estructuras de Datos,2026-1,60.0,4.7,59.2,3,17.3,16.6,14.3
E03073,Martina Huamán,Matemática Discreta,2026-1,46.2,0.6,37.6,2,6.3,9.9,5.5
E03074,Antonella Palomino,Estructuras de Datos,2025-2,70.0,3.0,73.1,1,14.0,11.7,10.7
E03075,Rodrigo Alva,Redes de Computadoras,2026-1,74.8,0,75.1,3,9.8,16.3,17.8
E03076,Vicente Castillo,Redes de Computadoras,2026-1,71.6,11.8,86.3,3,11.6,11.1,10.0
E03077,Sofía Quispe,Redes de Computadoras,2025-2,56.9,3.1,77.0,3,11.6,10.6,6.6
E03078,Joaquín Medina,Lenguajes de Programación,2026-1,70.4,7.7,69.1,5,11.5,12.6,10.3
E03079,Milagros Mendoza,Redes de Computadoras,2026-1,79.7,6.3,77.1,1,20,20,20
E03080,Gabriela Vega,Redes de Computadoras,2025-2,88.2,7.5,37.7,2,11.1,8.7,12.3
E03081,Camila Reyes,Redes de Computadoras,2025-2,52.5,10.4,63.6,3,16.1,20,20
E03082,Franco Pérez,Estructuras de Datos,2026-1,87.1,4.7,28.6,3,12.8,12.3,15.5
E03083,Emilio Zapata,Matemática Discreta,2026-1,82.8,4.5,74.5,3,9.1,13.4,13.8
E03084,María Vargas,Lenguajes de Programación,2025-2,73.0,9.9,85.2,4,7.6,11.8,7.7
E03085,Sofía Medina,Estructuras de Datos,2026-1,100,7.0,86.9,4,12.9,10.7,14.2
E03086,Gabriela Vargas,Redes de Computadoras,2026-1,86.7,5.2,64.6,4,10.8,13.8,9.6
E03087,Jorge García,Lenguajes de Programación,2025-2,84.8,4.0,66.0,3,18.2,20,20
E03088,Valentina Mendoza,Redes de Computadoras,2026-1,62.4,8.6,54.3,3,13.5,11.2,13.9
E03089,Iván Aguilar,Estructuras de Datos,2025-2,66.9,3.9,70.4,4,15.8,15.3,16.5
E03090,Ana Rivas,Lenguajes de Programación,2026-1,96.9,5.8,49.7,3,6.2,12.0,10.4
E03091,Manuel Huamán,Base de Datos,2025-2,78.7,8.9,67.9,3,14.0,19.9,16.6
E03092,Camila Cárdenas,Lenguajes de Programación,2026-1,89.5,1.4,88.5,1,7.2,12.3,9.4
E03093,Carlos Ortiz,Base de Datos,2026-1,58.6,10.5,,3,4.8,7.5,6.7
E03094,Ricardo Rivas,Matemática Discreta,2025-2,61.4,9.8,65.0,3,11.5,13.3,12.9
E03095,Renata Torres,Lenguajes de Programación,2025-2,63.8,0.3,55.4,4,12.1,5.8,7.8
E03096,Fabián Huamán,Matemática Discreta,2026-1,80.8,8.9,98.7,3,13.1,16.0,10.0
E03097,María Pérez,Redes de Computadoras,2025-2,78.3,9.2,84.5,3,9.5,4.8,9.8
E03098,Bruno Pérez,Redes de Computadoras,2025-2,73.4,8.4,68.3,1,14.5,13.4,13.9
E03099,Paula Aguilar,Base de Datos,2026-1,61.1,4.9,76.5,2,8.4,10.4,6.8
E03100,Ana Ortiz,Matemática Discreta,2026-1,48.0,4.8,78.4,3,12.2,11.2,9.5
E03101,Andrés Espinoza,Redes de Computadoras,2026-1,54.6,10.2,86.2,3,10.7,11.6,16.1
E03102,Rosa Alva,Base de Datos,2025-2,100,1.4,57.7,4,16.1,10.8,13.5
E03103,Mateo Cruz,Redes de Computadoras,2026-1,66.8,10.0,95.6,2,13.7,10.6,12.2
E03104,Nicolás López,Redes de Computadoras,2026-1,87.1,4.2,60.9,4,17.4,17.9,18.3
E03105,Joaquín Gutiérrez,Base de Datos,2026-1,59.4,6.4,74.4,3,9.2,9.1,8.3
E03106,Fernanda Mendoza,Redes de Computadoras,2026-1,68.0,5.5,82.8,2,13.1,8.0,7.2
E03107,Emilia Sánchez,Estructuras de Datos,2025-2,100,6.8,90.0,3,11.6,12.8,10.9
E03108,Ricardo López,Matemática Discreta,2026-1,100,3.4,57.6,4,9.7,12.9,13.4
E03109,Franco Huamán,Lenguajes de Programación,2026-1,43.0,14.4,100,3,18.9,12.3,17.6
E03110,Nicolás Alva,Estructuras de Datos,2026-1,79.0,3.8,91.7,3,12.4,8.9,13.3
E03111,Adrián Pérez,Matemática Discreta,2026-1,99.0,6.1,73.2,3,6.2,8.0,10.2
E03112,Ricardo Salazar,Lenguajes de Programación,2026-1,58.0,4.3,91.5,3,16.2,15.4,13.5
E03113,Diego Salazar,Base de Datos,2026-1,80.6,1.4,77.2,2,4.9,7.1,9.1
E03114,Fabián Soto,Estructuras de Datos,2025-2,72.2,5.0,92.5,4,15.9,14.6,13.5
E03115,Rosa Reyes,Lenguajes de Programación,2025-2,62.7,8.0,53.1,5,7.2,9.2,8.5
E03116,Isabela Medina,Lenguajes de Programación,2026-1,78.0,5.7,91.8,1,8.4,6.5,4.7
E03117,Bruno Soto,Redes de Computadoras,2025-2,54.1,0,71.5,2,8.6,10.1,7.6
E03118,Camila Ortiz,Base de Datos,2026-1,95.6,0,92.5,2,17.4,18.2,20
E03119,Milagros Pérez,Estructuras de Datos,2025-2,81.1,4.4,69.9,3,19.1,18.5,18.8
E03120,Vicente Rivas,Estructuras de Datos,2025-2,55.2,8.0,84.0,5,,5.5,11.9
E03121,Daniela Alva,Lenguajes de Programación,2025-2,88.2,7.9,100,3,10.4,10.6,10.0
E03122,Milagros Vega,Estructuras de Datos,2026-1,89.7,5.7,64.7,1,10.3,13.0,18.5
E03123,Diego Chávez,Estructuras de Datos,2026-1,78.4,11.7,63.9,2,13.1,10.6,12.8
E03124,Valentina Rojas,Matemática Discreta,2025-2,82.4,3.1,74.7,2,,15.1,13.2
E03125,Luis Delgado,Base de Datos,2025-2,52.5,3.3,54.4,4,8.0,4.2,7.6
E03126,Tomás Sánchez,Estructuras de Datos,2025-2,82.5,2.3,66.1,4,15.9,12.1,19.4
E03127,Bruno Rodríguez,Base de Datos,2026-1,75.8,9.2,79.2,2,,10.7,13.5
E03128,Daniela Mendoza,Base de Datos,2025-2,52.6,11.4,82.8,4,7.4,14.9,11.6
E03129,Iván Cruz,Estructuras de Datos,2026-1,80.3,3.2,64.5,1,11.5,14.6,15.1
E03130,Milagros Delgado,Redes de Computadoras,2025-2,64.1,3.4,92.4,3,5.8,8.5,10.8
E03131,Estefanía Chávez,Estructuras de Datos,2025-2,75.1,1.6,86.3,3,9.5,11.7,10.8
E03132,Carlos Huamán,Base de Datos,2026-1,73.4,7.0,82.6,3,20,18.6,17.4
E03133,Manuel Mamani,Base de Datos,2026-1,79.5,8.9,66.6,5,15.6,13.3,18.0
E03134,Lucía García,Lenguajes de Programación,2025-2,52.9,7.4,87.2,2,11.4,11.2,13.9
E03135,Paula Huamán,Matemática Discreta,2025-2,49.7,5.0,84.1,4,15.8,15.1,17.4
E03136,Diego García,Lenguajes de Programación,2026-1,31.7,10.1,47.1,1,14.5,14.1,11.2
E03137,Alonso Sánchez,Estructuras de Datos,2026-1,72.3,1.6,40.0,3,9.6,7.8,8.6
E03138,Milagros Ramírez,Base de Datos,2025-2,100,7.5,60.6,3,13.0,15.6,13.9
E03139,Ana Vargas,Matemática Discreta,2025-2,52.1,10.4,74.0,5,17.0,16.2,19.9
E03140,Ricardo Sánchez,Lenguajes de Programación,2026-1,72.9,6.2,88.9,1,10.8,12.8,15.7
E03141,Bruno Quispe,Base de Datos,2026-1,85.3,10.0,90.2,4,16.3,15.4,15.2
E03142,Valentina Medina,Redes de Computadoras,2026-1,88.3,4.1,71.7,4,11.9,12.2,16.8
E03143,Daniela Rodríguez,Lenguajes de Programación,2026-1,31.2,8.7,76.1,4,9.9,13.6,12.1
E03144,Zoe Cárdenas,Matemática Discreta,2025-2,98.9,9.0,67.4,3,18.2,20,19.4
E03145,María Gutiérrez,Redes de Computadoras,2026-1,66.6,2.6,86.3,2,9.6,11.4,9.9
E03146,Ricardo Aguilar,Matemática Discreta,2025-2,93.9,2.9,68.7,2,13.0,15.6,9.5
E03147,Joaquín Herrera,Redes de Computadoras,2025-2,70.3,3.4,100,2,16.6,15.8,14.1
E03148,Fabián Cárdenas,Lenguajes de Programación,2026-1,74.7,1.5,85.6,2,12.5,11.5,11.0
E03149,Miguel Alva,Redes de Computadoras,2026-1,88.1,7.1,100,2,16.1,8.3,15.1
E03150,Rosa Alva,Lenguajes de Programación,2025-2,61.0,13.5,61.4,5,10.5,10.0,5.2
E03151,Emilia Zapata,Estructuras de Datos,2026-1,66.0,5.9,97.4,2,11.8,12.7,10.6
E03152,Isabela Huamán,Lenguajes de Programación,2025-2,,6.9,80.7,3,6.3,7.9,6.8
E03153,Mateo Herrera,Matemática Discreta,2025-2,69.0,0,69.0,4,13.4,14.0,10.0
E03154,Sofía Mamani,Lenguajes de Programación,2026-1,90.8,6.5,82.5,3,15.8,12.2,10.1
E03155,Jorge Huamán,Redes de Computadoras,2025-2,88.6,5.9,55.4,2,14.3,11.9,10.1
E03156,Milagros Sánchez,Redes de Computadoras,2025-2,84.7,10.3,84.7,2,7.1,15.5,15.1
E03157,Manuel Paredes,Matemática Discreta,2025-2,77.9,6.5,61.1,3,19.0,16.7,16.2
E03158,Alejandra Ramírez,Lenguajes de Programación,2026-1,71.9,7.7,58.1,4,9.5,12.0,14.2
E03159,Sebastián Quispe,Lenguajes de Programación,2026-1,87.0,2.4,100,4,13.5,10.9,14.2
E03160,Daniela García,Redes de Computadoras,2025-2,64.7,6.1,84.8,1,5.6,10.5,9.2
E03161,Isabela Vargas,Estructuras de Datos,2026-1,82.9,4.3,76.4,4,14.6,10.5,14.9
E03162,Vicente Salazar,Lenguajes de Programación,2025-2,81.3,1.3,61.5,3,16.1,11.5,15.2
E03163,Manuel Cárdenas,Redes de Computadoras,2026-1,68.3,12.7,83.7,2,13.9,16.2,16.5
E03164,Estefanía Rivas,Base de Datos,2026-1,66.0,10.4,52.3,1,12.4,12.5,6.8
E03165,Lucía Rivas,Matemática Discreta,2025-2,96.4,8.2,75.6,2,10.1,15.6,14.4
E03166,Rosa Soto,Base de Datos,2025-2,56.4,2.9,62.8,3,17.1,16.2,13.6
E03167,Milagros Medina,Base de Datos,2026-1,46.9,8.3,100,5,0.9,9.4,9.8
E03168,Bruno Paredes,Redes de Computadoras,2026-1,82.0,0,83.8,4,19.3,14.4,14.3
E03169,Mateo Pérez,Lenguajes de Programación,2025-2,88.4,6.3,100,4,14.4,14.6,17.4
E03170,Nicolás Ramírez,Matemática Discreta,2025-2,89.2,4.6,85.2,2,9.8,9.1,5.2
E03171,Luis Soto,Lenguajes de Programación,2025-2,99.7,7.6,49.4,3,2.2,8.2,6.1
E03172,Renata Cárdenas,Estructuras de Datos,2025-2,50.8,0,90.2,2,13.1,11.9,13.1
E03173,Fernanda Quispe,Estructuras de Datos,2025-2,52.1,6.6,46.3,3,10.3,14.0,17.2
E03174,Jorge Ortiz,Lenguajes de Programación,2026-1,94.9,8.3,30.8,5,12.5,15.6,18.0
E03175,Martina Vargas,Lenguajes de Programación,2025-2,54.9,10.8,78.5,5,7.5,3.5,12.5
E03176,Emilia Palomino,Lenguajes de Programación,2026-1,49.2,7.9,48.5,3,13.2,16.1,15.4
E03177,Ana García,Base de Datos,2025-2,71.3,7.4,85.7,5,19.1,13.2,19.1
E03178,Camila Aguilar,Lenguajes de Programación,2026-1,54.3,4.9,60.9,5,13.7,10.2,9.0
E03179,Rodrigo Ramírez,Matemática Discreta,2026-1,92.5,5.2,75.6,4,19.4,20,17.0
E03180,Valentina Rojas,Estructuras de Datos,2025-2,52.3,0,75.6,4,9.2,6.3,11.3
E03181,Natalia Vega,Lenguajes de Programación,2025-2,96.0,0,39.6,3,12.4,12.5,11.0
E03182,Emilio Chávez,Matemática Discreta,2026-1,42.1,3.6,81.0,3,9.3,13.4,14.1
E03183,Ximena Pérez,Estructuras de Datos,2025-2,77.1,4.6,87.0,5,11.0,13.9,10.2
E03184,Miguel Aguilar,Lenguajes de Programación,2026-1,43.5,12.8,57.7,2,16.1,13.1,10.9
E03185,Vicente Alva,Matemática Discreta,2025-2,100,6.8,62.9,4,16.2,15.4,17.9
E03186,Alonso Delgado,Lenguajes de Programación,2026-1,86.5,6.0,79.6,5,,15.6,16.5
E03187,Manuel Cruz,Matemática Discreta,2025-2,73.5,10.0,99.2,3,14.4,14.0,16.6
E03188,Antonella Chávez,Estructuras de Datos,2025-2,60.3,9.3,85.2,2,16.2,19.6,16.2
E03189,Estefanía Pérez,Base de Datos,2025-2,30.6,6.7,86.5,5,14.4,15.0,15.3
E03190,Zoe Zapata,Lenguajes de Programación,2025-2,68.9,0,85.9,3,9.0,10.1,12.9
E03191,Emilio Reyes,Redes de Computadoras,2026-1,95.3,4.2,50.0,3,7.3,6.4,6.9
E03192,Mateo Palomino,Redes de Computadoras,2026-1,100,4.6,46.1,3,8.9,4.7,11.7
E03193,Valentina Salazar,Base de Datos,2025-2,66.9,7.2,74.9,4,15.6,20,12.6
E03194,Luis Alva,Lenguajes de Programación,2025-2,99.9,14.5,62.5,3,14.7,17.3,10.3
E03195,Jorge García,Matemática Discreta,2026-1,45.4,13.3,91.2,2,11.7,13.0,10.7
E03196,Camila Sánchez,Matemática Discreta,2026-1,75.3,6.9,26.6,3,14.5,13.6,15.8
E03197,Ana García,Redes de Computadoras,2026-1,47.2,11.5,88.9,2,13.0,14.9,19.8
E03198,Alejandra Vargas,Base de Datos,2026-1,84.8,9.0,74.0,3,14.8,20,10.7
E03199,María Mamani,Matemática Discreta,2026-1,65.4,2.5,93.9,4,11.6,19.3,18.7
E03200,Estefanía Aguilar,Matemática Discreta,2025-2,67.4,6.8,68.0,5,15.4,9.7,14.8
E03201,Fernanda Herrera,Redes de Computadoras,2025-2,86.9,4.2,83.4,5,13.5,16.1,11.3
E03202,Natalia Salazar,Lenguajes de Programación,2026-1,65.9,8.9,73.6,4,15.7,11.1,13.2
E03203,Isabela Ramírez,Matemática Discreta,2026-1,77.5,15.1,98.3,3,16.2,12.4,11.9
E03204,Rosa Paredes,Base de Datos,2025-2,53.9,10.5,90.0,3,10.9,12.1,11.6
E03205,Martina García,Estructuras de Datos,2026-1,71.7,5.6,98.9,4,11.7,6.6,9.1
E03206,Diego Cruz,Estructuras de Datos,2025-2,75.1,2.2,72.0,5,20,13.9,7.4
E03207,Estefanía Mamani,Matemática Discreta,2026-1,62.8,0.0,59.4,5,12.9,18.9,18.6
E03208,Rosa Ponce,Lenguajes de Programación,2025-2,60.4,8.0,75.1,5,12.9,13.8,18.6
E03209,Natalia Alva,Lenguajes de Programación,2026-1,73.4,1.3,89.6,2,5.0,9.0,3.8
E03210,Estefanía Cabrera,Base de Datos,2025-2,94.7,6.7,45.7,4,16.2,13.1,17.5
E03211,Milagros Mamani,Base de Datos,2025-2,77.9,0,74.4,1,7.4,10.9,6.8
E03212,Mateo Flores,Base de Datos,2026-1,72.0,8.5,66.2,4,12.7,13.6,15.2
E03213,Milagros Medina,Matemática Discreta,2025-2,87.1,8.7,79.5,4,10.7,8.3,12.5
E03214,Renata Rojas,Lenguajes de Programación,2026-1,96.7,4.9,93.3,2,8.4,11.8,10.8
E03215,Julio Quispe,Estructuras de Datos,2025-2,46.8,2.4,60.7,2,7.3,8.7,11.6
E03216,Natalia Aguilar,Redes de Computadoras,2025-2,35.9,6.8,100,3,11.1,16.5,13.4
E03217,Zoe Vargas,Matemática Discreta,2026-1,71.5,3.0,71.6,3,20,20,17.3
E03218,Ximena Vega,Lenguajes de Programación,2025-2,58.5,11.1,60.1,4,10.4,11.9,9.2
E03219,Daniela Herrera,Base de Datos,2025-2,56.1,5.9,68.2,2,9.7,13.9,10.7
E03220,Alonso Reyes,Estructuras de Datos,2026-1,91.1,4.8,95.8,1,16.0,13.0,16.7
E03221,Miguel Flores,Matemática Discreta,2025-2,67.0,10.0,68.2,5,16.7,20,16.8
E03222,Julio Gutiérrez,Redes de Computadoras,2026-1,61.7,7.7,41.9,2,16.7,11.8,14.7
E03223,Joaquín Mendoza,Matemática Discreta,2025-2,79.6,6.7,67.5,4,11.6,11.7,8.9
E03224,Gabriela Rojas,Base de Datos,2026-1,61.3,6.7,88.8,3,8.9,8.8,8.1
E03225,Tomás Quispe,Estructuras de Datos,2025-2,78.9,6.4,78.9,2,,16.7,9.7
E03226,Valentina Ortiz,Base de Datos,2025-2,92.8,4.9,50.3,4,13.5,12.2,11.9
E03227,Luis López,Redes de Computadoras,2026-1,52.3,9.1,96.7,3,12.4,12.0,18.1
E03228,Carlos Vargas,Redes de Computadoras,2026-1,86.6,5.2,57.6,4,19.7,16.1,15.0
E03229,Tomás Paredes,Matemática Discreta,2026-1,82.9,5.0,99.5,3,18.3,20,20
E03230,Tomás Mendoza,Lenguajes de Programación,2026-1,73.7,5.4,73.7,4,12.4,11.2,11.9
E03231,Valentina Ponce,Lenguajes de Programación,2025-2,76.4,6.6,77.4,2,13.6,8.7,11.2
E03232,Emilia Ortiz,Lenguajes de Programación,2026-1,94.7,3.5,41.9,3,12.6,10.9,10.5
E03233,Antonella Cárdenas,Matemática Discreta,2025-2,52.5,7.0,62.5,2,11.0,13.0,12.4
E03234,Mateo Espinoza,Lenguajes de Programación,2026-1,68.7,7.0,98.0,3,17.1,16.4,16.5
E03235,Vicente Reyes,Matemática Discreta,2026-1,55.2,2.9,66.0,3,14.6,5.7,7.3
E03236,Joaquín Alva,Base de Datos,2025-2,68.4,6.3,91.5,3,19.1,16.3,20
E03237,Natalia Ortiz,Lenguajes de Programación,2026-1,63.4,4.7,75.1,3,17.9,17.8,13.8
E03238,Manuel García,Matemática Discreta,2026-1,74.7,3.1,90.7,3,19.1,,13.8
E03239,Natalia López,Lenguajes de Programación,2026-1,88.0,5.2,70.8,3,9.9,11.6,10.4
E03240,Julio Mamani,Estructuras de Datos,2025-2,70.7,4.0,76.8,3,16.3,10.8,13.4
E03241,Bruno Reyes,Base de Datos,2025-2,81.7,7.4,65.1,3,14.5,17.6,17.0
E03242,Nicolás Gutiérrez,Estructuras de Datos,2026-1,68.8,3.2,90.1,2,9.4,10.8,13.6
E03243,Emilio Vargas,Matemática Discreta,2025-2,64.2,2.7,75.3,3,11.0,11.5,11.3
E03244,Rosa Rojas,Estructuras de Datos,2026-1,,0,88.2,4,12.8,12.5,13.0
E03245,Renata Chávez,Lenguajes de Programación,2025-2,76.1,4.6,62.9,4,14.7,18.2,11.0
E03246,Alonso Sánchez,Estructuras de Datos,2026-1,60.3,9.0,48.2,3,11.9,13.0,10.5
E03247,Fabián Alva,Matemática Discreta,2026-1,56.7,9.6,87.7,2,15.5,11.2,12.4
E03248,Nicolás Torres,Estructuras de Datos,2026-1,46.6,9.0,65.4,1,20,19.8,20
E03249,Alejandra Paredes,Redes de Computadoras,2026-1,98.6,8.1,81.0,4,13.4,10.9,13.2
E03250,Tomás Herrera,Redes de Computadoras,2026-1,31.7,0,78.7,3,8.7,13.7,9.9
E03251,Julio Espinoza,Redes de Computadoras,2026-1,95.7,4.1,96.5,4,7.5,10.8,2.9
E03252,Vicente Alva,Estructuras de Datos,2026-1,76.1,4.6,94.6,5,11.6,10.7,15.5
E03253,Gabriela Vargas,Base de Datos,2026-1,69.1,4.8,78.5,2,13.0,8.3,10.8
E03254,Alejandra Rojas,Lenguajes de Programación,2026-1,85.3,6.2,73.3,3,4.4,1.2,4.2
E03255,Diego Palomino,Matemática Discreta,2026-1,100,8.4,93.7,2,7.5,5.2,5.8
E03256,Ricardo Huamán,Estructuras de Datos,2026-1,67.2,8.5,100,3,15.3,14.6,15.5
E03257,Valeria Cruz,Estructuras de Datos,2025-2,80.2,6.2,76.4,5,10.9,13.6,9.9
E03258,Franco Ramírez,Estructuras de Datos,2026-1,54.5,4.7,86.4,4,7.0,2.8,6.1
E03259,Nicolás Cruz,Redes de Computadoras,2026-1,76.5,4.2,95.5,3,14.7,10.5,11.0
E03260,Iván Vargas,Lenguajes de Programación,2025-2,92.9,2.3,65.1,4,6.4,6.4,7.8
E03261,Fernanda Chávez,Matemática Discreta,2025-2,70.7,1.1,100,4,11.6,15.2,13.0
E03262,Rodrigo Ramírez,Lenguajes de Programación,2025-2,78.0,10.6,78.5,5,14.6,12.9,10.0
E03263,Joaquín Herrera,Lenguajes de Programación,2025-2,76.6,3.5,63.2,3,8.7,8.4,7.0
E03264,Valentina Cabrera,Lenguajes de Programación,2026-1,83.7,5.8,86.0,2,9.2,10.5,10.5
E03265,Andrés Rivas,Estructuras de Datos,2026-1,78.1,4.4,66.2,5,15.2,14.3,14.3
E03266,Rosa Salazar,Estructuras de Datos,2025-2,71.0,3.1,38.8,3,14.7,15.0,14.1
E03267,Alonso Castillo,Base de Datos,2025-2,57.8,10.8,64.8,3,6.0,9.9,14.9
E03268,Sebastián Mamani,Estructuras de Datos,2025-2,75.2,5.8,57.4,3,12.7,8.9,13.8
E03269,Diego Sánchez,Lenguajes de Programación,2025-2,85.6,3.8,73.5,3,5.7,9.0,6.1
E03270,Rodrigo Soto,Estructuras de Datos,2026-1,66.1,4.3,95.5,3,9.4,9.9,12.2
E03271,Zoe Mendoza,Matemática Discreta,2025-2,83.1,7.1,80.9,4,10.2,18.6,10.1
E03272,Ana Rojas,Redes de Computadoras,2026-1,69.1,6.8,61.8,4,7.6,3.1,2.8
E03273,Jorge Torres,Matemática Discreta,2026-1,61.6,4.8,63.2,3,,14.7,10.5
E03274,Andrés Salazar,Redes de Computadoras,2025-2,63.6,7.7,65.4,3,20,18.8,20
E03275,Ana Palomino,Matemática Discreta,2025-2,68.8,8.0,50.3,3,17.9,20,17.1
E03276,Joaquín Medina,Matemática Discreta,2025-2,77.9,5.5,77.6,3,12.2,13.2,13.8
E03277,Tomás Castillo,Matemática Discreta,2025-2,79.2,5.6,81.2,3,20,18.7,17.3
E03278,Joaquín Ramírez,Base de Datos,2026-1,80.6,9.5,79.8,3,4.3,9.9,6.0
E03279,Alejandra Delgado,Matemática Discreta,2026-1,68.8,3.8,98.7,5,20,20,19.3
E03280,Emilia Torres,Base de Datos,2026-1,100,7.3,87.4,3,9.6,9.6,9.0
E03281,Alejandra Huamán,Estructuras de Datos,2025-2,81.5,2.1,51.1,5,19.6,20,19.4
E03282,Estefanía Mendoza,Redes de Computadoras,2026-1,77.3,3.9,42.2,3,11.8,14.2,6.5
E03283,Daniela López,Lenguajes de Programación,2026-1,78.4,12.0,74.2,2,13.8,14.4,13.5
E03284,Gabriela Pérez,Redes de Computadoras,2025-2,53.5,3.7,96.7,5,10.7,14.4,13.1
E03285,Lucía Espinoza,Lenguajes de Programación,2025-2,78.0,5.1,69.5,4,7.9,7.7,8.9
E03286,Ximena Mamani,Base de Datos,2025-2,92.8,4.4,54.1,2,13.5,15.6,14.6
E03287,Renata Ortiz,Base de Datos,2026-1,74.3,3.2,86.0,5,14.4,13.9,12.9
E03288,Franco Espinoza,Base de Datos,2025-2,57.7,8.9,80.4,4,9.6,16.2,13.5
E03289,Emilia Reyes,Redes de Computadoras,2026-1,62.9,8.9,94.4,2,13.2,16.2,16.0
E03290,Emilio Paredes,Base de Datos,2025-2,81.9,6.4,84.2,4,14.8,20,18.3
E03291,Andrés Delgado,Lenguajes de Programación,2026-1,71.0,5.9,61.2,2,,8.1,13.4
E03292,Tomás Vargas,Estructuras de Datos,2025-2,74.7,2.9,48.8,3,7.2,11.6,10.8
E03293,Luis Castillo,Lenguajes de Programación,2026-1,96.2,5.9,74.1,4,16.3,16.9,18.1
E03294,Ana Vega,Lenguajes de Programación,2025-2,79.1,6.3,71.9,2,18.8,11.9,14.9
E03295,Julio Sánchez,Redes de Computadoras,2025-2,50.8,11.4,55.7,2,19.7,19.1,14.5
E03296,Valentina Vargas,Redes de Computadoras,2026-1,55.2,5.0,58.3,5,17.6,17.9,18.9
E03297,Ana Paredes,Lenguajes de Programación,2026-1,55.4,2.9,75.2,3,,10.0,15.2
E03298,Vicente Huamán,Estructuras de Datos,2025-2,68.8,5.8,67.8,5,14.1,18.2,18.2
E03299,Bruno Reyes,Lenguajes de Programación,2026-1,67.2,1.1,58.0,4,10.5,4.7,5.5
E03300,Diego García,Lenguajes de Programación,2025-2,57.9,10.0,88.2,3,6.7,6.7,12.5
E03301,Diego Zapata,Lenguajes de Programación,2026-1,74.6,14.6,81.3,4,14.4,17.8,13.2
E03302,Emilia Palomino,Redes de Computadoras,2025-2,70.8,6.8,100,2,17.9,18.3,20
E03303,Diego Mamani,Lenguajes de Programación,2025-2,59.7,6.9,53.3,4,15.9,15.4,14.2
E03304,María Reyes,Estructuras de Datos,2026-1,66.6,7.5,70.1,3,13.0,11.1,17.0
E03305,Adrián Rodríguez,Redes de Computadoras,2025-2,53.6,4.2,73.6,2,14.7,13.4,13.3
E03306,Nicolás Reyes,Base de Datos,2025-2,86.7,4.6,67.0,2,5.3,7.8,12.6
E03307,Natalia Rodríguez,Estructuras de Datos,2026-1,90.2,8.9,100,1,11.6,13.2,12.1
E03308,Carlos Cabrera,Estructuras de Datos,2026-1,54.3,3.2,72.6,4,18.9,11.2,13.8
E03309,Fernanda Delgado,Estructuras de Datos,2025-2,100,10.9,77.8,5,15.6,13.9,13.7
E03310,Diego Zapata,Matemática Discreta,2025-2,97.0,3.2,55.9,3,6.6,13.4,11.5
E03311,Emilio Medina,Base de Datos,2025-2,86.0,1.7,86.0,3,12.0,9.8,9.0
E03312,Carlos Soto,Matemática Discreta,2025-2,57.0,8.1,83.2,3,12.2,15.6,9.5
E03313,Nicolás Soto,Matemática Discreta,2026-1,82.9,7.4,94.9,5,15.0,6.8,14.8
E03314,Sebastián García,Lenguajes de Programación,2026-1,84.2,5.1,100,4,14.5,13.6,10.6
E03315,Joaquín Ortiz,Redes de Computadoras,2026-1,95.1,8.6,99.0,1,12.8,,13.8
E03316,Alonso Zapata,Base de Datos,2026-1,100,3.0,69.7,2,10.8,10.8,8.4
E03317,Valentina Paredes,Matemática Discreta,2026-1,100,5.9,76.4,4,10.9,8.0,16.6
E03318,Alejandra Ramírez,Estructuras de Datos,2025-2,96.4,12.8,79.6,4,15.8,7.4,14.5
E03319,Lucía Gutiérrez,Redes de Computadoras,2025-2,91.1,6.6,77.0,3,13.2,13.7,15.1
E03320,Valentina Torres,Base de Datos,2025-2,42.3,4.7,67.3,3,20,20.0,20
E03321,Ana Gutiérrez,Redes de Computadoras,2025-2,76.4,4.0,36.6,5,15.6,15.2,18.5
E03322,Rodrigo Cárdenas,Estructuras de Datos,2025-2,70.8,3.9,70.4,5,16.6,19.4,17.1
E03323,Daniela Cruz,Redes de Computadoras,2026-1,65.8,8.4,85.4,2,20,20,20
E03324,Rodrigo Mamani,Base de Datos,2026-1,84.3,9.4,100,4,12.9,7.1,8.7
E03325,Ximena López,Base de Datos,2026-1,93.8,6.3,75.9,4,17.1,17.3,17.6
E03326,Franco Huamán,Redes de Computadoras,2025-2,61.2,3.7,71.1,2,19.3,14.3,17.3
E03327,Paula Alva,Estructuras de Datos,2025-2,94.9,7.2,58.5,1,8.5,7.0,8.8
E03328,Valentina Alva,Lenguajes de Programación,2025-2,69.4,9.3,69.0,4,8.9,9.3,10.5
E03329,Bruno Ponce,Base de Datos,2026-1,41.3,0,84.4,1,13.1,13.8,12.1
E03330,Adrián Palomino,Redes de Computadoras,2025-2,66.9,6.4,89.3,4,12.8,16.6,11.4
E03331,Isabela Herrera,Lenguajes de Programación,2026-1,86.6,4.4,91.6,1,13.7,7.4,16.8
E03332,Ximena Espinoza,Redes de Computadoras,2025-2,81.6,7.2,69.9,2,12.8,16.0,16.9
E03333,Fabián Medina,Lenguajes de Programación,2026-1,89.1,8.4,96.3,3,15.0,15.4,17.6
E03334,Fernanda Huamán,Redes de Computadoras,2025-2,72.4,3.5,72.4,4,20,19.2,20
E03335,Diego López,Lenguajes de Programación,2025-2,56.6,3.1,46.5,5,9.4,12.1,15.3
E03336,Isabela Ponce,Base de Datos,2026-1,66.8,0,49.3,3,6.6,9.8,5.8
E03337,Iván Delgado,Base de Datos,2026-1,83.0,10.3,84.3,3,10.0,5.8,4.1
E03338,Paula Soto,Estructuras de Datos,2026-1,61.4,10.2,63.9,3,15.2,12.3,13.8
E03339,Vicente Herrera,Lenguajes de Programación,2026-1,80.7,8.7,63.2,4,15.0,14.9,17.8
E03340,Fernanda Chávez,Base de Datos,2026-1,76.2,3.4,77.9,3,13.1,16.5,12.1
E03341,Camila Zapata,Redes de Computadoras,2025-2,74.9,0,76.2,1,15.3,10.6,12.7
E03342,Rosa Ponce,Base de Datos,2025-2,48.3,0,49.3,3,12.0,16.8,15.3
E03343,Ximena Huamán,Matemática Discreta,2026-1,62.2,8.8,66.2,1,5.0,5.9,5.4
E03344,Fabián Cabrera,Base de Datos,2025-2,86.1,10.3,66.9,3,10.4,9.7,12.4
E03345,Alejandra Ponce,Matemática Discreta,2026-1,70.9,4.8,83.6,2,9.0,14.2,11.2
E03346,Alonso Rivas,Base de Datos,2026-1,74.3,5.0,100,5,20,20,20
E03347,Julio Mendoza,Matemática Discreta,2026-1,45.1,4.0,87.9,4,20,14.8,18.2
E03348,Lucía Huamán,Matemática Discreta,2025-2,68.1,4.6,62.3,5,17.7,17.8,13.8
E03349,Paula Chávez,Estructuras de Datos,2026-1,78.2,8.3,41.1,1,12.1,14.0,6.5
E03350,Nicolás Ramírez,Lenguajes de Programación,2026-1,63.5,9.9,75.7,2,12.3,11.8,13.1
E03351,Milagros Cabrera,Redes de Computadoras,2026-1,90.7,9.4,83.4,2,12.9,9.5,17.9
E03352,Fabián Alva,Estructuras de Datos,2026-1,100,13.1,56.8,5,10.4,7.6,12.0
E03353,Bruno Aguilar,Base de Datos,2025-2,71.6,1.3,53.5,2,15.0,18.5,15.1
E03354,María Ponce,Lenguajes de Programación,2026-1,100,5.7,58.1,2,13.1,14.9,11.6
E03355,Joaquín Ortiz,Lenguajes de Programación,2025-2,69.8,6.3,64.7,2,14.4,12.3,19.4
E03356,Sofía Rivas,Matemática Discreta,2026-1,100,8.0,97.7,2,14.7,13.6,16.2
E03357,Miguel García,Redes de Computadoras,2026-1,60.7,0.9,74.1,1,9.6,11.6,6.7
E03358,Jorge Castillo,Matemática Discreta,2026-1,83.2,6.0,60.7,3,17.4,17.3,13.2
E03359,Alejandra Chávez,Lenguajes de Programación,2026-1,100,3.5,66.2,3,9.4,7.8,13.3
E03360,Fabián López,Estructuras de Datos,2026-1,81.1,4.9,83.4,2,20,20,20
E03361,Bruno Mamani,Base de Datos,2026-1,68.7,0.2,72.4,1,13.1,14.3,15.3
E03362,Rosa Rodríguez,Estructuras de Datos,2026-1,89.6,6.8,89.1,3,9.6,10.2,8.3
E03363,Luis Aguilar,Lenguajes de Programación,2025-2,90.3,7.3,100,3,11.5,11.5,9.6
E03364,Ximena Mamani,Base de Datos,2026-1,84.8,5.2,55.8,2,8.5,13.9,9.1
E03365,Fernanda Zapata,Redes de Computadoras,2026-1,84.7,3.8,65.3,2,8.4,13.0,7.1
E03366,Carlos Herrera,Estructuras de Datos,2025-2,75.6,4.3,100,3,13.6,20,14.8
E03367,Adrián García,Redes de Computadoras,2025-2,63.4,8.6,73.6,4,19.8,16.7,12.9
E03368,Milagros Rodríguez,Lenguajes de Programación,2025-2,100,0.8,61.7,3,17.1,16.7,14.8
E03369,Gabriela Pérez,Lenguajes de Programación,2025-2,77.9,5.1,83.1,1,10.3,11.0,6.0
E03370,Iván García,Estructuras de Datos,2026-1,93.0,4.3,73.4,4,13.6,9.1,8.0
E03371,Martina Cabrera,Lenguajes de Programación,2026-1,66.5,6.6,62.4,1,17.0,13.7,15.2
E03372,Iván Cabrera,Redes de Computadoras,2026-1,90.8,6.3,43.6,1,12.7,11.7,10.3
E03373,Andrés Huamán,Redes de Computadoras,2025-2,65.5,3.6,51.8,5,6.0,7.7,3.9
E03374,Renata Paredes,Base de Datos,2026-1,66.7,1.9,53.1,5,10.8,8.9,7.5
E03375,Fabián Alva,Estructuras de Datos,2026-1,69.2,0,73.8,4,8.5,12.4,12.9
E03376,Nicolás Cárdenas,Base de Datos,2026-1,95.0,6.2,79.9,5,12.2,18.8,16.0
E03377,Manuel Huamán,Redes de Computadoras,2026-1,76.8,5.1,94.5,2,9.8,6.1,14.3
E03378,Rosa Sánchez,Matemática Discreta,2025-2,33.0,0.3,84.6,1,9.8,9.8,9.5
E03379,Carlos Herrera,Lenguajes de Programación,2026-1,89.4,5.2,100,4,10.7,9.7,14.1
E03380,Ximena Alva,Estructuras de Datos,2026-1,77.5,9.3,65.5,2,14.8,17.6,17.6
E03381,Renata Palomino,Redes de Computadoras,2026-1,80.8,4.3,61.9,2,12.3,18.8,17.5
E03382,Emilia Pérez,Base de Datos,2025-2,64.2,4.2,70.0,3,12.2,7.2,6.7
E03383,Carlos Sánchez,Lenguajes de Programación,2025-2,75.3,1.4,75.7,5,10.2,12.8,11.2
E03384,Lucía Paredes,Redes de Computadoras,2026-1,66.7,8.1,79.8,3,13.4,12.1,12.1
E03385,Renata Cárdenas,Lenguajes de Programación,2026-1,81.3,2.0,68.8,4,16.4,13.7,12.6
E03386,Emilia Paredes,Matemática Discreta,2025-2,92.6,10.4,45.5,5,14.4,15.1,18.2
E03387,Nicolás Rojas,Redes de Computadoras,2026-1,100,9.8,91.1,2,15.0,14.0,16.8
E03388,Renata Palomino,Estructuras de Datos,2026-1,86.1,4.7,62.0,3,15.0,18.6,16.1
E03389,Ricardo Ortiz,Estructuras de Datos,2026-1,68.6,1.4,41.3,4,12.7,12.4,7.8
E03390,Paula Salazar,Estructuras de Datos,2025-2,46.5,6.8,64.9,3,15.6,13.4,11.8
E03391,Nicolás Medina,Redes de Computadoras,2026-1,40.8,3.0,52.5,1,15.9,16.1,12.8
E03392,Manuel Salazar,Lenguajes de Programación,2025-2,66.5,9.9,84.9,4,18.6,17.4,17.1
E03393,Alonso Ortiz,Lenguajes de Programación,2026-1,86.8,6.6,66.7,2,10.1,10.7,8.8
E03394,Ximena Mendoza,Estructuras de Datos,2025-2,83.6,10.0,77.4,4,9.4,4.6,6.5
E03395,Rosa Medina,Lenguajes de Programación,2026-1,93.7,9.8,100,5,13.2,8.2,8.6
E03396,Adrián López,Lenguajes de Programación,2026-1,77.3,8.0,88.1,1,14.1,15.8,15.5
E03397,Diego Aguilar,Base de Datos,2025-2,76.6,3.4,84.8,3,8.6,7.5,9.9
E03398,Bruno Paredes,Matemática Discreta,2025-2,58.8,5.6,80.7,1,9.3,15.8,10.5
E03399,Valentina Mamani,Redes de Computadoras,2025-2,81.4,10.3,63.3,4,20,12.3,13.4
E03400,Emilia Chávez,Base de Datos,2026-1,74.4,0.6,61.2,2,7.9,11.2,13.5
E03401,Nicolás Delgado,Lenguajes de Programación,2025-2,54.5,10.3,100,4,11.8,7.8,9.7
E03402,Paula Cárdenas,Redes de Computadoras,2026-1,80.2,8.5,82.6,5,14.5,18.9,14.2
E03403,Gabriela Rojas,Base de Datos,2026-1,77.3,9.1,84.6,2,13.3,7.1,9.1
E03404,Isabela Sánchez,Matemática Discreta,2025-2,47.8,10.4,92.7,4,5.2,13.8,6.3
E03405,Valentina Herrera,Matemática Discreta,2025-2,81.3,4.1,50.2,2,10.3,14.6,15.8
E03406,Alonso Zapata,Lenguajes de Programación,2025-2,62.8,4.5,84.9,2,10.5,9.8,9.2
E03407,Rosa Rojas,Matemática Discreta,2026-1,52.3,5.5,68.3,2,16.2,11.3,9.9
E03408,Carlos Rojas,Base de Datos,2026-1,79.0,8.9,53.9,4,15.3,14.6,18.4
E03409,Ana Chávez,Matemática Discreta,2026-1,98.9,3.9,44.3,4,16.7,17.3,18.3
E03410,Ricardo Torres,Estructuras de Datos,2026-1,100,5.6,65.2,3,13.2,15.1,15.9
E03411,Mateo Quispe,Matemática Discreta,2026-1,84.8,1.4,100,3,14.5,15.1,15.1
E03412,Manuel Salazar,Estructuras de Datos,2026-1,72.1,0,71.3,2,16.3,17.5,12.9
E03413,Alonso Reyes,Lenguajes de Programación,2026-1,72.3,10.3,74.8,2,20,7.1,11.2
E03414,Ricardo Castillo,Matemática Discreta,2025-2,60.0,0.6,65.5,2,15.4,16.3,11.7
E03415,Adrián Rojas,Estructuras de Datos,2025-2,37.8,6.6,76.9,4,11.5,7.9,9.5
E03416,Isabela Chávez,Redes de Computadoras,2025-2,69.9,6.2,100,3,12.5,8.2,7.1
E03417,Sebastián Medina,Estructuras de Datos,2025-2,44.9,11.0,65.5,2,12.6,15.7,14.3
E03418,Fabián Espinoza,Base de Datos,2025-2,72.0,11.0,83.8,5,14.2,14.1,15.1
E03419,Camila Cruz,Matemática Discreta,2025-2,100,6.5,100,5,2.1,5.0,4.6
E03420,Renata Medina,Redes de Computadoras,2026-1,67.7,6.1,53.9,4,12.1,11.1,12.9
E03421,Estefanía Rivas,Matemática Discreta,2025-2,45.9,9.6,72.7,3,9.3,10.5,9.9
E03422,Sebastián Paredes,Estructuras de Datos,2026-1,46.3,6.7,60.1,3,13.5,19.3,14.7
E03423,Julio Vega,Lenguajes de Programación,2025-2,59.7,6.5,100,4,9.0,7.6,8.5
E03424,Franco Gutiérrez,Base de Datos,2025-2,93.9,13.7,75.2,1,12.7,13.1,18.1
E03425,Milagros Alva,Matemática Discreta,2025-2,65.9,9.0,52.4,5,12.2,16.6,13.1
E03426,Isabela Salazar,Estructuras de Datos,2025-2,71.6,7.5,60.1,3,10.9,12.4,8.9
E03427,Ana Paredes,Lenguajes de Programación,2026-1,64.0,6.2,100,1,6.6,10.1,8.7
E03428,Mateo García,Lenguajes de Programación,2025-2,39.4,9.4,69.3,3,12.5,12.9,8.7
E03429,Ricardo Soto,Redes de Computadoras,2025-2,69.1,11.4,69.2,2,20,20.0,18.2
E03430,Joaquín Pérez,Lenguajes de Programación,2026-1,71.1,6.7,70.9,3,17.4,17.2,12.0
E03431,Isabela Espinoza,Matemática Discreta,2026-1,89.6,3.0,58.4,5,13.1,17.4,14.0
E03432,Andrés Vega,Base de Datos,2026-1,89.9,1.4,68.2,5,2.3,7.2,6.0
E03433,Antonella Chávez,Estructuras de Datos,2025-2,60.1,8.5,71.1,3,14.6,13.2,11.4
E03434,Sebastián Torres,Estructuras de Datos,2026-1,60.8,2.6,90.6,5,17.3,13.3,10.1
E03435,Martina Quispe,Matemática Discreta,2026-1,73.7,5.8,51.4,2,13.6,18.7,20
E03436,Bruno Flores,Base de Datos,2025-2,75.8,4.8,66.5,2,15.4,12.2,11.9
E03437,Diego Ramírez,Lenguajes de Programación,2025-2,81.5,4.8,51.5,4,7.7,14.4,11.1
E03438,Andrés Flores,Redes de Computadoras,2025-2,72.9,3.7,82.0,2,10.4,14.4,11.0
E03439,Sebastián Medina,Estructuras de Datos,2025-2,86.5,4.1,100,3,1.9,3.7,12.0
E03440,Vicente Castillo,Estructuras de Datos,2026-1,57.3,2.0,70.2,4,10.9,10.3,17.6
E03441,Luis Torres,Base de Datos,2025-2,76.0,8.4,61.8,5,17.9,20,18.1
E03442,Joaquín Sánchez,Matemática Discreta,2025-2,40.6,9.0,77.4,3,8.5,6.4,11.3
E03443,Jorge Cruz,Redes de Computadoras,2025-2,94.8,4.1,67.9,5,9.1,7.3,14.5
E03444,Tomás Paredes,Base de Datos,2026-1,87.2,8.4,53.8,5,12.2,15.1,12.4
E03445,Julio Herrera,Base de Datos,2025-2,69.3,6.5,86.7,4,3.9,6.1,7.2
E03446,Ana Torres,Redes de Computadoras,2025-2,80.1,1.2,86.3,2,10.9,9.3,10.8
E03447,Andrés Rivas,Matemática Discreta,2025-2,64.0,9.1,83.9,3,13.1,15.2,19.1
E03448,Nicolás Ponce,Base de Datos,2026-1,100,10.5,78.9,3,19.5,20,18.2
E03449,Emilia Flores,Estructuras de Datos,2026-1,61.7,2.5,100,1,14.9,12.6,7.4
E03450,Estefanía Ponce,Redes de Computadoras,2025-2,76.0,7.6,69.3,1,8.4,11.7,9.8
E03451,Emilia López,Base de Datos,2026-1,71.8,6.2,98.1,2,12.9,10.0,5.9
E03452,Milagros Castillo,Lenguajes de Programación,2025-2,74.6,4.8,60.8,2,7.0,11.8,12.5
E03453,Joaquín Soto,Redes de Computadoras,2025-2,71.3,5.9,62.8,3,7.2,10.0,7.4
E03454,Julio Gutiérrez,Base de Datos,2025-2,74.6,10.9,61.9,4,12.9,10.7,12.8
E03455,Julio Rojas,Redes de Computadoras,2025-2,100,5.9,70.0,3,17.7,11.0,13.6
E03456,Mateo Cabrera,Estructuras de Datos,2026-1,95.4,12.5,82.5,1,15.5,15.2,13.5
E03457,Natalia Cabrera,Redes de Computadoras,2026-1,87.0,8.4,77.2,2,,8.5,8.8
E03458,Nicolás Vargas,Matemática Discreta,2026-1,62.4,4.3,65.5,3,18.4,16.6,17.9
E03459,Emilia Mamani,Matemática Discreta,2025-2,57.0,8.9,100,3,10.2,11.6,10.2
E03460,Estefanía Torres,Redes de Computadoras,2026-1,72.8,4.4,53.6,4,19.1,,18.5
E03461,Fabián Cruz,Base de Datos,2026-1,73.4,9.1,,2,12.3,12.8,10.9
E03462,Iván Herrera,Estructuras de Datos,2026-1,51.5,7.9,62.4,3,7.0,3.4,11.6
E03463,Nicolás Flores,Estructuras de Datos,2025-2,100,2.6,43.6,2,20,19.4,19.6
E03464,Emilio Palomino,Estructuras de Datos,2025-2,81.1,8.8,36.2,2,17.7,15.3,8.1
E03465,Martina Aguilar,Matemática Discreta,2026-1,96.0,0,62.4,2,9.7,12.3,11.3
E03466,Lucía Medina,Lenguajes de Programación,2026-1,89.7,9.0,67.0,2,16.6,15.7,15.4
E03467,Nicolás Cruz,Redes de Computadoras,2026-1,58.6,7.0,59.2,1,9.5,9.2,12.6
E03468,Mateo Gutiérrez,Base de Datos,2026-1,67.4,6.1,69.4,3,17.8,16.3,14.9
E03469,Paula Rojas,Matemática Discreta,2025-2,100,7.5,63.5,4,15.9,14.9,13.5
E03470,Ricardo Torres,Base de Datos,2026-1,100,2.7,88.1,3,20,16.6,18.7
E03471,Tomás Cabrera,Base de Datos,2025-2,81.8,7.4,48.5,2,16.2,17.3,13.7
E03472,Andrés Sánchez,Base de Datos,2026-1,21.6,5.4,87.5,2,11.0,11.5,11.6
E03473,Sebastián Torres,Base de Datos,2025-2,100,5.4,73.3,1,16.8,11.1,12.3
E03474,Estefanía Mamani,Matemática Discreta,2025-2,81.0,12.6,90.2,3,12.6,12.6,11.4
E03475,Valentina Rojas,Redes de Computadoras,2026-1,65.8,0,72.7,3,5.0,8.2,10.5
E03476,Jorge Cabrera,Estructuras de Datos,2025-2,100,4.5,72.6,1,19.7,16.1,16.2
E03477,Martina Quispe,Base de Datos,2026-1,68.8,1.4,99.4,3,5.5,6.0,5.1
E03478,Emilio Cárdenas,Base de Datos,2026-1,60.1,4.1,59.7,2,10.1,10.9,9.2
E03479,Rosa Torres,Lenguajes de Programación,2026-1,80.4,9.5,73.7,5,20.0,16.6,19.3
E03480,Nicolás Pérez,Lenguajes de Programación,2025-2,85.3,0.7,75.1,2,16.0,13.8,12.2
E03481,Gabriela Torres,Redes de Computadoras,2025-2,65.9,8.7,56.7,3,17.6,17.0,12.0
E03482,Martina Paredes,Estructuras de Datos,2025-2,58.4,4.0,81.3,4,13.9,15.2,17.8
E03483,Joaquín Vargas,Redes de Computadoras,2026-1,84.1,5.4,71.0,3,8.9,12.5,13.4
E03484,Rosa Ponce,Base de Datos,2025-2,90.9,3.6,51.5,2,7.3,12.5,10.3
E03485,Isabela Sánchez,Matemática Discreta,2026-1,51.2,0,74.2,3,11.4,8.8,11.0
E03486,Camila López,Redes de Computadoras,2025-2,90.8,2.5,72.3,4,6.7,7.1,8.2
E03487,Bruno Reyes,Redes de Computadoras,2026-1,33.1,3.9,74.7,3,11.2,11.8,9.4
E03488,Franco Huamán,Lenguajes de Programación,2026-1,65.3,1.6,77.1,4,10.2,8.4,14.6
E03489,Carlos Vargas,Lenguajes de Programación,2026-1,100,3.7,22.0,3,14.8,8.7,14.2
E03490,Alonso Rodríguez,Lenguajes de Programación,2025-2,68.2,7.4,72.4,3,13.1,13.0,16.6
E03491,Martina Rojas,Lenguajes de Programación,2025-2,90.4,12.8,98.4,2,14.1,12.5,15.3
E03492,Valentina Ramírez,Base de Datos,2026-1,50.8,3.4,94.9,5,11.4,19.5,14.9
E03493,Luis Delgado,Matemática Discreta,2026-1,95.6,5.9,82.8,4,16.1,14.1,9.9
E03494,Mateo Gutiérrez,Estructuras de Datos,2026-1,96.5,0,93.3,2,11.8,12.9,13.5
E03495,Luis Herrera,Lenguajes de Programación,2026-1,89.9,9.6,68.2,1,13.1,10.3,14.2
E03496,Vicente Huamán,Estructuras de Datos,2026-1,88.4,7.4,62.2,3,11.1,15.5,12.8
E03497,Valeria Zapata,Lenguajes de Programación,2025-2,65.5,9.8,80.2,3,18.3,19.6,17.7
E03498,Emilia Cruz,Estructuras de Datos,2026-1,78.7,7.4,96.4,3,19.4,20,15.2
E03499,Manuel Medina,Base de Datos,2026-1,77.0,6.8,88.7,3,14.9,20,20
E03500,Nicolás Mendoza,Estructuras de Datos,2025-2,44.8,6.9,71.4,4,13.2,12.3,15.1
E03501,Camila Rivas,Estructuras de Datos,2025-2,74.1,5.2,86.1,5,7.1,11.5,8.6
E03502,Jorge Huamán,Matemática Discreta,2025-2,54.4,0,59.3,5,8.3,3.2,8.3
E03503,Carlos García,Base de Datos,2026-1,63.4,6.8,77.0,4,14.1,20,12.0
E03504,Bruno Mamani,Redes de Computadoras,2026-1,75.1,7.6,72.3,4,8.5,8.3,11.3
E03505,Ricardo Zapata,Estructuras de Datos,2025-2,79.1,6.2,88.7,2,16.4,13.2,19.3
E03506,Luis Gutiérrez,Lenguajes de Programación,2025-2,90.6,5.6,97.2,3,14.5,13.0,10.9
E03507,Carlos Gutiérrez,Estructuras de Datos,2025-2,65.3,10.8,74.9,3,12.3,14.9,15.4
E03508,Vicente Herrera,Matemática Discreta,2025-2,100,2.5,69.1,1,17.5,13.7,16.4
E03509,Sofía Mendoza,Matemática Discreta,2025-2,35.9,3.8,62.8,3,18.9,15.1,14.8
E03510,Carlos Ortiz,Lenguajes de Programación,2026-1,68.9,5.6,82.8,3,9.6,9.1,12.1
E03511,Franco Mamani,Matemática Discreta,2026-1,36.3,3.6,96.3,2,13.2,13.6,14.4
E03512,Franco Cruz,Matemática Discreta,2026-1,93.2,10.0,91.2,4,13.9,13.3,9.4
E03513,Gabriela Rodríguez,Lenguajes de Programación,2026-1,69.0,5.9,64.1,4,10.8,11.9,16.2
E03514,Fabián Gutiérrez,Lenguajes de Programación,2025-2,64.1,7.1,64.7,2,15.2,10.8,16.0
E03515,Manuel Cárdenas,Base de Datos,2025-2,,8.0,63.4,2,12.9,9.0,10.9
E03516,Alejandra Ortiz,Base de Datos,2026-1,50.3,1.3,67.0,2,13.6,15.4,16.1
E03517,Valeria Ramírez,Matemática Discreta,2026-1,71.7,8.5,63.6,5,10.0,12.9,12.6
E03518,Julio Rojas,Redes de Computadoras,2025-2,72.3,8.2,85.1,1,15.8,15.5,14.6
E03519,Vicente Paredes,Lenguajes de Programación,2025-2,62.1,8.1,51.0,1,17.4,13.2,18.3
E03520,Gabriela Ponce,Matemática Discreta,2026-1,70.1,8.0,74.4,2,16.5,16.0,15.7
E03521,Natalia Vega,Base de Datos,2026-1,60.1,4.5,76.8,5,17.9,13.1,12.9
E03522,Bruno Ramírez,Redes de Computadoras,2026-1,54.4,5.6,80.3,3,11.9,13.5,11.2
E03523,Luis Sánchez,Lenguajes de Programación,2025-2,83.6,7.9,38.0,4,13.2,17.0,16.0
E03524,Ana Torres,Redes de Computadoras,2026-1,66.7,6.8,100,2,17.5,14.1,16.3
E03525,Valeria Flores,Base de Datos,2025-2,45.2,2.4,75.5,1,13.7,17.3,9.6
E03526,Diego Ramírez,Base de Datos,2026-1,76.7,4.4,73.0,1,9.2,9.0,10.4
E03527,Isabela Vargas,Base de Datos,2026-1,51.7,7.1,59.0,4,12.6,11.1,16.0
E03528,Alejandra López,Base de Datos,2025-2,66.0,3.7,62.3,1,18.7,13.3,14.6
E03529,Alejandra Castillo,Base de Datos,2026-1,68.1,14.5,98.0,5,10.2,5.6,11.6
E03530,Paula Alva,Redes de Computadoras,2026-1,100,0,79.5,2,11.5,12.3,11.2
E03531,Antonella Paredes,Lenguajes de Programación,2026-1,68.9,5.5,58.6,4,18.4,11.2,10.1
E03532,Martina Delgado,Estructuras de Datos,2026-1,96.8,9.0,55.3,3,13.6,9.8,10.0
E03533,Julio Cabrera,Redes de Computadoras,2026-1,81.0,4.9,67.7,2,12.6,14.0,14.2
E03534,Martina Sánchez,Estructuras de Datos,2026-1,74.7,1.3,100,5,4.2,8.7,11.4
E03535,Diego Chávez,Lenguajes de Programación,2026-1,66.1,3.8,96.3,4,19.0,14.8,15.5
E03536,Julio Castillo,Estructuras de Datos,2026-1,80.7,5.6,82.4,3,13.6,14.8,14.8
E03537,Emilio Palomino,Estructuras de Datos,2026-1,79.6,6.3,89.3,4,8.5,9.6,15.0
E03538,Tomás Flores,Lenguajes de Programación,2025-2,79.5,3.4,63.9,4,15.0,8.7,8.7
E03539,Luis Pérez,Base de Datos,2025-2,73.8,8.8,63.8,5,19.0,,14.2
E03540,Joaquín Vega,Base de Datos,2025-2,,11.3,80.5,2,11.7,8.4,6.9
E03541,Natalia Aguilar,Matemática Discreta,2025-2,60.1,0,76.9,1,13.1,11.8,13.1
E03542,Alonso Rojas,Redes de Computadoras,2025-2,59.0,8.9,69.2,1,20,,20
E03543,Bruno Ortiz,Base de Datos,2026-1,50.9,1.3,94.3,3,7.1,12.5,12.2
E03544,Luis Rodríguez,Matemática Discreta,2025-2,67.1,4.9,82.8,4,8.4,12.5,13.0
E03545,Luis Mamani,Lenguajes de Programación,2025-2,58.4,2.6,81.0,4,11.3,11.9,12.8
E03546,Martina Reyes,Matemática Discreta,2025-2,62.5,5.7,49.5,1,15.8,14.8,17.6
E03547,Jorge Huamán,Lenguajes de Programación,2025-2,53.6,4.0,94.5,3,14.5,9.7,7.0
E03548,Milagros Cabrera,Redes de Computadoras,2025-2,76.6,14.4,65.9,5,12.7,12.5,16.3
E03549,Manuel Vega,Estructuras de Datos,2025-2,40.8,9.0,91.4,4,12.6,18.8,14.6
E03550,Isabela Alva,Matemática Discreta,2025-2,87.4,0,97.3,1,20,20,18.9
E03551,Valentina Rivas,Lenguajes de Programación,2025-2,69.2,7.8,53.2,3,5.0,7.7,11.3
E03552,Sofía Reyes,Lenguajes de Programación,2026-1,93.0,7.4,52.4,4,13.3,12.8,11.7
E03553,Tomás Ortiz,Base de Datos,2026-1,55.7,12.5,89.9,4,15.6,14.3,10.3
E03554,Isabela Salazar,Matemática Discreta,2025-2,75.2,5.3,72.0,4,11.0,9.8,5.5
E03555,Carlos Herrera,Matemática Discreta,2025-2,48.4,5.3,78.7,3,15.2,13.8,13.5
E03556,Iván Chávez,Base de Datos,2025-2,69.4,1.4,92.0,2,19.2,20,18.6
E03557,Valentina Ortiz,Lenguajes de Programación,2025-2,47.3,1.9,74.4,2,13.5,15.3,14.1
E03558,Mateo Delgado,Base de Datos,2025-2,50.3,8.8,59.6,4,15.0,12.8,9.8
E03559,Estefanía Salazar,Base de Datos,2025-2,80.1,8.8,100,5,11.8,4.4,0.3
E03560,Martina Rodríguez,Base de Datos,2025-2,63.1,9.5,68.3,1,16.0,18.3,18.4
E03561,Daniela Chávez,Estructuras de Datos,2026-1,34.2,11.6,74.3,5,11.5,13.9,14.5
E03562,Nicolás Cárdenas,Matemática Discreta,2025-2,93.1,1.2,62.1,1,14.8,19.3,20
E03563,Manuel Ponce,Estructuras de Datos,2025-2,97.3,0.6,96.2,5,10.7,8.6,12.5
E03564,Lucía Vega,Base de Datos,2025-2,80.6,3.9,76.7,1,14.0,8.4,15.0
E03565,Alonso Huamán,Matemática Discreta,2026-1,87.4,2.4,48.3,1,17.4,14.7,20
E03566,Mateo Cruz,Redes de Computadoras,2026-1,98.5,11.0,75.2,4,19.1,15.3,14.9
E03567,Ana Mendoza,Matemática Discreta,2025-2,84.1,7.4,84.4,3,12.1,13.3,13.1
E03568,Gabriela Mendoza,Lenguajes de Programación,2025-2,91.2,7.3,52.5,3,9.9,8.8,11.2
E03569,Emilio Rodríguez,Estructuras de Datos,2026-1,73.1,8.2,83.0,3,8.9,11.8,12.2
E03570,Antonella Alva,Redes de Computadoras,2026-1,100,3.5,77.6,3,8.0,4.4,5.6
E03571,Iván Pérez,Redes de Computadoras,2025-2,82.7,2.3,25.8,2,16.3,13.6,14.3
E03572,Nicolás Rodríguez,Estructuras de Datos,2026-1,49.6,9.9,57.4,4,9.6,7.6,3.3
E03573,Rosa Sánchez,Matemática Discreta,2026-1,61.9,9.7,90.7,2,11.7,13.2,14.7
E03574,Valeria García,Estructuras de Datos,2026-1,76.9,2.9,69.3,5,15.1,13.5,16.0
E03575,Franco Mamani,Matemática Discreta,2026-1,,0.4,86.2,3,18.8,19.1,16.8
E03576,Emilia Delgado,Estructuras de Datos,2025-2,51.2,5.6,71.0,3,15.4,13.0,15.6
E03577,Jorge Ortiz,Estructuras de Datos,2025-2,100,0.7,70.1,1,15.7,20,19.4
E03578,Fabián Espinoza,Redes de Computadoras,2026-1,75.6,6.5,79.8,4,10.8,12.6,16.2
E03579,Valeria Rivas,Base de Datos,2025-2,89.4,9.1,68.4,5,11.8,12.2,11.9
E03580,Camila Reyes,Lenguajes de Programación,2025-2,73.3,12.0,71.8,1,14.8,13.9,17.0
E03581,Zoe Vega,Base de Datos,2025-2,57.3,0,87.9,4,6.5,9.1,10.6
E03582,Miguel Gutiérrez,Estructuras de Datos,2026-1,77.5,8.0,51.7,4,20,17.2,20
E03583,Joaquín Mendoza,Matemática Discreta,2025-2,46.0,6.0,86.2,1,15.6,16.2,17.0
E03584,Iván Rodríguez,Estructuras de Datos,2025-2,46.6,3.4,70.7,3,5.5,14.8,14.3
E03585,Joaquín Paredes,Matemática Discreta,2025-2,69.3,8.0,89.0,3,9.9,15.9,16.0
E03586,Miguel Cárdenas,Redes de Computadoras,2026-1,100,11.8,78.3,1,15.8,8.4,20
E03587,Alejandra Torres,Matemática Discreta,2025-2,81.7,9.0,70.1,5,10.2,7.3,7.4
E03588,Sofía Torres,Lenguajes de Programación,2025-2,53.8,1.7,70.8,1,13.3,14.7,14.4
E03589,Milagros Cabrera,Estructuras de Datos,2026-1,67.9,2.3,58.1,3,13.1,11.0,9.2
E03590,Iván Gutiérrez,Redes de Computadoras,2025-2,69.5,5.9,72.5,4,13.5,9.7,15.7
E03591,Iván Mamani,Lenguajes de Programación,2026-1,76.7,12.3,49.3,2,6.9,9.5,9.0
E03592,Daniela Castillo,Base de Datos,2025-2,91.8,8.3,66.7,3,15.1,14.3,11.6
E03593,Sofía Vargas,Lenguajes de Programación,2026-1,62.6,8.9,100,4,17.0,16.8,17.2
E03594,Vicente Zapata,Lenguajes de Programación,2025-2,72.5,6.4,80.1,2,18.7,12.0,16.8
E03595,Manuel Ramírez,Base de Datos,2026-1,88.1,1.7,56.6,3,12.2,10.9,13.1
E03596,Sofía Torres,Estructuras de Datos,2025-2,67.4,5.5,85.0,3,13.2,7.2,12.6
E03597,Isabela Palomino,Estructuras de Datos,2026-1,69.6,5.4,82.1,4,15.9,15.1,16.6
E03598,Camila Soto,Base de Datos,2026-1,82.1,7.7,77.3,5,5.9,17.0,17.4
E03599,Andrés Vargas,Lenguajes de Programación,2026-1,61.3,1.1,72.2,3,14.7,,11.0
E03600,Vicente Delgado,Lenguajes de Programación,2026-1,94.4,9.8,28.9,3,15.2,17.3,12.2
E03601,Alejandra Vargas,Redes de Computadoras,2025-2,80.1,8.8,65.3,1,18.6,10.0,14.2
E03602,Iván Salazar,Lenguajes de Programación,2026-1,58.0,7.2,81.0,5,12.9,12.6,15.4
E03603,Rodrigo Medina,Redes de Computadoras,2026-1,85.8,4.6,83.4,2,12.5,12.8,6.0
E03604,Vicente Flores,Estructuras de Datos,2026-1,77.3,3.9,92.6,3,15.7,14.1,15.4
E03605,Emilio Flores,Matemática Discreta,2025-2,,5.2,93.9,2,3.2,5.0,3.1
E03606,Iván Ortiz,Base de Datos,2026-1,62.5,8.2,44.5,4,7.4,11.9,7.6
E03607,Isabela Salazar,Lenguajes de Programación,2025-2,82.0,8.8,100,3,9.2,12.0,12.0
E03608,Daniela Castillo,Matemática Discreta,2025-2,84.1,5.2,100,4,15.4,11.6,12.1
E03609,Tomás Rodríguez,Matemática Discreta,2025-2,92.2,7.9,54.3,2,14.0,16.2,18.2
E03610,Julio Chávez,Lenguajes de Programación,2025-2,56.2,10.8,66.9,3,15.7,18.7,12.7
E03611,Miguel Torres,Redes de Computadoras,2026-1,70.1,9.7,62.3,1,8.9,11.0,7.5
E03612,Ximena Zapata,Matemática Discreta,2025-2,84.4,12.4,100,4,12.5,8.0,6.9
E03613,Alonso Espinoza,Base de Datos,2026-1,72.0,4.5,68.0,4,14.1,15.1,7.0
E03614,Zoe Reyes,Redes de Computadoras,2026-1,34.6,10.0,96.0,4,12.3,15.7,15.4
E03615,Paula Soto,Lenguajes de Programación,2025-2,64.6,3.6,66.7,4,7.8,14.9,11.2
E03616,Luis Cruz,Estructuras de Datos,2025-2,42.3,6.7,94.8,3,7.1,7.4,5.8
E03617,Julio Ramírez,Lenguajes de Programación,2026-1,94.1,2.7,66.5,2,,18.8,19.7
E03618,Sofía Palomino,Matemática Discreta,2026-1,88.1,4.8,100,5,13.6,10.0,11.3
E03619,Nicolás Zapata,Matemática Discreta,2026-1,65.2,6.6,99.2,2,8.2,7.5,10.7
E03620,Antonella Zapata,Lenguajes de Programación,2026-1,79.9,0,100,3,13.1,15.1,14.2
E03621,Isabela Mamani,Base de Datos,2026-1,60.3,1.0,65.8,4,13.4,15.5,15.1
E03622,Bruno Vega,Estructuras de Datos,2026-1,66.8,6.5,62.4,3,16.0,19.3,14.4
E03623,Fabián Herrera,Matemática Discreta,2026-1,100,3.8,76.2,2,17.7,18.5,18.2
E03624,Adrián Soto,Estructuras de Datos,2025-2,90.9,0.0,40.0,3,10.6,8.9,8.2
E03625,Isabela Vega,Lenguajes de Programación,2026-1,48.1,3.9,76.9,5,11.1,8.4,7.9
E03626,Sofía Pérez,Lenguajes de Programación,2025-2,44.4,3.5,100,5,5.0,4.9,3.7
E03627,Andrés Torres,Redes de Computadoras,2026-1,100,1.8,72.7,3,6.4,4.9,4.5
E03628,Valeria Soto,Estructuras de Datos,2026-1,60.3,6.1,35.0,2,12.2,7.3,12.4
E03629,Martina García,Base de Datos,2025-2,100,10.6,69.0,3,15.3,10.7,13.0
E03630,María Soto,Matemática Discreta,2026-1,59.0,7.5,49.5,2,13.7,19.2,16.0
E03631,Antonella Ponce,Estructuras de Datos,2025-2,59.5,3.6,100,2,2.6,4.5,3.6
E03632,Alonso Salazar,Lenguajes de Programación,2025-2,44.7,3.7,69.9,3,16.6,17.9,16.8
E03633,Ana Rivas,Redes de Computadoras,2026-1,72.4,7.7,81.6,3,11.0,8.3,9.6
E03634,Estefanía Espinoza,Estructuras de Datos,2025-2,58.8,3.0,42.5,2,12.3,11.0,9.8
E03635,Renata Mendoza,Matemática Discreta,2025-2,62.7,9.1,100,3,9.2,7.9,9.6
E03636,Bruno Chávez,Estructuras de Datos,2025-2,74.2,1.3,92.3,1,12.2,10.6,16.4
E03637,Iván García,Lenguajes de Programación,2026-1,73.3,6.6,68.6,4,18.0,18.9,16.7
E03638,Carlos Salazar,Lenguajes de Programación,2025-2,25.1,4.4,81.2,3,10.2,8.4,9.7
E03639,Diego Mamani,Matemática Discreta,2026-1,52.1,4.0,58.0,4,11.6,,12.8
E03640,Miguel Alva,Lenguajes de Programación,2025-2,63.0,6.7,97.1,2,13.5,12.1,12.0
E03641,Daniela Mendoza,Lenguajes de Programación,2025-2,66.8,6.6,62.6,5,11.5,15.4,14.5
E03642,Mateo Flores,Lenguajes de Programación,2026-1,54.0,8.1,86.9,4,10.7,12.8,16.2
E03643,Milagros Rodríguez,Matemática Discreta,2026-1,71.3,8.2,100,5,10.1,12.0,7.0
E03644,Andrés Ponce,Estructuras de Datos,2025-2,88.9,4.8,76.6,2,20,14.7,10.4
E03645,Sofía Castillo,Base de Datos,2026-1,77.2,5.5,74.9,2,20,18.3,13.6
E03646,Estefanía Vega,Estructuras de Datos,2026-1,100,0,76.0,1,7.7,9.4,14.7
E03647,Renata Vargas,Redes de Computadoras,2025-2,36.8,0.7,85.3,3,13.3,13.3,12.4
E03648,Bruno Aguilar,Lenguajes de Programación,2026-1,34.7,6.4,45.0,1,7.4,10.0,18.7
E03649,Ana Mamani,Base de Datos,2025-2,95.8,8.8,83.5,4,11.5,11.4,13.9
E03650,Joaquín Pérez,Base de Datos,2026-1,61.6,2.9,54.1,3,12.4,15.0,11.5
E03651,Sofía Ortiz,Matemática Discreta,2025-2,72.4,5.5,69.1,2,16.5,9.4,12.0
E03652,Alejandra Ramírez,Base de Datos,2026-1,63.9,0.8,62.2,2,15.1,19.0,14.6
E03653,Bruno Ortiz,Base de Datos,2025-2,36.6,8.7,57.3,4,18.7,10.4,17.6
E03654,Valeria Aguilar,Base de Datos,2025-2,59.7,9.7,87.7,1,19.8,14.8,15.1
E03655,Ricardo Cabrera,Base de Datos,2025-2,77.8,5.9,70.7,2,16.0,16.4,17.6
E03656,Luis Paredes,Estructuras de Datos,2026-1,53.8,5.1,79.2,4,19.2,11.3,20
E03657,Ximena Mendoza,Estructuras de Datos,2025-2,46.3,2.5,74.8,3,19.8,20,15.5
E03658,Sofía Quispe,Matemática Discreta,2026-1,73.3,10.5,92.4,3,13.3,7.3,10.5
E03659,Sofía Vega,Matemática Discreta,2025-2,79.2,11.1,69.7,1,16.5,9.9,13.7
E03660,Martina Rodríguez,Matemática Discreta,2026-1,67.7,5.9,42.0,2,15.7,17.4,12.9
E03661,Emilio Sánchez,Base de Datos,2025-2,51.8,0.4,73.0,3,9.6,9.7,8.1
E03662,Julio Castillo,Base de Datos,2026-1,67.0,6.4,78.4,3,9.9,10.5,7.7
E03663,Daniela Espinoza,Base de Datos,2026-1,90.1,3.4,86.2,4,14.8,13.5,15.8
E03664,Emilio Vega,Redes de Computadoras,2026-1,74.2,5.2,65.6,5,7.8,8.3,11.6
E03665,Ana Pérez,Matemática Discreta,2026-1,67.3,5.2,43.4,3,13.9,12.1,20
E03666,Paula Vargas,Lenguajes de Programación,2026-1,,1.5,82.4,5,7.9,8.8,5.9
E03667,Fabián Ponce,Base de Datos,2026-1,100,8.8,82.1,2,16.5,13.8,14.6
E03668,Gabriela Castillo,Lenguajes de Programación,2025-2,86.8,0.3,58.4,5,12.8,13.4,16.8
E03669,Ximena López,Base de Datos,2026-1,83.5,0,64.6,1,9.5,14.6,15.3
E03670,Miguel López,Redes de Computadoras,2025-2,79.6,5.9,63.8,3,5.2,10.3,9.0
E03671,Gabriela Huamán,Lenguajes de Programación,2025-2,86.4,8.1,78.8,2,13.7,13.0,14.2
E03672,Martina Cruz,Lenguajes de Programación,2026-1,81.8,7.6,74.2,1,10.4,9.2,6.0
E03673,Fernanda Salazar,Lenguajes de Programación,2026-1,55.0,8.1,54.5,3,9.9,9.3,10.4
E03674,Camila Mendoza,Lenguajes de Programación,2025-2,70.3,5.7,75.4,3,10.5,14.0,13.5
E03675,Renata Ortiz,Estructuras de Datos,2025-2,100,5.4,53.1,4,15.4,13.5,11.1
E03676,Valeria Rivas,Redes de Computadoras,2026-1,71.8,4.4,43.9,3,19.4,14.6,17.0
E03677,Fernanda Ponce,Matemática Discreta,2026-1,61.4,7.6,83.6,5,16.0,14.7,19.7
E03678,Rosa Ramírez,Redes de Computadoras,2025-2,78.7,4.7,100,2,17.0,12.8,12.6
E03679,Estefanía López,Estructuras de Datos,2025-2,80.6,2.4,99.3,4,11.2,16.4,9.4
E03680,Estefanía Salazar,Base de Datos,2026-1,89.6,3.0,70.4,2,13.5,11.4,14.7
E03681,Nicolás Quispe,Redes de Computadoras,2026-1,59.5,1.0,87.4,3,16.1,17.9,16.9
E03682,Luis Vargas,Redes de Computadoras,2025-2,73.8,6.7,,4,20,20,20
E03683,Andrés Cabrera,Estructuras de Datos,2025-2,93.0,0,100,4,9.1,9.3,9.4
E03684,Emilia Soto,Redes de Computadoras,2026-1,87.5,7.3,100,3,15.3,13.6,9.4
E03685,Mateo Huamán,Redes de Computadoras,2026-1,51.1,8.1,32.7,2,11.6,12.4,7.6
E03686,María Ponce,Base de Datos,2025-2,73.0,5.6,89.4,3,12.5,12.8,12.5
E03687,Lucía Pérez,Base de Datos,2025-2,76.0,10.0,98.2,1,12.4,11.9,14.1
E03688,Rodrigo Ortiz,Matemática Discreta,2025-2,64.7,17.1,76.2,3,15.8,13.5,14.1
E03689,Ana Torres,Lenguajes de Programación,2026-1,96.8,8.9,93.2,2,14.9,18.5,16.9
E03690,Valentina Zapata,Estructuras de Datos,2025-2,69.3,4.0,82.0,1,13.5,17.2,12.9
E03691,Alonso López,Lenguajes de Programación,2025-2,75.5,0.4,72.1,3,16.8,16.8,16.2
E03692,Rodrigo Cabrera,Base de Datos,2026-1,66.1,11.3,96.8,5,13.1,14.9,14.9
E03693,Sebastián Ponce,Redes de Computadoras,2026-1,62.7,2.9,53.7,1,9.6,7.2,11.2
E03694,Tomás Mamani,Lenguajes de Programación,2025-2,80.9,7.3,50.1,4,10.0,15.1,18.2
E03695,Daniela Sánchez,Estructuras de Datos,2025-2,78.7,6.0,79.4,3,15.3,14.0,15.8
E03696,Rosa Reyes,Base de Datos,2025-2,67.5,0,31.3,2,15.2,11.1,13.2
E03697,Martina Ortiz,Base de Datos,2026-1,82.8,2.6,96.1,2,13.6,10.4,13.4
E03698,Adrián Quispe,Estructuras de Datos,2026-1,78.4,4.3,100,4,10.9,12.1,13.7
E03699,Sebastián García,Redes de Computadoras,2026-1,75.0,1.8,100,4,14.7,19.4,13.8
E03700,Martina Vargas,Redes de Computadoras,2026-1,65.7,3.8,81.7,1,15.0,14.1,16.0
E03701,Ricardo Quispe,Base de Datos,2025-2,68.4,6.7,75.9,3,14.4,14.8,11.7
E03702,Natalia Cabrera,Matemática Discreta,2026-1,50.0,0.8,74.7,1,17.5,18.1,17.4
E03703,Sofía Salazar,Lenguajes de Programación,2025-2,75.1,12.4,86.2,4,14.3,10.4,7.3
E03704,Daniela Delgado,Redes de Computadoras,2025-2,99.5,9.4,76.1,3,11.8,18.3,12.7
E03705,Luis Mamani,Redes de Computadoras,2026-1,63.9,2.6,100,3,14.8,14.4,11.2
E03706,Renata Rojas,Lenguajes de Programación,2026-1,60.4,0,87.9,2,14.3,14.0,11.5
E03707,Joaquín Salazar,Redes de Computadoras,2025-2,87.5,12.5,55.0,2,11.8,14.4,11.1
E03708,Franco Paredes,Matemática Discreta,2026-1,56.7,6.6,85.4,2,15.2,14.8,11.9
E03709,Andrés Mendoza,Base de Datos,2026-1,76.8,0.4,53.1,2,3.9,9.8,13.1
E03710,Fabián Torres,Matemática Discreta,2025-2,78.2,1.7,79.2,3,7.4,7.6,10.1
E03711,Camila Alva,Lenguajes de Programación,2025-2,62.1,9.3,52.0,4,16.6,9.2,14.0
E03712,Daniela Espinoza,Base de Datos,2026-1,56.1,8.4,61.6,3,16.3,11.3,11.8
E03713,Fabián López,Base de Datos,2026-1,59.6,6.2,85.7,1,15.2,12.3,12.7
E03714,Ricardo Gutiérrez,Lenguajes de Programación,2026-1,84.7,8.8,53.3,4,12.1,12.9,11.0
E03715,Jorge Torres,Estructuras de Datos,2026-1,71.8,3.0,75.0,3,14.8,15.3,16.9
E03716,Gabriela Reyes,Base de Datos,2026-1,93.7,7.8,85.3,4,20,20,20
E03717,Miguel Gutiérrez,Matemática Discreta,2026-1,73.4,11.4,62.7,2,6.7,12.6,14.0
E03718,Fabián Flores,Redes de Computadoras,2025-2,95.6,7.6,100,4,13.7,11.3,14.1
E03719,Bruno Rojas,Lenguajes de Programación,2025-2,92.2,0.7,98.8,1,8.7,12.9,10.5
E03720,Carlos Pérez,Lenguajes de Programación,2025-2,81.7,4.1,,1,20.0,13.8,18.5
E03721,Gabriela Ortiz,Estructuras de Datos,2025-2,73.3,9.1,50.4,3,7.1,5.1,2.0
E03722,Daniela Salazar,Lenguajes de Programación,2025-2,99.3,6.0,88.4,4,12.1,13.0,10.9
E03723,Martina Mamani,Redes de Computadoras,2025-2,62.5,5.8,93.9,1,13.0,19.1,14.6
E03724,Iván Paredes,Lenguajes de Programación,2025-2,77.9,3.4,87.6,3,10.7,10.8,15.5
E03725,Estefanía Rodríguez,Matemática Discreta,2025-2,63.8,2.2,,3,15.7,17.1,17.3
E03726,Ximena Palomino,Lenguajes de Programación,2025-2,91.4,1.0,86.2,1,10.7,7.5,9.9
E03727,Isabela Alva,Lenguajes de Programación,2025-2,93.3,0,39.6,4,10.3,9.8,9.8
E03728,Renata Paredes,Redes de Computadoras,2025-2,37.7,3.8,97.7,2,7.6,,6.4
E03729,Fernanda Reyes,Estructuras de Datos,2025-2,68.7,15.4,69.6,5,16.4,19.5,19.3
E03730,Ana Espinoza,Lenguajes de Programación,2026-1,59.2,3.7,73.4,4,10.4,9.1,12.3
E03731,Mateo Vargas,Estructuras de Datos,2026-1,95.7,8.2,87.5,5,14.8,12.9,8.5
E03732,Ricardo Espinoza,Lenguajes de Programación,2025-2,71.6,4.9,99.1,4,15.9,11.5,9.2
E03733,Daniela Cabrera,Estructuras de Datos,2025-2,47.6,9.3,68.8,2,12.0,12.1,7.4
E03734,Adrián Rojas,Base de Datos,2025-2,55.4,4.9,61.4,2,13.3,16.9,15.0
E03735,Sebastián Gutiérrez,Matemática Discreta,2025-2,42.8,7.7,50.5,2,17.9,19.1,19.2
E03736,Nicolás Herrera,Estructuras de Datos,2026-1,60.2,10.9,80.7,3,17.7,20,13.0
E03737,Milagros Reyes,Matemática Discreta,2025-2,52.2,6.5,64.8,1,5.0,2.6,2.6
E03738,Zoe López,Redes de Computadoras,2026-1,65.6,7.8,100,4,7.7,9.5,11.1
E03739,Estefanía Mamani,Estructuras de Datos,2025-2,95.8,3.7,52.2,4,18.1,20,17.6
E03740,Isabela Rojas,Base de Datos,2025-2,100,0.6,80.6,3,8.5,8.3,14.0
E03741,Manuel Alva,Base de Datos,2026-1,52.2,0,72.3,5,10.2,8.7,10.7
E03742,Emilia Castillo,Redes de Computadoras,2025-2,52.6,10.2,99.8,3,19.5,18.4,18.2
E03743,Carlos Cabrera,Base de Datos,2026-1,81.6,0,81.8,4,19.9,14.8,19.7
E03744,Adrián Rojas,Matemática Discreta,2026-1,100,2.9,100,5,9.4,10.5,4.5
E03745,Fernanda Delgado,Estructuras de Datos,2025-2,66.6,11.3,77.8,1,9.9,12.7,3.5
E03746,Camila Cruz,Base de Datos,2025-2,42.0,6.7,60.9,4,12.8,12.7,9.6
E03747,Iván Alva,Estructuras de Datos,2026-1,58.1,3.0,87.4,5,11.4,18.9,14.3
E03748,Alonso Flores,Matemática Discreta,2026-1,82.3,6.6,82.9,4,13.1,11.0,6.4
E03749,Nicolás Aguilar,Base de Datos,2026-1,46.9,3.3,60.5,3,14.9,15.5,14.8
E03750,Sofía Rojas,Lenguajes de Programación,2026-1,81.4,3.5,69.6,5,6.0,11.0,6.7
E03751,Jorge Vega,Matemática Discreta,2026-1,53.5,4.2,90.1,3,7.4,13.8,8.5
E03752,Julio Mendoza,Matemática Discreta,2025-2,84.1,3.0,45.5,3,11.9,9.3,11.7
E03753,Miguel Torres,Redes de Computadoras,2026-1,85.2,9.7,77.2,5,15.7,10.5,13.6
E03754,Sebastián Flores,Base de Datos,2026-1,77.1,5.9,55.2,5,11.4,12.7,15.1
E03755,Emilia Soto,Lenguajes de Programación,2025-2,66.1,6.7,83.6,3,15.1,11.5,12.4
E03756,Renata Paredes,Lenguajes de Programación,2026-1,56.2,5.6,81.8,5,13.7,13.8,11.8
E03757,Luis López,Matemática Discreta,2025-2,57.6,8.1,45.3,2,16.8,13.6,11.7
E03758,Antonella Aguilar,Base de Datos,2025-2,68.5,10.1,57.2,3,14.5,11.9,10.9
E03759,Joaquín Cabrera,Estructuras de Datos,2026-1,60.8,12.4,50.6,1,7.7,14.6,13.7
E03760,Zoe Herrera,Matemática Discreta,2025-2,79.7,10.2,80.0,4,19.8,12.3,17.2
E03761,Iván Aguilar,Matemática Discreta,2025-2,45.7,13.9,78.8,1,12.1,12.1,13.1
E03762,Ana Vargas,Redes de Computadoras,2025-2,78.3,8.6,89.9,1,20,20,20
E03763,Gabriela Rivas,Lenguajes de Programación,2026-1,62.3,2.6,58.6,3,15.3,13.0,13.0
E03764,Nicolás Alva,Matemática Discreta,2026-1,48.9,7.3,59.8,3,7.5,8.4,9.4
E03765,Alejandra Castillo,Matemática Discreta,2025-2,85.1,0.2,66.2,5,11.7,11.7,14.4
E03766,Milagros Mendoza,Matemática Discreta,2025-2,32.4,9.0,99.5,4,12.7,9.1,9.7
E03767,Ana Zapata,Base de Datos,2026-1,78.8,4.6,70.1,4,10.7,9.0,13.9
E03768,Martina Gutiérrez,Estructuras de Datos,2026-1,82.2,9.8,69.0,3,14.7,16.8,13.9
E03769,Miguel Paredes,Lenguajes de Programación,2026-1,84.5,2.7,88.5,5,11.4,9.6,7.5
E03770,Alonso Cruz,Lenguajes de Programación,2025-2,63.5,11.5,100,4,8.7,11.0,11.0
E03771,Paula Quispe,Matemática Discreta,2025-2,88.9,11.4,98.9,3,14.3,18.5,17.4
E03772,Miguel Reyes,Base de Datos,2026-1,66.3,10.4,46.4,2,19.1,18.9,16.0
E03773,Andrés Ponce,Estructuras de Datos,2026-1,70.2,5.9,,4,7.9,9.7,7.2
E03774,Ricardo Soto,Matemática Discreta,2025-2,77.5,8.8,93.6,3,14.4,9.8,14.5
E03775,Adrián Zapata,Base de Datos,2026-1,76.0,10.4,92.0,2,17.6,13.3,12.6
E03776,Lucía Mendoza,Matemática Discreta,2025-2,54.7,2.0,57.1,2,10.2,11.3,16.1
E03777,Sebastián Medina,Lenguajes de Programación,2026-1,64.1,7.7,69.5,2,5.3,9.3,7.7
E03778,Mateo Rodríguez,Matemática Discreta,2026-1,51.4,7.6,100,2,8.1,7.9,5.9
E03779,Sebastián Mendoza,Redes de Computadoras,2025-2,69.2,6.0,68.5,4,20,15.8,16.3
E03780,Gabriela Palomino,Matemática Discreta,2025-2,89.9,5.9,37.7,4,15.3,17.5,16.3
E03781,Alejandra Palomino,Base de Datos,2026-1,72.9,8.2,92.0,3,15.8,14.8,8.1
E03782,Gabriela Ramírez,Lenguajes de Programación,2025-2,60.5,4.6,66.3,4,8.0,12.3,10.4
E03783,Rosa Delgado,Estructuras de Datos,2025-2,61.3,5.5,92.8,2,12.4,8.7,8.7
E03784,Joaquín López,Lenguajes de Programación,2025-2,72.9,8.5,60.6,1,9.9,11.4,11.9
E03785,Fabián Chávez,Matemática Discreta,2025-2,65.9,5.8,59.9,2,12.8,17.8,8.9
E03786,Alonso Mendoza,Estructuras de Datos,2025-2,67.5,5.8,56.1,3,14.1,10.1,12.4
E03787,Andrés Cárdenas,Base de Datos,2025-2,100,8.9,57.1,5,19.8,12.7,16.5
E03788,Daniela Chávez,Base de Datos,2025-2,100,12.0,100,4,12.9,10.2,16.3
E03789,Valentina Ortiz,Lenguajes de Programación,2026-1,51.9,5.5,72.3,3,12.8,20,12.2
E03790,Adrián Cárdenas,Base de Datos,2026-1,66.9,8.8,95.6,3,10.9,14.6,12.4
E03791,Carlos Cabrera,Base de Datos,2026-1,70.7,9.2,84.2,5,17.1,11.0,14.0
E03792,Ximena Rivas,Lenguajes de Programación,2026-1,72.7,4.6,82.2,4,14.7,12.3,14.3
E03793,Ximena Cárdenas,Lenguajes de Programación,2025-2,69.8,9.3,95.1,3,11.4,10.2,14.3
E03794,Alonso Palomino,Redes de Computadoras,2025-2,93.0,7.3,76.8,3,8.0,6.6,9.3
E03795,Nicolás Gutiérrez,Redes de Computadoras,2026-1,52.8,0.4,68.4,3,13.0,10.4,11.6
E03796,Emilio Ponce,Estructuras de Datos,2026-1,57.3,10.3,87.2,3,16.2,17.8,16.4
E03797,Alejandra Vargas,Redes de Computadoras,2026-1,85.4,1.1,79.9,2,9.7,10.8,12.4
E03798,Milagros Gutiérrez,Matemática Discreta,2026-1,77.9,6.6,92.7,5,11.4,8.1,4.6
E03799,Ricardo Herrera,Matemática Discreta,2026-1,82.7,8.7,62.9,2,15.6,13.0,15.3
E03800,María Aguilar,Redes de Computadoras,2025-2,86.8,5.8,53.0,2,7.9,8.3,4.6
E03801,Joaquín Ortiz,Redes de Computadoras,2026-1,85.1,3.8,62.7,2,14.9,17.1,11.8
E03802,Ricardo Flores,Redes de Computadoras,2026-1,47.6,2.0,68.7,3,8.3,3.9,7.4
E03803,Paula Paredes,Base de Datos,2026-1,51.3,10.2,88.8,4,13.2,14.0,11.6
E03804,Paula Rodríguez,Lenguajes de Programación,2026-1,83.5,1.2,72.6,3,7.4,9.7,6.8
E03805,Zoe Paredes,Lenguajes de Programación,2025-2,94.0,4.6,72.8,2,13.0,12.8,9.5
E03806,Emilia Rojas,Lenguajes de Programación,2025-2,92.7,9.0,69.1,4,9.8,3.5,8.6
E03807,Paula Paredes,Base de Datos,2026-1,63.8,6.4,76.4,1,11.5,13.1,13.4
E03808,Bruno Mendoza,Lenguajes de Programación,2025-2,65.8,11.0,36.2,2,6.4,12.0,10.3
E03809,Daniela Palomino,Base de Datos,2025-2,48.0,0,57.0,3,20,14.4,13.9
E03810,Natalia Gutiérrez,Estructuras de Datos,2026-1,62.7,8.8,44.6,2,20,20,20
E03811,Vicente Chávez,Base de Datos,2025-2,4.3,5.9,89.5,4,13.9,16.8,13.9
E03812,Fabián Ortiz,Estructuras de Datos,2025-2,83.9,8.8,88.8,2,11.5,5.4,12.5
E03813,Milagros Aguilar,Lenguajes de Programación,2026-1,97.3,4.4,56.7,4,16.6,18.4,16.2
E03814,Luis Delgado,Estructuras de Datos,2026-1,90.3,13.5,60.5,2,10.3,14.5,16.2
E03815,Mateo Delgado,Lenguajes de Programación,2025-2,85.4,4.5,75.0,3,11.2,10.6,11.6
E03816,Camila Huamán,Matemática Discreta,2026-1,73.5,7.0,49.4,2,15.0,13.9,13.7
E03817,Nicolás López,Estructuras de Datos,2025-2,76.0,6.9,90.2,2,17.0,14.8,17.3
E03818,Antonella Reyes,Base de Datos,2025-2,89.8,8.8,100,3,12.5,11.9,12.1
E03819,Andrés Rodríguez,Base de Datos,2026-1,83.5,3.7,63.5,2,11.2,10.7,9.8
E03820,Alejandra Delgado,Base de Datos,2026-1,40.1,9.6,61.3,4,14.4,14.3,19.5
E03821,Fabián García,Lenguajes de Programación,2026-1,45.6,7.0,88.9,4,11.1,12.8,16.8
E03822,Andrés Medina,Estructuras de Datos,2026-1,71.2,2.7,77.0,5,10.3,7.6,7.4
E03823,Iván Rojas,Matemática Discreta,2026-1,67.5,8.2,74.9,3,9.9,10.5,11.7
E03824,Joaquín Ortiz,Matemática Discreta,2026-1,82.3,6.4,88.0,3,17.7,15.9,17.9
E03825,Fabián García,Matemática Discreta,2025-2,49.3,11.1,91.1,5,13.7,13.0,18.7
E03826,Ximena Soto,Base de Datos,2025-2,,7.3,67.7,2,16.3,19.8,15.1
E03827,Valeria Sánchez,Base de Datos,2025-2,85.2,8.8,84.1,3,11.0,16.8,13.8
E03828,Rodrigo Mendoza,Estructuras de Datos,2026-1,52.7,1.0,64.4,4,18.6,17.3,13.5
E03829,Julio López,Lenguajes de Programación,2026-1,64.1,1.5,78.6,5,16.1,12.6,18.4
E03830,Paula Delgado,Matemática Discreta,2026-1,100,3.9,100,5,16.8,17.2,17.2
E03831,Ricardo Zapata,Lenguajes de Programación,2026-1,25.9,8.5,94.0,5,4.8,3.3,7.5
E03832,Julio García,Matemática Discreta,2026-1,67.9,7.3,84.1,3,16.5,17.0,16.6
E03833,Paula García,Lenguajes de Programación,2025-2,92.2,0,76.0,2,12.5,15.7,11.6
E03834,Alejandra Salazar,Redes de Computadoras,2026-1,51.7,8.6,82.8,3,6.6,7.7,5.4
E03835,Estefanía Reyes,Lenguajes de Programación,2026-1,76.1,6.5,53.7,5,12.2,8.0,10.8
E03836,Nicolás Alva,Lenguajes de Programación,2026-1,63.4,11.8,93.3,2,12.7,14.1,14.6
E03837,Tomás Ponce,Redes de Computadoras,2025-2,78.1,8.5,63.9,4,10.1,6.6,7.6
E03838,Fabián Rodríguez,Base de Datos,2026-1,66.9,4.5,87.3,4,16.7,8.5,10.4
E03839,Zoe Flores,Lenguajes de Programación,2025-2,45.1,8.1,86.3,2,12.8,12.9,10.5
E03840,Franco Palomino,Estructuras de Datos,2025-2,73.8,10.0,80.1,2,15.6,10.6,14.1
E03841,Lucía Huamán,Lenguajes de Programación,2025-2,98.6,8.9,89.5,5,19.1,20,17.3
E03842,Jorge Quispe,Estructuras de Datos,2025-2,95.1,4.8,57.5,2,16.0,15.3,20
E03843,Joaquín Ortiz,Base de Datos,2026-1,54.5,7.4,75.3,3,8.5,10.3,7.7
E03844,Martina Castillo,Estructuras de Datos,2025-2,68.9,11.7,70.7,3,10.1,15.1,12.2
E03845,Gabriela Flores,Base de Datos,2025-2,97.6,8.8,63.4,3,12.3,14.3,13.7
E03846,Luis Delgado,Matemática Discreta,2026-1,59.5,4.7,48.8,4,20,20,18.3
E03847,Estefanía Alva,Redes de Computadoras,2025-2,64.2,7.8,88.7,3,17.3,14.4,18.2
E03848,Carlos Torres,Redes de Computadoras,2026-1,76.0,3.3,85.0,3,13.8,6.0,11.5
E03849,Luis López,Redes de Computadoras,2025-2,68.2,0,35.2,1,14.3,8.4,14.1
E03850,Carlos López,Base de Datos,2026-1,77.2,0,91.8,3,16.6,16.6,13.7
E03851,Tomás López,Base de Datos,2026-1,37.5,0.9,83.2,4,15.7,15.2,14.0
E03852,Emilia Paredes,Lenguajes de Programación,2025-2,87.9,2.0,,2,11.4,14.9,13.0
E03853,Adrián Paredes,Matemática Discreta,2026-1,76.5,7.2,86.4,3,20,20,19.7
E03854,Sofía Ramírez,Redes de Computadoras,2026-1,47.5,2.8,49.1,3,19.4,14.3,19.5
E03855,Valentina Alva,Base de Datos,2026-1,100,10.9,91.4,3,10.9,12.1,11.8
E03856,Fabián Cruz,Lenguajes de Programación,2026-1,69.2,6.9,66.2,1,14.8,11.6,15.9
E03857,Lucía Huamán,Redes de Computadoras,2026-1,67.0,5.8,65.6,4,7.3,6.3,6.7
E03858,Carlos García,Redes de Computadoras,2025-2,71.3,4.7,70.6,4,15.7,11.2,13.1
E03859,Nicolás Cárdenas,Redes de Computadoras,2025-2,85.3,10.1,72.0,1,10.4,15.4,13.1
E03860,Manuel Mamani,Redes de Computadoras,2026-1,81.8,6.2,62.7,4,8.9,11.4,13.4
E03861,Joaquín Zapata,Base de Datos,2026-1,94.9,4.2,94.7,3,11.7,14.2,16.6
E03862,Carlos Pérez,Estructuras de Datos,2026-1,62.4,5.8,65.4,4,5.5,6.9,4.1
E03863,Natalia Torres,Base de Datos,2026-1,58.7,9.0,59.1,4,16.1,15.3,16.9
E03864,Manuel Rivas,Matemática Discreta,2026-1,85.2,0.1,77.9,5,9.3,11.2,10.6
E03865,Valentina Torres,Base de Datos,2026-1,54.7,8.1,58.0,3,10.5,13.1,11.0
E03866,Rodrigo Espinoza,Matemática Discreta,2026-1,100,10.9,79.7,5,20,18.2,20
E03867,Antonella Vargas,Redes de Computadoras,2026-1,59.5,6.9,78.9,3,13.2,9.8,10.8
E03868,Sofía Alva,Estructuras de Datos,2026-1,79.0,0.5,72.0,4,16.3,10.5,15.0
E03869,Ana Espinoza,Lenguajes de Programación,2026-1,66.4,0,85.6,3,7.7,6.7,14.7
E03870,Rodrigo Castillo,Redes de Computadoras,2025-2,49.9,6.6,67.2,2,7.0,5.3,4.5
E03871,Julio Rojas,Matemática Discreta,2025-2,100,7.2,98.4,1,9.6,16.2,13.1
E03872,Julio Herrera,Estructuras de Datos,2026-1,72.7,8.4,85.2,3,14.9,15.3,14.2
E03873,Manuel Cruz,Redes de Computadoras,2025-2,88.7,0,85.4,5,6.2,8.1,9.2
E03874,Andrés Vargas,Estructuras de Datos,2026-1,70.1,8.7,100,1,14.3,16.4,16.9
E03875,Sofía Medina,Matemática Discreta,2026-1,85.5,7.4,61.8,2,7.8,11.2,11.5
E03876,Valentina Espinoza,Lenguajes de Programación,2025-2,100,1.0,51.8,3,20,18.7,17.6
E03877,Camila Quispe,Base de Datos,2025-2,78.7,7.0,82.3,4,18.6,15.9,17.8
E03878,Franco Rojas,Matemática Discreta,2026-1,62.6,4.6,64.7,5,12.9,14.3,17.7
E03879,Ana Pérez,Matemática Discreta,2026-1,65.3,0,57.8,2,20,18.1,14.7
E03880,Jorge Alva,Lenguajes de Programación,2025-2,66.4,4.9,88.1,2,8.1,14.2,6.0
E03881,Rodrigo Paredes,Base de Datos,2025-2,55.8,3.5,58.5,5,11.8,9.7,10.0
E03882,Milagros Ponce,Estructuras de Datos,2025-2,78.0,9.6,79.1,4,9.1,7.7,14.8
E03883,Alonso Rivas,Lenguajes de Programación,2026-1,56.7,4.9,68.4,2,15.0,12.7,14.6
E03884,Daniela Huamán,Base de Datos,2025-2,63.0,3.1,100,4,11.2,13.6,10.7
E03885,Diego Rodríguez,Lenguajes de Programación,2025-2,79.9,8.3,100,2,14.2,12.4,10.6
E03886,Bruno Mamani,Redes de Computadoras,2026-1,89.5,6.2,74.8,4,16.3,13.7,11.9
E03887,Isabela Paredes,Matemática Discreta,2025-2,53.4,0,87.9,4,15.9,16.0,18.8
E03888,Emilia Cárdenas,Lenguajes de Programación,2026-1,64.0,3.6,86.0,2,13.7,8.4,8.9
E03889,Camila Delgado,Matemática Discreta,2025-2,100,4.6,72.2,2,12.9,11.6,10.5
E03890,Joaquín Ortiz,Base de Datos,2026-1,75.5,3.9,64.5,3,9.5,15.7,18.4
E03891,Rosa Delgado,Estructuras de Datos,2026-1,100,8.9,66.5,4,9.7,16.3,8.7
E03892,Nicolás Reyes,Redes de Computadoras,2025-2,37.6,1.6,58.0,2,14.0,12.2,9.6
E03893,María Cárdenas,Base de Datos,2025-2,77.3,8.9,93.1,3,20,17.5,16.8
E03894,Martina Chávez,Matemática Discreta,2025-2,57.6,4.0,78.4,1,11.5,11.6,6.0
E03895,Zoe Cárdenas,Estructuras de Datos,2025-2,72.4,8.5,64.1,3,8.6,13.5,12.3
E03896,Ana Torres,Base de Datos,2026-1,74.0,6.2,93.0,4,15.6,11.9,11.0
E03897,Miguel Vargas,Estructuras de Datos,2026-1,71.3,8.6,70.9,4,20,16.8,19.3
E03898,Rodrigo Mendoza,Matemática Discreta,2025-2,80.9,4.8,63.7,2,10.5,13.4,12.8
E03899,Estefanía Chávez,Matemática Discreta,2025-2,79.0,6.2,66.5,1,13.4,15.0,11.0
E03900,Paula Palomino,Matemática Discreta,2025-2,71.9,8.2,60.2,3,11.0,11.7,12.4
E03901,Fabián Castillo,Base de Datos,2026-1,83.1,4.7,75.6,1,20,20,20
E03902,Manuel Huamán,Base de Datos,2026-1,80.7,4.6,78.9,3,17.8,13.9,12.5
E03903,Joaquín Cárdenas,Redes de Computadoras,2025-2,64.9,3.4,97.7,3,7.7,10.3,7.3
E03904,María García,Base de Datos,2026-1,59.0,5.2,55.2,3,17.6,16.4,16.0
E03905,Valeria Chávez,Estructuras de Datos,2026-1,99.5,6.4,72.2,4,4.2,,5.4
E03906,Estefanía Palomino,Matemática Discreta,2025-2,72.9,11.4,79.5,3,15.6,17.1,12.7
E03907,Martina Vargas,Matemática Discreta,2026-1,61.0,3.7,69.0,2,14.7,16.9,13.4
E03908,Sebastián Huamán,Redes de Computadoras,2025-2,67.3,5.1,74.7,2,9.2,12.7,11.1
E03909,Milagros Cárdenas,Redes de Computadoras,2026-1,48.2,10.3,85.9,3,14.8,20,15.7
E03910,Valentina Delgado,Estructuras de Datos,2025-2,95.2,2.4,86.6,2,14.6,12.0,10.2
E03911,Rosa Pérez,Estructuras de Datos,2026-1,76.9,4.3,62.0,5,0,0.5,4.7
E03912,Jorge Herrera,Redes de Computadoras,2025-2,72.7,7.5,67.9,2,14.0,13.0,16.8
E03913,Jorge Espinoza,Lenguajes de Programación,2025-2,74.1,8.4,69.8,5,12.3,,10.8
E03914,Franco Quispe,Estructuras de Datos,2026-1,100,11.3,100,5,,15.2,14.6
E03915,Lucía Pérez,Estructuras de Datos,2026-1,59.2,5.1,65.7,2,9.3,10.5,9.1
E03916,Sebastián Herrera,Lenguajes de Programación,2026-1,84.5,3.6,58.3,3,11.9,11.5,11.0
E03917,Fernanda Rojas,Base de Datos,2025-2,67.9,3.5,80.5,3,12.9,14.6,7.2
E03918,Fernanda Torres,Base de Datos,2025-2,36.2,9.1,62.8,1,17.7,12.3,15.3
E03919,Isabela Pérez,Redes de Computadoras,2025-2,53.3,10.5,89.4,4,18.4,14.4,17.3
E03920,Milagros Sánchez,Base de Datos,2025-2,64.0,1.0,65.7,1,12.2,10.4,7.2
E03921,Franco Quispe,Estructuras de Datos,2026-1,60.5,2.2,78.4,2,10.3,9.3,5.7
E03922,Milagros Gutiérrez,Base de Datos,2026-1,83.1,2.4,73.5,5,7.9,7.3,10.1
E03923,Adrián Pérez,Lenguajes de Programación,2026-1,53.1,9.9,74.2,3,7.5,5.6,5.6
E03924,Ricardo Cabrera,Matemática Discreta,2026-1,66.8,3.0,69.5,3,17.8,10.7,12.9
E03925,Fabián Ramírez,Matemática Discreta,2026-1,55.7,6.7,82.1,5,17.8,14.0,17.4
E03926,Tomás Rivas,Estructuras de Datos,2025-2,87.6,3.4,65.8,4,13.1,13.5,7.7
E03927,Zoe Flores,Estructuras de Datos,2026-1,56.5,9.3,62.3,4,11.6,9.4,10.8
E03928,Natalia Alva,Redes de Computadoras,2026-1,86.7,8.3,84.8,2,13.2,17.5,15.6
E03929,Nicolás Ponce,Estructuras de Datos,2026-1,56.1,7.8,74.3,2,16.7,16.0,14.9
E03930,Manuel Paredes,Base de Datos,2026-1,61.9,8.8,84.2,2,15.3,11.2,12.4
E03931,Valentina Vargas,Base de Datos,2026-1,69.7,8.5,79.8,4,16.4,16.6,16.1
E03932,Martina Palomino,Matemática Discreta,2025-2,66.1,0,100,2,20,17.8,19.3
E03933,Daniela Reyes,Estructuras de Datos,2025-2,54.0,3.1,92.8,1,14.4,10.1,11.6
E03934,Estefanía Cruz,Base de Datos,2025-2,78.7,0,100,4,12.5,14.4,14.2
E03935,Sebastián Pérez,Estructuras de Datos,2026-1,100,7.0,72.6,1,10.7,12.7,14.3
E03936,Jorge Torres,Base de Datos,2025-2,92.8,3.3,67.1,2,9.9,4.4,3.9
E03937,Vicente Espinoza,Redes de Computadoras,2026-1,81.5,9.1,81.4,3,18.1,12.4,13.5
E03938,Paula Aguilar,Estructuras de Datos,2025-2,85.4,8.3,70.5,2,11.5,15.5,6.3
E03939,Isabela Zapata,Lenguajes de Programación,2025-2,57.8,9.0,100,3,11.1,10.6,14.6
E03940,Mateo Herrera,Estructuras de Datos,2026-1,100,6.8,76.5,3,7.8,11.0,8.9
E03941,Ximena Ortiz,Redes de Computadoras,2026-1,97.2,10.4,49.7,2,18.6,14.3,16.3
E03942,Franco Sánchez,Redes de Computadoras,2026-1,97.7,10.3,83.2,2,11.9,14.2,12.2
E03943,María Reyes,Estructuras de Datos,2026-1,59.9,4.4,100,3,18.7,17.6,11.2
E03944,Carlos Reyes,Redes de Computadoras,2026-1,100,4.8,85.6,3,17.0,13.4,9.5
E03945,Bruno Alva,Base de Datos,2026-1,67.2,9.0,77.6,4,17.3,15.2,12.0
E03946,Luis Gutiérrez,Estructuras de Datos,2025-2,60.0,12.0,64.8,5,13.3,12.7,13.9
E03947,Jorge Flores,Estructuras de Datos,2026-1,62.8,4.3,76.9,4,4.9,9.0,6.3
E03948,Zoe Espinoza,Matemática Discreta,2025-2,65.6,2.3,65.7,3,7.1,14.8,15.7
E03949,Bruno Vargas,Redes de Computadoras,2025-2,78.3,2.5,100,4,13.7,12.1,11.6
E03950,Adrián Castillo,Base de Datos,2026-1,56.7,2.6,72.6,4,11.6,6.0,10.8
E03951,Rodrigo López,Matemática Discreta,2026-1,82.4,6.2,64.1,3,17.5,17.0,12.0
E03952,Iván Palomino,Lenguajes de Programación,2026-1,68.3,3.4,71.7,3,14.6,13.2,7.5
E03953,Valentina Espinoza,Redes de Computadoras,2026-1,77.5,6.5,73.9,5,17.1,19.9,16.6
E03954,Vicente Soto,Matemática Discreta,2025-2,35.0,3.5,41.5,1,14.6,10.6,8.9
E03955,Luis Aguilar,Base de Datos,2025-2,92.8,6.0,79.7,2,20,19.6,20
E03956,Sofía Mendoza,Lenguajes de Programación,2026-1,100,9.4,83.4,3,12.5,11.3,15.1
E03957,Luis Castillo,Estructuras de Datos,2026-1,89.3,6.1,67.8,2,13.7,14.0,12.0
E03958,Renata Quispe,Redes de Computadoras,2026-1,62.5,4.6,89.6,3,10.8,15.5,13.1
E03959,Alejandra Gutiérrez,Lenguajes de Programación,2025-2,91.4,2.5,100,2,8.8,16.7,15.2
E03960,Isabela Ramírez,Estructuras de Datos,2026-1,75.0,8.7,51.9,2,16.2,20,19.4
E03961,Fabián Castillo,Lenguajes de Programación,2026-1,95.0,5.6,82.8,3,12.5,5.8,11.3
E03962,Lucía Palomino,Redes de Computadoras,2026-1,65.5,12.0,45.8,3,12.5,15.6,13.6
E03963,Fernanda Cárdenas,Base de Datos,2026-1,81.5,0,95.6,4,12.4,13.1,14.5
E03964,Manuel Cabrera,Base de Datos,2026-1,98.8,7.5,65.9,3,13.3,13.6,10.3
E03965,Camila Cruz,Base de Datos,2025-2,94.3,1.2,85.3,2,7.1,12.8,8.5
E03966,Valentina Sánchez,Redes de Computadoras,2025-2,72.2,3.9,100,4,13.0,12.7,16.4
E03967,Daniela Reyes,Estructuras de Datos,2026-1,75.0,6.7,66.9,5,15.9,10.9,19.6
E03968,Sofía Herrera,Estructuras de Datos,2025-2,55.9,0.2,68.7,3,14.5,10.5,12.1
E03969,Iván Cárdenas,Matemática Discreta,2026-1,55.6,7.1,66.6,2,14.3,17.9,15.5
E03970,Alejandra Vargas,Matemática Discreta,2026-1,57.0,7.8,84.3,1,12.0,11.2,12.1
E03971,Alejandra Cárdenas,Lenguajes de Programación,2026-1,34.2,3.6,90.9,1,16.6,18.8,18.0
E03972,Sebastián Palomino,Redes de Computadoras,2025-2,57.9,7.0,86.0,3,10.9,13.1,14.2
E03973,Natalia Rivas,Lenguajes de Programación,2025-2,48.8,4.3,76.5,2,14.4,15.0,15.1
E03974,Fernanda Aguilar,Estructuras de Datos,2025-2,89.9,6.0,77.3,4,18.7,13.4,12.4
E03975,Milagros Palomino,Lenguajes de Programación,2026-1,64.7,7.2,100,1,7.3,3.9,8.0
E03976,Joaquín Zapata,Estructuras de Datos,2026-1,91.5,11.5,46.7,4,15.6,16.3,13.4
E03977,Manuel Cárdenas,Estructuras de Datos,2026-1,86.7,4.0,80.9,3,15.9,10.2,14.1
E03978,Bruno Vargas,Base de Datos,2026-1,42.5,5.9,68.5,4,14.1,15.3,17.4
E03979,Mateo Ramírez,Lenguajes de Programación,2025-2,47.3,12.6,63.0,5,19.3,19.4,20
E03980,Valeria Reyes,Base de Datos,2025-2,69.4,10.3,85.3,1,18.6,18.0,20.0
E03981,Bruno Aguilar,Estructuras de Datos,2025-2,75.4,5.8,92.0,4,17.1,16.8,17.2
E03982,Diego Mendoza,Base de Datos,2025-2,72.7,1.0,49.9,3,20,20,19.9
E03983,Emilio Quispe,Base de Datos,2026-1,69.0,4.0,94.3,3,14.7,12.8,9.3
E03984,Jorge Cruz,Estructuras de Datos,2025-2,76.7,5.7,81.9,3,12.7,13.4,12.1
E03985,Miguel Vargas,Lenguajes de Programación,2026-1,55.2,6.6,65.7,1,7.9,14.3,17.0
E03986,Rodrigo Ponce,Base de Datos,2025-2,84.2,2.9,88.2,2,13.2,15.0,11.7
E03987,Diego Rivas,Redes de Computadoras,2025-2,75.3,3.4,92.3,3,9.7,4.0,8.6
E03988,Andrés Ramírez,Lenguajes de Programación,2026-1,60.9,3.0,69.3,5,16.9,12.2,19.6
E03989,Valeria Rojas,Base de Datos,2026-1,64.8,3.2,71.9,5,20,14.0,15.8
E03990,Isabela Pérez,Lenguajes de Programación,2026-1,64.7,1.3,,3,14.8,12.8,17.8
E03991,Valentina Rivas,Estructuras de Datos,2026-1,87.5,9.9,54.6,3,9.9,6.8,10.7
E03992,Carlos Herrera,Estructuras de Datos,2026-1,50.5,0.0,64.5,3,8.9,6.3,4.8
E03993,Ximena Castillo,Redes de Computadoras,2025-2,85.2,7.7,55.1,2,20,19.3,13.2
E03994,Franco Reyes,Redes de Computadoras,2025-2,35.6,1.1,65.5,1,13.2,13.2,11.2
E03995,Joaquín Cruz,Lenguajes de Programación,2026-1,94.1,0,72.4,3,6.0,4.1,10.3
E03996,Miguel Mamani,Redes de Computadoras,2025-2,44.5,7.0,58.7,4,16.9,20,15.9
E03997,Mateo Flores,Lenguajes de Programación,2026-1,68.6,5.2,100,3,10.3,10.6,16.8
E03998,Alejandra Salazar,Estructuras de Datos,2025-2,71.7,17.0,86.7,3,14.5,17.1,13.6
E03999,Fernanda Mamani,Base de Datos,2026-1,33.1,8.0,79.9,5,20,17.7,20
E04000,Manuel Paredes,Base de Datos,2026-1,93.8,5.6,69.1,3,17.3,20,20
E04001,Martina García,Lenguajes de Programación,2025-2,41.5,7.5,52.3,2,10.4,9.9,12.8
E04002,Carlos Paredes,Lenguajes de Programación,2025-2,42.0,8.2,57.5,3,8.3,4.5,8.7
E04003,Emilio Flores,Redes de Computadoras,2026-1,85.6,5.6,69.6,4,14.2,13.5,10.7
E04004,Estefanía Ortiz,Estructuras de Datos,2025-2,49.6,5.3,59.4,3,20,19.6,20
E04005,Adrián Reyes,Matemática Discreta,2025-2,72.4,1.2,54.5,3,12.4,11.6,9.7
E04006,Miguel Aguilar,Matemática Discreta,2026-1,81.1,6.3,67.2,5,11.7,17.3,15.4
E04007,Natalia Ortiz,Base de Datos,2026-1,62.7,10.0,84.2,4,,15.0,14.8
E04008,Vicente Rodríguez,Matemática Discreta,2025-2,44.1,2.6,59.6,2,11.9,15.4,15.4
E04009,Ximena Soto,Matemática Discreta,2026-1,88.8,6.1,80.7,3,11.2,,16.7
E04010,Gabriela Cabrera,Base de Datos,2025-2,98.2,6.2,87.6,4,13.8,16.0,13.4
E04011,Natalia Salazar,Matemática Discreta,2026-1,58.9,0,76.1,5,14.7,12.8,13.2
E04012,Alonso Salazar,Redes de Computadoras,2025-2,98.9,3.3,87.3,4,11.9,9.7,10.9
E04013,Estefanía García,Matemática Discreta,2026-1,91.4,8.3,75.8,3,15.2,15.8,12.2
E04014,Rosa Rivas,Lenguajes de Programación,2025-2,73.4,9.1,74.3,2,9.6,4.9,8.6
E04015,Emilia Rojas,Lenguajes de Programación,2025-2,77.4,4.9,52.1,3,14.9,9.3,8.4
E04016,Estefanía Rodríguez,Matemática Discreta,2025-2,70.5,1.2,81.2,1,11.7,11.0,11.6
E04017,Franco Palomino,Estructuras de Datos,2025-2,86.6,4.0,63.3,3,7.7,11.9,15.4
E04018,Natalia Rivas,Matemática Discreta,2026-1,62.8,10.8,74.1,3,16.8,16.3,13.2
E04019,Ricardo Cruz,Redes de Computadoras,2025-2,59.1,10.6,95.7,3,20,15.3,17.8
E04020,María Ortiz,Lenguajes de Programación,2025-2,41.6,0.1,79.8,2,8.5,9.7,8.7
E04021,Diego Mendoza,Lenguajes de Programación,2025-2,58.2,6.8,68.0,3,11.3,9.7,10.2
E04022,Emilia Chávez,Base de Datos,2026-1,96.1,2.7,79.0,4,6.9,7.7,9.1
E04023,Natalia Vargas,Base de Datos,2026-1,72.0,3.0,67.7,4,14.0,17.8,13.6
E04024,Lucía Cruz,Matemática Discreta,2026-1,78.4,5.2,63.6,3,12.2,12.3,13.3
E04025,Joaquín Chávez,Redes de Computadoras,2026-1,76.6,1.2,81.6,3,11.5,12.7,7.7
E04026,Paula Sánchez,Redes de Computadoras,2026-1,79.7,5.1,100,4,11.2,8.0,7.7
E04027,Luis Huamán,Base de Datos,2026-1,,9.9,85.2,4,15.8,13.7,12.3
E04028,Julio Vega,Matemática Discreta,2025-2,67.2,10.7,100,5,17.4,11.5,8.4
E04029,Fernanda Alva,Estructuras de Datos,2026-1,88.9,4.3,58.3,3,5.5,6.9,8.0
E04030,Emilio Reyes,Matemática Discreta,2026-1,100,10.3,82.1,5,8.7,12.0,12.4
E04031,Joaquín Aguilar,Base de Datos,2026-1,51.8,8.4,60.5,4,13.7,7.1,5.5
E04032,Fernanda Soto,Estructuras de Datos,2026-1,86.8,13.1,53.7,3,13.9,12.7,10.4
E04033,Rosa Palomino,Redes de Computadoras,2025-2,77.0,6.4,78.2,3,11.5,9.6,9.1
E04034,María Reyes,Lenguajes de Programación,2026-1,90.0,6.1,80.1,4,15.7,16.0,20
E04035,Diego Torres,Lenguajes de Programación,2025-2,68.4,5.4,73.1,3,15.7,18.3,16.5
E04036,Franco Palomino,Base de Datos,2026-1,86.2,3.9,76.3,4,13.8,15.8,17.7
E04037,Julio Torres,Redes de Computadoras,2026-1,100,3.9,100,3,18.1,16.6,12.7
E04038,Milagros López,Matemática Discreta,2025-2,53.6,3.6,71.6,5,13.8,12.7,12.3
E04039,Adrián Rivas,Lenguajes de Programación,2026-1,73.1,1.7,87.7,1,19.0,13.4,20
E04040,María Aguilar,Redes de Computadoras,2025-2,44.8,5.0,64.5,5,12.2,15.0,13.6
E04041,Tomás García,Matemática Discreta,2026-1,76.9,2.1,68.8,4,12.4,8.7,12.4
E04042,Daniela Sánchez,Base de Datos,2025-2,66.5,13.5,77.1,4,17.3,20,16.5
E04043,Isabela Ramírez,Redes de Computadoras,2025-2,77.1,9.4,100,1,12.7,15.3,13.0
E04044,Franco Alva,Base de Datos,2025-2,100,1.9,69.1,2,6.5,9.6,12.0
E04045,Diego Ortiz,Estructuras de Datos,2026-1,79.0,7.4,71.8,2,17.0,19.4,15.8
E04046,Jorge Cárdenas,Estructuras de Datos,2026-1,98.5,4.1,73.8,2,20,17.2,20.0
E04047,Andrés Rivas,Base de Datos,2026-1,73.7,8.8,84.3,3,13.8,15.1,18.8
E04048,Nicolás Rodríguez,Redes de Computadoras,2025-2,41.3,9.8,74.8,4,18.4,14.3,11.0
E04049,Gabriela Herrera,Estructuras de Datos,2025-2,81.4,5.2,75.4,5,16.4,15.0,12.0
E04050,Miguel Reyes,Lenguajes de Programación,2025-2,100,5.2,93.2,4,8.0,11.3,9.2
E04051,Rodrigo Aguilar,Base de Datos,2026-1,69.2,4.5,100,2,12.7,5.0,9.2
E04052,Alonso Paredes,Base de Datos,2026-1,54.4,0.6,93.7,2,16.5,14.6,16.9
E04053,Fernanda Ponce,Base de Datos,2025-2,52.2,8.0,59.8,4,13.8,14.1,11.6
E04054,Paula Cárdenas,Matemática Discreta,2025-2,94.3,7.7,100,4,14.3,15.8,10.6
E04055,Luis Rivas,Matemática Discreta,2025-2,46.9,6.6,65.2,4,9.8,10.9,13.2
E04056,Zoe Flores,Lenguajes de Programación,2026-1,43.9,5.0,90.0,3,8.0,14.6,8.3
E04057,Valentina Ponce,Lenguajes de Programación,2025-2,45.4,4.0,67.3,2,14.8,12.5,12.6
E04058,Fernanda Alva,Estructuras de Datos,2025-2,71.3,7.9,67.4,4,11.4,13.1,13.0
E04059,Luis Chávez,Base de Datos,2026-1,79.0,10.0,63.8,1,13.2,8.7,11.1
E04060,Manuel Cruz,Estructuras de Datos,2025-2,71.2,1.1,92.9,3,15.8,10.5,14.8
E04061,Mateo Rivas,Base de Datos,2026-1,75.9,3.4,67.2,4,18.2,12.0,15.5
E04062,Andrés Quispe,Lenguajes de Programación,2025-2,77.8,0.9,91.6,3,15.8,20,13.3
E04063,Fabián Aguilar,Estructuras de Datos,2026-1,57.6,2.9,83.7,1,10.6,7.6,11.3
E04064,Fabián Pérez,Lenguajes de Programación,2026-1,84.7,7.4,40.4,4,11.6,9.9,8.7
E04065,Julio Salazar,Redes de Computadoras,2026-1,57.2,6.2,79.9,5,10.6,9.7,9.2
E04066,Paula Mamani,Base de Datos,2025-2,57.4,6.2,58.2,4,17.1,15.8,9.7
E04067,Luis Torres,Lenguajes de Programación,2025-2,99.2,5.8,84.3,3,9.7,9.0,16.5
E04068,Julio Delgado,Lenguajes de Programación,2026-1,50.4,5.4,93.5,2,10.6,17.3,10.1
E04069,Vicente Aguilar,Lenguajes de Programación,2025-2,87.0,7.9,58.0,4,7.1,10.0,4.4
E04070,Fabián Cruz,Redes de Computadoras,2025-2,48.5,5.4,61.2,2,8.2,11.9,10.6
E04071,Estefanía Aguilar,Lenguajes de Programación,2026-1,40.0,2.4,75.6,3,16.1,16.4,17.9
E04072,Estefanía Medina,Lenguajes de Programación,2025-2,61.1,11.6,58.7,5,9.4,8.4,9.1
E04073,Ricardo Palomino,Estructuras de Datos,2026-1,75.7,3.0,48.1,1,10.5,12.0,14.0
E04074,Luis Cabrera,Lenguajes de Programación,2025-2,76.9,7.1,56.0,5,15.9,13.6,14.2
E04075,Fernanda Espinoza,Base de Datos,2026-1,68.6,1.8,83.6,3,9.3,5.7,8.5
E04076,Bruno Cruz,Lenguajes de Programación,2026-1,89.2,1.7,68.2,4,14.3,20,14.8
E04077,Bruno Castillo,Estructuras de Datos,2025-2,78.2,1.3,,2,6.8,14.0,8.8
E04078,Andrés Aguilar,Redes de Computadoras,2025-2,76.8,8.2,100,4,3.6,6.3,6.8
E04079,Bruno Soto,Redes de Computadoras,2025-2,66.9,0.5,59.0,3,13.3,10.5,14.9
E04080,Adrián Cárdenas,Base de Datos,2025-2,63.7,3.3,34.2,4,14.2,15.3,16.3
E04081,Ricardo Gutiérrez,Redes de Computadoras,2026-1,59.6,4.4,91.3,2,9.0,10.0,14.8
E04082,Mateo Ortiz,Lenguajes de Programación,2026-1,64.3,8.2,62.4,4,11.8,11.5,12.6
E04083,Natalia Mamani,Base de Datos,2026-1,92.7,0,81.1,4,,16.6,19.6
E04084,Ximena García,Estructuras de Datos,2025-2,75.9,3.2,59.9,5,14.7,10.8,11.0
E04085,Camila Cruz,Lenguajes de Programación,2025-2,93.9,6.2,68.5,2,18.5,19.1,20
E04086,Rodrigo Soto,Matemática Discreta,2025-2,65.1,7.4,90.7,2,13.7,14.7,7.2
E04087,Vicente Palomino,Lenguajes de Programación,2026-1,82.6,7.5,69.6,1,16.8,12.2,14.1
E04088,Rosa Chávez,Lenguajes de Programación,2026-1,100,13.2,91.2,2,8.2,12.7,8.7
E04089,Camila Palomino,Estructuras de Datos,2026-1,77.4,5.8,100,1,10.8,18.4,9.7
E04090,Camila Alva,Estructuras de Datos,2025-2,98.4,3.3,76.7,5,17.3,15.8,19.0
E04091,Emilia Quispe,Redes de Computadoras,2025-2,96.8,14.7,90.2,2,15.7,18.0,20
E04092,Natalia Huamán,Base de Datos,2026-1,92.3,5.5,61.3,4,11.4,10.6,11.2
E04093,Luis Alva,Base de Datos,2026-1,59.0,0,100,1,20,19.1,17.3
E04094,Miguel Rivas,Matemática Discreta,2026-1,87.4,9.7,98.4,3,15.4,7.7,12.6
E04095,Sebastián Quispe,Base de Datos,2026-1,100,2.7,58.0,1,13.7,12.4,11.1
E04096,Daniela Cabrera,Lenguajes de Programación,2026-1,82.7,7.5,48.2,1,9.6,11.5,8.1
E04097,Alonso Paredes,Matemática Discreta,2026-1,38.2,3.5,57.7,4,16.7,16.0,14.3
E04098,Sebastián Cruz,Estructuras de Datos,2025-2,100,5.4,79.0,4,17.6,13.3,17.3
E04099,Vicente Flores,Matemática Discreta,2026-1,60.2,2.5,88.8,2,15.9,19.1,19.0
E04100,Natalia Medina,Redes de Computadoras,2025-2,81.9,5.1,100,4,20,19.6,20
E04101,Emilio Reyes,Redes de Computadoras,2026-1,80.2,14.0,83.0,4,9.8,5.7,6.4
E04102,Estefanía Cárdenas,Lenguajes de Programación,2026-1,79.5,0.6,61.9,3,10.2,9.2,8.4
E04103,Manuel Aguilar,Estructuras de Datos,2025-2,59.8,2.4,80.6,2,13.7,12.0,15.9
E04104,Nicolás Torres,Matemática Discreta,2025-2,67.6,3.9,78.0,4,12.4,11.9,13.4
E04105,Isabela Torres,Base de Datos,2025-2,,1.9,69.4,4,15.2,14.1,12.6
E04106,María Huamán,Redes de Computadoras,2026-1,88.1,8.6,100,3,12.5,11.2,8.8
E04107,Lucía Sánchez,Matemática Discreta,2026-1,43.7,11.6,51.0,2,14.7,13.7,18.2
E04108,Vicente Sánchez,Redes de Computadoras,2025-2,57.8,7.4,93.9,3,10.0,12.6,8.0
E04109,Valentina Mamani,Redes de Computadoras,2025-2,96.8,2.8,51.3,3,14.8,18.3,14.0
E04110,Ana Mamani,Redes de Computadoras,2026-1,74.8,0,68.9,2,7.3,10.4,12.4
E04111,Ana Herrera,Base de Datos,2026-1,58.1,2.8,98.8,4,13.1,12.2,11.6
E04112,Iván Flores,Matemática Discreta,2026-1,71.3,11.7,73.2,1,7.7,15.7,11.8
E04113,Isabela Pérez,Redes de Computadoras,2026-1,73.6,5.6,43.8,4,8.5,9.3,8.9
E04114,Bruno Flores,Matemática Discreta,2025-2,81.0,5.3,54.2,4,13.1,13.3,14.4
E04115,Gabriela Gutiérrez,Matemática Discreta,2025-2,81.8,7.6,81.2,4,10.0,11.5,11.1
E04116,Diego Castillo,Base de Datos,2026-1,52.4,5.1,83.0,4,14.6,7.4,10.7
E04117,Emilio Paredes,Base de Datos,2026-1,75.4,1.8,81.4,3,9.9,10.8,10.5
E04118,Jorge Ramírez,Estructuras de Datos,2026-1,83.0,2.6,91.1,3,10.7,10.3,14.0
E04119,Valeria Mamani,Matemática Discreta,2026-1,80.3,8.1,90.4,2,12.5,11.1,11.5
E04120,Rosa Mendoza,Redes de Computadoras,2026-1,22.4,8.6,73.9,2,13.5,10.1,8.0
E04121,Julio Huamán,Matemática Discreta,2026-1,76.4,3.8,90.7,2,12.7,,19.5
E04122,Julio Delgado,Matemática Discreta,2025-2,64.9,7.9,62.7,4,,15.0,11.8
E04123,Rosa Alva,Lenguajes de Programación,2026-1,80.1,1.3,85.6,4,12.1,16.6,20
E04124,Antonella Delgado,Estructuras de Datos,2026-1,69.6,10.0,48.7,3,10.3,12.2,15.6
E04125,Isabela Alva,Redes de Computadoras,2025-2,92.6,9.5,80.5,3,9.7,5.8,11.6
E04126,Adrián Quispe,Estructuras de Datos,2026-1,78.5,2.5,80.3,3,9.1,12.0,10.7
E04127,Ximena Espinoza,Matemática Discreta,2026-1,77.9,12.1,55.9,1,16.9,16.7,15.2
E04128,Andrés Gutiérrez,Redes de Computadoras,2025-2,68.9,5.7,71.5,3,10.4,11.1,9.7
E04129,Gabriela Zapata,Lenguajes de Programación,2025-2,70.6,12.2,48.2,5,12.4,15.7,16.1
E04130,Martina Espinoza,Base de Datos,2025-2,60.5,7.3,100,3,19.5,20,14.0
E04131,Rosa Paredes,Matemática Discreta,2025-2,100,5.5,89.4,5,13.7,9.6,11.9
E04132,Ricardo Rodríguez,Base de Datos,2026-1,73.5,5.3,46.6,3,4.8,8.3,11.8
E04133,Martina Paredes,Lenguajes de Programación,2025-2,60.1,9.3,40.9,3,12.2,12.5,17.8
E04134,Vicente Vargas,Base de Datos,2025-2,49.1,5.5,72.1,2,13.1,11.3,9.1
E04135,Franco Torres,Base de Datos,2026-1,36.1,9.1,100,2,15.3,14.3,17.5
E04136,Sofía Delgado,Lenguajes de Programación,2025-2,78.8,1.4,93.6,4,9.3,13.8,15.0
E04137,Ana Herrera,Lenguajes de Programación,2025-2,,6.9,83.8,4,15.0,20,18.3
E04138,Vicente Sánchez,Redes de Computadoras,2025-2,91.0,10.3,87.3,3,16.8,14.5,14.9
E04139,Sebastián Zapata,Lenguajes de Programación,2025-2,39.8,4.7,93.7,4,9.3,10.8,14.2
E04140,Valentina Delgado,Lenguajes de Programación,2025-2,100,9.5,88.0,2,15.9,13.1,14.1
E04141,Valentina Herrera,Lenguajes de Programación,2025-2,55.3,6.3,65.9,3,10.6,14.3,13.1
E04142,Renata García,Lenguajes de Programación,2025-2,77.0,11.5,86.9,2,15.9,13.9,12.2
E04143,Zoe Alva,Base de Datos,2026-1,61.9,4.3,62.4,1,17.8,17.2,16.8
E04144,Emilio Alva,Base de Datos,2025-2,49.8,4.7,59.2,5,14.2,6.9,12.8
E04145,Iván Herrera,Redes de Computadoras,2026-1,73.8,8.2,66.7,3,6.2,9.5,9.8
E04146,Isabela Herrera,Matemática Discreta,2025-2,69.2,2.8,46.1,5,16.9,18.2,19.7
E04147,Iván Espinoza,Base de Datos,2026-1,84.1,6.7,62.1,4,16.9,13.0,13.2
E04148,Andrés Paredes,Base de Datos,2025-2,86.0,5.1,77.5,3,10.2,9.6,9.8
E04149,Sofía Sánchez,Lenguajes de Programación,2026-1,49.9,8.9,74.8,4,10.2,14.3,15.3
E04150,Vicente Chávez,Base de Datos,2026-1,60.3,12.2,74.3,4,14.4,12.7,15.2
E04151,Adrián Reyes,Matemática Discreta,2025-2,53.7,10.0,100,1,16.4,14.0,12.6
E04152,Lucía Herrera,Matemática Discreta,2025-2,78.8,0.8,100,2,7.9,11.9,15.7
E04153,Ricardo Castillo,Matemática Discreta,2026-1,46.9,9.8,79.0,4,9.0,13.3,9.3
E04154,Estefanía Huamán,Estructuras de Datos,2026-1,56.6,4.0,94.4,1,16.8,15.0,15.1
E04155,Emilia Herrera,Redes de Computadoras,2025-2,89.6,7.3,32.2,4,11.3,8.9,13.4
E04156,Zoe Mendoza,Estructuras de Datos,2026-1,71.6,5.6,62.0,2,8.1,12.2,9.2
E04157,Lucía Ortiz,Redes de Computadoras,2025-2,73.2,5.5,23.5,2,10.2,16.5,11.2
E04158,Renata Ramírez,Matemática Discreta,2026-1,82.1,6.9,69.5,4,11.4,11.9,14.9
E04159,Diego Rivas,Redes de Computadoras,2026-1,74.4,2.1,87.1,2,13.9,12.7,14.2
E04160,Fabián Rojas,Base de Datos,2025-2,100,7.9,73.8,4,6.9,11.4,9.6
E04161,Mateo Vargas,Estructuras de Datos,2026-1,62.1,2.7,77.0,3,16.8,16.7,17.7
E04162,María Chávez,Matemática Discreta,2025-2,80.2,1.8,60.2,2,8.4,11.4,11.1
E04163,Carlos Herrera,Base de Datos,2026-1,100,7.6,52.8,5,5.0,9.9,6.7
E04164,Manuel Espinoza,Base de Datos,2026-1,88.0,7.7,87.5,3,10.4,8.4,9.3
E04165,Bruno Aguilar,Estructuras de Datos,2026-1,56.3,9.2,64.9,3,15.8,14.2,13.1
E04166,Emilio Torres,Redes de Computadoras,2025-2,75.2,3.1,80.0,2,17.5,18.5,13.9
E04167,Alonso Mamani,Estructuras de Datos,2026-1,65.2,7.6,48.4,3,8.2,7.7,7.6
E04168,Martina Torres,Estructuras de Datos,2026-1,67.5,5.7,87.0,1,15.3,17.3,12.5
E04169,Lucía Vega,Matemática Discreta,2025-2,38.8,10.7,89.5,5,7.7,12.6,10.8
E04170,Franco Rojas,Matemática Discreta,2026-1,72.9,6.1,74.3,2,15.5,16.1,14.0
E04171,Natalia Mendoza,Base de Datos,2025-2,66.2,10.0,64.2,1,8.1,15.0,6.1
E04172,Mateo Rivas,Estructuras de Datos,2025-2,81.4,5.0,95.9,4,9.7,2.4,3.2
E04173,Fabián Ramírez,Matemática Discreta,2026-1,33.4,4.3,74.5,2,9.5,11.4,13.4
E04174,Milagros Salazar,Redes de Computadoras,2026-1,83.5,1.2,80.6,2,11.3,16.6,14.2
E04175,Estefanía García,Redes de Computadoras,2026-1,85.6,9.9,65.8,3,20,20,20
E04176,Estefanía Castillo,Matemática Discreta,2026-1,38.6,8.4,74.6,5,13.7,11.4,14.5
E04177,Ximena Rodríguez,Redes de Computadoras,2025-2,53.5,15.3,90.4,3,8.2,17.0,15.1
E04178,Paula Mendoza,Lenguajes de Programación,2025-2,64.3,8.3,57.0,5,8.6,7.8,15.4
E04179,Ana Mamani,Estructuras de Datos,2025-2,69.4,6.1,87.9,2,10.7,11.4,10.9
E04180,Paula Espinoza,Base de Datos,2025-2,100,10.9,63.4,1,10.6,11.0,9.2
E04181,Lucía Alva,Estructuras de Datos,2025-2,98.9,1.4,62.9,2,13.8,14.9,8.4
E04182,Isabela Cruz,Lenguajes de Programación,2026-1,81.4,9.4,100,4,6.4,7.9,6.2
E04183,Ximena Cabrera,Base de Datos,2026-1,96.2,6.0,56.7,3,18.5,12.4,15.0
E04184,Jorge Zapata,Matemática Discreta,2026-1,,9.6,63.5,4,19.6,16.0,9.9
E04185,Zoe Alva,Redes de Computadoras,2025-2,68.8,2.7,79.3,3,18.9,17.4,20
E04186,María Pérez,Redes de Computadoras,2026-1,81.4,7.1,45.8,1,13.6,16.4,12.5
E04187,Rodrigo López,Estructuras de Datos,2026-1,89.3,7.0,98.2,2,15.0,13.7,12.1
E04188,Adrián Torres,Redes de Computadoras,2026-1,79.7,12.1,100,3,11.6,11.5,11.0
E04189,Alonso López,Base de Datos,2026-1,79.6,5.9,52.4,1,19.3,12.0,14.9
E04190,Sofía Quispe,Lenguajes de Programación,2025-2,53.1,3.8,64.4,5,13.1,18.3,15.2
E04191,Isabela López,Matemática Discreta,2026-1,59.6,9.7,100,3,,17.3,18.9
E04192,Martina Rojas,Base de Datos,2025-2,78.4,11.1,72.0,4,17.0,17.0,18.5
E04193,Daniela Ramírez,Base de Datos,2026-1,79.1,8.4,87.7,3,14.9,12.9,13.1
E04194,Tomás Espinoza,Matemática Discreta,2025-2,62.6,0,74.0,5,15.7,17.1,16.3
E04195,Valeria Huamán,Matemática Discreta,2026-1,77.2,8.3,91.2,3,8.6,10.8,6.4
E04196,Tomás Vargas,Redes de Computadoras,2025-2,41.2,5.4,53.0,5,6.4,4.7,12.7
E04197,Fabián Soto,Lenguajes de Programación,2025-2,52.3,5.8,64.3,4,15.3,16.4,19.4
E04198,Ana Ortiz,Base de Datos,2026-1,64.6,11.1,98.8,3,15.4,10.1,12.9
E04199,Andrés Mamani,Base de Datos,2026-1,56.7,3.2,43.9,4,9.8,15.3,12.6
E04200,Tomás Paredes,Base de Datos,2026-1,81.9,11.5,55.8,3,12.2,8.1,7.5
E04201,Jorge Espinoza,Estructuras de Datos,2026-1,68.2,3.7,74.4,4,14.9,20,18.4
E04202,Rosa Rivas,Estructuras de Datos,2026-1,70.3,8.6,82.3,2,7.5,9.4,8.3
E04203,Sebastián Cárdenas,Redes de Computadoras,2025-2,83.6,6.9,89.0,2,9.4,16.9,15.9
E04204,Daniela Rivas,Redes de Computadoras,2025-2,100,3.3,57.4,4,14.1,13.0,16.4
E04205,Bruno Ortiz,Redes de Computadoras,2026-1,62.0,8.6,88.1,2,7.2,6.3,9.8
E04206,Valentina Herrera,Redes de Computadoras,2026-1,81.6,7.0,85.6,3,14.1,16.3,12.7
E04207,Carlos Rojas,Redes de Computadoras,2026-1,82.7,4.4,79.1,4,10.4,7.4,7.4
E04208,Lucía Quispe,Lenguajes de Programación,2026-1,67.6,5.5,86.5,2,17.8,15.8,19.4
E04209,Nicolás Alva,Lenguajes de Programación,2025-2,51.8,6.1,65.7,2,12.3,7.2,9.3
E04210,Valentina Vega,Lenguajes de Programación,2026-1,42.4,3.7,49.0,3,8.6,13.5,8.5
E04211,Natalia Sánchez,Matemática Discreta,2025-2,68.6,7.1,66.5,3,12.2,13.0,10.2
E04212,Tomás Cabrera,Redes de Computadoras,2026-1,98.2,4.0,71.3,1,17.1,15.1,15.7
E04213,Martina Aguilar,Base de Datos,2025-2,92.7,11.3,100,2,20,17.2,20
E04214,Andrés Ramírez,Lenguajes de Programación,2026-1,73.1,8.1,48.5,4,11.3,10.8,10.6
E04215,Manuel Huamán,Matemática Discreta,2025-2,92.0,6.6,84.9,5,15.2,14.5,13.3
E04216,Adrián Cabrera,Redes de Computadoras,2025-2,61.5,2.8,68.9,2,17.8,20,18.4
E04217,Miguel Sánchez,Redes de Computadoras,2026-1,65.8,7.0,52.3,5,18.0,11.4,8.1
E04218,Sofía García,Lenguajes de Programación,2025-2,100,5.5,69.1,2,9.2,13.0,8.1
E04219,Emilia Ponce,Redes de Computadoras,2025-2,62.2,0.2,90.6,4,,14.0,11.1
E04220,Diego Flores,Estructuras de Datos,2025-2,88.3,4.3,53.8,5,9.6,6.3,8.9
E04221,Andrés Cárdenas,Matemática Discreta,2026-1,96.5,1.8,43.4,4,10.0,14.1,13.0
E04222,Camila Espinoza,Base de Datos,2025-2,76.7,6.6,84.6,3,13.0,14.4,11.4
E04223,Camila Soto,Base de Datos,2025-2,80.0,9.3,79.0,4,10.6,15.1,15.9
E04224,Carlos Rojas,Lenguajes de Programación,2026-1,62.2,5.3,72.4,4,12.3,12.6,15.5
E04225,Joaquín Palomino,Base de Datos,2025-2,73.6,8.9,76.1,1,13.9,15.5,13.7
E04226,Luis Chávez,Redes de Computadoras,2026-1,61.9,4.6,78.5,2,20,19.0,16.7
E04227,Julio Delgado,Matemática Discreta,2026-1,59.3,4.4,91.9,2,10.7,5.3,2.4
E04228,Rosa Salazar,Redes de Computadoras,2026-1,80.9,6.8,54.8,5,10.9,14.3,10.9
E04229,Emilio Aguilar,Estructuras de Datos,2026-1,33.4,7.5,83.3,2,13.0,12.5,16.2
E04230,Alonso Palomino,Matemática Discreta,2025-2,100,9.5,69.7,1,13.7,0,5.6
E04231,Tomás Gutiérrez,Matemática Discreta,2026-1,85.6,7.1,,1,10.7,11.9,11.4
E04232,Jorge Cabrera,Matemática Discreta,2026-1,58.0,5.5,19.6,3,14.5,12.5,12.8
E04233,Isabela Sánchez,Base de Datos,2026-1,31.5,8.5,100,2,14.9,15.0,12.0
E04234,Alejandra Mendoza,Matemática Discreta,2025-2,47.1,5.7,87.4,3,9.9,11.8,13.4
E04235,Rosa Ortiz,Redes de Computadoras,2026-1,58.2,2.5,75.4,2,8.1,10.6,7.4
E04236,Alonso Sánchez,Estructuras de Datos,2026-1,34.4,6.3,75.2,3,15.1,12.2,12.8
E04237,Emilia Sánchez,Redes de Computadoras,2025-2,54.2,1.8,67.4,4,18.2,16.9,17.3
E04238,Joaquín Cruz,Base de Datos,2025-2,64.1,5.3,76.7,2,6.8,6.3,9.4
E04239,Emilia Aguilar,Lenguajes de Programación,2025-2,82.2,5.9,96.3,1,8.6,10.9,7.2
E04240,Sofía García,Lenguajes de Programación,2025-2,82.5,5.8,89.6,4,15.5,11.0,12.3
E04241,Antonella Soto,Matemática Discreta,2025-2,72.6,8.6,45.1,4,15.2,6.2,8.6
E04242,Alonso Delgado,Estructuras de Datos,2025-2,76.0,9.0,48.3,5,19.9,13.6,20
E04243,Alejandra Torres,Redes de Computadoras,2026-1,66.3,9.9,81.6,3,14.7,18.4,14.9
E04244,Daniela Herrera,Redes de Computadoras,2025-2,68.1,2.8,96.8,4,12.3,10.8,15.7
E04245,Renata Cruz,Lenguajes de Programación,2025-2,94.9,7.8,89.4,1,12.3,5.4,9.4
E04246,Nicolás Rojas,Base de Datos,2026-1,49.9,3.6,65.8,3,14.0,15.0,18.0
E04247,Isabela Torres,Lenguajes de Programación,2026-1,73.9,0.9,82.1,4,13.5,9.7,14.9
E04248,Sebastián Cruz,Redes de Computadoras,2025-2,72.7,8.7,68.9,2,11.1,13.3,9.8
E04249,Natalia Alva,Base de Datos,2025-2,85.1,6.2,100,4,19.4,17.7,16.6
E04250,Miguel Cárdenas,Base de Datos,2026-1,50.7,10.2,100,3,14.4,13.4,16.2
E04251,Gabriela Soto,Base de Datos,2025-2,76.7,4.7,100,4,8.0,9.5,8.3
E04252,Lucía López,Estructuras de Datos,2025-2,73.7,3.1,87.2,3,13.4,15.7,10.3
E04253,Franco Gutiérrez,Redes de Computadoras,2026-1,52.8,4.1,61.2,5,17.1,9.1,18.5
E04254,Joaquín Salazar,Estructuras de Datos,2026-1,54.5,4.6,53.5,4,10.3,7.8,6.5
E04255,Andrés Vega,Lenguajes de Programación,2026-1,75.1,8.6,48.7,3,7.0,9.5,9.5
E04256,Ricardo Rojas,Matemática Discreta,2026-1,73.1,6.5,52.1,3,18.5,15.3,6.5
E04257,Julio Vega,Redes de Computadoras,2026-1,100,9.7,68.2,2,13.0,16.6,13.5
E04258,Rodrigo Sánchez,Estructuras de Datos,2025-2,77.8,3.2,68.7,3,12.0,17.3,15.0
E04259,Antonella Aguilar,Lenguajes de Programación,2026-1,70.1,0.2,58.9,4,14.4,12.1,15.4
E04260,Nicolás Cabrera,Base de Datos,2025-2,56.4,10.2,97.9,2,15.4,13.8,15.5
E04261,Sebastián Cabrera,Lenguajes de Programación,2026-1,78.9,9.0,21.0,2,13.6,,12.3
E04262,Milagros Torres,Redes de Computadoras,2025-2,57.3,7.8,100,3,15.2,20,12.6
E04263,Joaquín Alva,Estructuras de Datos,2026-1,72.4,4.9,85.5,3,16.7,20,18.8
E04264,Sebastián López,Estructuras de Datos,2025-2,66.4,3.6,66.1,2,14.5,14.2,14.4
E04265,Renata Flores,Base de Datos,2026-1,55.2,8.1,78.6,3,14.5,10.7,10.0
E04266,Valentina Rodríguez,Matemática Discreta,2025-2,75.8,8.8,76.4,3,14.2,15.1,13.7
E04267,Tomás López,Base de Datos,2026-1,69.9,4.6,95.8,2,12.9,12.2,13.5
E04268,Zoe Medina,Lenguajes de Programación,2026-1,71.7,8.0,66.2,4,10.9,14.3,5.7
E04269,Sebastián García,Matemática Discreta,2025-2,87.4,7.8,58.6,4,9.9,8.1,7.0
E04270,Vicente Palomino,Matemática Discreta,2026-1,100,6.7,90.0,3,14.1,14.9,15.5
E04271,Emilia Salazar,Matemática Discreta,2025-2,95.8,5.2,49.7,4,13.7,13.8,13.3
E04272,Sofía Vega,Lenguajes de Programación,2026-1,85.3,5.1,66.5,3,5.6,4.8,5.7
E04273,Adrián Mamani,Base de Datos,2026-1,25.6,4.3,61.9,2,15.1,15.8,12.5
E04274,Paula Cárdenas,Estructuras de Datos,2025-2,78.8,5.5,75.8,4,17.7,14.5,11.8
E04275,Jorge Palomino,Matemática Discreta,2025-2,70.4,4.3,62.9,2,11.9,15.0,15.8
E04276,Alonso Palomino,Base de Datos,2026-1,84.0,3.6,81.5,1,9.6,14.3,9.1
E04277,Ana Rodríguez,Base de Datos,2026-1,86.3,6.7,94.5,1,9.3,8.5,12.6
E04278,Joaquín Mendoza,Estructuras de Datos,2025-2,90.5,9.7,98.9,3,15.6,17.2,16.5
E04279,Renata Salazar,Base de Datos,2025-2,66.4,6.3,59.7,4,12.2,12.8,12.7
E04280,Fabián Zapata,Redes de Computadoras,2026-1,100,3.1,64.9,3,12.3,11.0,9.7
E04281,Ricardo Flores,Matemática Discreta,2025-2,42.3,1.5,75.5,4,17.7,10.6,20
E04282,Isabela Paredes,Matemática Discreta,2025-2,38.5,7.6,62.5,4,7.9,10.4,8.9
E04283,Luis Flores,Redes de Computadoras,2025-2,88.8,8.0,62.4,4,14.8,18.6,20
E04284,Vicente Vargas,Matemática Discreta,2025-2,30.5,3.0,93.4,2,14.2,14.2,17.2
E04285,Mateo Palomino,Estructuras de Datos,2025-2,67.9,8.5,100,4,9.9,10.9,13.3
E04286,Alonso Herrera,Base de Datos,2026-1,81.2,6.0,50.5,3,8.6,13.2,10.9
E04287,Camila Huamán,Estructuras de Datos,2025-2,69.0,2.1,42.5,5,14.3,20,18.8
E04288,Andrés Zapata,Redes de Computadoras,2025-2,80.6,7.1,67.3,2,10.6,12.8,14.4
E04289,Renata Pérez,Base de Datos,2026-1,61.7,6.2,75.2,2,17.2,20,19.5
E04290,Vicente García,Estructuras de Datos,2025-2,98.9,3.2,81.1,3,13.5,16.4,18.7
E04291,Valeria Soto,Redes de Computadoras,2026-1,86.4,9.0,57.0,3,14.6,12.7,19.6
E04292,Rodrigo Torres,Estructuras de Datos,2025-2,68.5,4.3,86.2,2,10.4,,4.0
E04293,Ana Vargas,Base de Datos,2025-2,57.1,1.2,59.2,2,13.3,13.8,10.8
E04294,Vicente Rivas,Lenguajes de Programación,2025-2,91.5,9.0,67.3,5,13.9,17.4,14.3
E04295,Miguel Herrera,Estructuras de Datos,2026-1,71.5,10.7,69.6,2,12.5,12.8,15.4
E04296,Nicolás Palomino,Base de Datos,2025-2,79.6,9.1,49.9,3,12.0,15.8,12.9
E04297,Tomás Salazar,Matemática Discreta,2026-1,55.8,9.4,73.8,3,11.6,11.9,10.9
E04298,Rosa Rodríguez,Redes de Computadoras,2025-2,75.3,0,73.1,5,12.2,9.2,13.8
E04299,Rodrigo Mendoza,Base de Datos,2025-2,59.1,0,64.7,5,16.2,11.9,8.7
E04300,Rodrigo Castillo,Redes de Computadoras,2025-2,73.5,5.2,69.9,3,5.4,4.9,10.5
E04301,Renata Huamán,Base de Datos,2026-1,59.8,1.8,90.1,3,15.0,11.4,14.6
E04302,Emilia Pérez,Lenguajes de Programación,2025-2,65.7,7.8,74.1,4,8.3,7.7,6.0
E04303,Manuel Cabrera,Estructuras de Datos,2025-2,69.4,2.1,,4,19.1,14.9,17.3
E04304,Ana Reyes,Matemática Discreta,2026-1,48.4,6.6,56.7,4,7.3,9.9,10.1
E04305,Gabriela Castillo,Matemática Discreta,2025-2,88.4,2.7,100,4,5.5,0,8.1
E04306,Daniela Zapata,Base de Datos,2026-1,89.3,4.7,93.5,2,14.7,17.8,15.4
E04307,Camila Palomino,Redes de Computadoras,2025-2,77.2,1.4,100,5,18.1,7.6,10.2
E04308,Gabriela Mamani,Base de Datos,2025-2,72.4,2.5,78.7,3,10.4,8.8,9.8
E04309,Valeria Pérez,Estructuras de Datos,2026-1,73.4,4.6,93.2,4,16.0,11.9,15.4
E04310,Milagros Vega,Estructuras de Datos,2026-1,72.8,2.5,61.6,3,11.2,14.1,10.4
E04311,Sebastián Flores,Estructuras de Datos,2025-2,55.2,4.0,89.6,1,18.5,15.6,17.6
E04312,Isabela Aguilar,Estructuras de Datos,2025-2,74.5,5.4,51.3,5,17.3,16.2,13.6
E04313,Sebastián Vega,Estructuras de Datos,2025-2,61.9,8.1,56.2,2,11.2,15.4,17.1
E04314,Estefanía Vega,Redes de Computadoras,2026-1,86.1,3.3,100,2,17.8,12.4,14.5
E04315,Antonella Palomino,Estructuras de Datos,2025-2,74.7,10.1,90.2,1,14.4,,20
E04316,Iván Vega,Base de Datos,2025-2,64.0,8.8,56.6,2,2.7,0,2.4
E04317,Isabela Ramírez,Matemática Discreta,2026-1,53.9,4.8,67.5,4,15.9,18.1,18.1
E04318,Natalia Salazar,Base de Datos,2025-2,87.3,11.0,72.6,5,16.9,17.4,14.4
E04319,Adrián Vega,Estructuras de Datos,2026-1,87.8,2.1,75.0,5,13.4,12.6,11.9
E04320,Bruno Zapata,Base de Datos,2025-2,61.2,13.8,82.0,2,7.0,8.0,10.7
E04321,Isabela Pérez,Matemática Discreta,2026-1,80.1,8.7,72.6,3,11.2,16.8,12.2
E04322,Diego Gutiérrez,Redes de Computadoras,2025-2,69.7,8.7,66.8,2,,11.7,5.9
E04323,Franco Paredes,Base de Datos,2026-1,69.4,8.6,72.4,4,14.7,11.1,12.0
E04324,Sofía Cárdenas,Redes de Computadoras,2025-2,92.4,3.2,68.6,5,10.7,14.1,17.6
E04325,Bruno Palomino,Lenguajes de Programación,2025-2,71.5,5.8,70.0,3,9.3,12.0,12.5
E04326,Vicente Quispe,Redes de Computadoras,2026-1,82.6,0,100,3,10.2,15.8,11.5
E04327,Manuel Flores,Lenguajes de Programación,2026-1,51.9,8.1,70.1,3,13.9,17.2,12.6
E04328,Sofía Rivas,Matemática Discreta,2025-2,100,12.4,68.4,2,13.9,14.9,8.9
E04329,Lucía Rodríguez,Lenguajes de Programación,2026-1,40.4,8.6,100,2,,12.1,14.9
E04330,Franco Palomino,Redes de Computadoras,2025-2,53.1,6.0,64.0,2,15.5,13.2,9.1
E04331,Estefanía Cárdenas,Estructuras de Datos,2026-1,64.3,9.6,87.0,3,9.8,6.6,12.0
E04332,Estefanía Castillo,Lenguajes de Programación,2026-1,86.5,0,80.1,4,12.3,13.5,10.6
E04333,Renata Cabrera,Base de Datos,2025-2,49.7,5.0,63.9,3,14.0,18.2,13.4
E04334,María Torres,Lenguajes de Programación,2025-2,85.8,7.9,34.8,3,18.4,16.4,19.8
E04335,Valeria Paredes,Lenguajes de Programación,2026-1,65.3,8.7,87.3,4,11.8,14.1,13.9
E04336,Rosa Chávez,Lenguajes de Programación,2026-1,78.2,5.9,84.1,4,15.1,10.3,14.6
E04337,Rodrigo Cruz,Lenguajes de Programación,2025-2,74.9,3.6,100,4,12.0,9.4,10.3
E04338,Adrián Aguilar,Lenguajes de Programación,2025-2,98.3,3.1,79.4,3,6.8,8.3,6.2
E04339,Fabián Zapata,Lenguajes de Programación,2026-1,60.8,5.2,82.7,2,10.7,13.7,14.9
E04340,Nicolás Ramírez,Estructuras de Datos,2026-1,68.7,5.9,62.7,3,17.6,19.0,16.3
E04341,Miguel Huamán,Matemática Discreta,2025-2,63.4,9.7,68.1,3,18.8,20,18.4
E04342,Fernanda Palomino,Matemática Discreta,2026-1,72.4,11.2,77.7,2,12.8,15.9,14.2
E04343,Joaquín Quispe,Estructuras de Datos,2026-1,65.8,6.0,88.0,5,16.7,9.0,17.6
E04344,Iván Soto,Estructuras de Datos,2026-1,62.9,3.7,42.9,1,7.9,8.9,10.1
E04345,Estefanía Torres,Matemática Discreta,2026-1,76.9,6.5,57.4,2,9.6,14.1,13.7
E04346,Fernanda Ramírez,Estructuras de Datos,2025-2,60.5,6.2,34.1,4,10.2,11.4,11.3
E04347,Carlos Rodríguez,Lenguajes de Programación,2025-2,,6.3,69.4,2,10.3,15.9,5.7
E04348,Manuel Mamani,Estructuras de Datos,2026-1,65.9,8.5,81.4,3,13.8,11.2,14.1
E04349,Paula Aguilar,Base de Datos,2025-2,96.4,3.8,68.3,3,13.7,8.7,8.7
E04350,Manuel Zapata,Lenguajes de Programación,2025-2,,3.3,73.2,5,13.1,12.2,11.6
E04351,Vicente García,Estructuras de Datos,2025-2,71.8,6.6,41.0,2,12.9,15.8,11.3
E04352,Tomás Medina,Matemática Discreta,2025-2,78.8,12.8,58.1,2,17.3,10.9,10.3
E04353,Valentina Rivas,Base de Datos,2026-1,99.4,5.4,87.2,5,12.9,14.2,16.2
E04354,Franco Zapata,Lenguajes de Programación,2026-1,54.5,5.9,77.8,2,12.3,12.2,7.7
E04355,Iván García,Lenguajes de Programación,2026-1,68.7,7.1,59.3,1,15.0,9.6,9.8
E04356,Fabián Cárdenas,Lenguajes de Programación,2026-1,60.9,0.9,48.1,4,18.1,18.1,13.3
E04357,Miguel Aguilar,Matemática Discreta,2026-1,52.9,11.2,90.5,2,18.4,18.8,20
E04358,Manuel Rivas,Estructuras de Datos,2025-2,95.7,13.1,82.3,2,4.7,13.9,7.1
E04359,Bruno Cruz,Matemática Discreta,2025-2,45.5,6.2,63.9,4,17.5,14.5,14.1
E04360,Franco Alva,Matemática Discreta,2026-1,68.4,3.7,74.0,4,4.1,5.2,6.8
E04361,Valeria Cabrera,Lenguajes de Programación,2026-1,100,2.0,67.8,3,15.2,14.9,14.7
E04362,Lucía Espinoza,Lenguajes de Programación,2026-1,58.1,5.6,78.4,3,20,20,20
E04363,Emilio Palomino,Lenguajes de Programación,2025-2,82.8,3.3,41.7,3,13.7,10.5,9.9
E04364,Jorge Ortiz,Estructuras de Datos,2026-1,61.5,11.1,97.1,3,10.0,13.7,8.4
E04365,Renata Huamán,Redes de Computadoras,2025-2,54.7,5.2,63.1,3,10.0,7.8,6.4
E04366,Zoe Pérez,Lenguajes de Programación,2026-1,77.8,8.7,53.1,2,11.5,16.5,10.6
E04367,Natalia Soto,Base de Datos,2025-2,100,10.0,72.4,3,15.7,17.4,14.3
E04368,Lucía Delgado,Lenguajes de Programación,2025-2,74.4,7.9,79.3,5,12.7,14.9,11.4
E04369,Luis Aguilar,Lenguajes de Programación,2026-1,54.1,4.6,75.5,3,13.7,16.0,15.7
E04370,Gabriela Rodríguez,Base de Datos,2026-1,81.7,7.7,60.5,4,17.7,20,11.3
E04371,Rodrigo Reyes,Matemática Discreta,2025-2,64.4,8.8,54.6,3,20,14.1,17.1
E04372,Fernanda Cabrera,Lenguajes de Programación,2025-2,58.1,10.8,77.3,3,17.4,12.6,16.0
E04373,Miguel Medina,Matemática Discreta,2026-1,72.6,7.2,42.1,5,20,17.7,19.0
E04374,Antonella Vega,Estructuras de Datos,2026-1,78.5,11.9,68.8,1,4.1,8.2,4.5
E04375,María Salazar,Matemática Discreta,2026-1,70.1,6.1,69.5,4,12.8,15.7,14.1
E04376,Rodrigo Herrera,Lenguajes de Programación,2026-1,86.1,5.4,100,1,20,18.4,17.7
E04377,Valentina Salazar,Matemática Discreta,2026-1,90.5,0.8,75.2,3,16.3,20,17.3
E04378,Zoe Flores,Base de Datos,2025-2,69.0,0.7,57.6,3,11.0,12.9,12.2
E04379,Paula Herrera,Estructuras de Datos,2026-1,97.8,10.3,72.4,4,11.7,13.8,15.1
E04380,Martina López,Base de Datos,2026-1,86.1,3.4,70.2,3,8.6,13.2,9.8
E04381,Valentina Rodríguez,Estructuras de Datos,2026-1,71.2,8.7,52.3,1,7.3,11.8,11.2
E04382,Ricardo Alva,Estructuras de Datos,2025-2,61.4,6.8,66.2,5,12.7,19.7,17.4
E04383,Tomás Ortiz,Matemática Discreta,2026-1,73.9,12.2,74.9,4,12.0,10.9,15.4
E04384,Mateo Herrera,Redes de Computadoras,2025-2,47.8,8.2,43.2,2,14.8,14.4,15.1
E04385,Milagros Mamani,Matemática Discreta,2026-1,60.8,9.4,61.6,3,12.0,12.5,11.0
E04386,Ricardo Ponce,Base de Datos,2025-2,95.7,3.1,69.2,4,16.2,13.2,14.0
E04387,Emilia López,Base de Datos,2025-2,,0.1,89.1,2,12.6,8.0,11.0
E04388,Miguel Torres,Redes de Computadoras,2025-2,61.0,2.9,49.1,5,12.4,13.2,16.8
E04389,Adrián Castillo,Base de Datos,2025-2,61.5,7.3,53.6,5,18.1,20,15.9
E04390,Iván Soto,Lenguajes de Programación,2026-1,74.7,4.3,100,3,5.6,7.9,7.3
E04391,Mateo Medina,Redes de Computadoras,2025-2,,4.3,55.7,3,14.8,15.4,14.8
E04392,Iván Cárdenas,Lenguajes de Programación,2025-2,47.1,8.3,59.1,2,5.7,4.7,7.1
E04393,Julio López,Matemática Discreta,2026-1,78.8,8.9,94.9,3,9.4,13.1,14.6
E04394,Adrián Torres,Lenguajes de Programación,2026-1,45.6,5.1,100,2,11.5,11.1,10.7
E04395,Valentina Ortiz,Base de Datos,2026-1,79.1,3.8,78.1,2,6.9,8.0,4.2
E04396,Lucía Espinoza,Matemática Discreta,2025-2,91.3,9.9,76.1,5,10.3,7.6,13.6
E04397,Valentina Pérez,Base de Datos,2025-2,81.2,5.1,59.2,4,12.6,16.0,10.3
E04398,Martina Mendoza,Lenguajes de Programación,2026-1,56.8,1.1,100,1,13.8,8.7,15.3
E04399,Sofía Medina,Matemática Discreta,2026-1,48.1,5.2,100,4,12.1,14.7,13.6
E04400,Carlos Zapata,Redes de Computadoras,2026-1,73.8,8.8,77.0,3,11.5,12.8,10.6
E04401,Lucía Rivas,Estructuras de Datos,2025-2,,10.2,75.0,2,12.8,17.7,16.6
E04402,Lucía Ponce,Estructuras de Datos,2026-1,70.0,8.8,87.2,3,15.8,15.8,20
E04403,Zoe Quispe,Lenguajes de Programación,2026-1,38.9,6.8,81.6,3,20,16.2,20
E04404,Tomás Aguilar,Lenguajes de Programación,2026-1,51.4,2.5,88.3,1,18.8,18.2,16.1
E04405,Miguel Sánchez,Base de Datos,2026-1,50.7,5.3,46.0,5,20,19.9,19.7
E04406,Fabián Ortiz,Estructuras de Datos,2026-1,59.1,7.1,58.9,1,3.2,6.6,6.6
E04407,Emilio Soto,Estructuras de Datos,2025-2,84.5,6.7,82.0,1,20,20,17.8
E04408,Valeria Delgado,Estructuras de Datos,2026-1,65.1,10.8,82.5,3,11.7,12.5,7.2
E04409,Iván Aguilar,Base de Datos,2026-1,62.6,6.7,91.5,4,11.2,12.2,9.5
E04410,Miguel Huamán,Matemática Discreta,2026-1,73.9,3.5,84.3,3,13.7,15.2,9.3
E04411,Antonella Cárdenas,Base de Datos,2026-1,72.2,1.4,73.5,5,18.7,15.0,16.1
E04412,Ximena Pérez,Base de Datos,2025-2,63.6,1.9,72.4,3,11.4,15.7,12.3
E04413,Daniela Ponce,Estructuras de Datos,2025-2,94.5,8.7,100,2,4.3,3.4,4.3
E04414,Antonella Paredes,Base de Datos,2025-2,78.2,9.0,54.8,5,18.9,15.7,17.5
E04415,Vicente Ortiz,Matemática Discreta,2026-1,52.4,10.4,66.7,3,12.8,11.4,5.5
E04416,Luis Flores,Estructuras de Datos,2026-1,85.5,6.1,58.0,4,6.3,15.5,9.8
E04417,Rodrigo Cárdenas,Matemática Discreta,2025-2,80.8,5.4,59.6,4,3.9,1.6,4.1
E04418,Sofía Vargas,Redes de Computadoras,2025-2,67.0,6.4,71.7,4,15.9,15.5,13.8
E04419,Miguel García,Estructuras de Datos,2025-2,,9.2,88.1,3,8.6,10.5,7.5
E04420,Daniela Rivas,Matemática Discreta,2026-1,100,6.1,94.1,4,,9.3,12.6
E04421,Emilia Castillo,Matemática Discreta,2025-2,64.3,5.3,78.0,1,11.6,7.7,8.1
E04422,Valentina Ramírez,Estructuras de Datos,2025-2,48.4,3.9,99.4,2,13.5,18.9,17.3
E04423,Alejandra Sánchez,Base de Datos,2025-2,89.1,15.4,95.3,3,15.8,14.4,17.3
E04424,Sebastián Soto,Lenguajes de Programación,2025-2,95.3,10.0,58.0,3,15.8,16.5,14.8
E04425,Emilio Mamani,Matemática Discreta,2026-1,77.8,2.1,78.1,3,6.3,11.6,14.7
E04426,Sofía Gutiérrez,Redes de Computadoras,2026-1,100,15.2,87.3,2,18.9,19.7,15.6
E04427,Vicente Gutiérrez,Base de Datos,2026-1,,14.3,76.8,3,8.5,14.1,10.8
E04428,Ximena Cárdenas,Base de Datos,2025-2,70.0,6.9,64.5,4,10.8,18.5,16.0
E04429,Joaquín Delgado,Lenguajes de Programación,2025-2,68.1,9.7,64.4,2,14.5,14.3,16.8
E04430,Adrián Aguilar,Estructuras de Datos,2026-1,,4.1,56.9,3,20,20,20
E04431,Ximena Rodríguez,Lenguajes de Programación,2025-2,80.0,0,76.7,3,14.0,13.9,12.1
E04432,Diego Medina,Base de Datos,2026-1,56.3,2.1,71.8,3,6.8,10.0,9.7
E04433,Luis Pérez,Lenguajes de Programación,2025-2,64.6,2.0,66.1,2,16.1,18.2,14.9
E04434,Diego Paredes,Redes de Computadoras,2026-1,42.9,6.9,85.9,2,15.7,13.8,12.2
E04435,Martina Zapata,Lenguajes de Programación,2026-1,82.1,9.0,100,2,14.0,13.7,11.3
E04436,Estefanía López,Base de Datos,2025-2,59.2,4.1,78.7,4,11.0,12.1,10.6
E04437,Luis Delgado,Estructuras de Datos,2026-1,58.3,10.5,62.6,3,9.0,11.8,4.9
E04438,Paula Sánchez,Base de Datos,2026-1,80.6,4.7,63.7,2,13.8,15.2,17.9
E04439,Isabela Ponce,Lenguajes de Programación,2026-1,65.5,6.3,78.5,4,19.3,20,20
E04440,Rosa García,Redes de Computadoras,2026-1,93.5,0,53.7,4,13.5,18.3,9.8
E04441,Daniela Herrera,Estructuras de Datos,2026-1,51.4,7.9,93.2,3,7.1,7.1,9.3
E04442,Franco Soto,Lenguajes de Programación,2025-2,91.5,6.3,75.8,2,12.0,15.7,16.7
E04443,Natalia López,Base de Datos,2026-1,42.4,15.5,100,3,13.8,12.2,14.1
E04444,Fabián Mendoza,Lenguajes de Programación,2026-1,92.1,3.3,100,3,12.5,10.9,9.8
E04445,Alonso Soto,Redes de Computadoras,2026-1,82.7,7.5,83.0,3,14.9,15.7,16.1
E04446,Diego Reyes,Matemática Discreta,2026-1,60.7,10.7,67.7,3,12.9,8.0,12.5
E04447,Vicente Cárdenas,Base de Datos,2026-1,72.7,9.0,78.6,4,14.4,13.0,12.8
E04448,Estefanía Rodríguez,Redes de Computadoras,2025-2,73.3,2.4,68.1,2,6.3,8.0,12.4
E04449,Milagros Soto,Redes de Computadoras,2026-1,62.8,6.1,74.2,3,10.5,17.0,13.1
E04450,Sebastián Espinoza,Lenguajes de Programación,2025-2,88.8,4.7,36.4,4,15.7,12.3,5.1
E04451,Valentina Gutiérrez,Matemática Discreta,2026-1,68.4,6.9,62.4,2,13.7,12.5,14.4
E04452,Alejandra Castillo,Lenguajes de Programación,2025-2,73.3,10.4,69.5,3,10.9,5.9,11.1
E04453,Andrés Ponce,Estructuras de Datos,2025-2,86.9,0.8,75.9,5,10.2,10.8,9.3
E04454,Ximena Cruz,Base de Datos,2025-2,50.8,4.7,67.3,5,7.2,7.4,6.1
E04455,Sofía Alva,Estructuras de Datos,2026-1,62.6,5.0,88.7,4,16.9,8.7,13.2
E04456,Sofía Ortiz,Base de Datos,2025-2,80.1,5.8,84.7,3,15.9,15.4,16.0
E04457,Zoe Cárdenas,Redes de Computadoras,2025-2,85.8,8.6,49.9,3,8.2,9.4,8.0
E04458,Andrés Salazar,Redes de Computadoras,2025-2,55.9,8.5,78.0,2,10.9,,15.8
E04459,Julio Rodríguez,Base de Datos,2026-1,31.0,11.2,61.9,5,20,20,19.0
E04460,Tomás Palomino,Lenguajes de Programación,2025-2,71.5,2.2,79.8,2,8.5,11.0,7.0
E04461,Manuel Pérez,Base de Datos,2026-1,81.2,3.9,73.2,3,10.5,9.4,6.9
E04462,Franco García,Matemática Discreta,2026-1,68.4,10.4,100,4,14.3,14.3,10.6
E04463,Ximena Delgado,Lenguajes de Programación,2025-2,57.3,2.7,100,3,13.8,12.0,11.2
E04464,Jorge Palomino,Lenguajes de Programación,2026-1,100,1.6,83.9,1,12.4,10.9,12.2
E04465,Franco Mendoza,Matemática Discreta,2025-2,48.3,10.2,76.6,2,12.6,9.1,10.4
E04466,Isabela Palomino,Lenguajes de Programación,2026-1,57.5,10.9,88.8,4,10.1,15.4,12.1
E04467,Alonso Reyes,Matemática Discreta,2025-2,73.0,2.9,78.3,2,19.1,19.2,18.0
E04468,Julio Rivas,Lenguajes de Programación,2026-1,70.4,3.6,62.8,2,13.0,14.4,10.9
E04469,Sofía Rojas,Matemática Discreta,2025-2,93.2,6.7,63.4,4,13.9,11.2,11.9
E04470,Isabela Paredes,Matemática Discreta,2026-1,56.5,1.6,61.7,5,9.0,5.5,12.0
E04471,Alonso Palomino,Redes de Computadoras,2025-2,66.5,7.4,84.6,2,9.0,14.3,6.8
E04472,Valeria Herrera,Redes de Computadoras,2026-1,72.8,2.3,100,4,15.2,18.4,18.9
E04473,Emilia Gutiérrez,Estructuras de Datos,2025-2,67.7,2.8,67.6,4,15.8,14.6,15.3
E04474,Fernanda Delgado,Base de Datos,2025-2,68.8,7.4,79.6,4,16.9,18.7,15.8
E04475,Mateo Aguilar,Lenguajes de Programación,2026-1,37.2,3.1,91.0,3,14.8,18.7,10.5
E04476,Fabián Torres,Redes de Computadoras,2025-2,48.8,6.7,100,1,17.3,15.3,16.4
E04477,Alejandra Rodríguez,Estructuras de Datos,2025-2,87.4,7.1,98.6,3,16.9,17.6,17.6
E04478,Sebastián Rodríguez,Estructuras de Datos,2025-2,53.2,1.6,93.0,3,10.6,9.1,10.5
E04479,Antonella Cárdenas,Lenguajes de Programación,2025-2,100,11.9,75.7,2,5.7,11.8,9.7
E04480,Andrés García,Lenguajes de Programación,2026-1,76.2,6.9,81.5,4,19.2,20,20
E04481,Carlos Ponce,Lenguajes de Programación,2025-2,67.5,8.3,56.1,4,3.7,10.0,3.0
E04482,Julio Sánchez,Redes de Computadoras,2026-1,79.2,4.6,79.7,3,12.2,,13.0
E04483,Milagros Rodríguez,Base de Datos,2026-1,76.8,4.4,70.2,1,14.5,10.2,10.9
E04484,Tomás Vega,Lenguajes de Programación,2025-2,75.6,2.3,84.5,1,15.4,12.8,20
E04485,Luis Delgado,Matemática Discreta,2026-1,43.0,9.9,76.9,3,15.3,15.4,8.3
E04486,Diego Gutiérrez,Base de Datos,2025-2,75.0,3.5,62.9,3,8.5,9.0,10.1
E04487,Emilia García,Base de Datos,2026-1,62.3,5.4,51.1,4,13.2,6.4,10.3
E04488,Manuel Mendoza,Redes de Computadoras,2026-1,97.6,14.3,100,4,18.8,7.1,14.4
E04489,Tomás Ortiz,Estructuras de Datos,2025-2,51.4,11.7,54.8,2,9.5,8.7,9.4
E04490,Estefanía López,Matemática Discreta,2025-2,89.6,0,83.5,4,12.2,16.8,20
E04491,Tomás Medina,Redes de Computadoras,2025-2,70.2,2.6,52.6,4,9.1,5.8,9.5
E04492,Antonella Gutiérrez,Base de Datos,2025-2,67.2,0,81.9,1,13.3,13.6,13.2
E04493,Antonella Chávez,Base de Datos,2025-2,100,8.9,62.9,3,14.0,14.3,13.7
E04494,Joaquín Medina,Redes de Computadoras,2025-2,79.1,0,88.9,3,13.9,11.7,12.0
E04495,Manuel Chávez,Lenguajes de Programación,2026-1,71.6,9.4,70.6,5,9.2,14.0,10.5
E04496,Andrés Alva,Redes de Computadoras,2026-1,55.1,2.8,92.8,2,14.6,20,14.1
E04497,Valeria Palomino,Estructuras de Datos,2025-2,68.5,2.4,65.4,2,,12.6,17.3
E04498,Paula Vega,Matemática Discreta,2026-1,69.7,0.8,68.9,2,16.4,,13.5
E04499,Natalia Zapata,Estructuras de Datos,2026-1,89.2,13.5,66.7,5,8.0,8.9,9.5
E04500,Franco Cruz,Matemática Discreta,2025-2,69.5,7.9,100,2,10.3,10.7,17.1
E04501,Alonso Mamani,Matemática Discreta,2026-1,65.9,3.5,59.8,3,4.4,,7.8
E04502,Camila Torres,Redes de Computadoras,2025-2,52.2,2.6,67.0,5,6.1,10.4,13.5
E04503,Franco Reyes,Lenguajes de Programación,2026-1,94.3,2.9,95.2,5,13.8,13.4,10.5
E04504,Iván Salazar,Lenguajes de Programación,2025-2,78.5,7.1,68.6,2,14.2,8.3,11.5
E04505,Alonso Mendoza,Lenguajes de Programación,2026-1,72.9,4.6,82.1,3,20,19.3,16.1
E04506,Iván Salazar,Matemática Discreta,2026-1,74.0,9.0,100,1,20,18.0,17.1
E04507,Mateo Salazar,Matemática Discreta,2025-2,77.6,7.0,58.5,4,12.2,13.0,10.0
E04508,Mateo Rojas,Base de Datos,2026-1,43.4,9.1,83.7,2,12.8,12.8,10.2
E04509,Milagros Espinoza,Lenguajes de Programación,2025-2,58.4,11.7,89.6,3,7.9,7.2,11.2
E04510,Joaquín Espinoza,Lenguajes de Programación,2026-1,69.8,8.5,84.0,2,19.6,12.2,11.2
E04511,Vicente Quispe,Base de Datos,2026-1,100,4.4,80.0,2,12.9,7.9,9.5
E04512,Gabriela Espinoza,Estructuras de Datos,2026-1,67.7,1.9,72.6,2,13.0,15.8,16.3
E04513,Sebastián Alva,Estructuras de Datos,2025-2,87.3,5.9,71.0,5,9.7,5.5,13.3
E04514,Manuel Palomino,Lenguajes de Programación,2026-1,31.7,8.2,75.5,3,20,16.3,20
E04515,Rodrigo Cruz,Lenguajes de Programación,2025-2,68.2,9.0,100,3,12.1,13.5,9.2
E04516,Julio Quispe,Lenguajes de Programación,2026-1,81.6,14.1,100,5,8.4,11.7,11.4
E04517,Sebastián Medina,Lenguajes de Programación,2026-1,81.6,8.6,64.4,3,20,18.7,17.8
E04518,Julio Rojas,Redes de Computadoras,2025-2,100,0.4,78.4,4,17.3,20,16.1
E04519,Sofía Flores,Redes de Computadoras,2026-1,100,7.3,79.6,1,11.4,10.8,4.3
E04520,Emilio Rivas,Redes de Computadoras,2026-1,64.0,8.3,100,2,14.9,12.1,12.9
E04521,Natalia Quispe,Matemática Discreta,2026-1,91.0,6.6,100,2,7.2,10.4,9.0
E04522,Diego Gutiérrez,Redes de Computadoras,2026-1,92.9,4.2,72.3,2,12.5,8.7,12.1
E04523,Isabela Reyes,Lenguajes de Programación,2025-2,81.9,6.6,74.7,4,9.2,12.5,7.8
E04524,Mateo Medina,Redes de Computadoras,2026-1,94.7,11.8,85.7,2,12.7,16.4,17.3
E04525,Martina Flores,Lenguajes de Programación,2026-1,77.2,5.8,59.2,3,20,14.4,16.8
E04526,Miguel Sánchez,Lenguajes de Programación,2026-1,91.0,5.0,80.0,5,2.6,8.3,9.4
E04527,Natalia Sánchez,Lenguajes de Programación,2025-2,52.6,7.0,64.2,4,13.0,19.3,11.6
E04528,Iván Vargas,Base de Datos,2025-2,60.3,2.0,41.2,3,20,20,20
E04529,Valeria Vargas,Redes de Computadoras,2026-1,88.3,8.2,64.8,1,19.6,15.1,17.4
E04530,Jorge Sánchez,Redes de Computadoras,2026-1,77.3,2.7,72.2,4,17.2,18.2,18.0
E04531,Carlos Reyes,Estructuras de Datos,2026-1,100,5.1,76.2,3,12.4,10.2,9.5
E04532,Alejandra Pérez,Matemática Discreta,2025-2,53.0,7.3,98.2,4,9.0,5.3,3.6
E04533,María Cruz,Redes de Computadoras,2025-2,72.5,7.9,68.0,3,4.7,2.8,5.1
E04534,Ximena Aguilar,Base de Datos,2026-1,100,4.4,79.3,2,18.1,13.5,14.1
E04535,Emilia Flores,Lenguajes de Programación,2025-2,48.6,11.6,46.9,2,15.9,19.6,13.1
E04536,Renata Salazar,Lenguajes de Programación,2026-1,59.2,8.6,81.1,2,8.8,11.4,7.0
E04537,Zoe Reyes,Matemática Discreta,2026-1,82.7,9.4,69.9,1,19.7,20,20
E04538,Natalia Aguilar,Base de Datos,2026-1,55.5,7.0,85.9,3,10.5,8.3,15.1
E04539,Valentina Quispe,Lenguajes de Programación,2026-1,86.7,13.1,86.1,3,10.2,12.5,8.3
E04540,Alonso Flores,Base de Datos,2026-1,83.1,5.0,84.5,3,20,18.8,18.7
E04541,Mateo Rivas,Redes de Computadoras,2025-2,82.2,3.7,75.3,4,8.1,6.4,12.4
E04542,Estefanía Rodríguez,Redes de Computadoras,2025-2,100,5.4,55.8,3,13.2,7.2,14.2
E04543,Miguel Ponce,Estructuras de Datos,2026-1,73.6,12.5,86.0,2,5.6,1.7,4.6
E04544,Camila Espinoza,Estructuras de Datos,2026-1,56.8,4.0,82.1,3,17.8,11.3,13.7
E04545,Sebastián Cruz,Base de Datos,2025-2,76.6,5.3,76.0,3,20,18.6,19.3
E04546,Tomás Ortiz,Matemática Discreta,2025-2,50.1,7.3,72.2,2,8.3,9.8,7.8
E04547,Alonso Rivas,Lenguajes de Programación,2025-2,72.5,6.9,53.3,4,13.9,14.1,13.8
E04548,Daniela López,Estructuras de Datos,2025-2,70.5,5.6,19.7,4,8.1,10.6,5.1
E04549,Sofía Ramírez,Estructuras de Datos,2025-2,100,4.3,79.7,5,,11.7,13.9
E04550,Manuel García,Estructuras de Datos,2025-2,96.0,6.0,100,4,20.0,20,18.2
E04551,Isabela Medina,Base de Datos,2025-2,86.3,0,61.3,1,0.8,7.5,2.5
E04552,Tomás García,Matemática Discreta,2025-2,41.7,1.2,60.4,4,6.0,16.3,8.1
E04553,Joaquín Espinoza,Matemática Discreta,2025-2,85.3,9.8,61.6,1,14.6,13.8,16.3
E04554,Alonso Zapata,Estructuras de Datos,2025-2,68.2,13.9,86.4,2,13.5,13.2,14.6
E04555,Ana Mamani,Matemática Discreta,2025-2,97.8,4.9,86.1,3,15.7,12.7,18.7
E04556,Natalia Torres,Lenguajes de Programación,2025-2,59.2,11.4,64.6,4,11.0,7.3,7.7
E04557,Lucía Sánchez,Estructuras de Datos,2025-2,100,3.6,86.9,3,11.2,12.3,14.2
E04558,Renata Alva,Redes de Computadoras,2026-1,90.1,4.8,100,4,13.9,16.4,14.2
E04559,Valeria Cruz,Estructuras de Datos,2025-2,62.4,6.3,77.5,3,10.4,10.7,15.0
E04560,Gabriela Castillo,Estructuras de Datos,2026-1,62.8,5.9,74.0,3,20,19.2,19.3
E04561,Emilio Zapata,Lenguajes de Programación,2026-1,71.6,5.9,55.3,4,10.8,11.2,9.4
E04562,Rodrigo Torres,Redes de Computadoras,2026-1,92.0,7.2,84.2,2,16.4,17.3,20.0
E04563,Iván Gutiérrez,Lenguajes de Programación,2026-1,47.1,8.0,80.0,4,10.8,13.8,10.3
E04564,Iván García,Lenguajes de Programación,2025-2,71.3,5.4,97.7,1,12.0,10.6,14.4
E04565,Nicolás Aguilar,Base de Datos,2026-1,45.4,9.4,62.3,2,17.5,15.8,20
E04566,Valentina Espinoza,Estructuras de Datos,2025-2,57.2,1.7,100,2,16.2,15.3,17.0
E04567,Nicolás Cruz,Estructuras de Datos,2025-2,81.1,0.5,62.7,1,9.7,16.2,15.2
E04568,Diego Mendoza,Base de Datos,2025-2,79.6,5.0,70.4,3,12.3,14.9,11.3
E04569,Emilio Sánchez,Lenguajes de Programación,2026-1,82.5,6.6,64.3,4,5.7,3.7,2.2
E04570,Sofía Gutiérrez,Redes de Computadoras,2025-2,54.9,6.1,20.0,2,7.7,10.7,5.1
E04571,Isabela Palomino,Redes de Computadoras,2026-1,61.9,9.6,84.2,5,19.0,20,18.9
E04572,Iván Ortiz,Redes de Computadoras,2025-2,86.6,9.6,60.3,2,11.1,11.1,8.1
E04573,Carlos Sánchez,Base de Datos,2026-1,62.3,6.9,69.2,5,13.9,10.4,11.4
E04574,Sofía Alva,Estructuras de Datos,2026-1,43.0,7.0,69.0,5,13.4,20,15.4
E04575,Gabriela Castillo,Lenguajes de Programación,2026-1,55.5,3.8,84.7,3,11.9,14.0,13.6
E04576,Paula López,Estructuras de Datos,2026-1,89.1,3.7,77.5,4,6.4,9.4,8.5
E04577,Tomás Mamani,Lenguajes de Programación,2025-2,56.3,10.1,95.9,5,9.4,3.8,5.0
E04578,Lucía Ramírez,Redes de Computadoras,2025-2,77.4,3.4,95.9,5,16.9,15.8,17.5
E04579,Camila Castillo,Redes de Computadoras,2025-2,96.5,4.7,65.1,5,14.9,9.5,15.0
E04580,Carlos Mendoza,Estructuras de Datos,2026-1,52.3,11.8,79.0,1,6.5,14.1,9.4
E04581,Mateo Pérez,Redes de Computadoras,2026-1,85.1,0,75.1,3,13.2,11.3,14.3
E04582,Andrés Torres,Matemática Discreta,2026-1,89.9,0,100,4,10.4,4.7,8.5
E04583,Renata Ponce,Redes de Computadoras,2026-1,91.0,3.7,59.6,5,20,15.1,19.8
E04584,Ximena Vega,Lenguajes de Programación,2026-1,60.6,4.7,64.4,4,13.1,10.1,10.6
E04585,Nicolás Vega,Matemática Discreta,2026-1,82.9,2.4,80.1,1,12.7,10.2,6.5
E04586,Bruno Huamán,Estructuras de Datos,2026-1,79.7,1.3,86.5,2,12.8,18.8,13.6
E04587,Rosa Castillo,Lenguajes de Programación,2026-1,59.5,13.5,96.9,3,15.9,15.5,20
E04588,Mateo Cabrera,Lenguajes de Programación,2025-2,96.0,9.2,79.4,5,12.9,8.9,10.9
E04589,Alonso Paredes,Redes de Computadoras,2026-1,77.7,5.7,84.9,2,14.6,11.6,13.2
E04590,Tomás Rojas,Lenguajes de Programación,2025-2,59.9,0.5,74.7,4,13.1,9.2,17.5
E04591,Valeria Paredes,Base de Datos,2025-2,56.4,11.6,89.0,2,15.4,13.3,13.7
E04592,Julio Chávez,Matemática Discreta,2026-1,60.8,7.6,78.2,3,16.8,19.4,16.6
E04593,Isabela Ramírez,Estructuras de Datos,2026-1,86.0,2.5,84.1,4,16.2,12.2,12.0
E04594,Tomás Aguilar,Lenguajes de Programación,2026-1,57.0,0.7,82.5,5,7.8,11.8,12.2
E04595,Andrés Mamani,Estructuras de Datos,2025-2,73.6,5.5,89.1,2,13.2,9.2,6.4
E04596,Adrián Palomino,Lenguajes de Programación,2026-1,64.7,4.3,100,2,18.5,12.6,17.5
E04597,Lucía Cárdenas,Estructuras de Datos,2025-2,86.0,4.7,56.5,2,2.2,2.0,9.5
E04598,María Flores,Base de Datos,2025-2,70.8,1.5,70.0,3,17.5,15.9,15.8
E04599,Mateo Alva,Matemática Discreta,2025-2,72.3,0,98.3,4,11.7,20,15.4
E04600,Alonso Cruz,Estructuras de Datos,2025-2,65.2,0,69.2,5,19.2,20,17.2
E04601,Zoe Cabrera,Redes de Computadoras,2026-1,42.6,3.3,54.4,4,12.6,14.5,11.7
E04602,Daniela Reyes,Matemática Discreta,2025-2,76.7,10.5,60.9,3,5.5,4.2,0.5
E04603,Paula Chávez,Redes de Computadoras,2025-2,52.8,2.7,74.1,1,11.8,12.1,14.5
E04604,Martina Rodríguez,Redes de Computadoras,2026-1,99.3,5.6,79.2,2,20,20,17.4
E04605,Valentina Gutiérrez,Base de Datos,2025-2,70.4,6.6,67.5,3,4.0,6.2,6.6
E04606,Valeria Cárdenas,Redes de Computadoras,2025-2,44.5,7.1,87.2,2,12.8,13.6,12.0
E04607,Antonella Palomino,Matemática Discreta,2026-1,71.4,2.5,79.5,2,15.3,13.9,14.8
E04608,Carlos López,Base de Datos,2026-1,42.3,2.4,87.0,1,19.5,19.4,20
E04609,Iván Delgado,Matemática Discreta,2025-2,47.9,4.0,45.4,2,13.5,13.1,16.1
E04610,Gabriela Gutiérrez,Redes de Computadoras,2025-2,84.8,6.3,88.9,4,5.1,8.3,11.8
E04611,Emilia Paredes,Lenguajes de Programación,2025-2,82.7,2.6,58.1,4,14.6,11.8,13.7
E04612,Estefanía Rodríguez,Lenguajes de Programación,2025-2,43.0,2.5,83.1,3,11.1,17.5,10.6
E04613,Ricardo Vega,Redes de Computadoras,2025-2,70.1,10.1,97.2,4,10.5,11.0,12.5
E04614,Mateo Mamani,Matemática Discreta,2025-2,71.1,6.4,100,3,7.3,8.5,5.3
E04615,Joaquín Cabrera,Lenguajes de Programación,2026-1,65.9,1.6,75.3,4,13.3,14.8,17.5
E04616,Vicente García,Redes de Computadoras,2025-2,82.4,0,84.9,3,13.2,15.6,19.5
E04617,Valentina Rivas,Estructuras de Datos,2025-2,83.5,11.1,83.3,4,10.0,17.9,15.0
E04618,Adrián Palomino,Matemática Discreta,2025-2,64.8,2.5,65.9,4,12.1,15.0,13.8
E04619,Bruno Rivas,Lenguajes de Programación,2025-2,91.0,12.2,99.6,3,8.8,5.9,8.9
E04620,Martina Aguilar,Estructuras de Datos,2025-2,95.0,9.5,48.9,3,6.4,12.9,8.0
E04621,Valeria Mamani,Matemática Discreta,2025-2,80.3,3.4,62.6,2,13.7,16.7,18.1
E04622,Paula Chávez,Redes de Computadoras,2025-2,43.2,8.0,93.3,2,2.7,8.4,6.7
E04623,Zoe Cárdenas,Redes de Computadoras,2025-2,86.2,2.9,87.7,4,16.0,10.5,14.2
E04624,Camila Vargas,Redes de Computadoras,2026-1,100,4.0,,3,11.3,12.0,15.0
E04625,Ana Espinoza,Matemática Discreta,2026-1,74.1,11.8,51.9,1,14.3,15.5,19.6
E04626,Ximena Ponce,Matemática Discreta,2026-1,78.0,7.1,87.9,4,4.6,10.8,5.5
E04627,Diego Huamán,Lenguajes de Programación,2026-1,64.5,6.3,78.9,4,10.3,10.1,9.8
E04628,Emilio Rivas,Matemática Discreta,2025-2,86.4,5.3,53.2,3,20,16.6,20
E04629,Mateo Cárdenas,Matemática Discreta,2025-2,72.5,2.2,100,4,17.5,11.0,18.6
E04630,Luis Paredes,Redes de Computadoras,2026-1,40.5,10.3,55.3,2,9.1,17.7,12.0
E04631,Milagros Flores,Redes de Computadoras,2026-1,77.4,5.7,52.7,5,11.4,11.1,15.8
E04632,Carlos Castillo,Base de Datos,2025-2,68.9,0,93.4,4,17.5,19.2,18.8
E04633,Alonso Chávez,Lenguajes de Programación,2026-1,87.6,2.6,54.3,3,12.7,14.7,15.7
E04634,Emilio Espinoza,Estructuras de Datos,2026-1,95.8,5.9,83.4,5,20,19.4,20
E04635,Fabián Medina,Estructuras de Datos,2026-1,79.9,10.6,73.2,3,12.2,4.4,8.2
E04636,Manuel Alva,Matemática Discreta,2026-1,76.5,8.7,100,2,12.2,10.4,15.8
E04637,María Rivas,Lenguajes de Programación,2026-1,74.2,3.1,85.2,4,20,14.4,11.5
E04638,Paula Quispe,Matemática Discreta,2025-2,54.5,7.0,69.2,3,12.8,15.2,11.7
E04639,Estefanía Zapata,Base de Datos,2026-1,58.5,6.5,90.8,3,15.0,7.8,13.0
E04640,Milagros Reyes,Redes de Computadoras,2026-1,70.7,8.2,100,5,12.0,10.9,18.6
E04641,Andrés Torres,Matemática Discreta,2026-1,35.0,5.4,84.4,4,5.6,5.1,4.0
E04642,Fabián Flores,Base de Datos,2026-1,83.5,8.3,100,1,12.3,15.5,12.7
E04643,Milagros Flores,Estructuras de Datos,2026-1,41.8,4.3,75.4,5,9.2,8.2,9.8
E04644,Camila Ortiz,Base de Datos,2025-2,82.7,10.4,68.0,2,15.7,17.1,13.3
E04645,Vicente Espinoza,Estructuras de Datos,2026-1,81.0,1.2,69.4,3,14.7,13.7,12.7
E04646,Valeria Alva,Estructuras de Datos,2025-2,92.8,6.5,59.3,3,20,15.2,14.9
E04647,Milagros Mamani,Estructuras de Datos,2025-2,75.1,4.8,88.3,3,20,20,19.1
E04648,Alejandra Ramírez,Matemática Discreta,2026-1,81.5,3.0,71.1,4,20,20,20
E04649,Estefanía Delgado,Redes de Computadoras,2026-1,97.8,8.0,69.4,3,10.4,9.8,5.5
E04650,Ximena Vargas,Base de Datos,2026-1,64.8,1.2,88.2,3,15.1,15.8,16.0
E04651,Joaquín Rojas,Redes de Computadoras,2025-2,66.5,1.7,46.4,4,12.3,10.4,13.4
E04652,Milagros Soto,Matemática Discreta,2026-1,85.1,9.4,83.5,2,6.8,6.5,7.1
E04653,Mateo Quispe,Estructuras de Datos,2026-1,82.3,4.5,75.7,5,7.6,8.8,5.9
E04654,Carlos García,Matemática Discreta,2025-2,84.1,8.8,100,1,17.8,18.6,15.7
E04655,Daniela Alva,Estructuras de Datos,2026-1,48.0,4.2,51.9,2,9.3,14.7,11.7
E04656,Manuel Chávez,Redes de Computadoras,2025-2,76.8,4.9,71.4,5,8.5,9.3,7.0
E04657,Bruno Torres,Lenguajes de Programación,2026-1,52.4,0.7,51.1,4,9.9,10.3,11.6
E04658,Jorge Rojas,Estructuras de Datos,2026-1,100,2.5,81.5,2,13.2,20,14.4
E04659,Ricardo Reyes,Estructuras de Datos,2025-2,80.0,5.8,55.7,3,13.6,16.7,12.9
E04660,Franco Cárdenas,Estructuras de Datos,2026-1,60.2,7.2,68.7,4,15.0,14.1,12.0
E04661,Rosa Herrera,Redes de Computadoras,2026-1,82.4,6.7,61.5,2,5.6,8.1,6.7
E04662,Milagros Reyes,Base de Datos,2025-2,77.7,2.8,89.2,3,14.5,15.8,16.1
E04663,Valeria Quispe,Base de Datos,2026-1,46.4,8.0,51.1,1,16.8,16.8,13.5
E04664,Manuel Torres,Base de Datos,2026-1,79.8,3.5,59.1,4,10.3,14.1,8.7
E04665,Miguel Ramírez,Lenguajes de Programación,2026-1,69.0,13.8,65.7,3,9.0,11.3,9.7
E04666,Valeria Mendoza,Matemática Discreta,2025-2,76.7,6.1,77.5,3,20,18.9,18.3
E04667,Tomás Ponce,Redes de Computadoras,2026-1,68.2,10.1,77.0,2,20,11.8,16.5
E04668,Emilia Palomino,Redes de Computadoras,2026-1,72.4,3.3,82.2,4,10.7,14.5,16.5
E04669,Camila Alva,Redes de Computadoras,2025-2,63.4,0,68.6,2,15.0,12.6,15.4
E04670,Rosa Huamán,Estructuras de Datos,2026-1,70.4,10.6,67.1,4,9.4,10.9,9.2
E04671,Antonella Rojas,Estructuras de Datos,2025-2,81.2,3.4,86.0,2,16.0,15.1,16.2
E04672,Martina Paredes,Estructuras de Datos,2025-2,78.2,14.0,81.0,1,11.6,11.6,6.2
E04673,Gabriela Ponce,Lenguajes de Programación,2025-2,86.6,10.1,54.8,3,12.1,14.2,16.2
E04674,Zoe Quispe,Base de Datos,2026-1,69.4,6.2,62.2,1,14.3,16.9,17.0
E04675,Diego García,Matemática Discreta,2026-1,82.4,0.3,65.3,4,11.7,10.9,11.5
E04676,Milagros Aguilar,Lenguajes de Programación,2026-1,43.9,4.7,98.1,4,4.9,6.7,5.6
E04677,Isabela Mamani,Lenguajes de Programación,2026-1,75.9,1.2,100,2,16.2,17.0,16.0
E04678,Ximena Salazar,Redes de Computadoras,2025-2,91.2,3.5,55.2,4,15.9,4.2,9.8
E04679,Carlos Gutiérrez,Lenguajes de Programación,2025-2,86.6,8.3,58.1,2,17.2,12.4,12.1
E04680,Valentina Delgado,Base de Datos,2026-1,67.8,5.4,69.2,2,15.5,15.3,10.0
E04681,Paula Ponce,Matemática Discreta,2026-1,80.5,3.2,87.3,3,8.0,9.5,8.2
E04682,Paula Rodríguez,Redes de Computadoras,2026-1,78.1,0.7,61.3,4,14.8,10.4,14.9
E04683,Fernanda Cárdenas,Base de Datos,2026-1,87.4,10.4,92.0,5,13.8,12.3,10.1
E04684,Natalia Ortiz,Base de Datos,2026-1,74.6,1.2,96.5,3,9.2,9.9,10.9
E04685,Sebastián Rodríguez,Matemática Discreta,2026-1,54.5,7.9,96.2,4,11.3,13.6,15.0
E04686,Paula Palomino,Estructuras de Datos,2026-1,94.8,8.3,100,4,16.1,18.1,15.3
E04687,Franco Reyes,Estructuras de Datos,2025-2,75.3,3.4,69.1,4,15.2,20,16.2
E04688,Diego Sánchez,Redes de Computadoras,2026-1,70.6,6.1,82.1,2,13.5,18.3,15.9
E04689,Ricardo Espinoza,Matemática Discreta,2026-1,42.7,12.8,97.0,5,20,14.6,18.9
E04690,Franco López,Estructuras de Datos,2025-2,30.1,8.3,66.9,3,15.4,12.5,14.8
E04691,Alejandra Alva,Redes de Computadoras,2025-2,63.9,4.3,33.0,3,17.7,19.5,16.3
E04692,Daniela Sánchez,Matemática Discreta,2026-1,54.2,4.5,95.3,4,8.4,5.2,7.5
E04693,Ximena Quispe,Matemática Discreta,2025-2,58.5,11.1,91.3,3,15.7,12.0,11.0
E04694,Daniela Torres,Base de Datos,2025-2,87.1,4.8,80.2,3,15.7,11.7,12.7
E04695,Carlos Ortiz,Redes de Computadoras,2025-2,70.4,6.9,86.0,2,16.4,18.6,12.3
E04696,Ricardo Palomino,Lenguajes de Programación,2026-1,100,5.7,67.3,3,11.6,8.7,12.4
E04697,Alonso Alva,Base de Datos,2025-2,32.6,6.0,75.3,2,14.6,13.8,16.0
E04698,Fabián Herrera,Estructuras de Datos,2026-1,78.4,3.5,69.7,4,14.9,17.7,20
E04699,Adrián Cruz,Redes de Computadoras,2026-1,77.6,3.7,63.2,4,17.2,20,19.4
E04700,Vicente Gutiérrez,Base de Datos,2025-2,78.3,5.3,77.9,3,19.7,20,20
E04701,Joaquín Rojas,Matemática Discreta,2025-2,81.8,7.4,100,2,10.6,7.7,7.5
E04702,Miguel Mamani,Redes de Computadoras,2026-1,39.1,1.1,92.3,5,4.4,0.3,3.3
E04703,Franco Rodríguez,Matemática Discreta,2026-1,89.9,8.1,43.8,3,20,20,20
E04704,Nicolás Delgado,Matemática Discreta,2026-1,52.6,4.1,73.2,3,13.9,13.7,16.2
E04705,Estefanía Vega,Lenguajes de Programación,2026-1,99.1,10.7,75.0,1,20,20,18.3
E04706,Daniela Vega,Base de Datos,2026-1,76.3,7.8,74.7,2,3.6,4.1,6.0
E04707,Vicente Pérez,Base de Datos,2026-1,63.7,8.1,80.9,3,13.1,15.4,16.0
E04708,Adrián Gutiérrez,Matemática Discreta,2026-1,83.2,0,79.8,2,11.8,9.9,13.5
E04709,Natalia Palomino,Estructuras de Datos,2026-1,88.6,2.6,59.2,2,10.4,12.3,8.6
E04710,Mateo Ortiz,Lenguajes de Programación,2025-2,67.6,9.1,52.2,2,7.4,1.9,4.8
E04711,Antonella Salazar,Matemática Discreta,2025-2,57.1,9.0,73.6,3,17.0,12.3,16.9
E04712,Milagros Salazar,Estructuras de Datos,2026-1,77.8,9.1,80.7,2,16.8,18.5,17.1
E04713,Martina Ortiz,Estructuras de Datos,2025-2,82.1,7.8,100,4,7.9,14.1,11.3
E04714,Milagros Ortiz,Matemática Discreta,2025-2,70.7,9.0,49.0,3,14.8,14.4,16.5
E04715,Rodrigo Castillo,Matemática Discreta,2025-2,84.6,5.1,72.3,2,15.9,14.9,15.0
E04716,Joaquín Mamani,Matemática Discreta,2026-1,70.6,7.7,,5,12.8,12.2,7.8
E04717,Manuel Flores,Matemática Discreta,2025-2,73.6,4.6,43.6,2,11.0,12.0,7.5
E04718,Alonso Flores,Estructuras de Datos,2026-1,65.2,5.9,97.2,5,10.7,13.2,7.1
E04719,Nicolás López,Lenguajes de Programación,2026-1,91.0,0,76.2,4,10.5,5.8,2.6
E04720,Jorge Ponce,Redes de Computadoras,2026-1,78.3,7.8,63.3,4,16.9,17.9,15.4
E04721,Ximena Salazar,Redes de Computadoras,2026-1,86.8,6.2,25.9,3,18.1,16.1,14.7
E04722,Sebastián Ortiz,Estructuras de Datos,2026-1,53.7,11.1,48.1,2,20,16.3,19.7
E04723,Ricardo Ortiz,Estructuras de Datos,2026-1,99.0,3.5,80.2,2,13.8,12.1,11.5
E04724,Daniela Aguilar,Base de Datos,2025-2,80.9,5.4,77.2,3,20,20,20
E04725,Paula Rojas,Redes de Computadoras,2026-1,77.8,3.1,71.5,4,18.1,20,16.0
E04726,Adrián Aguilar,Matemática Discreta,2026-1,70.9,4.4,62.9,3,14.4,15.7,12.0
E04727,Renata Delgado,Estructuras de Datos,2025-2,84.7,7.7,65.6,1,12.5,11.0,12.0
E04728,Jorge García,Redes de Computadoras,2025-2,42.8,8.1,65.3,4,20,18.4,16.7
E04729,Alonso Rodríguez,Estructuras de Datos,2026-1,86.8,6.5,54.6,1,18.0,20.0,16.7
E04730,Paula Mamani,Redes de Computadoras,2026-1,90.9,11.2,89.1,3,11.0,10.4,11.0
E04731,Alejandra Salazar,Lenguajes de Programación,2025-2,53.6,8.8,55.3,5,8.0,11.7,11.1
E04732,Natalia Sánchez,Estructuras de Datos,2026-1,47.5,7.3,56.0,4,15.5,10.6,17.5
E04733,Paula Ponce,Redes de Computadoras,2026-1,77.5,5.1,78.9,3,15.6,,13.7
E04734,Rodrigo Cárdenas,Base de Datos,2025-2,42.4,7.1,78.3,4,12.1,13.0,12.0
E04735,Martina García,Matemática Discreta,2026-1,51.5,7.0,69.2,2,10.2,8.3,5.3
E04736,Jorge Quispe,Lenguajes de Programación,2026-1,84.9,5.2,62.1,4,13.7,9.9,12.8
E04737,Zoe Vargas,Matemática Discreta,2026-1,34.5,3.2,93.1,5,,19.1,17.6
E04738,Alonso Vargas,Matemática Discreta,2026-1,78.0,4.5,72.8,3,13.9,10.7,17.3
E04739,Sofía Rivas,Base de Datos,2026-1,68.2,2.6,80.7,5,9.4,11.5,8.4
E04740,Tomás Ponce,Estructuras de Datos,2026-1,88.6,5.9,95.7,1,7.4,6.5,7.4
E04741,Joaquín Salazar,Lenguajes de Programación,2026-1,77.7,6.5,52.0,4,12.4,15.7,15.0
E04742,Antonella Reyes,Estructuras de Datos,2025-2,42.4,10.3,,1,13.8,19.9,16.2
E04743,Ximena Espinoza,Lenguajes de Programación,2025-2,82.7,10.2,75.6,3,10.4,7.3,9.0
E04744,Emilia Cabrera,Matemática Discreta,2026-1,86.8,9.0,78.0,2,13.5,19.0,13.9
E04745,Rodrigo Zapata,Lenguajes de Programación,2025-2,30.7,2.6,45.0,2,16.5,8.2,16.2
E04746,Lucía Cárdenas,Estructuras de Datos,2026-1,100,10.5,71.4,1,10.1,10.1,8.9
E04747,Emilia Zapata,Redes de Computadoras,2026-1,54.7,2.2,80.9,4,10.6,14.0,13.6
E04748,Alonso Sánchez,Base de Datos,2025-2,,1.5,100,4,18.6,15.6,17.1
E04749,Alejandra López,Estructuras de Datos,2025-2,85.3,7.7,89.9,2,12.1,16.5,14.8
E04750,Rodrigo Herrera,Base de Datos,2025-2,88.1,6.3,86.9,4,13.9,7.1,8.5
E04751,Luis Paredes,Lenguajes de Programación,2026-1,100,6.7,73.5,3,4.2,9.4,6.0
E04752,Miguel Cabrera,Redes de Computadoras,2025-2,53.6,2.6,81.2,3,15.0,13.5,13.4
E04753,Natalia Aguilar,Base de Datos,2026-1,80.7,0.1,76.7,1,15.8,11.6,16.5
E04754,Andrés Alva,Base de Datos,2025-2,78.7,4.7,45.8,5,17.3,12.5,16.6
E04755,Martina Vega,Estructuras de Datos,2026-1,94.5,9.6,89.7,4,11.2,6.8,14.1
E04756,Emilio Soto,Lenguajes de Programación,2026-1,74.1,9.6,,4,8.3,9.2,8.4
E04757,Sebastián Ponce,Lenguajes de Programación,2026-1,83.3,2.7,76.7,3,8.4,12.7,11.7
E04758,Alonso Salazar,Estructuras de Datos,2025-2,75.0,8.3,100,3,15.9,12.2,14.9
E04759,Fernanda Soto,Estructuras de Datos,2026-1,63.3,3.7,46.1,4,11.0,9.2,10.8
E04760,Zoe Castillo,Lenguajes de Programación,2025-2,72.6,11.4,54.7,3,14.9,13.3,11.7
E04761,Ximena Quispe,Estructuras de Datos,2026-1,60.1,4.1,57.8,5,16.0,16.2,13.6
E04762,Adrián Ortiz,Base de Datos,2025-2,93.2,10.3,73.0,5,13.3,15.7,10.3
E04763,Rosa Alva,Matemática Discreta,2026-1,75.7,0.9,71.5,3,9.0,5.5,6.1
E04764,Adrián López,Matemática Discreta,2026-1,85.9,5.5,76.9,4,11.1,9.5,9.5
E04765,Renata López,Base de Datos,2025-2,96.6,5.9,78.0,3,6.4,14.0,9.1
E04766,Jorge Pérez,Base de Datos,2025-2,87.7,4.8,74.8,3,18.1,19.4,19.7
E04767,Daniela Mendoza,Matemática Discreta,2026-1,64.4,4.0,63.1,2,11.1,5.1,11.6
E04768,Vicente Ramírez,Estructuras de Datos,2026-1,100,6.3,91.3,2,7.5,13.6,13.1
E04769,Ricardo López,Lenguajes de Programación,2026-1,89.1,8.3,62.6,4,10.3,7.8,8.2
E04770,Miguel Rivas,Matemática Discreta,2026-1,100,7.1,63.3,4,20,18.5,17.7
E04771,Jorge Cruz,Estructuras de Datos,2026-1,49.1,0.4,34.0,3,11.4,12.7,11.4
E04772,Paula Rodríguez,Matemática Discreta,2025-2,23.2,1.6,81.9,3,9.6,9.5,14.0
E04773,Ricardo Medina,Redes de Computadoras,2026-1,81.2,7.7,84.3,1,5.6,8.2,6.4
E04774,Fabián Espinoza,Matemática Discreta,2026-1,54.0,0.6,70.7,2,10.6,9.1,9.8
E04775,Julio Zapata,Lenguajes de Programación,2025-2,73.0,11.1,90.3,3,19.8,16.9,14.9
E04776,Renata Reyes,Redes de Computadoras,2026-1,81.3,3.2,40.8,2,5.4,4.5,11.7
E04777,Franco Ramírez,Matemática Discreta,2026-1,59.6,0,64.3,2,10.8,11.8,10.9
E04778,Alonso Quispe,Matemática Discreta,2026-1,96.3,7.6,98.2,4,16.7,15.6,16.2
E04779,Natalia Ortiz,Redes de Computadoras,2026-1,36.0,3.9,85.0,2,12.5,9.7,10.4
E04780,Renata Mamani,Matemática Discreta,2026-1,57.0,0.1,70.9,4,20,15.3,15.3
E04781,Joaquín Espinoza,Redes de Computadoras,2025-2,47.8,6.0,56.1,3,11.3,15.0,9.7
E04782,Lucía Vargas,Estructuras de Datos,2025-2,60.9,6.8,68.5,1,10.8,,7.2
E04783,Sebastián Palomino,Lenguajes de Programación,2026-1,91.8,7.7,95.9,2,10.0,11.7,7.3
E04784,Martina Alva,Lenguajes de Programación,2026-1,99.6,2.7,69.0,2,12.6,12.1,12.1
E04785,Bruno Huamán,Base de Datos,2026-1,38.6,10.8,84.6,2,15.4,17.3,16.6
E04786,Franco Espinoza,Redes de Computadoras,2025-2,94.7,8.3,67.5,3,10.2,14.2,10.6
E04787,Emilia Ponce,Redes de Computadoras,2026-1,87.6,7.6,100,3,5.8,8.3,7.7
E04788,Zoe Vega,Estructuras de Datos,2025-2,45.1,5.5,66.1,2,20,18.5,17.8
E04789,Estefanía Alva,Matemática Discreta,2025-2,56.2,2.3,84.1,4,3.6,10.9,9.7
E04790,Gabriela Cruz,Estructuras de Datos,2026-1,66.9,4.4,70.5,2,16.0,14.0,17.0
E04791,Ana Palomino,Base de Datos,2026-1,58.0,9.2,100,3,3.2,1.8,0
E04792,Franco Delgado,Base de Datos,2025-2,68.5,11.3,95.8,3,9.2,6.6,7.6
E04793,Franco Cruz,Base de Datos,2025-2,68.3,6.2,76.5,4,15.9,12.1,14.9
E04794,Paula Sánchez,Matemática Discreta,2025-2,63.4,7.5,66.0,2,19.4,20,20
E04795,Milagros Huamán,Lenguajes de Programación,2026-1,64.3,6.2,80.3,3,20.0,17.7,16.6
E04796,Vicente Mamani,Lenguajes de Programación,2025-2,89.0,4.1,77.4,1,9.6,15.1,14.6
E04797,Paula Pérez,Redes de Computadoras,2025-2,82.7,14.0,79.1,3,12.8,7.3,13.3
E04798,Joaquín Zapata,Base de Datos,2026-1,35.2,7.6,42.7,2,10.8,13.2,11.6
E04799,Franco Reyes,Estructuras de Datos,2026-1,85.3,1.6,92.5,3,11.8,14.2,10.4
E04800,Sofía Ramírez,Matemática Discreta,2025-2,94.3,10.1,45.6,4,2.0,0.5,4.1
E04801,Emilia Ramírez,Base de Datos,2026-1,70.8,6.2,75.1,2,16.0,11.1,14.7
E04802,Sebastián Gutiérrez,Lenguajes de Programación,2025-2,64.9,4.3,54.6,4,8.7,10.9,12.5
E04803,Andrés Rojas,Matemática Discreta,2026-1,56.7,8.8,72.8,4,8.0,12.6,13.9
E04804,Sebastián López,Estructuras de Datos,2025-2,86.8,4.6,38.7,1,17.3,9.1,10.0
E04805,Sofía Ortiz,Lenguajes de Programación,2026-1,97.4,6.5,42.7,4,10.6,13.5,15.1
E04806,Natalia Vega,Base de Datos,2025-2,85.4,7.6,94.5,1,16.3,9.9,14.1
E04807,Fernanda Cruz,Estructuras de Datos,2025-2,82.2,0,73.8,3,12.2,10.8,11.6
E04808,Adrián Paredes,Redes de Computadoras,2025-2,65.2,7.3,42.3,2,7.9,11.9,8.2
E04809,Emilia Soto,Redes de Computadoras,2026-1,73.2,3.7,55.3,3,13.6,15.9,10.3
E04810,Antonella Gutiérrez,Base de Datos,2026-1,58.6,5.5,80.2,3,9.1,7.4,11.3
E04811,Isabela Chávez,Matemática Discreta,2026-1,77.1,1.5,100.0,3,18.6,16.6,14.4
E04812,Renata Espinoza,Redes de Computadoras,2025-2,72.5,13.5,44.1,2,12.2,19.5,8.8
E04813,Bruno Torres,Base de Datos,2025-2,78.0,4.6,72.9,4,20,18.3,20
E04814,Rodrigo Cruz,Base de Datos,2026-1,48.6,7.6,100,4,12.6,12.6,10.3
E04815,Julio Medina,Matemática Discreta,2025-2,81.4,4.2,100,3,19.2,19.7,20
E04816,Joaquín Vargas,Redes de Computadoras,2025-2,53.0,8.9,73.4,4,12.4,14.0,11.5
E04817,Ximena Aguilar,Lenguajes de Programación,2026-1,63.8,2.7,51.8,2,18.6,17.0,17.4
E04818,Milagros Aguilar,Base de Datos,2026-1,62.4,0.9,95.9,1,16.9,15.7,15.2
E04819,Estefanía Soto,Base de Datos,2026-1,91.1,11.5,85.0,1,16.1,16.1,17.0
E04820,Bruno Flores,Estructuras de Datos,2026-1,73.2,8.1,56.2,4,12.0,13.8,9.8
E04821,Valentina Cárdenas,Matemática Discreta,2025-2,53.6,7.7,100,3,18.0,16.7,18.9
E04822,Valeria Mamani,Estructuras de Datos,2025-2,53.3,6.4,80.6,3,16.5,17.4,20
E04823,Alonso Mendoza,Matemática Discreta,2025-2,78.8,6.9,100,2,3.0,4.5,8.8
E04824,Sebastián Flores,Estructuras de Datos,2026-1,75.7,1.2,76.4,4,15.9,20,19.1
E04825,Miguel Huamán,Redes de Computadoras,2026-1,94.8,8.9,98.4,3,13.5,19.6,15.7
E04826,Sebastián Aguilar,Matemática Discreta,2025-2,85.7,14.9,57.3,4,16.1,15.1,13.7
E04827,Ricardo Ponce,Redes de Computadoras,2026-1,58.7,11.0,48.1,4,14.1,11.4,16.2
E04828,Sebastián Herrera,Redes de Computadoras,2025-2,76.0,9.4,90.7,4,5.9,8.3,4.9
E04829,Nicolás Rojas,Estructuras de Datos,2025-2,52.1,10.7,59.5,4,6.5,9.5,5.4
E04830,Luis Pérez,Redes de Computadoras,2026-1,70.3,7.3,100,4,15.1,13.1,15.1
E04831,Luis Vega,Estructuras de Datos,2025-2,66.2,13.7,51.1,4,11.9,9.2,9.4
E04832,Natalia Espinoza,Redes de Computadoras,2026-1,54.6,3.9,77.1,3,8.4,4.6,4.5
E04833,Emilia Ponce,Base de Datos,2025-2,80.6,6.8,22.2,3,12.9,10.7,15.7
E04834,Nicolás Flores,Lenguajes de Programación,2026-1,74.5,10.7,67.9,3,15.6,10.4,13.2
E04835,Fernanda Medina,Redes de Computadoras,2026-1,55.1,5.7,58.0,3,20,20,20
E04836,Daniela Quispe,Matemática Discreta,2025-2,96.5,6.1,53.1,1,10.0,12.6,9.0
E04837,Adrián López,Matemática Discreta,2025-2,82.3,2.6,100,2,12.9,12.4,6.2
E04838,Gabriela Rojas,Redes de Computadoras,2025-2,69.3,5.8,63.5,2,15.2,14.6,13.7
E04839,Joaquín Mendoza,Base de Datos,2026-1,67.4,3.7,62.4,2,9.6,5.4,6.3
E04840,Gabriela Salazar,Base de Datos,2025-2,68.9,5.6,69.8,4,6.6,5.3,7.9
E04841,Renata Reyes,Lenguajes de Programación,2026-1,52.9,9.2,88.9,5,12.4,8.1,13.1
E04842,Martina Castillo,Lenguajes de Programación,2026-1,61.8,15.0,81.0,3,16.1,16.3,11.9
E04843,Gabriela Cruz,Matemática Discreta,2026-1,62.0,8.3,62.7,3,9.5,13.2,12.0
E04844,Valentina Delgado,Redes de Computadoras,2025-2,65.1,7.4,84.6,3,13.0,13.7,12.6
E04845,Martina Pérez,Lenguajes de Programación,2026-1,,8.7,80.3,3,9.3,6.3,13.2
E04846,Natalia Rivas,Lenguajes de Programación,2025-2,70.1,10.9,99.1,3,13.8,12.8,14.1
E04847,Camila Reyes,Base de Datos,2025-2,100,7.6,79.7,3,12.6,9.5,11.5
E04848,Milagros Quispe,Lenguajes de Programación,2026-1,83.8,11.3,63.4,3,20,20,20
E04849,Sebastián Flores,Base de Datos,2025-2,68.2,10.0,81.5,4,4.6,10.7,3.1
E04850,Joaquín Ramírez,Base de Datos,2025-2,77.7,11.6,78.7,3,8.8,12.7,13.3
E04851,Daniela Ortiz,Estructuras de Datos,2025-2,73.2,11.1,84.7,2,16.5,16.9,13.3
E04852,Daniela Ortiz,Base de Datos,2025-2,74.0,9.9,75.4,3,11.3,16.6,15.6
E04853,Vicente Cruz,Estructuras de Datos,2026-1,61.0,4.4,90.6,3,5.8,8.8,6.4
E04854,Antonella Mamani,Base de Datos,2025-2,80.4,2.2,71.0,4,7.9,10.8,5.7
E04855,Renata Vega,Matemática Discreta,2025-2,61.2,6.7,69.9,2,14.9,11.6,11.3
E04856,Ximena Quispe,Lenguajes de Programación,2026-1,58.3,5.3,93.0,3,16.0,14.9,19.9
E04857,Diego Quispe,Lenguajes de Programación,2025-2,56.0,7.2,100,5,14.9,10.7,15.0
E04858,Julio Delgado,Lenguajes de Programación,2025-2,87.8,1.5,59.2,4,13.8,,11.7
E04859,Adrián Gutiérrez,Matemática Discreta,2026-1,97.0,2.9,74.3,4,8.9,11.7,8.1
E04860,Ricardo López,Lenguajes de Programación,2025-2,60.6,6.4,40.7,4,10.7,9.6,8.4
E04861,Franco Quispe,Base de Datos,2025-2,100,10.0,57.7,3,9.4,14.1,13.1
E04862,Zoe Huamán,Estructuras de Datos,2025-2,94.4,2.8,68.3,1,9.0,11.6,14.8
E04863,Emilio Palomino,Matemática Discreta,2026-1,41.2,11.8,63.2,4,17.5,15.0,18.7
E04864,Ricardo Rojas,Matemática Discreta,2026-1,81.4,8.7,88.1,4,,18.6,10.2
E04865,Sebastián Alva,Lenguajes de Programación,2025-2,26.9,10.1,94.7,4,18.9,15.3,11.7
E04866,Daniela Salazar,Lenguajes de Programación,2025-2,52.7,10.7,100,4,17.2,10.8,11.2
E04867,Daniela Gutiérrez,Lenguajes de Programación,2025-2,70.0,5.5,79.6,4,11.9,11.3,13.7
E04868,Vicente Quispe,Base de Datos,2026-1,60.7,2.9,92.3,2,,9.6,13.6
E04869,Joaquín Mamani,Lenguajes de Programación,2026-1,52.4,12.6,79.0,4,9.2,13.2,15.7
E04870,Luis Vega,Redes de Computadoras,2026-1,100,0.1,83.4,5,9.2,7.0,6.1
E04871,Natalia Cárdenas,Redes de Computadoras,2025-2,59.0,12.3,78.1,5,15.8,10.9,13.4
E04872,Sebastián Quispe,Estructuras de Datos,2025-2,82.9,8.4,43.1,1,20,19.6,11.9
E04873,Iván Ortiz,Lenguajes de Programación,2025-2,84.9,6.5,47.9,1,17.7,17.9,16.0
E04874,Fabián López,Estructuras de Datos,2025-2,83.2,12.3,49.8,4,20,18.8,14.1
E04875,Manuel Herrera,Matemática Discreta,2025-2,44.0,1.3,74.6,2,11.6,12.7,11.4
E04876,Zoe Quispe,Base de Datos,2026-1,76.7,7.8,50.1,3,6.8,14.2,3.9
E04877,Manuel Flores,Estructuras de Datos,2025-2,88.8,10.5,65.7,4,16.7,15.1,12.8
E04878,Gabriela Medina,Matemática Discreta,2026-1,87.1,5.9,69.6,3,17.4,16.0,20.0
E04879,Carlos Espinoza,Redes de Computadoras,2026-1,54.9,3.0,66.7,4,2.4,5.9,6.5
E04880,Antonella Castillo,Matemática Discreta,2025-2,54.9,4.8,72.8,3,,15.8,14.6
E04881,Nicolás Aguilar,Redes de Computadoras,2025-2,85.2,7.8,83.3,4,13.0,20,17.3
E04882,Ximena Ramírez,Redes de Computadoras,2025-2,53.2,8.2,98.9,4,8.7,5.0,14.5
E04883,Iván Medina,Base de Datos,2025-2,83.4,5.9,27.2,3,13.2,8.8,9.8
E04884,Sofía Herrera,Lenguajes de Programación,2025-2,77.2,7.2,62.0,3,13.6,14.3,14.1
E04885,Alonso Cabrera,Matemática Discreta,2025-2,92.7,7.2,67.6,2,18.1,17.5,9.2
E04886,Sofía Flores,Redes de Computadoras,2026-1,56.3,5.0,84.4,3,10.2,5.3,5.7
E04887,Valentina Chávez,Redes de Computadoras,2026-1,91.1,5.5,90.1,2,16.5,20,16.7
E04888,Lucía Torres,Redes de Computadoras,2025-2,58.0,6.7,46.3,2,16.4,16.8,15.9
E04889,Gabriela Palomino,Base de Datos,2026-1,45.3,6.7,91.9,1,19.1,14.8,12.7
E04890,Martina Salazar,Lenguajes de Programación,2026-1,66.9,5.5,67.3,1,13.6,12.7,13.3
E04891,Tomás López,Lenguajes de Programación,2026-1,49.9,7.3,79.9,4,16.9,18.8,17.2
E04892,Alejandra Delgado,Base de Datos,2025-2,92.4,5.3,67.3,3,16.8,16.1,15.6
E04893,Vicente Huamán,Estructuras de Datos,2025-2,89.2,0,88.8,4,20,20,17.1
E04894,Alejandra Flores,Redes de Computadoras,2026-1,84.0,8.0,53.0,3,7.7,6.7,10.1
E04895,Julio Gutiérrez,Estructuras de Datos,2026-1,91.4,10.6,65.2,1,17.2,17.1,12.7
E04896,Ricardo Medina,Base de Datos,2026-1,51.5,13.5,81.3,3,14.3,10.4,13.4
E04897,Emilio Flores,Matemática Discreta,2025-2,75.0,8.5,63.7,1,13.0,12.4,12.1
E04898,Ricardo Salazar,Base de Datos,2025-2,90.5,4.0,90.1,2,9.1,11.7,9.3
E04899,María Sánchez,Redes de Computadoras,2026-1,,0,76.2,3,19.1,16.2,17.8
E04900,Rosa Vega,Redes de Computadoras,2026-1,72.2,0.5,98.1,5,11.2,17.6,11.7
E04901,Lucía Mamani,Estructuras de Datos,2025-2,63.8,5.3,64.4,2,4.9,7.5,10.2
E04902,Franco Torres,Redes de Computadoras,2025-2,62.0,9.6,78.0,4,13.2,11.7,16.1
E04903,Daniela Paredes,Estructuras de Datos,2025-2,74.9,9.6,73.6,1,9.2,11.7,10.6
E04904,Natalia Reyes,Base de Datos,2025-2,50.4,0.4,47.7,4,14.7,13.1,14.3
E04905,Julio Ponce,Redes de Computadoras,2025-2,67.9,1.5,71.6,5,12.6,13.8,16.1
E04906,Emilia Pérez,Matemática Discreta,2026-1,51.8,6.2,54.2,2,19.1,15.1,17.1
E04907,Miguel Rivas,Redes de Computadoras,2026-1,81.7,0,60.1,1,6.5,7.0,2.6
E04908,Tomás Ramírez,Estructuras de Datos,2026-1,59.9,7.6,85.6,3,14.9,11.4,14.0
E04909,Rodrigo Soto,Redes de Computadoras,2025-2,43.5,10.6,66.2,1,7.7,8.3,7.6
E04910,Paula Reyes,Redes de Computadoras,2025-2,98.2,7.5,83.0,3,19.6,12.2,14.9
E04911,Manuel Palomino,Matemática Discreta,2025-2,86.4,9.3,76.2,3,12.0,11.0,12.8
E04912,Joaquín Rodríguez,Lenguajes de Programación,2026-1,93.7,5.5,77.5,5,8.3,10.4,15.0
E04913,Camila Delgado,Estructuras de Datos,2025-2,71.6,5.9,48.2,3,9.5,9.3,8.0
E04914,Vicente López,Matemática Discreta,2025-2,86.0,6.0,91.2,2,6.7,8.2,9.6
E04915,Ricardo Salazar,Matemática Discreta,2025-2,55.8,8.2,63.1,4,20,17.9,17.2
E04916,Camila Ponce,Lenguajes de Programación,2026-1,100,6.7,43.3,2,17.0,12.7,17.4
E04917,Zoe Delgado,Redes de Computadoras,2025-2,71.9,7.2,89.4,3,6.1,10.1,13.5
E04918,Jorge Ortiz,Base de Datos,2025-2,81.0,9.6,91.2,4,12.2,14.7,16.4
E04919,Tomás Cruz,Redes de Computadoras,2026-1,51.2,9.2,81.9,3,11.3,12.4,10.0
E04920,Zoe Cruz,Base de Datos,2026-1,59.7,6.8,75.2,2,11.9,16.2,19.3
E04921,Milagros Salazar,Lenguajes de Programación,2026-1,29.0,5.3,45.7,3,15.0,14.3,15.4
E04922,Estefanía Cabrera,Base de Datos,2025-2,58.0,7.8,62.0,2,14.7,20,18.4
E04923,Fabián Ponce,Lenguajes de Programación,2026-1,81.5,8.5,94.4,5,14.5,13.4,13.1
E04924,Andrés Alva,Base de Datos,2026-1,61.2,9.3,100,3,6.1,1.7,7.6
E04925,Renata Vega,Base de Datos,2025-2,73.4,7.3,71.4,2,12.6,13.5,13.8
E04926,Alejandra Rivas,Lenguajes de Programación,2025-2,85.7,0.5,86.5,2,14.2,9.7,17.4
E04927,Ana Torres,Matemática Discreta,2026-1,90.2,1.6,80.1,4,9.9,11.0,7.9
E04928,Fabián López,Redes de Computadoras,2026-1,100,5.7,63.6,2,13.9,17.6,12.5
E04929,Valentina Torres,Matemática Discreta,2026-1,57.2,4.3,89.8,2,13.3,7.0,9.1
E04930,Ana Aguilar,Lenguajes de Programación,2026-1,66.6,8.0,81.1,3,8.1,11.4,6.1
E04931,Zoe Ortiz,Matemática Discreta,2025-2,34.0,7.7,59.9,3,17.9,20,15.2
E04932,Renata Espinoza,Estructuras de Datos,2026-1,90.1,3.5,24.7,4,13.0,9.3,8.3
E04933,Estefanía Delgado,Matemática Discreta,2025-2,59.1,11.1,71.3,5,9.3,10.8,7.6
E04934,Vicente Cárdenas,Base de Datos,2025-2,52.4,0.4,57.2,3,8.1,8.3,16.0
E04935,Mateo Pérez,Lenguajes de Programación,2025-2,69.9,11.4,75.0,3,9.5,12.6,16.1
E04936,Nicolás Pérez,Lenguajes de Programación,2026-1,68.2,10.9,73.9,2,16.2,15.0,15.5
E04937,Sofía Zapata,Redes de Computadoras,2025-2,68.9,11.3,82.1,4,14.1,16.5,16.1
E04938,Adrián Huamán,Matemática Discreta,2026-1,76.0,7.0,78.5,4,14.2,14.9,11.9
E04939,Rodrigo Quispe,Estructuras de Datos,2025-2,55.7,9.5,94.6,2,14.5,14.6,20
E04940,Milagros Rivas,Base de Datos,2025-2,63.2,11.4,77.4,2,14.4,10.9,14.9
E04941,Vicente Alva,Estructuras de Datos,2026-1,28.9,1.1,80.7,3,12.5,10.8,10.7
E04942,Andrés Flores,Estructuras de Datos,2026-1,100,8.4,94.4,3,10.0,11.1,7.6
E04943,Renata Chávez,Base de Datos,2025-2,57.6,3.6,73.5,3,6.4,10.1,9.2
E04944,Rodrigo Salazar,Redes de Computadoras,2025-2,36.3,4.4,88.7,3,12.1,7.9,12.4
E04945,Isabela Zapata,Matemática Discreta,2025-2,88.7,9.2,,3,14.7,19.7,18.3
E04946,Alejandra Vega,Base de Datos,2026-1,79.9,5.8,84.9,4,13.8,13.7,17.8
E04947,Carlos Ponce,Matemática Discreta,2025-2,58.5,5.2,71.6,3,11.1,14.6,14.2
E04948,Mateo Quispe,Lenguajes de Programación,2026-1,68.2,6.6,54.0,2,11.1,5.2,8.6
E04949,Valeria Delgado,Base de Datos,2026-1,,3.2,89.6,3,7.5,11.4,12.5
E04950,Gabriela Palomino,Matemática Discreta,2025-2,77.6,2.2,88.8,3,13.5,19.9,13.8
E04951,Vicente Ponce,Matemática Discreta,2025-2,99.3,7.4,95.9,5,7.1,13.1,14.2
E04952,Emilia Flores,Estructuras de Datos,2025-2,82.2,3.2,64.0,5,16.4,15.5,16.1
E04953,Gabriela Alva,Estructuras de Datos,2026-1,76.7,0,55.4,2,6.3,3.3,7.7
E04954,María Rojas,Base de Datos,2025-2,17.9,6.3,61.5,5,16.5,11.1,10.1
E04955,Ricardo Sánchez,Redes de Computadoras,2026-1,75.9,7.8,57.7,3,18.2,,18.2
E04956,Emilio Herrera,Lenguajes de Programación,2025-2,78.6,5.2,100,2,16.9,15.5,17.7
E04957,Natalia Mendoza,Redes de Computadoras,2025-2,100,0.8,77.2,4,7.4,8.8,12.2
E04958,Zoe Aguilar,Base de Datos,2025-2,97.8,7.3,64.4,5,10.5,12.5,13.1
E04959,Renata Ponce,Base de Datos,2026-1,44.2,5.2,100,3,4.4,8.8,7.6
E04960,Zoe Medina,Base de Datos,2026-1,83.9,2.9,73.6,2,9.0,8.8,4.3
E04961,Camila Sánchez,Base de Datos,2026-1,68.0,7.5,61.7,3,11.0,14.2,10.4
E04962,Manuel Sánchez,Redes de Computadoras,2026-1,65.6,7.9,67.5,5,9.9,16.3,15.6
E04963,Andrés Espinoza,Matemática Discreta,2026-1,85.1,4.2,66.0,1,18.3,19.1,17.1
E04964,Joaquín Reyes,Lenguajes de Programación,2025-2,,9.7,49.5,1,6.4,11.7,8.4
E04965,María Mendoza,Redes de Computadoras,2026-1,41.6,0,67.9,2,17.7,13.3,9.7
E04966,Estefanía Herrera,Lenguajes de Programación,2026-1,68.4,7.2,67.2,5,11.0,10.0,12.8
E04967,Diego Flores,Lenguajes de Programación,2026-1,75.5,4.8,68.1,4,10.9,14.8,14.3
E04968,Gabriela Paredes,Matemática Discreta,2026-1,77.4,0,80.9,4,19.6,20,20
E04969,Ricardo Castillo,Matemática Discreta,2025-2,67.4,6.8,58.7,1,13.7,9.9,7.1
E04970,Daniela Torres,Base de Datos,2025-2,84.4,1.0,70.6,2,6.9,7.8,6.7
E04971,Adrián Flores,Lenguajes de Programación,2025-2,49.6,5.9,45.0,3,6.2,6.1,10.4
E04972,Valeria Vega,Redes de Computadoras,2025-2,68.0,4.5,88.1,2,13.3,15.5,10.2
E04973,Milagros Espinoza,Matemática Discreta,2025-2,81.1,3.5,95.2,2,17.3,15.0,19.3
E04974,Julio Aguilar,Lenguajes de Programación,2025-2,66.5,10.6,100,3,20,16.9,20
E04975,Franco Zapata,Matemática Discreta,2025-2,86.0,2.3,79.7,5,18.0,13.5,17.7
E04976,Isabela Paredes,Estructuras de Datos,2025-2,70.6,7.0,78.6,5,4.4,11.0,8.7
E04977,Antonella Ponce,Redes de Computadoras,2025-2,87.7,3.7,88.8,3,9.0,11.1,11.2
E04978,Zoe Delgado,Base de Datos,2025-2,72.0,7.8,91.7,2,12.4,12.2,17.3
E04979,Carlos Castillo,Redes de Computadoras,2026-1,82.8,7.7,72.1,3,14.4,14.7,12.5
E04980,Paula Delgado,Redes de Computadoras,2026-1,80.4,3.2,41.3,4,4.1,9.7,9.1
E04981,Rosa Medina,Base de Datos,2026-1,69.6,0,67.3,2,12.8,13.5,13.2
E04982,Rosa Paredes,Redes de Computadoras,2026-1,71.9,6.4,68.4,3,,14.6,14.8
E04983,Fernanda Zapata,Matemática Discreta,2026-1,87.4,14.7,51.7,4,18.4,15.8,16.6
E04984,Rosa Espinoza,Lenguajes de Programación,2025-2,77.5,3.2,75.5,3,8.7,11.0,14.6
E04985,Andrés Ponce,Lenguajes de Programación,2026-1,74.8,0.5,74.0,3,17.2,9.3,17.7
E04986,Manuel Pérez,Base de Datos,2025-2,72.1,3.7,79.3,2,15.7,15.9,17.2
E04987,Joaquín Herrera,Matemática Discreta,2026-1,87.0,1.6,48.1,4,14.2,18.8,16.0
E04988,Estefanía García,Matemática Discreta,2025-2,44.2,11.4,67.5,2,14.8,17.2,15.1
E04989,Carlos Ponce,Lenguajes de Programación,2025-2,56.7,12.3,72.8,4,9.1,8.0,11.5
E04990,Adrián Vargas,Lenguajes de Programación,2025-2,58.3,3.4,73.9,1,12.9,13.4,14.3
E04991,Rosa Palomino,Matemática Discreta,2025-2,61.4,3.6,86.8,1,11.5,10.5,9.3
E04992,Franco Rojas,Matemática Discreta,2025-2,72.9,6.5,72.4,2,17.0,17.7,20
E04993,Ximena Delgado,Base de Datos,2026-1,48.5,10.1,47.7,5,13.2,13.9,14.4
E04994,Antonella Mendoza,Lenguajes de Programación,2025-2,83.4,0,62.8,3,13.4,18.4,17.2
E04995,Emilia Salazar,Redes de Computadoras,2025-2,53.2,6.2,70.2,5,17.3,11.2,11.7
E04996,Bruno Aguilar,Matemática Discreta,2026-1,36.9,14.8,71.5,3,20,17.6,20
E04997,Estefanía Torres,Lenguajes de Programación,2026-1,75.3,3.8,95.8,4,20,19.5,20
E04998,Julio Cárdenas,Lenguajes de Programación,2026-1,85.4,8.4,99.7,2,11.4,8.8,11.8
E04999,Jorge Huamán,Redes de Computadoras,2025-2,64.1,2.1,72.6,2,18.6,16.4,20
E05000,Jorge Soto,Estructuras de Datos,2026-1,67.5,5.2,63.9,2,8.1,4.2,8.2
E05001,Natalia Mamani,Lenguajes de Programación,2025-2,88.3,0,68.7,2,4.6,10.4,7.1
E05002,Renata Rivas,Lenguajes de Programación,2026-1,81.0,8.7,74.0,3,14.9,17.3,17.6
E05003,Emilio Cabrera,Base de Datos,2025-2,68.5,8.2,59.3,3,19.4,17.3,19.6
E05004,Emilia García,Redes de Computadoras,2025-2,83.6,2.1,95.9,3,17.1,20,18.1
E05005,Adrián Vargas,Matemática Discreta,2025-2,88.8,3.9,73.1,3,12.6,18.5,15.3
E05006,Andrés Vega,Matemática Discreta,2025-2,59.8,5.3,83.7,4,10.4,6.9,10.1
E05007,Fernanda Torres,Lenguajes de Programación,2025-2,62.3,9.3,57.5,3,11.0,12.0,12.7
E05008,Martina Cruz,Redes de Computadoras,2025-2,80.3,5.5,,2,10.0,10.1,7.5
E05009,Alonso Ramírez,Matemática Discreta,2025-2,89.2,0.7,71.1,4,4.8,4.8,6.6
E05010,Martina Paredes,Estructuras de Datos,2026-1,71.2,4.5,82.5,4,10.6,13.7,15.1
E05011,Milagros Ortiz,Matemática Discreta,2026-1,47.7,3.4,68.8,2,14.8,17.4,20
E05012,Emilio Ramírez,Estructuras de Datos,2025-2,73.2,6.7,95.0,3,11.3,13.3,6.7
E05013,Rodrigo Cabrera,Estructuras de Datos,2025-2,85.1,5.0,65.5,4,17.7,15.8,16.4
E05014,Milagros Chávez,Estructuras de Datos,2026-1,78.4,13.1,55.5,2,10.4,9.5,7.2
E05015,Julio Espinoza,Redes de Computadoras,2026-1,56.2,4.1,86.4,2,4.4,4.7,1.8
E05016,Isabela Medina,Lenguajes de Programación,2026-1,85.5,7.5,72.0,3,17.5,16.7,17.0
E05017,Adrián Rojas,Matemática Discreta,2025-2,71.4,7.8,65.6,2,5.7,11.3,10.8
E05018,Ximena Reyes,Base de Datos,2026-1,58.5,4.6,71.0,2,15.7,17.9,15.6
E05019,Jorge Chávez,Matemática Discreta,2025-2,61.4,3.6,89.9,4,10.3,13.9,5.4
E05020,Isabela Castillo,Redes de Computadoras,2026-1,34.0,2.3,75.4,4,17.5,15.8,12.8
E05021,Natalia Vargas,Estructuras de Datos,2026-1,52.3,6.2,80.8,3,8.5,15.0,9.9
E05022,Miguel Chávez,Estructuras de Datos,2025-2,59.6,12.3,70.4,3,13.6,14.2,17.1
E05023,Miguel Delgado,Lenguajes de Programación,2025-2,75.3,8.3,56.9,2,11.3,12.4,14.1
E05024,Joaquín Soto,Lenguajes de Programación,2025-2,56.0,5.0,37.8,4,13.2,12.2,13.6
E05025,Martina Delgado,Matemática Discreta,2025-2,62.1,1.5,44.0,4,11.4,16.9,12.9
E05026,Nicolás Palomino,Lenguajes de Programación,2026-1,100,0.4,100,3,20,20,20
E05027,Vicente Espinoza,Redes de Computadoras,2025-2,86.6,7.3,62.3,2,7.6,10.4,4.2
E05028,Jorge Vargas,Matemática Discreta,2025-2,90.3,5.7,47.3,5,15.6,11.6,19.5
E05029,Camila Cruz,Lenguajes de Programación,2026-1,62.8,2.6,94.4,3,7.6,14.2,13.7
E05030,Fabián Salazar,Lenguajes de Programación,2025-2,93.7,10.4,99.3,4,15.5,13.7,14.7
E05031,Rosa Mendoza,Base de Datos,2025-2,56.1,7.8,42.6,3,14.5,9.2,9.9
E05032,Andrés Cruz,Base de Datos,2025-2,79.6,4.1,89.1,3,18.6,10.0,16.9
E05033,Mateo Delgado,Estructuras de Datos,2025-2,74.5,4.3,86.7,2,16.9,17.7,16.5
E05034,Ricardo Espinoza,Estructuras de Datos,2026-1,70.1,8.4,65.9,3,16.7,20,17.8
E05035,Camila Mamani,Estructuras de Datos,2026-1,86.4,7.0,87.0,3,11.7,11.2,11.3
E05036,Daniela Castillo,Matemática Discreta,2025-2,79.3,7.6,79.0,3,18.9,10.9,15.6
E05037,Ana Cárdenas,Estructuras de Datos,2025-2,63.6,1.7,100,4,17.5,15.5,19.8
E05038,Rosa Vargas,Lenguajes de Programación,2025-2,66.9,8.7,85.4,1,8.1,11.1,10.0
E05039,Diego Palomino,Estructuras de Datos,2026-1,56.0,0,81.5,2,4.6,10.7,10.7
E05040,Emilio Rodríguez,Redes de Computadoras,2025-2,84.5,4.9,76.8,5,3.1,7.2,9.0
E05041,Ricardo Rivas,Lenguajes de Programación,2025-2,58.3,7.6,93.2,3,7.3,8.7,9.3
E05042,Lucía Huamán,Lenguajes de Programación,2026-1,94.6,0,88.9,1,11.0,12.1,8.3
E05043,Milagros Cabrera,Redes de Computadoras,2025-2,76.9,5.2,71.9,3,5.2,12.3,7.5
E05044,Martina Espinoza,Redes de Computadoras,2026-1,28.8,10.5,98.3,1,15.7,9.3,12.8
E05045,Jorge Vargas,Lenguajes de Programación,2026-1,47.6,0,74.4,2,9.0,10.5,10.4
E05046,Antonella Palomino,Redes de Computadoras,2026-1,69.3,1.9,74.7,5,13.5,14.3,14.2
E05047,Franco Rivas,Lenguajes de Programación,2025-2,39.1,1.2,40.6,3,4.6,5.4,7.5
E05048,Natalia Vargas,Lenguajes de Programación,2026-1,31.4,5.3,48.9,3,15.6,13.4,15.2
E05049,Emilio Cárdenas,Redes de Computadoras,2026-1,67.0,3.6,63.8,4,13.7,13.6,12.8
E05050,Jorge Palomino,Matemática Discreta,2025-2,61.6,1.0,54.8,5,20,20,20
E05051,Jorge Reyes,Redes de Computadoras,2026-1,38.8,8.2,78.0,4,15.6,17.2,14.2
E05052,Sebastián Espinoza,Lenguajes de Programación,2026-1,87.6,4.2,74.3,4,5.1,7.5,2.9
E05053,Alejandra Delgado,Estructuras de Datos,2025-2,78.7,5.5,71.4,5,13.5,11.5,14.9
E05054,Vicente Ortiz,Redes de Computadoras,2025-2,43.0,6.2,56.9,4,8.7,7.8,3.8
E05055,Isabela Vega,Lenguajes de Programación,2026-1,80.7,8.3,70.7,3,6.9,8.9,13.0
E05056,Jorge Alva,Matemática Discreta,2025-2,62.9,6.1,92.7,2,6.7,10.0,7.5
E05057,Martina Palomino,Base de Datos,2026-1,100,6.7,65.3,4,16.1,10.1,12.5
E05058,Valentina Herrera,Estructuras de Datos,2025-2,65.1,0.5,51.6,4,14.3,14.5,13.7
E05059,Fernanda Vega,Base de Datos,2026-1,,3.0,100,5,9.6,11.8,17.1
E05060,Ana Flores,Base de Datos,2025-2,30.6,8.2,57.3,5,9.2,7.9,9.3
E05061,Lucía Soto,Estructuras de Datos,2025-2,36.7,7.9,69.8,3,16.0,20,16.2
E05062,Antonella Herrera,Estructuras de Datos,2025-2,61.8,11.7,80.5,1,15.7,12.3,12.6
E05063,Fabián Herrera,Lenguajes de Programación,2025-2,100,6.8,89.3,3,11.0,8.7,8.3
E05064,Julio Torres,Lenguajes de Programación,2026-1,65.8,7.8,58.8,5,7.3,17.0,12.0
E05065,Rosa Quispe,Base de Datos,2026-1,72.4,6.4,81.9,4,15.0,7.5,10.7
E05066,Fabián Cruz,Base de Datos,2025-2,65.6,1.8,83.4,4,12.1,12.7,11.6
E05067,Daniela Cabrera,Base de Datos,2026-1,24.6,8.5,60.1,3,9.8,7.0,8.8
E05068,Emilia Torres,Lenguajes de Programación,2026-1,72.6,7.3,51.7,4,7.8,9.6,7.1
E05069,Estefanía Torres,Redes de Computadoras,2025-2,51.0,10.1,91.1,4,17.2,17.5,12.0
E05070,Bruno Sánchez,Estructuras de Datos,2026-1,100,8.7,86.9,1,13.0,9.3,11.7
E05071,Sebastián Mendoza,Estructuras de Datos,2025-2,58.8,7.2,96.6,2,,19.2,11.4
E05072,Vicente Vargas,Lenguajes de Programación,2026-1,61.8,1.0,78.4,5,11.0,5.4,9.6
E05073,Sofía Soto,Lenguajes de Programación,2025-2,51.8,5.1,100,3,16.2,15.8,13.1
E05074,María Vega,Redes de Computadoras,2026-1,90.3,5.5,88.8,3,10.6,10.6,5.7
E05075,Ana Salazar,Estructuras de Datos,2025-2,74.1,4.0,58.9,3,19.4,15.1,16.0
E05076,Daniela López,Lenguajes de Programación,2026-1,65.0,5.5,93.4,5,18.9,20,20
E05077,Fabián Mamani,Base de Datos,2026-1,83.3,8.4,66.3,2,12.8,9.1,13.3
E05078,Valentina Chávez,Lenguajes de Programación,2026-1,71.2,8.4,70.7,5,13.4,10.6,11.1
E05079,Ricardo Vargas,Matemática Discreta,2026-1,72.5,6.3,50.2,5,15.8,13.7,17.8
E05080,Vicente Aguilar,Estructuras de Datos,2026-1,99.3,6.8,56.5,1,12.3,9.1,14.6
E05081,Adrián Salazar,Lenguajes de Programación,2025-2,72.9,0.2,41.9,4,18.7,15.9,18.7
E05082,Adrián Gutiérrez,Lenguajes de Programación,2025-2,60.0,5.2,84.3,3,14.9,12.6,19.3
E05083,Alejandra López,Estructuras de Datos,2026-1,78.0,5.9,72.6,4,8.6,12.3,13.3
E05084,Daniela Palomino,Estructuras de Datos,2025-2,88.3,11.9,42.3,3,9.9,5.6,5.9
E05085,Nicolás Pérez,Redes de Computadoras,2025-2,98.2,2.4,69.1,5,10.1,4.6,11.2
E05086,Gabriela Salazar,Estructuras de Datos,2026-1,48.7,5.4,85.4,3,18.4,13.9,17.5
E05087,Antonella Palomino,Estructuras de Datos,2025-2,86.7,4.6,93.4,3,9.3,8.1,9.0
E05088,Lucía Salazar,Redes de Computadoras,2025-2,51.3,2.9,71.0,3,9.0,11.8,14.6
E05089,Fernanda López,Estructuras de Datos,2025-2,84.4,5.3,85.9,3,14.4,13.4,10.1
E05090,Alejandra Rodríguez,Estructuras de Datos,2025-2,78.7,11.7,58.3,5,7.9,8.2,6.9
E05091,Gabriela Chávez,Matemática Discreta,2026-1,61.0,0,84.0,2,9.1,10.5,8.8
E05092,Vicente Espinoza,Base de Datos,2025-2,100,4.0,78.2,4,15.1,11.7,12.7
E05093,Adrián Cárdenas,Base de Datos,2026-1,87.8,5.1,35.4,3,20,20,19.0
E05094,Daniela Gutiérrez,Estructuras de Datos,2026-1,73.5,6.8,78.8,3,6.8,10.7,8.0
E05095,Diego Ramírez,Estructuras de Datos,2025-2,67.2,6.5,100,3,13.5,16.7,17.5
E05096,Diego Cárdenas,Matemática Discreta,2026-1,61.8,8.8,37.2,4,20,18.1,20
E05097,Milagros Espinoza,Estructuras de Datos,2026-1,75.6,5.2,100,4,6.3,9.9,12.1
E05098,Rosa Cárdenas,Base de Datos,2026-1,58.8,8.5,90.8,4,16.0,17.9,10.0
E05099,Zoe Alva,Estructuras de Datos,2025-2,99.1,6.9,80.9,3,14.2,12.9,9.6
E05100,Iván Alva,Lenguajes de Programación,2026-1,100,7.0,61.1,4,9.3,13.1,8.4
E05101,Gabriela Mendoza,Lenguajes de Programación,2026-1,72.4,10.6,80.8,4,14.5,11.3,12.1
E05102,Iván Salazar,Redes de Computadoras,2025-2,68.1,4.3,65.4,5,15.2,15.9,19.0
E05103,Jorge Aguilar,Matemática Discreta,2025-2,62.6,3.5,77.3,3,13.0,12.6,10.1
E05104,Emilio Salazar,Lenguajes de Programación,2026-1,49.8,3.2,83.4,3,16.0,18.7,15.3
E05105,Valentina Alva,Lenguajes de Programación,2025-2,49.2,4.2,73.8,4,9.3,12.2,14.2
E05106,Jorge Palomino,Redes de Computadoras,2025-2,72.3,2.5,83.6,2,3.6,8.6,9.0
E05107,Luis Flores,Estructuras de Datos,2026-1,79.7,5.0,51.3,3,6.8,10.3,11.9
E05108,Fabián Sánchez,Redes de Computadoras,2026-1,85.9,5.5,70.5,4,7.3,9.4,14.1
E05109,Nicolás Cruz,Matemática Discreta,2026-1,83.7,9.2,41.0,3,20,19.7,20
E05110,Alonso Ponce,Redes de Computadoras,2026-1,64.2,8.4,100,4,16.3,16.6,16.6
E05111,María Cruz,Base de Datos,2025-2,98.2,4.2,75.2,5,11.4,7.9,13.8
E05112,Isabela Herrera,Base de Datos,2025-2,53.9,5.6,65.7,2,9.2,11.6,6.1
E05113,Alonso Chávez,Matemática Discreta,2026-1,61.3,10.5,46.5,3,14.3,15.7,11.9
E05114,Miguel Soto,Matemática Discreta,2026-1,79.4,4.1,78.3,2,13.5,7.7,13.8
E05115,Valentina Delgado,Redes de Computadoras,2025-2,74.9,6.1,83.2,1,18.0,12.7,10.7
E05116,Ximena Paredes,Base de Datos,2026-1,91.7,4.2,81.6,3,17.0,15.7,13.8
E05117,Iván Torres,Redes de Computadoras,2025-2,60.7,4.6,85.3,3,8.2,5.4,7.5
E05118,Luis Zapata,Redes de Computadoras,2025-2,56.1,0.4,92.8,1,8.8,11.4,10.6
E05119,Renata Reyes,Base de Datos,2026-1,67.9,2.2,81.7,4,20,13.3,16.5
E05120,Diego Castillo,Estructuras de Datos,2025-2,87.2,4.8,100,4,15.1,14.5,11.2
E05121,Miguel Delgado,Lenguajes de Programación,2025-2,66.0,0,87.5,1,13.2,11.0,15.1
E05122,Emilio Zapata,Matemática Discreta,2026-1,79.9,10.9,54.7,4,11.8,17.1,15.3
E05123,Natalia Alva,Matemática Discreta,2025-2,30.8,12.5,74.7,2,6.5,10.0,13.5
E05124,Alonso López,Redes de Computadoras,2025-2,54.2,5.9,61.4,5,7.1,10.3,9.4
E05125,Sebastián Castillo,Lenguajes de Programación,2025-2,86.4,5.9,100,3,6.9,13.0,10.1
E05126,Tomás Paredes,Lenguajes de Programación,2026-1,58.3,2.6,72.2,2,10.6,7.1,8.1
E05127,Emilio Flores,Matemática Discreta,2026-1,83.4,7.6,95.9,2,14.4,17.5,9.6
E05128,Gabriela Flores,Base de Datos,2025-2,62.2,3.3,90.1,4,12.9,13.8,16.9
E05129,Bruno Palomino,Base de Datos,2026-1,69.3,7.1,91.4,3,17.6,20,13.6
E05130,Renata Cabrera,Estructuras de Datos,2025-2,100,6.3,50.4,3,4.2,6.0,7.0
E05131,Estefanía Paredes,Estructuras de Datos,2025-2,52.5,0,67.5,4,15.2,9.6,9.3
E05132,Rodrigo Ortiz,Redes de Computadoras,2025-2,73.0,10.6,85.0,1,11.1,10.7,12.9
E05133,Zoe Cabrera,Lenguajes de Programación,2025-2,74.4,1.6,76.5,2,15.5,12.4,17.5
E05134,Sofía Flores,Base de Datos,2026-1,100,2.6,100,2,11.9,9.8,13.6
E05135,Daniela Cabrera,Estructuras de Datos,2025-2,49.2,4.2,89.4,4,13.9,13.0,10.9
E05136,Tomás Zapata,Matemática Discreta,2026-1,54.0,8.2,54.9,1,9.9,11.2,12.8
E05137,Natalia Cabrera,Matemática Discreta,2026-1,84.9,5.7,46.5,2,17.9,12.1,16.0
E05138,Isabela Salazar,Lenguajes de Programación,2026-1,73.3,4.2,58.3,4,9.3,12.1,11.6
E05139,Daniela Herrera,Redes de Computadoras,2026-1,60.2,7.0,95.3,3,15.2,14.5,17.1
E05140,Jorge Ortiz,Redes de Computadoras,2026-1,49.2,5.7,92.5,4,2.4,7.6,4.5
E05141,Adrián Mendoza,Matemática Discreta,2026-1,53.5,10.3,70.3,5,9.0,4.8,7.2
E05142,Diego Reyes,Estructuras de Datos,2025-2,60.9,7.2,86.1,2,10.0,13.3,10.1
E05143,Mateo Huamán,Estructuras de Datos,2025-2,70.4,8.3,69.6,1,12.9,9.3,11.3
E05144,Ricardo Alva,Lenguajes de Programación,2025-2,71.4,4.4,78.6,3,19.6,14.3,20
E05145,Carlos Delgado,Lenguajes de Programación,2025-2,100,9.9,99.0,4,14.0,14.9,13.5
E05146,Renata Vega,Redes de Computadoras,2026-1,30.7,5.0,46.4,2,12.3,13.7,14.7
E05147,Rosa Chávez,Estructuras de Datos,2026-1,57.9,0,84.6,2,8.7,8.5,8.7
E05148,Tomás Palomino,Lenguajes de Programación,2026-1,73.9,7.3,77.9,3,14.8,16.2,20
E05149,Estefanía Cabrera,Base de Datos,2025-2,43.4,6.7,59.2,2,6.6,5.0,12.6
E05150,Martina Espinoza,Lenguajes de Programación,2025-2,75.3,4.5,90.7,3,14.9,13.0,12.7
E05151,Paula Huamán,Matemática Discreta,2026-1,64.6,0,100,2,8.7,1.3,1.8
E05152,Estefanía Delgado,Redes de Computadoras,2025-2,49.7,9.9,88.5,2,19.1,20,17.7
E05153,Jorge Flores,Redes de Computadoras,2026-1,90.9,3.1,80.2,4,16.5,15.5,14.0
E05154,Andrés Vargas,Lenguajes de Programación,2025-2,100,7.0,54.1,3,20,20,16.0
E05155,Luis López,Matemática Discreta,2025-2,83.0,9.8,61.9,2,17.7,19.4,16.2
E05156,Ricardo Vega,Base de Datos,2026-1,59.7,8.3,88.9,1,15.3,12.3,17.0
E05157,Jorge Rojas,Base de Datos,2025-2,76.0,7.2,91.2,3,6.3,10.2,4.1
E05158,Martina Herrera,Lenguajes de Programación,2025-2,95.0,7.3,77.1,5,11.4,10.8,9.1
E05159,Rodrigo Rojas,Base de Datos,2025-2,65.8,8.4,49.0,3,11.1,16.0,15.4
E05160,Renata Flores,Matemática Discreta,2026-1,95.1,6.1,75.9,4,12.8,15.7,16.4
E05161,Camila Gutiérrez,Estructuras de Datos,2026-1,60.1,6.3,54.4,1,4.9,4.5,5.1
E05162,Milagros Vega,Estructuras de Datos,2025-2,49.2,6.4,58.4,4,13.9,14.3,16.2
E05163,Antonella Ponce,Base de Datos,2026-1,70.4,5.9,75.1,4,6.5,12.1,13.8
E05164,Emilia Ponce,Redes de Computadoras,2025-2,63.4,5.5,87.1,3,10.1,16.9,12.4
E05165,Iván Sánchez,Base de Datos,2025-2,90.1,4.5,69.2,4,16.3,20,17.1
E05166,Iván Gutiérrez,Estructuras de Datos,2026-1,58.1,2.2,68.0,3,14.3,8.5,14.8
E05167,Rodrigo Zapata,Matemática Discreta,2025-2,74.7,4.7,100,3,14.4,15.8,20.0
E05168,María Quispe,Redes de Computadoras,2026-1,84.9,10.0,74.7,4,18.0,16.1,17.3
E05169,Milagros Rojas,Redes de Computadoras,2025-2,46.7,8.6,51.5,1,11.6,17.2,15.1
E05170,Natalia Quispe,Lenguajes de Programación,2026-1,60.2,3.8,61.4,5,15.0,14.1,18.8
E05171,Luis Rodríguez,Redes de Computadoras,2026-1,59.1,1.1,99.8,3,13.0,8.9,17.6
E05172,Fabián Flores,Matemática Discreta,2025-2,92.3,5.4,83.2,1,11.8,14.6,10.4
E05173,Lucía Mamani,Estructuras de Datos,2026-1,53.8,3.3,84.1,2,20,17.0,18.5
E05174,Jorge Flores,Estructuras de Datos,2026-1,92.8,12.0,64.3,1,2.8,4.6,7.0
E05175,Lucía Cárdenas,Matemática Discreta,2025-2,73.3,0.2,90.6,5,7.7,15.6,13.8
E05176,Daniela Torres,Base de Datos,2026-1,68.9,7.0,93.8,2,3.6,12.0,12.2
E05177,Iván Soto,Redes de Computadoras,2026-1,71.0,9.1,100,4,13.9,10.9,7.4
E05178,Rosa Chávez,Matemática Discreta,2025-2,55.9,5.1,73.2,4,4.9,14.4,10.4
E05179,Alonso Alva,Estructuras de Datos,2026-1,82.6,3.6,60.2,1,10.2,9.8,14.9
E05180,Diego Medina,Lenguajes de Programación,2026-1,65.2,6.9,78.8,3,12.8,16.2,18.8
E05181,Julio Torres,Estructuras de Datos,2026-1,74.1,4.9,57.3,4,18.9,17.1,19.5
E05182,Daniela Flores,Lenguajes de Programación,2025-2,44.3,8.2,71.2,2,16.3,13.3,12.7
E05183,Estefanía Mamani,Estructuras de Datos,2026-1,58.5,8.6,100,3,18.5,11.0,4.2
E05184,Zoe Ortiz,Matemática Discreta,2025-2,74.7,0,59.2,1,5.4,4.5,6.1
E05185,Valentina Cabrera,Redes de Computadoras,2025-2,46.5,2.3,95.3,3,19.7,19.6,15.7
E05186,Milagros Rivas,Redes de Computadoras,2026-1,49.3,6.2,47.4,1,14.6,16.2,18.6
E05187,Bruno Ponce,Redes de Computadoras,2026-1,55.5,6.6,77.9,5,13.4,3.2,14.9
E05188,Rodrigo Reyes,Estructuras de Datos,2025-2,54.7,7.6,90.8,4,15.6,11.9,9.9
E05189,Isabela Herrera,Estructuras de Datos,2026-1,100,2.0,60.2,3,6.0,2.6,5.5
E05190,Diego Vega,Base de Datos,2026-1,92.2,4.6,77.2,3,10.3,11.5,7.2
E05191,Emilio Soto,Redes de Computadoras,2026-1,56.6,4.7,89.3,3,11.8,19.6,12.4
E05192,Julio Rivas,Matemática Discreta,2026-1,41.9,2.1,75.9,3,12.1,,12.2
E05193,Iván Espinoza,Estructuras de Datos,2025-2,81.6,7.0,60.0,4,9.5,11.9,7.8
E05194,Jorge Medina,Base de Datos,2026-1,73.9,10.2,71.2,2,6.6,11.2,13.0
E05195,Tomás Cabrera,Matemática Discreta,2025-2,,3.0,93.9,3,8.7,11.9,10.9
E05196,Ana Cruz,Lenguajes de Programación,2026-1,60.9,2.7,100.0,3,16.4,17.3,13.2
E05197,Renata Palomino,Matemática Discreta,2025-2,68.1,11.0,67.3,5,8.0,13.5,11.4
E05198,Carlos Mendoza,Estructuras de Datos,2026-1,83.6,1.4,79.7,3,10.8,6.3,6.5
E05199,Nicolás Vargas,Matemática Discreta,2026-1,52.9,5.0,94.8,3,12.7,15.4,11.1
E05200,Natalia Sánchez,Lenguajes de Programación,2025-2,61.6,7.5,46.5,2,15.5,18.1,19.3
E05201,Ricardo Salazar,Matemática Discreta,2026-1,76.8,8.2,94.7,3,10.6,14.7,12.6
E05202,Carlos Huamán,Base de Datos,2025-2,72.7,5.5,100,4,14.9,11.1,11.9
E05203,Zoe Ortiz,Base de Datos,2025-2,88.9,7.3,94.0,2,9.5,8.0,11.8
E05204,Camila Pérez,Lenguajes de Programación,2025-2,70.2,14.3,49.1,4,14.7,14.4,10.7
E05205,Miguel Rivas,Base de Datos,2026-1,83.7,8.9,85.7,2,11.3,14.3,18.2
E05206,Fernanda Rivas,Matemática Discreta,2026-1,55.8,9.0,38.4,3,6.3,14.1,9.0
E05207,Camila Rivas,Lenguajes de Programación,2026-1,84.6,11.9,79.4,5,10.4,6.3,10.7
E05208,Renata Herrera,Base de Datos,2025-2,61.9,6.5,68.2,2,12.8,15.4,20
E05209,Julio Ortiz,Redes de Computadoras,2026-1,45.2,5.0,82.3,3,18.2,13.4,16.9
E05210,Renata Chávez,Matemática Discreta,2025-2,93.4,8.3,100,4,17.5,20,20
E05211,Valeria Soto,Base de Datos,2025-2,77.4,1.8,39.9,3,16.1,8.8,12.0
E05212,Julio Ponce,Base de Datos,2026-1,73.5,6.7,63.1,3,20,20,20
E05213,Alejandra Ramírez,Base de Datos,2026-1,90.4,7.9,85.8,5,16.8,10.7,10.5
E05214,Valeria Rodríguez,Redes de Computadoras,2025-2,49.6,4.4,92.6,3,6.9,7.6,4.5
E05215,Sofía Pérez,Matemática Discreta,2026-1,55.6,5.1,75.8,3,13.0,16.9,18.0
E05216,Milagros García,Estructuras de Datos,2026-1,97.9,3.5,74.0,3,4.7,11.0,9.9
E05217,Vicente Salazar,Redes de Computadoras,2025-2,78.9,7.7,65.4,3,11.8,8.7,13.2
E05218,María Soto,Redes de Computadoras,2025-2,89.5,5.8,64.3,1,15.6,14.5,14.0
E05219,Ricardo Alva,Matemática Discreta,2026-1,71.5,7.5,52.8,5,6.2,7.4,4.6
E05220,Milagros Medina,Base de Datos,2025-2,91.6,1.2,69.5,5,5.9,2.4,1.1
E05221,Estefanía Torres,Lenguajes de Programación,2025-2,96.1,11.7,52.1,2,11.6,12.3,11.6
E05222,Emilio Paredes,Lenguajes de Programación,2025-2,100,5.2,83.6,3,11.6,8.7,6.1
E05223,Natalia Mendoza,Lenguajes de Programación,2026-1,70.4,7.8,55.0,3,17.6,20,15.4
E05224,Julio Pérez,Base de Datos,2025-2,83.5,3.2,82.0,3,8.5,10.1,7.4
E05225,Luis Quispe,Redes de Computadoras,2026-1,59.6,3.9,87.1,3,12.3,10.9,8.0
E05226,Ricardo Huamán,Base de Datos,2026-1,63.9,4.3,57.6,4,13.1,12.7,11.6
E05227,Isabela Mamani,Lenguajes de Programación,2025-2,40.2,0.4,100,2,8.1,10.1,14.4
E05228,Isabela Pérez,Base de Datos,2025-2,71.6,3.8,93.3,3,11.0,11.9,7.9
E05229,Rodrigo Vega,Matemática Discreta,2026-1,88.9,8.2,67.8,3,7.4,8.5,11.8
E05230,Bruno Pérez,Matemática Discreta,2026-1,68.8,4.5,72.8,1,6.8,9.9,10.8
E05231,Nicolás Torres,Lenguajes de Programación,2026-1,78.1,7.6,99.9,5,15.7,19.2,17.8
E05232,Gabriela Rojas,Estructuras de Datos,2026-1,71.6,10.0,64.9,3,6.6,8.0,11.8
E05233,Miguel García,Lenguajes de Programación,2025-2,45.2,5.1,100,4,10.7,11.7,12.8
E05234,Rodrigo Medina,Estructuras de Datos,2026-1,81.2,0.5,56.9,3,9.6,9.4,4.0
E05235,Renata Huamán,Redes de Computadoras,2025-2,49.7,5.2,55.4,3,15.7,16.7,20
E05236,María Torres,Base de Datos,2026-1,73.5,4.5,,3,13.0,8.3,7.8
E05237,Fabián Pérez,Lenguajes de Programación,2026-1,59.7,11.0,82.9,4,11.9,14.1,12.2
E05238,Franco Vargas,Matemática Discreta,2026-1,89.7,9.8,65.3,2,5.5,2.7,5.1
E05239,Rosa Mamani,Matemática Discreta,2025-2,75.7,1.0,98.0,4,10.0,10.5,8.9
E05240,Gabriela Pérez,Redes de Computadoras,2026-1,22.8,9.7,77.5,5,9.2,7.7,10.9
E05241,Manuel García,Redes de Computadoras,2026-1,43.1,14.8,69.7,3,8.9,14.8,14.5
E05242,Sebastián Herrera,Redes de Computadoras,2025-2,75.2,1.3,74.1,2,14.0,15.1,17.9
E05243,Mateo Zapata,Redes de Computadoras,2025-2,83.0,8.0,93.5,4,9.8,12.3,11.3
E05244,Diego Castillo,Redes de Computadoras,2026-1,53.7,3.4,92.7,3,8.1,6.2,10.9
E05245,Ricardo García,Lenguajes de Programación,2025-2,42.3,7.3,60.2,2,11.9,14.2,9.2
E05246,Tomás Rojas,Matemática Discreta,2026-1,68.1,2.3,89.7,5,18.0,16.7,20
E05247,Antonella Vargas,Lenguajes de Programación,2026-1,45.6,6.0,78.5,5,14.0,12.4,15.0
E05248,Emilio Huamán,Lenguajes de Programación,2025-2,74.6,4.6,43.3,1,17.9,13.3,13.1
E05249,Diego Pérez,Base de Datos,2025-2,86.7,5.9,54.0,3,11.8,10.6,12.9
E05250,María Espinoza,Base de Datos,2026-1,53.5,7.0,84.1,4,7.0,7.2,12.3
E05251,Rodrigo Ortiz,Estructuras de Datos,2025-2,78.9,9.4,54.3,2,8.0,9.2,11.5
E05252,Ximena Ortiz,Lenguajes de Programación,2026-1,100,8.7,55.8,3,15.2,10.1,8.8
E05253,Emilio Torres,Matemática Discreta,2025-2,51.0,3.7,34.0,4,9.3,6.6,7.1
E05254,Emilia Zapata,Lenguajes de Programación,2025-2,100,1.2,49.8,3,14.8,12.0,10.4
E05255,Luis Soto,Base de Datos,2025-2,42.7,9.2,82.9,4,16.6,20,18.4
E05256,Alonso Huamán,Base de Datos,2026-1,92.1,5.8,89.9,2,12.2,8.6,14.0
E05257,Diego Delgado,Estructuras de Datos,2026-1,61.0,8.1,95.9,5,18.4,20,19.6
E05258,Sebastián López,Base de Datos,2025-2,76.3,9.9,63.7,4,11.5,3.7,9.3
E05259,Fabián Zapata,Estructuras de Datos,2025-2,55.4,6.0,62.7,3,20,11.8,15.3
E05260,Martina Cárdenas,Lenguajes de Programación,2025-2,86.0,6.2,92.4,3,15.3,14.0,12.9
E05261,Nicolás Cruz,Redes de Computadoras,2025-2,100,6.4,72.6,4,9.1,8.6,11.4
E05262,Daniela Quispe,Matemática Discreta,2026-1,75.1,10.3,94.4,2,16.4,11.3,14.8
E05263,Ana Rojas,Matemática Discreta,2025-2,65.1,3.3,,5,12.7,15.8,16.3
E05264,Nicolás Rodríguez,Redes de Computadoras,2026-1,100,7.2,89.3,5,8.6,13.3,5.1
E05265,Julio Reyes,Base de Datos,2025-2,90.2,9.7,61.3,5,15.4,15.3,14.5
E05266,Franco Ponce,Estructuras de Datos,2026-1,100,0.9,74.3,5,,14.3,14.5
E05267,Iván Ponce,Lenguajes de Programación,2025-2,74.0,2.7,80.8,4,14.0,9.0,9.4
E05268,Alejandra Delgado,Lenguajes de Programación,2026-1,,3.8,69.6,4,15.3,11.3,13.9
E05269,Lucía Flores,Base de Datos,2025-2,96.4,5.9,66.0,1,5.3,5.8,12.2
E05270,Ricardo Ortiz,Redes de Computadoras,2026-1,93.2,0.5,63.8,3,8.0,13.6,12.7
E05271,Estefanía Salazar,Lenguajes de Programación,2025-2,76.9,2.6,100,3,10.4,11.5,14.0
E05272,Ximena Aguilar,Redes de Computadoras,2025-2,96.6,10.5,100,3,7.8,8.7,9.0
E05273,Miguel Castillo,Lenguajes de Programación,2026-1,70.1,10.7,88.6,3,10.7,8.6,14.2
E05274,Lucía López,Base de Datos,2025-2,64.2,12.6,92.9,2,11.4,11.0,10.3
E05275,María Zapata,Matemática Discreta,2026-1,71.5,6.7,100,2,11.6,15.2,14.2
E05276,Valeria Ortiz,Estructuras de Datos,2025-2,80.5,7.1,53.1,2,8.5,3.8,8.1
E05277,Carlos Huamán,Matemática Discreta,2026-1,64.2,9.1,93.6,4,17.1,15.3,19.8
E05278,Julio Herrera,Base de Datos,2025-2,90.3,7.6,78.7,2,14.8,19.2,14.1
E05279,Paula Castillo,Lenguajes de Programación,2025-2,84.7,3.7,69.7,3,14.1,15.5,16.5
E05280,Fernanda García,Matemática Discreta,2026-1,100,6.5,73.6,2,14.4,17.9,19.5
E05281,Gabriela Aguilar,Estructuras de Datos,2025-2,48.3,6.7,100,3,12.4,12.9,14.5
E05282,Alonso Flores,Matemática Discreta,2025-2,63.7,9.5,85.5,4,14.8,4.4,17.4
E05283,Vicente García,Base de Datos,2025-2,88.5,0.2,100,4,13.0,9.9,11.4
E05284,Tomás Vega,Lenguajes de Programación,2025-2,86.6,6.1,75.1,4,10.7,11.3,10.6
E05285,Milagros Delgado,Matemática Discreta,2026-1,73.3,6.6,37.5,1,11.3,16.0,11.1
E05286,Alonso Chávez,Lenguajes de Programación,2025-2,47.2,3.3,,2,15.8,16.4,10.2
E05287,Fabián Quispe,Estructuras de Datos,2026-1,74.5,7.3,50.2,3,7.0,7.3,5.4
E05288,Manuel Paredes,Estructuras de Datos,2026-1,64.7,9.7,39.7,3,11.4,17.5,18.3
E05289,Emilio Pérez,Lenguajes de Programación,2026-1,69.7,9.9,72.1,1,18.0,14.5,15.5
E05290,Vicente Herrera,Estructuras de Datos,2025-2,80.1,8.2,80.8,3,8.8,9.8,10.8
E05291,Sofía Vega,Estructuras de Datos,2025-2,86.2,11.6,63.1,2,16.2,9.8,13.3
E05292,Renata Rivas,Estructuras de Datos,2025-2,90.5,7.8,89.3,3,18.6,14.4,15.6
E05293,Adrián Aguilar,Redes de Computadoras,2025-2,70.5,7.5,100,4,8.9,10.9,13.4
E05294,Milagros Espinoza,Lenguajes de Programación,2025-2,67.0,9.0,82.0,3,13.7,16.8,15.7
E05295,Fernanda Quispe,Matemática Discreta,2026-1,81.5,11.6,53.4,1,9.9,17.6,10.9
E05296,Vicente Flores,Redes de Computadoras,2025-2,68.6,10.8,69.0,5,12.7,14.6,14.1
E05297,Ximena Medina,Lenguajes de Programación,2026-1,53.0,5.3,62.3,1,13.6,10.8,11.7
E05298,Tomás Chávez,Lenguajes de Programación,2025-2,79.8,0.7,71.0,2,15.3,12.2,11.9
E05299,Natalia Reyes,Redes de Computadoras,2025-2,92.0,0,59.3,1,,13.2,10.3
E05300,Ximena Quispe,Estructuras de Datos,2026-1,50.0,8.6,83.9,3,11.4,15.1,14.7
E05301,Alejandra Aguilar,Redes de Computadoras,2025-2,54.0,4.9,75.5,1,6.8,11.3,14.6
E05302,Tomás Sánchez,Redes de Computadoras,2026-1,81.8,7.8,68.2,2,7.4,8.0,11.4
E05303,Andrés Ponce,Matemática Discreta,2026-1,47.2,5.3,85.5,4,12.0,12.9,13.2
E05304,Miguel Medina,Base de Datos,2025-2,80.1,2.8,90.4,1,14.0,14.0,8.7
E05305,Vicente Torres,Lenguajes de Programación,2025-2,54.7,5.1,58.9,3,8.1,9.5,10.8
E05306,Mateo Herrera,Estructuras de Datos,2025-2,73.9,7.3,66.7,3,13.7,10.1,12.8
E05307,Ximena Mamani,Matemática Discreta,2026-1,72.4,7.5,75.4,4,11.8,12.6,17.4
E05308,Iván Torres,Redes de Computadoras,2025-2,89.0,0,74.6,4,19.5,16.1,13.3
E05309,Paula Flores,Lenguajes de Programación,2026-1,56.6,4.0,81.0,3,9.5,3.7,12.0
E05310,Alejandra Paredes,Base de Datos,2025-2,58.3,7.7,88.9,2,11.7,11.4,10.2
E05311,Rosa Pérez,Estructuras de Datos,2025-2,100,8.5,82.6,5,12.2,15.9,17.4
E05312,Rodrigo Mamani,Matemática Discreta,2026-1,84.9,4.5,73.6,3,5.5,5.3,3.7
E05313,Paula Cárdenas,Estructuras de Datos,2026-1,50.3,6.5,94.8,5,11.6,10.3,11.0
E05314,Iván Vargas,Base de Datos,2026-1,65.8,3.6,89.0,2,12.8,14.5,16.1
E05315,Milagros Torres,Matemática Discreta,2025-2,59.0,0,44.1,2,4.9,6.5,13.0
E05316,Vicente Espinoza,Estructuras de Datos,2026-1,62.4,0,75.0,4,14.9,10.4,7.9
E05317,Miguel Quispe,Estructuras de Datos,2026-1,77.9,7.1,100,3,7.1,13.8,12.7
E05318,Iván Mendoza,Base de Datos,2026-1,65.1,9.8,90.3,2,16.3,20,20
E05319,Nicolás Mendoza,Matemática Discreta,2026-1,47.3,6.9,67.4,3,5.9,7.2,2.4
E05320,Natalia Ortiz,Matemática Discreta,2025-2,46.6,2.9,50.0,3,13.6,18.7,20
E05321,Fernanda Paredes,Matemática Discreta,2025-2,100,2.9,85.2,4,9.1,13.8,16.4
E05322,Franco López,Base de Datos,2025-2,68.9,9.5,80.2,1,13.4,16.2,14.9
E05323,Joaquín Huamán,Estructuras de Datos,2025-2,100.0,8.5,92.9,2,13.1,12.9,16.7
E05324,Alonso Vega,Base de Datos,2025-2,51.4,6.1,100,3,10.0,8.8,5.5
E05325,Rosa Gutiérrez,Lenguajes de Programación,2025-2,37.1,1.8,89.7,3,12.0,14.7,14.4
E05326,Natalia Aguilar,Estructuras de Datos,2026-1,53.0,7.5,91.9,1,16.7,19.0,15.1
E05327,Julio Espinoza,Base de Datos,2025-2,94.6,8.3,58.8,3,13.6,14.8,14.1
E05328,Manuel Reyes,Redes de Computadoras,2025-2,67.3,0.5,93.2,3,10.6,,13.2
E05329,Miguel Soto,Estructuras de Datos,2025-2,84.9,3.1,100,2,13.6,6.6,4.0
E05330,Isabela Alva,Redes de Computadoras,2026-1,75.7,5.5,87.3,4,,20,14.6
E05331,Fabián Paredes,Redes de Computadoras,2025-2,100,7.7,83.6,5,13.6,12.1,16.7
E05332,Sebastián Rojas,Lenguajes de Programación,2026-1,59.4,5.4,67.8,3,8.1,9.6,8.4
E05333,Natalia Paredes,Estructuras de Datos,2026-1,90.1,0.1,84.0,4,15.1,14.9,12.4
E05334,Rosa Pérez,Estructuras de Datos,2025-2,67.1,5.4,82.8,1,16.8,12.9,15.0
E05335,Andrés Vega,Redes de Computadoras,2025-2,70.5,8.9,47.4,4,10.6,17.5,18.4
E05336,Emilia Mamani,Matemática Discreta,2026-1,78.6,6.2,56.0,3,12.1,5.4,6.1
E05337,Luis Reyes,Matemática Discreta,2025-2,97.2,5.9,81.9,1,12.0,11.6,10.3
E05338,Ana Cárdenas,Redes de Computadoras,2026-1,55.2,5.3,100,2,12.1,15.1,19.5
E05339,Rodrigo Pérez,Matemática Discreta,2026-1,61.2,5.6,91.7,3,10.4,7.5,7.3
E05340,María Cruz,Estructuras de Datos,2026-1,75.5,10.2,99.4,5,6.1,9.3,6.2
E05341,Fernanda Palomino,Estructuras de Datos,2026-1,57.6,4.2,82.9,5,4.9,8.0,9.6
E05342,Andrés Vega,Redes de Computadoras,2025-2,86.6,3.7,96.8,2,10.1,7.1,12.4
E05343,Zoe Vega,Matemática Discreta,2026-1,56.0,7.9,83.9,3,13.1,12.3,13.5
E05344,Carlos Pérez,Redes de Computadoras,2025-2,98.0,9.2,55.0,1,20,20,20
E05345,Emilio Paredes,Base de Datos,2025-2,100,4.7,95.4,4,16.1,17.6,18.9
E05346,Estefanía Medina,Lenguajes de Programación,2026-1,92.7,0.8,40.0,3,11.2,3.2,11.0
E05347,Estefanía Vargas,Estructuras de Datos,2025-2,62.9,7.1,73.9,4,12.8,13.5,11.4
E05348,Bruno Zapata,Lenguajes de Programación,2026-1,90.5,7.7,87.6,2,13.2,12.8,14.3
E05349,Emilio Herrera,Redes de Computadoras,2026-1,89.6,9.4,95.2,3,20,20,20
E05350,Ximena Paredes,Estructuras de Datos,2026-1,100,8.0,65.7,1,11.4,10.4,8.7
E05351,Julio Huamán,Redes de Computadoras,2026-1,42.7,4.8,90.6,2,15.4,18.8,13.6
E05352,Ricardo López,Redes de Computadoras,2026-1,29.0,7.6,100,3,16.9,18.7,16.7
E05353,Valeria Vargas,Base de Datos,2025-2,64.2,5.8,55.6,2,9.8,6.7,6.1
E05354,Martina Torres,Lenguajes de Programación,2026-1,71.4,5.3,69.1,5,14.5,17.3,19.5
E05355,Manuel Espinoza,Redes de Computadoras,2025-2,86.8,7.9,75.8,4,17.3,14.5,9.0
E05356,Franco Cárdenas,Base de Datos,2025-2,86.4,3.1,71.9,4,8.7,13.2,10.6
E05357,Vicente Palomino,Lenguajes de Programación,2025-2,57.3,6.2,72.4,4,10.1,11.7,9.8
E05358,Alonso Ramírez,Matemática Discreta,2026-1,63.0,9.1,51.3,4,10.2,13.0,12.2
E05359,Sebastián Reyes,Estructuras de Datos,2026-1,79.9,7.2,82.2,3,13.9,11.6,16.2
E05360,Andrés Pérez,Estructuras de Datos,2025-2,73.6,4.8,69.2,3,18.9,20,15.3
E05361,Emilia Flores,Lenguajes de Programación,2025-2,100,17.9,97.5,3,7.5,0.9,1.8
E05362,Valeria Quispe,Redes de Computadoras,2026-1,82.9,3.4,70.2,2,17.6,15.6,19.8
E05363,Ximena Reyes,Base de Datos,2026-1,67.1,6.1,45.9,3,12.8,7.3,10.7
E05364,Isabela Chávez,Base de Datos,2026-1,41.8,6.9,72.5,2,12.6,12.5,7.7
E05365,Martina Cárdenas,Estructuras de Datos,2026-1,82.8,7.3,62.6,1,19.8,14.0,17.1
E05366,Alejandra Torres,Estructuras de Datos,2026-1,74.2,9.0,32.3,3,8.8,10.9,13.0
E05367,Emilio Vargas,Redes de Computadoras,2025-2,80.2,4.7,91.4,3,15.9,14.0,20
E05368,Andrés Espinoza,Lenguajes de Programación,2025-2,76.1,9.3,73.8,3,12.3,11.2,10.5
E05369,Zoe Huamán,Lenguajes de Programación,2026-1,91.7,6.9,89.4,2,10.4,2.9,2.7
E05370,María Mendoza,Estructuras de Datos,2025-2,71.9,3.8,95.4,3,,18.1,10.4
E05371,Adrián Palomino,Lenguajes de Programación,2026-1,57.1,9.0,71.4,5,10.4,15.0,9.7
E05372,Rodrigo Ortiz,Redes de Computadoras,2026-1,71.9,3.9,59.2,5,3.4,8.3,11.3
E05373,Adrián Chávez,Matemática Discreta,2025-2,61.9,7.7,64.6,3,14.1,15.9,16.2
E05374,Ana Castillo,Matemática Discreta,2025-2,100,6.9,81.8,3,12.7,14.5,12.0
E05375,Renata Castillo,Redes de Computadoras,2025-2,36.9,0,83.1,4,3.7,9.8,6.3
E05376,Manuel Mamani,Estructuras de Datos,2026-1,80.1,8.2,85.2,3,13.8,15.3,19.5
E05377,Sofía Cabrera,Estructuras de Datos,2026-1,,8.8,75.6,3,9.5,13.4,16.1
E05378,Adrián López,Base de Datos,2025-2,54.9,4.7,76.6,1,11.6,10.4,8.4
E05379,Franco Rojas,Estructuras de Datos,2025-2,75.0,3.5,55.4,1,3.8,,8.9
E05380,Fernanda Ramírez,Redes de Computadoras,2025-2,54.2,12.5,100,1,10.7,6.2,10.4
E05381,Milagros Quispe,Matemática Discreta,2026-1,54.7,6.1,74.7,3,6.2,6.3,4.5
E05382,Estefanía Salazar,Base de Datos,2026-1,74.1,3.5,42.4,5,9.6,13.8,7.7
E05383,Daniela Torres,Lenguajes de Programación,2025-2,91.8,10.7,56.7,5,9.6,7.8,15.5
E05384,Sebastián Rojas,Estructuras de Datos,2026-1,72.8,6.6,87.1,2,18.5,20,20
E05385,Emilio Ramírez,Lenguajes de Programación,2025-2,62.5,10.0,96.2,4,9.8,14.7,13.0
E05386,Fernanda Reyes,Redes de Computadoras,2025-2,39.2,4.3,49.2,4,9.3,12.9,9.9
E05387,Iván Herrera,Redes de Computadoras,2025-2,68.8,0,100,3,19.2,16.3,17.5
E05388,Iván Sánchez,Lenguajes de Programación,2025-2,69.5,7.1,62.5,1,9.3,11.1,12.4
E05389,Sofía Reyes,Redes de Computadoras,2025-2,100,6.0,71.2,2,20,20,20
E05390,María Palomino,Lenguajes de Programación,2026-1,56.0,1.4,59.2,2,5.4,9.5,12.5
E05391,Estefanía Mendoza,Redes de Computadoras,2026-1,60.3,5.6,70.5,2,4.4,8.3,8.5
E05392,Iván Ortiz,Base de Datos,2026-1,46.6,0.5,71.6,5,12.5,14.5,12.8
E05393,Renata Flores,Base de Datos,2026-1,100,10.3,62.8,2,18.2,17.4,18.6
E05394,Diego Ponce,Lenguajes de Programación,2025-2,69.0,8.0,52.5,2,14.3,19.3,16.5
E05395,Ximena Ponce,Estructuras de Datos,2025-2,82.3,4.4,89.4,2,10.5,7.0,15.1
E05396,Valentina Mendoza,Matemática Discreta,2025-2,73.5,2.2,71.3,2,15.1,11.0,19.9
E05397,Ana Chávez,Base de Datos,2026-1,53.6,5.6,69.8,4,15.1,17.7,16.5
E05398,Emilio Soto,Estructuras de Datos,2025-2,80.4,6.1,72.1,2,3.8,12.1,6.1
E05399,Julio Salazar,Redes de Computadoras,2025-2,87.1,4.0,77.4,4,20,19.5,20
E05400,Nicolás Vega,Estructuras de Datos,2025-2,70.8,7.8,82.8,4,13.4,20,20
E05401,Fabián Torres,Redes de Computadoras,2026-1,43.9,6.4,80.0,3,17.2,17.2,15.6
E05402,Alejandra Rojas,Matemática Discreta,2026-1,67.6,4.9,40.8,2,14.1,11.1,13.6
E05403,Nicolás Quispe,Lenguajes de Programación,2025-2,79.0,2.4,97.1,1,11.7,15.1,15.1
E05404,Carlos Vargas,Matemática Discreta,2026-1,75.0,9.0,56.6,3,11.7,7.8,10.3
E05405,Bruno Rojas,Base de Datos,2026-1,83.7,5.4,96.2,3,16.5,13.6,12.0
E05406,Tomás Gutiérrez,Redes de Computadoras,2026-1,65.2,7.3,78.3,3,14.4,12.6,9.1
E05407,Alejandra Quispe,Lenguajes de Programación,2026-1,19.8,11.3,77.7,2,12.0,11.8,10.4
E05408,Gabriela Alva,Matemática Discreta,2025-2,47.9,4.8,86.5,1,20.0,13.1,14.2
E05409,Franco Pérez,Matemática Discreta,2026-1,51.2,7.4,87.6,3,10.2,12.2,12.8
E05410,Joaquín Reyes,Estructuras de Datos,2025-2,68.3,6.2,100,3,10.0,15.8,10.5
E05411,Miguel García,Lenguajes de Programación,2026-1,92.5,5.6,65.4,3,17.1,19.1,19.7
E05412,Mateo Vega,Base de Datos,2026-1,91.6,9.6,55.3,3,20,20,20
E05413,Joaquín Flores,Estructuras de Datos,2026-1,100,2.7,50.9,2,10.9,11.0,14.6
E05414,Nicolás Ponce,Lenguajes de Programación,2026-1,55.3,10.6,55.4,2,14.5,16.4,20
E05415,Rodrigo Mamani,Estructuras de Datos,2026-1,100,1.1,57.2,3,17.6,20,17.5
E05416,Rodrigo Rodríguez,Lenguajes de Programación,2026-1,85.0,5.3,69.5,2,13.8,9.3,15.3
E05417,Alonso Quispe,Base de Datos,2025-2,71.6,8.8,92.2,5,7.3,9.9,11.3
E05418,Diego Quispe,Estructuras de Datos,2025-2,74.9,6.9,87.0,2,12.5,13.8,13.1
E05419,Camila Salazar,Matemática Discreta,2026-1,62.1,5.1,58.0,4,14.4,11.8,15.2
E05420,Julio Alva,Matemática Discreta,2025-2,64.6,7.3,85.0,3,13.3,10.1,7.1
E05421,Iván Cabrera,Base de Datos,2026-1,40.9,6.5,89.3,3,15.9,11.4,10.5
E05422,Zoe Mamani,Lenguajes de Programación,2026-1,100,10.1,100,4,15.2,16.6,11.0
E05423,Paula Aguilar,Matemática Discreta,2025-2,77.3,6.7,88.6,3,17.1,14.2,17.2
E05424,Alonso Castillo,Redes de Computadoras,2025-2,58.8,1.3,83.1,2,8.6,10.2,9.0
E05425,Miguel Aguilar,Redes de Computadoras,2025-2,76.5,6.9,55.1,3,15.5,13.9,16.1
E05426,Rodrigo Reyes,Estructuras de Datos,2025-2,71.5,6.6,42.7,1,12.3,16.7,11.0
E05427,Iván Reyes,Matemática Discreta,2026-1,70.9,2.5,87.6,2,14.3,14.8,15.9
E05428,Valentina Ponce,Base de Datos,2026-1,80.3,4.7,89.9,4,16.3,14.6,14.7
E05429,Julio Delgado,Lenguajes de Programación,2025-2,63.4,2.5,76.5,4,14.8,13.3,13.7
E05430,Daniela Mamani,Redes de Computadoras,2026-1,63.9,4.6,80.5,3,16.2,20,15.5
E05431,Valeria Quispe,Lenguajes de Programación,2025-2,90.8,0,47.7,2,11.7,12.2,11.9
E05432,Ximena Huamán,Matemática Discreta,2026-1,64.6,9.8,75.2,3,,13.7,8.1
E05433,Andrés Rodríguez,Base de Datos,2026-1,71.1,4.4,93.3,4,7.1,,13.0
E05434,Mateo Palomino,Base de Datos,2026-1,78.7,7.1,79.7,1,13.3,11.9,12.2
E05435,Lucía Ramírez,Estructuras de Datos,2025-2,75.8,10.0,49.2,1,20,,17.8
E05436,Carlos Rodríguez,Base de Datos,2025-2,100,9.7,85.2,4,11.1,10.0,13.9
E05437,Alonso Rivas,Redes de Computadoras,2026-1,57.6,0,89.1,4,7.9,11.8,7.1
E05438,Isabela Palomino,Redes de Computadoras,2026-1,60.7,7.0,92.8,2,15.4,16.5,15.2
E05439,Rodrigo Gutiérrez,Lenguajes de Programación,2026-1,57.9,8.6,51.3,3,12.0,16.8,12.5
E05440,Alejandra Cabrera,Matemática Discreta,2026-1,57.4,5.2,46.8,3,12.6,16.1,12.3
E05441,Martina Torres,Lenguajes de Programación,2026-1,76.8,13.6,75.7,3,15.5,13.6,15.0
E05442,Zoe Reyes,Estructuras de Datos,2026-1,80.6,3.5,67.6,5,16.6,13.9,12.9
E05443,Sebastián Medina,Base de Datos,2025-2,83.6,8.0,34.4,4,5.6,8.8,10.6
E05444,Franco García,Base de Datos,2026-1,74.1,4.8,78.8,3,,11.6,10.4
E05445,Paula Cruz,Redes de Computadoras,2025-2,70.0,3.4,70.9,1,14.9,18.1,13.8
E05446,Joaquín Castillo,Matemática Discreta,2026-1,48.2,9.6,39.2,4,12.6,20,9.3
E05447,Emilia Huamán,Lenguajes de Programación,2025-2,70.1,2.2,61.8,4,10.8,11.3,14.6
E05448,Adrián Pérez,Redes de Computadoras,2025-2,61.3,5.4,70.5,3,1.9,3.9,4.5
E05449,Natalia Mamani,Lenguajes de Programación,2025-2,100,5.5,100,1,15.2,16.0,11.0
E05450,Adrián Gutiérrez,Base de Datos,2025-2,94.0,9.7,100,3,11.4,13.5,14.1
E05451,Bruno Delgado,Redes de Computadoras,2026-1,55.6,5.0,95.5,1,14.1,9.7,10.5
E05452,Ricardo Castillo,Base de Datos,2025-2,74.5,0,67.0,3,13.9,17.8,12.5
E05453,Vicente Cruz,Estructuras de Datos,2026-1,64.5,7.7,72.1,3,8.8,11.9,15.0
E05454,Ximena Rojas,Estructuras de Datos,2026-1,91.9,2.1,66.7,4,12.5,15.1,17.3
E05455,María Cruz,Lenguajes de Programación,2026-1,100,8.6,31.5,5,12.0,12.0,10.8
E05456,Valentina Mendoza,Estructuras de Datos,2026-1,63.1,11.0,97.3,1,14.7,16.8,13.6
E05457,Gabriela Paredes,Base de Datos,2026-1,70.3,13.0,83.6,2,13.2,19.3,17.8
E05458,Martina Medina,Base de Datos,2025-2,83.0,11.5,76.6,4,19.9,16.7,16.7
E05459,Isabela Rojas,Lenguajes de Programación,2025-2,38.4,11.0,88.3,3,9.4,9.1,16.0
E05460,Natalia Mendoza,Base de Datos,2026-1,60.3,9.5,57.6,3,9.8,8.5,11.0
E05461,Adrián Soto,Matemática Discreta,2026-1,83.4,7.3,100,2,17.6,16.8,20
E05462,Ana Cabrera,Lenguajes de Programación,2025-2,49.5,5.3,47.7,3,19.1,17.1,13.7
E05463,Iván Huamán,Base de Datos,2026-1,,5.4,63.8,2,9.8,15.9,11.4
E05464,Rodrigo Aguilar,Redes de Computadoras,2025-2,62.7,0.2,81.6,2,10.1,5.6,5.7
E05465,Bruno Cruz,Lenguajes de Programación,2026-1,67.3,3.9,79.9,3,10.9,15.4,9.8
E05466,Zoe García,Redes de Computadoras,2026-1,75.0,11.1,52.3,1,12.8,11.6,9.6
E05467,Adrián García,Lenguajes de Programación,2025-2,100,4.8,64.5,1,14.8,11.7,8.6
E05468,Manuel Rojas,Redes de Computadoras,2025-2,42.5,0.5,94.6,3,13.2,10.1,13.2
E05469,Antonella Huamán,Base de Datos,2025-2,57.2,0.2,66.0,2,14.3,12.0,12.4
E05470,Julio Salazar,Lenguajes de Programación,2026-1,65.7,4.4,72.3,2,11.0,9.0,6.7
E05471,Emilia Medina,Base de Datos,2026-1,63.9,5.8,95.4,3,14.5,16.2,8.6
E05472,Bruno Cárdenas,Lenguajes de Programación,2026-1,72.8,0,74.2,3,14.2,12.5,13.9
E05473,Paula Aguilar,Estructuras de Datos,2026-1,80.4,14.7,73.8,3,13.0,12.1,16.1
E05474,Adrián Rodríguez,Estructuras de Datos,2025-2,57.3,0.2,63.4,5,18.1,13.1,12.5
E05475,Miguel Aguilar,Lenguajes de Programación,2025-2,100,10.5,73.2,2,7.8,8.0,6.3
E05476,Zoe Quispe,Matemática Discreta,2026-1,79.2,1.9,80.5,3,11.4,11.4,13.8
E05477,Rodrigo Espinoza,Lenguajes de Programación,2026-1,52.5,0,62.5,3,17.8,18.6,12.2
E05478,Milagros Alva,Redes de Computadoras,2025-2,91.1,0,58.5,4,13.5,14.7,18.3
E05479,Carlos Torres,Matemática Discreta,2025-2,76.7,7.2,75.6,5,16.3,14.1,12.0
E05480,Adrián Cárdenas,Base de Datos,2025-2,100,0.8,62.1,3,12.3,12.9,12.1
E05481,Paula Reyes,Redes de Computadoras,2026-1,79.7,0.4,51.9,3,13.4,7.1,14.2
E05482,Adrián Cabrera,Matemática Discreta,2025-2,97.6,11.5,100,4,14.9,16.4,18.4
E05483,Miguel Aguilar,Lenguajes de Programación,2025-2,64.7,10.0,87.6,3,6.5,8.9,8.7
E05484,Valeria Huamán,Redes de Computadoras,2026-1,85.2,7.2,90.5,2,11.5,11.9,5.9
E05485,Julio Rojas,Matemática Discreta,2026-1,55.6,10.4,64.1,3,11.8,11.4,6.6
E05486,Adrián Mamani,Redes de Computadoras,2025-2,76.3,1.8,85.6,4,8.8,13.2,13.0
E05487,Mateo Sánchez,Matemática Discreta,2025-2,75.9,0.3,41.3,1,7.9,7.5,11.4
E05488,Gabriela Rojas,Base de Datos,2025-2,93.8,5.2,72.0,4,9.3,11.2,10.2
E05489,Daniela Gutiérrez,Redes de Computadoras,2025-2,90.3,3.9,21.2,4,15.9,16.1,13.4
E05490,Renata Vega,Matemática Discreta,2026-1,45.8,6.8,94.9,3,14.3,17.5,12.4
E05491,Emilio Ortiz,Lenguajes de Programación,2026-1,79.8,4.4,76.6,2,5.1,2.6,5.2
E05492,Rosa Ramírez,Redes de Computadoras,2026-1,77.5,6.5,68.0,4,10.5,6.5,8.9
E05493,Antonella Vargas,Base de Datos,2025-2,68.2,8.6,66.9,3,7.8,19.8,16.1
E05494,Estefanía Pérez,Matemática Discreta,2025-2,100,7.6,88.4,4,11.6,13.1,13.9
E05495,Miguel Espinoza,Matemática Discreta,2026-1,65.0,5.8,87.6,3,19.2,20,20
E05496,Joaquín Soto,Base de Datos,2026-1,68.7,11.1,100,2,14.5,11.6,6.7
E05497,Martina Rojas,Estructuras de Datos,2025-2,69.8,7.6,64.1,4,15.8,16.8,13.0
E05498,Franco Sánchez,Base de Datos,2026-1,78.5,3.1,59.4,1,11.7,13.0,13.8
E05499,Fernanda Pérez,Redes de Computadoras,2025-2,53.4,8.3,40.5,3,16.7,14.1,10.0
E05500,Lucía Herrera,Lenguajes de Programación,2025-2,96.2,10.5,81.0,4,13.7,15.3,13.8
E05501,Bruno Ramírez,Estructuras de Datos,2026-1,94.9,2.1,70.5,1,12.2,16.5,19.3
E05502,Adrián Delgado,Redes de Computadoras,2026-1,66.3,2.2,85.9,2,10.2,,8.1
E05503,Paula López,Redes de Computadoras,2026-1,87.9,1.1,78.8,4,11.0,15.5,12.3
E05504,Rodrigo Mamani,Estructuras de Datos,2026-1,71.8,3.2,72.9,3,7.5,11.0,9.4
E05505,Nicolás Medina,Estructuras de Datos,2026-1,62.9,4.0,57.3,3,16.6,14.2,18.2
E05506,Bruno Reyes,Base de Datos,2025-2,73.3,8.3,100,5,12.7,14.2,10.3
E05507,Antonella Rodríguez,Lenguajes de Programación,2026-1,99.9,1.5,93.7,2,20,14.7,16.4
E05508,Rosa Herrera,Lenguajes de Programación,2025-2,68.4,5.8,70.5,3,15.5,13.6,14.2
E05509,Fabián Herrera,Estructuras de Datos,2025-2,68.0,5.0,96.0,1,20,20.0,20
E05510,Fernanda Cabrera,Redes de Computadoras,2026-1,37.6,0,71.4,3,14.2,13.5,12.2
E05511,Jorge Torres,Matemática Discreta,2025-2,63.7,0,68.9,4,10.4,10.3,11.0
E05512,María Zapata,Lenguajes de Programación,2026-1,72.4,5.9,48.6,4,20,,20
E05513,Alejandra Palomino,Matemática Discreta,2025-2,86.6,5.9,72.4,4,11.7,14.4,18.1
E05514,Sofía Sánchez,Base de Datos,2025-2,81.9,6.8,96.9,2,15.1,11.5,9.1
E05515,Mateo Salazar,Matemática Discreta,2026-1,89.9,13.2,58.3,5,4.1,9.7,9.7
E05516,Luis Quispe,Matemática Discreta,2025-2,62.8,3.6,70.1,5,14.1,9.2,14.0
E05517,Tomás Torres,Estructuras de Datos,2026-1,100,7.6,75.6,3,19.8,18.6,19.8
E05518,Ana Salazar,Base de Datos,2026-1,52.5,3.1,68.7,4,11.7,12.3,13.8
E05519,Antonella Delgado,Base de Datos,2026-1,70.6,4.6,89.8,5,12.5,9.3,13.0
E05520,Carlos Huamán,Estructuras de Datos,2025-2,96.2,9.6,63.9,3,15.8,19.9,20
E05521,Milagros Vega,Base de Datos,2026-1,80.8,11.7,93.0,4,13.2,11.3,12.6
E05522,Mateo Huamán,Lenguajes de Programación,2025-2,52.3,7.5,95.1,3,12.0,5.9,6.4
E05523,Paula Ortiz,Base de Datos,2025-2,99.8,7.0,65.0,1,7.3,6.1,6.6
E05524,Sebastián Rojas,Lenguajes de Programación,2026-1,93.2,7.1,95.0,3,19.8,16.5,20
E05525,Adrián Cárdenas,Base de Datos,2026-1,90.8,8.9,69.3,3,14.1,13.6,10.5
E05526,Fabián Aguilar,Redes de Computadoras,2025-2,81.6,5.5,64.6,4,6.0,9.7,5.7
E05527,Sofía Castillo,Estructuras de Datos,2025-2,87.7,5.2,98.2,3,9.6,8.9,14.4
E05528,Tomás Espinoza,Matemática Discreta,2025-2,51.7,6.8,65.5,4,15.3,18.9,20
E05529,Manuel Paredes,Redes de Computadoras,2026-1,84.6,9.8,80.1,5,10.7,15.5,12.9
E05530,Rodrigo Rodríguez,Lenguajes de Programación,2026-1,57.3,13.3,32.8,3,4.7,1.0,2.2
E05531,Ximena Palomino,Lenguajes de Programación,2026-1,43.4,4.4,87.1,4,14.5,13.3,14.8
E05532,Lucía García,Base de Datos,2026-1,64.5,3.4,62.5,2,12.5,13.3,13.2
E05533,Zoe Cárdenas,Estructuras de Datos,2026-1,69.1,7.6,100,2,8.6,13.7,14.6
E05534,Alonso Chávez,Matemática Discreta,2026-1,44.5,2.1,41.3,3,6.8,5.6,8.5
E05535,Franco Herrera,Lenguajes de Programación,2026-1,90.4,5.9,86.4,4,12.9,7.2,9.0
E05536,Milagros Cabrera,Matemática Discreta,2026-1,62.3,3.1,49.5,2,15.4,16.7,16.0
E05537,Diego Quispe,Lenguajes de Programación,2025-2,72.6,8.5,57.4,2,14.1,16.8,14.4
E05538,Alonso Paredes,Lenguajes de Programación,2026-1,100,7.8,45.9,2,20,20,20
E05539,Sofía Cabrera,Matemática Discreta,2025-2,55.8,6.5,100,4,15.4,7.6,13.0
E05540,Valentina Salazar,Base de Datos,2026-1,79.2,4.6,78.8,5,8.0,9.4,12.0
E05541,Luis Flores,Redes de Computadoras,2025-2,83.6,2.7,88.9,3,20,20,17.0
E05542,Julio García,Base de Datos,2026-1,92.8,4.2,42.0,2,15.7,17.2,17.0
E05543,Nicolás Herrera,Base de Datos,2025-2,81.2,8.9,88.4,3,9.7,9.4,7.9
E05544,Julio Pérez,Matemática Discreta,2025-2,86.7,5.3,47.7,2,6.6,7.4,7.4
E05545,Bruno Castillo,Redes de Computadoras,2025-2,42.3,3.7,77.1,3,12.7,12.1,11.3
E05546,Miguel Palomino,Estructuras de Datos,2025-2,81.5,8.1,82.8,5,20,20,17.7
E05547,Alejandra Reyes,Matemática Discreta,2025-2,67.9,6.0,92.7,3,10.4,13.0,10.9
E05548,Fabián Cruz,Redes de Computadoras,2026-1,72.7,6.5,64.8,2,19.3,13.8,10.9
E05549,Zoe Vargas,Lenguajes de Programación,2026-1,30.0,5.7,72.8,4,18.8,12.0,18.5
E05550,Ricardo Gutiérrez,Estructuras de Datos,2026-1,93.1,7.7,64.4,3,10.3,4.2,9.9
E05551,Martina Zapata,Lenguajes de Programación,2025-2,60.3,11.6,90.0,2,9.0,10.6,14.2
E05552,Camila Salazar,Matemática Discreta,2026-1,45.7,4.6,80.6,4,10.2,13.0,8.0
E05553,Miguel Mamani,Lenguajes de Programación,2025-2,96.2,10.9,80.4,4,9.3,10.8,11.1
E05554,Carlos Herrera,Estructuras de Datos,2026-1,54.4,9.2,65.0,5,16.5,12.4,14.7
E05555,Luis Medina,Base de Datos,2026-1,100,8.1,64.0,3,18.7,16.1,20
E05556,Mateo Gutiérrez,Estructuras de Datos,2026-1,82.3,4.0,80.0,3,9.9,10.7,13.4
E05557,Manuel Alva,Matemática Discreta,2026-1,46.8,6.5,78.4,2,5.2,10.7,4.7
E05558,Rosa Zapata,Matemática Discreta,2025-2,72.5,9.1,88.2,1,16.9,16.5,20
E05559,Gabriela Ramírez,Redes de Computadoras,2026-1,60.2,9.8,70.5,4,17.4,15.0,12.4
E05560,Andrés Palomino,Redes de Computadoras,2026-1,81.3,3.7,73.3,1,13.5,17.3,12.7
E05561,Sofía Mendoza,Redes de Computadoras,2026-1,87.0,13.3,89.7,4,6.9,6.9,5.0
E05562,Manuel Delgado,Matemática Discreta,2025-2,67.7,4.9,61.3,4,16.3,18.8,13.9
E05563,Emilia Sánchez,Estructuras de Datos,2026-1,86.2,1.8,61.6,5,8.0,11.2,11.5
E05564,Milagros López,Estructuras de Datos,2025-2,58.1,5.6,63.7,5,7.5,7.5,11.2
E05565,Rosa Rojas,Redes de Computadoras,2025-2,59.7,10.8,88.4,2,13.2,15.0,13.2
E05566,Andrés Sánchez,Estructuras de Datos,2026-1,81.4,4.0,86.3,3,13.9,9.6,12.0
E05567,Zoe Soto,Redes de Computadoras,2025-2,100,2.7,64.1,1,12.0,6.7,11.0
E05568,Gabriela Sánchez,Redes de Computadoras,2025-2,63.1,7.4,38.8,3,16.2,12.6,11.7
E05569,Alonso Torres,Base de Datos,2026-1,66.1,4.1,50.3,3,17.2,20,20
E05570,Ana Espinoza,Matemática Discreta,2025-2,63.5,1.4,86.0,1,20,20,19.3
E05571,Rodrigo Cárdenas,Matemática Discreta,2026-1,62.0,6.9,58.3,2,12.5,10.7,11.4
E05572,Valeria Cabrera,Lenguajes de Programación,2026-1,76.7,3.1,71.0,3,16.9,18.0,19.8
E05573,Joaquín Huamán,Redes de Computadoras,2025-2,50.1,13.8,84.5,4,9.6,12.7,10.3
E05574,Daniela Sánchez,Matemática Discreta,2026-1,88.1,5.9,51.1,1,12.6,15.3,12.0
E05575,Rosa Rodríguez,Redes de Computadoras,2025-2,80.1,3.0,95.1,2,8.5,12.4,12.2
E05576,Ricardo Ramírez,Base de Datos,2026-1,79.4,0,41.3,3,10.5,7.3,5.1
E05577,Fernanda Chávez,Redes de Computadoras,2026-1,98.9,0.7,82.0,4,20,19.3,19.3
E05578,Daniela Ponce,Redes de Computadoras,2025-2,100,12.1,70.0,3,15.9,11.8,10.5
E05579,Miguel Sánchez,Estructuras de Datos,2025-2,80.0,0,100,3,10.4,10.2,10.0
E05580,Franco López,Lenguajes de Programación,2026-1,85.6,6.1,91.3,2,12.7,14.0,11.5
E05581,Paula Medina,Estructuras de Datos,2026-1,72.7,7.3,70.4,2,15.6,19.1,13.9
E05582,Natalia Ramírez,Lenguajes de Programación,2026-1,82.0,7.4,95.6,4,8.3,9.0,10.2
E05583,Sofía Ponce,Matemática Discreta,2026-1,92.2,8.4,93.0,2,12.9,14.1,13.3
E05584,Emilio Ramírez,Redes de Computadoras,2026-1,69.4,7.1,56.0,2,11.1,6.2,7.1
E05585,Gabriela Rojas,Matemática Discreta,2025-2,61.6,7.2,73.8,3,10.0,9.8,11.8
E05586,Carlos Ponce,Estructuras de Datos,2026-1,83.6,3.4,65.3,1,8.9,9.0,10.1
E05587,Valeria Aguilar,Matemática Discreta,2025-2,34.9,8.6,39.9,4,14.4,13.2,12.1
E05588,Miguel Cruz,Matemática Discreta,2025-2,76.2,10.4,91.7,3,16.3,16.1,16.9
E05589,Julio Cárdenas,Matemática Discreta,2026-1,63.3,11.6,84.8,4,19.3,16.2,19.2
E05590,Rosa García,Matemática Discreta,2026-1,80.2,7.3,86.4,2,20,19.1,19.7
E05591,Paula Herrera,Matemática Discreta,2026-1,100,4.5,58.6,2,13.3,10.5,17.2
E05592,Diego López,Redes de Computadoras,2025-2,55.3,11.5,92.7,3,14.9,13.6,15.4
E05593,Mateo Aguilar,Matemática Discreta,2025-2,100,7.4,75.1,2,9.4,12.6,14.1
E05594,Fabián Torres,Estructuras de Datos,2026-1,58.1,1.7,73.8,3,9.6,8.5,4.7
E05595,Alonso García,Base de Datos,2026-1,78.3,9.9,53.0,3,19.3,17.8,15.9
E05596,Iván Mamani,Base de Datos,2025-2,70.0,9.0,83.8,4,18.4,13.9,20
E05597,Vicente Salazar,Base de Datos,2025-2,55.7,6.1,67.4,5,10.7,13.4,11.4
E05598,Renata Rojas,Lenguajes de Programación,2026-1,74.1,1.0,75.8,1,19.3,20,20
E05599,Isabela Torres,Base de Datos,2025-2,90.5,5.3,90.0,2,11.5,9.4,13.1
E05600,Franco Chávez,Redes de Computadoras,2026-1,62.1,6.1,100,1,15.6,13.6,16.6
E05601,Franco Mamani,Lenguajes de Programación,2025-2,70.7,11.0,72.1,2,13.8,8.5,13.1
E05602,Manuel García,Redes de Computadoras,2025-2,82.4,6.5,74.2,4,16.2,9.4,7.7
E05603,María Medina,Estructuras de Datos,2025-2,79.4,10.9,,3,6.3,10.2,10.3
E05604,Daniela Alva,Redes de Computadoras,2026-1,96.0,10.5,83.3,4,4.2,10.3,7.6
E05605,Mateo Rojas,Redes de Computadoras,2025-2,79.2,0.9,80.7,3,16.0,15.4,18.2
E05606,Lucía Mamani,Estructuras de Datos,2026-1,43.0,0,87.7,2,5.5,6.9,11.5
E05607,Antonella Quispe,Lenguajes de Programación,2026-1,55.3,4.0,86.3,3,9.6,9.5,4.3
E05608,Rodrigo Gutiérrez,Estructuras de Datos,2026-1,,5.1,77.8,4,9.9,14.5,13.0
E05609,Fernanda Palomino,Redes de Computadoras,2026-1,59.0,7.2,80.1,2,11.2,12.7,15.1
E05610,Nicolás Flores,Estructuras de Datos,2026-1,64.0,4.1,54.2,2,10.0,18.8,15.4
E05611,Milagros Cárdenas,Estructuras de Datos,2026-1,82.0,1.0,100,2,10.3,13.3,11.0
E05612,Valeria Rivas,Redes de Computadoras,2026-1,55.8,6.4,72.3,3,18.7,16.5,12.9
E05613,Alonso Ramírez,Estructuras de Datos,2025-2,55.4,7.0,56.6,2,14.5,18.7,13.9
E05614,Valeria Paredes,Matemática Discreta,2026-1,75.5,7.8,76.1,2,10.0,10.7,4.2
E05615,Estefanía Ponce,Estructuras de Datos,2025-2,68.6,3.2,93.1,4,13.4,11.1,6.9
E05616,Natalia Cruz,Lenguajes de Programación,2025-2,84.5,10.3,66.6,3,1.8,9.6,0.6
E05617,Fernanda Rivas,Matemática Discreta,2025-2,56.5,2.1,100,5,9.1,11.1,13.2
E05618,Sebastián Soto,Redes de Computadoras,2025-2,90.6,1.1,51.9,4,17.6,20,20
E05619,Vicente Zapata,Lenguajes de Programación,2026-1,80.9,4.2,84.3,1,18.1,14.8,18.6
E05620,Emilia Rojas,Estructuras de Datos,2025-2,67.9,4.9,62.1,4,17.8,12.9,12.0
E05621,Julio Paredes,Base de Datos,2025-2,73.7,9.0,26.6,2,7.4,12.8,12.1
E05622,Iván Cruz,Lenguajes de Programación,2026-1,60.0,7.6,62.0,5,13.0,10.3,15.5
E05623,Antonella Palomino,Redes de Computadoras,2026-1,67.4,9.9,100,1,7.0,8.4,9.6
E05624,Valeria Chávez,Lenguajes de Programación,2026-1,84.4,7.2,64.3,2,10.5,8.6,9.6
E05625,Fabián Vega,Estructuras de Datos,2026-1,46.8,5.8,56.6,1,17.3,17.1,16.5
E05626,Gabriela Vega,Redes de Computadoras,2026-1,90.6,2.5,93.6,2,12.2,18.2,18.2
E05627,Milagros Torres,Lenguajes de Programación,2026-1,59.8,8.6,100,2,11.1,13.0,15.8
E05628,Gabriela Alva,Matemática Discreta,2026-1,53.7,13.0,87.6,5,9.9,18.2,8.8
E05629,Isabela Torres,Base de Datos,2025-2,47.1,8.2,98.7,5,8.3,11.3,15.3
E05630,Paula Flores,Base de Datos,2026-1,87.4,2.2,44.1,4,12.9,12.4,13.1
E05631,Renata Paredes,Lenguajes de Programación,2025-2,61.0,5.8,54.0,5,5.9,12.1,5.1
E05632,Martina Pérez,Lenguajes de Programación,2025-2,80.2,1.1,100,4,10.4,14.2,10.1
E05633,Carlos Espinoza,Base de Datos,2025-2,62.6,5.2,82.2,4,8.0,7.1,13.1
E05634,María Aguilar,Base de Datos,2026-1,64.7,4.9,96.1,2,8.9,12.8,14.4
E05635,Gabriela Gutiérrez,Matemática Discreta,2025-2,31.1,9.0,83.8,1,20,20,18.5
E05636,Julio Sánchez,Estructuras de Datos,2025-2,55.1,7.8,100,4,16.2,19.3,14.4
E05637,Gabriela Medina,Base de Datos,2025-2,61.6,11.5,62.6,2,10.9,14.1,17.4
E05638,Sebastián Cabrera,Matemática Discreta,2026-1,73.7,7.3,75.4,4,16.6,11.4,8.9
E05639,Paula López,Redes de Computadoras,2026-1,71.3,5.6,42.0,3,13.0,10.6,13.5
E05640,Daniela Salazar,Estructuras de Datos,2026-1,77.2,10.0,,3,11.2,6.2,15.2
E05641,Fernanda Zapata,Matemática Discreta,2026-1,77.6,10.7,100,2,20,12.5,16.1
E05642,Fernanda Espinoza,Base de Datos,2025-2,70.4,6.1,78.4,2,14.3,16.7,15.4
E05643,Andrés Torres,Matemática Discreta,2025-2,74.7,10.2,100,4,10.5,11.2,7.1
E05644,Manuel Cárdenas,Redes de Computadoras,2025-2,44.9,4.4,53.1,3,14.6,12.8,12.2
E05645,Julio Flores,Redes de Computadoras,2026-1,81.4,0,71.1,2,13.0,6.8,3.9
E05646,Vicente Cruz,Estructuras de Datos,2026-1,70.8,3.9,,1,13.1,7.0,12.3
E05647,Iván Herrera,Lenguajes de Programación,2026-1,62.0,8.2,72.7,4,16.3,14.8,15.5
E05648,Isabela Reyes,Redes de Computadoras,2026-1,55.4,7.9,73.1,4,12.1,14.6,16.2
E05649,Andrés Castillo,Redes de Computadoras,2026-1,58.6,0,62.3,4,13.1,9.1,15.1
E05650,Camila Chávez,Estructuras de Datos,2026-1,100,2.6,61.2,1,9.0,4.6,14.1
E05651,Gabriela Medina,Matemática Discreta,2026-1,84.3,9.2,80.8,2,15.3,17.1,10.9
E05652,Valeria Palomino,Estructuras de Datos,2026-1,57.2,5.5,100,3,16.3,15.1,16.1
E05653,María Palomino,Matemática Discreta,2026-1,87.3,4.8,76.7,3,15.8,12.7,9.8
E05654,Isabela Espinoza,Estructuras de Datos,2025-2,44.3,6.7,73.2,3,8.8,7.0,4.1
E05655,Carlos Soto,Lenguajes de Programación,2025-2,85.4,0.8,96.4,4,14.7,11.1,15.6
E05656,Martina Castillo,Base de Datos,2026-1,100,9.9,88.3,5,15.0,16.0,20
E05657,Bruno Soto,Base de Datos,2026-1,82.8,8.4,76.1,3,12.8,15.5,13.3
E05658,Natalia Soto,Base de Datos,2026-1,44.1,3.3,91.9,1,11.9,7.1,10.9
E05659,Carlos López,Lenguajes de Programación,2026-1,63.7,0,69.3,3,17.1,18.7,12.7
E05660,Tomás Rojas,Matemática Discreta,2025-2,77.7,2.8,63.6,4,13.6,14.0,15.5
E05661,Natalia Reyes,Redes de Computadoras,2026-1,68.7,4.9,89.2,3,17.2,17.0,17.5
E05662,Franco Castillo,Redes de Computadoras,2025-2,85.8,9.4,100,3,4.1,10.4,8.7
E05663,Camila Gutiérrez,Matemática Discreta,2025-2,100,11.7,74.5,3,13.4,14.3,16.1
E05664,Alejandra Cárdenas,Lenguajes de Programación,2026-1,100.0,6.5,90.0,4,14.8,12.7,19.8
E05665,Andrés Rivas,Redes de Computadoras,2025-2,82.5,5.0,78.5,2,17.9,12.7,14.1
E05666,Adrián Palomino,Matemática Discreta,2026-1,71.6,6.9,61.5,2,11.7,11.8,14.4
E05667,Daniela Salazar,Matemática Discreta,2026-1,100,5.7,90.1,2,6.8,5.3,1.7
E05668,Estefanía Torres,Lenguajes de Programación,2026-1,53.1,1.6,62.4,2,12.2,8.1,10.6
E05669,Bruno Reyes,Redes de Computadoras,2026-1,83.3,5.7,92.3,3,15.9,16.9,16.9
E05670,Tomás Flores,Base de Datos,2026-1,78.2,1.4,87.9,5,9.1,8.1,11.0
E05671,Iván Pérez,Base de Datos,2026-1,66.9,7.7,66.3,3,14.0,14.4,10.6
E05672,Alonso Reyes,Base de Datos,2025-2,96.6,4.3,72.0,5,11.8,9.0,7.1
E05673,Valeria Mendoza,Lenguajes de Programación,2026-1,25.6,11.1,55.0,4,14.2,12.8,17.1
E05674,Emilia Huamán,Lenguajes de Programación,2026-1,100,9.5,53.0,4,15.0,8.9,12.6
E05675,Milagros Cárdenas,Redes de Computadoras,2026-1,90.3,4.7,81.5,5,4.9,7.9,7.7
E05676,Renata Torres,Lenguajes de Programación,2026-1,82.9,6.7,59.3,2,16.1,8.2,11.2
E05677,Bruno Cruz,Lenguajes de Programación,2025-2,39.8,2.7,45.1,2,10.9,15.6,15.1
E05678,Franco Pérez,Base de Datos,2026-1,86.7,2.6,72.5,3,15.4,15.5,14.6
E05679,Vicente Ramírez,Lenguajes de Programación,2025-2,74.3,7.2,55.4,4,14.9,16.5,11.5
E05680,Fabián Rojas,Base de Datos,2026-1,64.1,9.0,76.5,2,11.0,13.9,15.1
E05681,Milagros García,Base de Datos,2025-2,67.3,8.4,55.3,1,12.4,,13.2
E05682,Alonso Vargas,Base de Datos,2026-1,81.9,2.7,64.6,5,8.9,8.0,13.3
E05683,Zoe Rojas,Estructuras de Datos,2026-1,100,7.3,83.5,5,8.8,12.6,9.7
E05684,Renata Castillo,Matemática Discreta,2025-2,88.0,8.5,81.5,3,4.5,6.7,7.7
E05685,Valeria Ponce,Estructuras de Datos,2026-1,73.9,0,66.3,3,7.7,5.8,7.8
E05686,Vicente Sánchez,Estructuras de Datos,2026-1,70.1,10.0,49.8,4,19.1,14.8,19.1
E05687,Milagros Vargas,Base de Datos,2025-2,81.8,4.6,72.6,1,9.0,9.5,10.6
E05688,Emilia Sánchez,Lenguajes de Programación,2025-2,65.0,9.0,95.4,1,17.8,20.0,20
E05689,Emilio Salazar,Base de Datos,2026-1,61.2,11.9,70.3,1,6.5,3.6,10.0
E05690,Camila Flores,Lenguajes de Programación,2025-2,76.8,5.6,85.7,3,12.0,15.2,10.7
E05691,Paula Huamán,Estructuras de Datos,2025-2,72.7,5.1,48.6,3,13.3,16.3,15.3
E05692,Franco Aguilar,Matemática Discreta,2026-1,55.5,11.8,91.7,1,18.0,12.8,16.2
E05693,Tomás Ponce,Redes de Computadoras,2025-2,59.0,0.2,89.5,3,8.8,6.7,7.8
E05694,Sebastián García,Base de Datos,2026-1,85.8,7.4,55.6,3,14.2,16.3,10.8
E05695,Isabela Salazar,Matemática Discreta,2025-2,84.8,9.3,73.3,2,16.7,20.0,18.4
E05696,Adrián Medina,Base de Datos,2026-1,78.0,3.7,81.7,1,16.9,17.8,20
E05697,Fabián Espinoza,Base de Datos,2026-1,52.7,0,100,2,13.6,8.8,14.9
E05698,Andrés Herrera,Redes de Computadoras,2025-2,99.7,10.9,82.6,2,17.8,13.7,10.9
E05699,Sofía Cruz,Estructuras de Datos,2025-2,88.1,16.1,79.6,2,14.3,16.1,14.8
E05700,Sebastián Medina,Lenguajes de Programación,2025-2,,11.0,88.8,3,8.9,9.3,12.8
E05701,Emilia Huamán,Estructuras de Datos,2025-2,62.0,3.5,92.5,3,14.7,15.8,19.2
E05702,Miguel Palomino,Base de Datos,2026-1,92.1,5.1,54.5,2,12.4,11.7,7.1
E05703,Renata Rivas,Redes de Computadoras,2025-2,96.2,1.9,80.6,2,15.8,17.8,14.7
E05704,Renata Flores,Base de Datos,2026-1,95.7,7.1,,3,10.1,10.7,11.5
E05705,Sebastián Rodríguez,Matemática Discreta,2026-1,66.5,12.2,100,4,13.2,9.4,13.4
E05706,Estefanía Ortiz,Redes de Computadoras,2026-1,53.2,2.1,54.0,2,18.1,20,19.9
E05707,Tomás Palomino,Estructuras de Datos,2025-2,71.0,10.1,88.4,2,19.2,17.3,13.9
E05708,Camila Herrera,Base de Datos,2025-2,100,10.4,81.6,4,12.7,14.6,15.4
E05709,Carlos Ponce,Base de Datos,2025-2,86.8,10.4,59.1,3,15.7,14.0,10.4
E05710,Rodrigo Ortiz,Base de Datos,2026-1,98.9,7.5,73.8,3,18.5,18.9,19.6
E05711,Luis Alva,Lenguajes de Programación,2025-2,91.7,2.7,50.5,1,16.0,15.8,15.9
E05712,Franco Paredes,Lenguajes de Programación,2025-2,53.5,8.0,82.1,2,12.0,17.9,12.6
E05713,Valentina Sánchez,Lenguajes de Programación,2026-1,99.5,6.4,86.3,4,12.3,9.4,12.0
E05714,Ricardo Paredes,Redes de Computadoras,2026-1,60.0,9.6,68.2,1,6.4,10.0,10.9
E05715,Nicolás Rodríguez,Lenguajes de Programación,2025-2,70.6,1.3,78.8,3,10.6,7.0,12.5
E05716,Rosa Medina,Estructuras de Datos,2025-2,90.5,5.4,71.2,3,10.2,7.5,10.4
E05717,Nicolás Mendoza,Redes de Computadoras,2025-2,67.0,1.6,81.5,5,11.7,18.2,16.0
E05718,Bruno Herrera,Base de Datos,2026-1,88.9,6.8,78.6,5,11.6,10.0,12.7
E05719,Valentina Herrera,Lenguajes de Programación,2025-2,80.3,5.5,95.4,4,8.8,10.1,12.6
E05720,Paula Zapata,Estructuras de Datos,2025-2,66.0,4.5,98.9,3,17.3,14.0,11.7
E05721,Martina Ponce,Base de Datos,2025-2,58.1,7.5,58.1,3,15.0,11.2,7.9
E05722,Miguel Alva,Estructuras de Datos,2025-2,61.8,2.9,,3,12.5,13.9,12.9
E05723,Adrián Flores,Estructuras de Datos,2026-1,66.4,7.2,54.1,3,9.8,8.0,8.3
E05724,Natalia Torres,Estructuras de Datos,2025-2,98.3,0.5,87.4,2,6.9,5.7,4.8
E05725,Julio Cabrera,Matemática Discreta,2025-2,61.2,4.2,62.1,3,13.1,17.4,12.8
E05726,Milagros Vargas,Estructuras de Datos,2025-2,88.0,1.1,44.6,4,18.8,17.7,15.0
E05727,Jorge Palomino,Redes de Computadoras,2026-1,45.6,5.0,70.3,2,20,16.1,14.3
E05728,Emilia Rodríguez,Base de Datos,2026-1,81.0,6.0,88.9,1,20,19.4,16.3
E05729,Miguel Rodríguez,Redes de Computadoras,2025-2,66.9,4.9,59.9,2,12.9,15.0,10.4
E05730,Miguel Mendoza,Matemática Discreta,2025-2,78.9,6.2,51.1,3,12.2,9.0,11.2
E05731,Alejandra López,Lenguajes de Programación,2025-2,56.2,5.1,56.3,4,16.2,12.5,14.4
E05732,Franco Rivas,Base de Datos,2025-2,80.5,5.6,84.3,1,20,20,20
E05733,Miguel López,Redes de Computadoras,2026-1,86.8,9.4,100,3,9.2,15.6,12.1
E05734,Fabián Medina,Base de Datos,2025-2,51.1,6.8,82.5,3,11.2,10.7,11.0
E05735,Paula Ramírez,Matemática Discreta,2025-2,68.4,3.3,45.7,2,14.7,12.1,14.8
E05736,Joaquín Chávez,Matemática Discreta,2025-2,76.9,10.1,59.2,3,12.7,13.9,18.5
E05737,Nicolás Alva,Estructuras de Datos,2025-2,52.4,7.1,100,3,16.2,18.1,9.4
E05738,Jorge Palomino,Base de Datos,2025-2,40.3,4.9,100,3,15.9,16.2,16.2
E05739,Adrián Torres,Estructuras de Datos,2026-1,78.6,2.1,50.8,2,17.4,10.3,17.2
E05740,Emilia García,Redes de Computadoras,2026-1,74.4,5.1,86.3,1,18.1,17.4,15.8
E05741,Fabián Huamán,Estructuras de Datos,2025-2,100,8.4,54.4,4,10.9,10.7,13.7
E05742,Gabriela Huamán,Redes de Computadoras,2025-2,65.3,0,53.3,4,20,17.9,20
E05743,Rosa Espinoza,Base de Datos,2025-2,63.8,5.6,55.2,2,14.9,9.5,12.8
E05744,Daniela Soto,Base de Datos,2025-2,93.6,2.9,72.5,1,13.6,,11.9
E05745,Estefanía Medina,Lenguajes de Programación,2026-1,77.2,12.1,100,3,20,17.6,19.4
E05746,Emilia Rivas,Lenguajes de Programación,2025-2,87.1,5.3,70.0,1,11.0,14.0,13.0
E05747,Mateo Aguilar,Lenguajes de Programación,2025-2,79.5,4.7,99.0,2,8.4,6.7,10.8
E05748,Valeria Zapata,Lenguajes de Programación,2026-1,81.0,4.9,63.6,4,13.3,15.4,13.8
E05749,Alonso Aguilar,Redes de Computadoras,2025-2,66.5,8.0,88.7,2,20,20,18.7
E05750,Julio Ponce,Lenguajes de Programación,2026-1,80.0,4.7,80.2,4,8.8,9.3,6.5
E05751,Valeria Zapata,Base de Datos,2025-2,40.6,8.6,81.6,4,20,19.3,20
E05752,Franco Torres,Estructuras de Datos,2026-1,74.9,4.7,75.7,3,10.5,12.1,10.6
E05753,Miguel Torres,Estructuras de Datos,2025-2,77.6,15.1,76.1,4,9.5,7.6,11.5
E05754,Paula Castillo,Redes de Computadoras,2026-1,44.2,7.2,54.7,1,11.5,14.2,12.0
E05755,Franco Cárdenas,Base de Datos,2025-2,75.8,5.4,72.6,4,14.1,13.7,5.9
E05756,Nicolás Zapata,Estructuras de Datos,2025-2,68.2,8.1,94.4,3,10.5,5.5,8.5
E05757,Camila Rodríguez,Redes de Computadoras,2026-1,69.2,12.0,87.7,5,12.7,12.2,9.9
E05758,Emilio Ortiz,Matemática Discreta,2025-2,53.8,4.1,77.7,2,17.8,15.8,20
E05759,Ricardo Flores,Base de Datos,2025-2,89.0,8.7,65.9,4,9.6,11.2,9.3
E05760,Sebastián Torres,Redes de Computadoras,2025-2,100,4.4,53.2,3,13.6,20,15.9
E05761,Diego Chávez,Estructuras de Datos,2025-2,100,2.6,71.0,2,15.3,13.5,17.0
E05762,Emilio Zapata,Base de Datos,2025-2,56.1,6.8,100,1,14.1,13.8,8.8
E05763,Jorge Aguilar,Estructuras de Datos,2026-1,54.9,12.0,73.2,5,10.0,9.8,13.3
E05764,Andrés García,Matemática Discreta,2025-2,92.1,1.2,61.2,2,12.0,9.8,9.1
E05765,Estefanía Cabrera,Lenguajes de Programación,2025-2,67.9,9.1,52.6,3,6.3,6.0,9.2
E05766,Franco Torres,Base de Datos,2025-2,74.5,5.0,47.3,5,10.6,8.7,14.5
E05767,Miguel Cárdenas,Base de Datos,2026-1,80.6,10.5,56.7,1,11.7,15.6,10.5
E05768,Andrés Paredes,Matemática Discreta,2025-2,66.3,6.7,60.0,2,9.0,0,4.0
E05769,Emilia Rojas,Redes de Computadoras,2025-2,72.9,7.4,69.9,1,18.4,19.0,17.8
E05770,Joaquín Cruz,Lenguajes de Programación,2025-2,92.8,3.1,95.6,3,14.9,12.3,13.2
E05771,Franco Reyes,Estructuras de Datos,2025-2,80.9,12.4,75.6,4,7.5,3.5,5.7
E05772,Fabián Paredes,Estructuras de Datos,2025-2,59.5,4.6,45.1,1,11.3,13.8,11.2
E05773,Mateo Quispe,Estructuras de Datos,2025-2,65.6,6.9,71.5,3,7.4,3.9,5.9
E05774,Sebastián Huamán,Estructuras de Datos,2025-2,78.6,10.4,64.0,4,11.3,11.5,9.5
E05775,Daniela Rodríguez,Base de Datos,2025-2,69.5,5.0,64.9,4,15.5,12.3,16.5
E05776,Camila Rivas,Redes de Computadoras,2026-1,,0,45.6,3,17.1,12.7,14.9
E05777,Alonso Rivas,Redes de Computadoras,2026-1,41.2,7.1,46.0,1,6.2,11.6,14.3
E05778,Vicente García,Lenguajes de Programación,2025-2,43.7,5.3,69.8,3,7.8,11.5,9.7
E05779,Jorge Alva,Estructuras de Datos,2026-1,76.3,1.5,72.9,4,17.1,10.1,13.5
E05780,Manuel Quispe,Base de Datos,2025-2,100,5.5,58.5,1,18.8,20,13.7
E05781,Carlos Sánchez,Lenguajes de Programación,2026-1,34.2,8.5,68.2,1,13.4,,12.8
E05782,Rosa Zapata,Estructuras de Datos,2026-1,100,5.7,48.1,2,20,18.3,20
E05783,Manuel Flores,Redes de Computadoras,2026-1,81.7,4.9,73.8,2,10.5,7.6,6.7
E05784,Mateo López,Estructuras de Datos,2026-1,53.2,8.5,76.3,3,6.7,15.7,9.6
E05785,Martina Cabrera,Base de Datos,2025-2,51.7,3.9,77.0,3,11.0,9.8,7.6
E05786,Camila Huamán,Redes de Computadoras,2026-1,86.1,6.4,46.2,4,11.8,13.0,16.4
E05787,Bruno Mendoza,Matemática Discreta,2026-1,42.3,3.2,53.1,4,11.1,9.4,15.3
E05788,Renata Cruz,Lenguajes de Programación,2025-2,91.9,9.2,57.7,2,15.2,12.5,12.7
E05789,Camila Vega,Base de Datos,2026-1,58.5,5.4,47.1,4,8.5,8.5,4.8
E05790,Ana Cárdenas,Lenguajes de Programación,2025-2,75.2,4.5,91.3,4,16.8,20,16.7
E05791,Rodrigo Sánchez,Redes de Computadoras,2026-1,68.6,3.1,71.2,5,15.2,17.1,15.1
E05792,Julio Zapata,Redes de Computadoras,2025-2,83.3,9.9,72.0,3,13.4,17.6,15.5
E05793,Paula Palomino,Redes de Computadoras,2026-1,75.5,10.0,79.8,3,15.6,14.9,13.1
E05794,Valeria Delgado,Base de Datos,2026-1,96.6,7.2,83.1,4,15.4,13.7,11.3
E05795,Valentina Ramírez,Matemática Discreta,2025-2,70.5,7.6,43.7,4,18.2,16.3,18.2
E05796,Nicolás Herrera,Lenguajes de Programación,2025-2,100,7.5,80.9,4,12.4,14.1,12.2
E05797,Rodrigo Mamani,Estructuras de Datos,2025-2,60.5,5.5,71.0,4,11.6,15.2,11.9
E05798,Bruno Ramírez,Lenguajes de Programación,2026-1,81.3,5.3,86.8,3,3.1,3.5,8.9
E05799,Mateo Torres,Lenguajes de Programación,2025-2,86.9,5.4,85.2,4,11.6,9.6,5.8
E05800,Ricardo Mamani,Lenguajes de Programación,2025-2,56.2,8.7,54.0,3,7.1,4.5,11.2
E05801,Emilio Mendoza,Lenguajes de Programación,2025-2,64.6,5.8,49.7,3,14.6,11.6,11.1
E05802,Lucía Rodríguez,Estructuras de Datos,2026-1,62.0,0,78.8,3,16.5,13.4,15.7
E05803,Ana Cárdenas,Lenguajes de Programación,2026-1,62.7,5.8,81.9,2,13.2,15.2,15.1
E05804,Julio Palomino,Matemática Discreta,2025-2,100,5.9,54.6,2,11.4,15.1,17.4
E05805,Zoe Quispe,Lenguajes de Programación,2025-2,48.6,3.8,76.8,4,16.0,12.4,16.2
E05806,Ricardo Cabrera,Base de Datos,2025-2,77.6,5.5,62.5,5,10.4,7.3,11.9
E05807,Antonella Flores,Base de Datos,2026-1,81.4,5.9,86.0,4,20,20,19.0
E05808,Camila Ortiz,Estructuras de Datos,2026-1,63.8,3.0,100,2,13.5,14.5,14.1
E05809,María Delgado,Estructuras de Datos,2026-1,81.2,3.1,97.2,2,11.7,14.6,7.6
E05810,Sofía Vega,Base de Datos,2025-2,40.0,4.7,38.1,4,13.9,14.3,14.5
E05811,María Cárdenas,Matemática Discreta,2026-1,60.8,7.4,72.7,4,15.7,19.1,13.0
E05812,Rosa Aguilar,Matemática Discreta,2025-2,76.9,5.6,49.1,3,14.7,18.7,13.4
E05813,Adrián Gutiérrez,Lenguajes de Programación,2026-1,51.1,3.2,92.6,5,20,16.5,19.4
E05814,Miguel Aguilar,Base de Datos,2025-2,61.9,10.3,75.9,3,11.7,8.7,15.7
E05815,Luis Ramírez,Lenguajes de Programación,2025-2,82.8,5.9,76.3,2,12.5,9.8,10.1
E05816,Natalia Vargas,Redes de Computadoras,2025-2,76.7,9.8,99.7,3,10.8,8.8,13.4
E05817,Andrés Soto,Lenguajes de Programación,2026-1,80.6,1.8,82.1,3,20,13.8,15.9
E05818,Diego Ortiz,Matemática Discreta,2026-1,80.6,7.5,55.9,5,10.4,7.9,15.2
E05819,Jorge Ponce,Matemática Discreta,2025-2,71.2,3.6,100,3,12.3,11.4,9.5
E05820,Fabián Aguilar,Redes de Computadoras,2026-1,67.4,8.3,100,1,9.4,3.6,8.9
E05821,Fabián Medina,Matemática Discreta,2025-2,90.1,11.7,100,2,6.9,5.3,3.5
E05822,Milagros Delgado,Redes de Computadoras,2026-1,75.6,2.6,90.5,4,6.4,8.3,10.6
E05823,Daniela Cabrera,Base de Datos,2026-1,83.5,5.3,100,1,9.2,11.8,7.2
E05824,Mateo Cárdenas,Base de Datos,2026-1,49.4,3.1,73.1,3,10.7,9.7,10.6
E05825,Manuel Delgado,Redes de Computadoras,2025-2,51.7,8.3,100,3,16.1,9.9,11.6
E05826,Daniela Rojas,Base de Datos,2026-1,82.5,4.3,88.4,4,16.2,12.0,14.7
E05827,Martina Aguilar,Estructuras de Datos,2025-2,73.6,6.7,54.7,2,16.3,14.9,12.3
E05828,Andrés Medina,Redes de Computadoras,2025-2,42.4,5.0,66.0,3,18.4,19.6,20
E05829,Zoe Ponce,Lenguajes de Programación,2026-1,94.9,0.2,75.6,1,15.7,16.9,18.4
E05830,Ricardo Gutiérrez,Matemática Discreta,2026-1,93.6,0,65.0,4,12.7,14.7,17.3
E05831,Julio Espinoza,Base de Datos,2025-2,65.2,3.5,68.9,3,8.5,14.1,8.9
E05832,Mateo Rojas,Lenguajes de Programación,2025-2,70.3,10.0,94.7,4,17.1,14.0,11.6
E05833,Zoe Medina,Redes de Computadoras,2025-2,72.4,6.1,89.4,3,14.4,12.9,13.6
E05834,Estefanía García,Redes de Computadoras,2025-2,85.9,9.9,88.2,3,20,18.5,20
E05835,Alonso Paredes,Base de Datos,2025-2,82.1,5.0,78.9,2,7.6,9.9,11.7
E05836,Fernanda Ponce,Base de Datos,2025-2,80.4,5.6,83.2,4,9.2,14.3,9.8
E05837,Ricardo Vargas,Matemática Discreta,2025-2,61.8,3.2,88.9,4,20,19.0,19.1
E05838,Ricardo Rodríguez,Base de Datos,2025-2,68.6,0.4,10.7,5,13.6,8.6,13.2
E05839,Tomás Cárdenas,Redes de Computadoras,2026-1,100,10.4,72.0,2,19.2,15.8,15.4
E05840,Bruno Cabrera,Matemática Discreta,2026-1,84.7,10.3,55.0,2,14.2,17.5,16.3
E05841,Lucía Ponce,Base de Datos,2026-1,98.1,1.7,100,3,12.9,10.1,10.6
E05842,Tomás Vega,Lenguajes de Programación,2026-1,39.1,5.5,87.9,3,10.9,17.6,14.6
E05843,Andrés Medina,Redes de Computadoras,2026-1,78.3,8.1,89.9,2,5.9,3.2,6.3
E05844,Fabián Alva,Redes de Computadoras,2026-1,74.6,9.8,100,4,5.7,10.9,8.0
E05845,Tomás Flores,Redes de Computadoras,2026-1,100,6.2,82.5,4,16.6,17.6,15.6
E05846,Ximena Vega,Lenguajes de Programación,2026-1,77.1,8.8,65.1,4,10.4,16.7,8.7
E05847,Mateo Castillo,Matemática Discreta,2026-1,74.7,6.8,89.9,3,9.7,8.6,9.5
E05848,Natalia Mamani,Estructuras de Datos,2025-2,89.6,0,100,2,17.7,15.0,15.5
E05849,Andrés Ortiz,Estructuras de Datos,2025-2,77.5,4.4,81.0,3,20,19.9,14.1
E05850,Alejandra Herrera,Redes de Computadoras,2026-1,92.8,6.9,67.5,3,13.7,6.3,9.0
E05851,Emilio Ramírez,Matemática Discreta,2025-2,87.3,1.2,78.4,4,11.9,10.8,13.8
E05852,Estefanía Zapata,Redes de Computadoras,2025-2,92.4,10.2,57.3,5,7.7,6.7,10.9
E05853,Andrés López,Matemática Discreta,2026-1,81.2,7.1,40.5,4,13.9,9.3,14.1
E05854,Emilia Vega,Estructuras de Datos,2025-2,66.7,5.6,100,3,12.1,11.3,15.4
E05855,Rosa Mamani,Base de Datos,2025-2,,6.1,34.0,4,20,17.8,20
E05856,Martina Paredes,Redes de Computadoras,2025-2,74.1,9.8,74.4,2,6.5,6.4,14.5
E05857,Ricardo Sánchez,Matemática Discreta,2025-2,72.6,10.9,85.3,2,10.1,13.2,10.1
E05858,Natalia Chávez,Base de Datos,2025-2,55.4,8.5,85.3,2,13.0,11.6,9.0
E05859,Zoe Cruz,Base de Datos,2025-2,45.5,6.3,74.3,1,14.0,13.3,9.5
E05860,Valeria Soto,Estructuras de Datos,2026-1,50.1,2.2,60.8,3,11.1,14.7,15.9
E05861,Paula Salazar,Redes de Computadoras,2026-1,85.2,4.5,76.4,5,16.3,16.7,17.9
E05862,Ana Vargas,Redes de Computadoras,2026-1,87.3,0,45.8,5,14.8,11.9,16.3
E05863,Miguel Pérez,Base de Datos,2025-2,65.2,0.8,100,3,16.0,11.2,12.8
E05864,Diego Rivas,Lenguajes de Programación,2026-1,72.5,3.9,100,4,17.6,15.2,20
E05865,Emilia Huamán,Matemática Discreta,2025-2,72.5,2.3,81.8,4,16.6,18.2,17.7
E05866,Antonella Flores,Base de Datos,2026-1,47.4,4.9,63.4,2,12.0,14.4,13.3
E05867,Adrián Herrera,Matemática Discreta,2025-2,65.5,9.0,37.2,2,16.7,18.8,20
E05868,Jorge Cárdenas,Base de Datos,2025-2,68.7,5.3,100,2,8.3,7.0,11.0
E05869,Ana Gutiérrez,Estructuras de Datos,2026-1,75.6,3.1,100,2,10.8,12.3,12.9
E05870,Tomás Huamán,Lenguajes de Programación,2026-1,61.2,8.6,76.0,3,10.1,14.6,12.0
E05871,Miguel Herrera,Base de Datos,2026-1,92.5,2.6,39.4,1,19.2,15.6,14.2
E05872,Joaquín Alva,Base de Datos,2025-2,100,4.3,63.1,2,11.5,14.5,12.4
E05873,Sofía Castillo,Lenguajes de Programación,2026-1,82.1,5.1,69.2,4,13.7,18.4,18.0
E05874,Rosa Mamani,Lenguajes de Programación,2025-2,59.6,6.9,75.3,2,16.0,17.6,12.8
E05875,Iván Mamani,Estructuras de Datos,2026-1,75.7,5.5,75.9,5,1.6,4.1,6.4
E05876,Emilio Palomino,Redes de Computadoras,2026-1,,3.1,48.4,4,9.9,12.9,10.6
E05877,Carlos Castillo,Lenguajes de Programación,2026-1,83.1,0.8,82.0,4,20,15.4,19.1
E05878,Ximena Cárdenas,Estructuras de Datos,2025-2,55.3,5.8,62.9,3,7.7,13.0,5.3
E05879,Andrés Alva,Lenguajes de Programación,2026-1,49.3,3.3,84.1,2,12.6,12.3,10.2
E05880,Emilia Aguilar,Estructuras de Datos,2026-1,45.1,11.7,62.5,3,6.6,6.6,7.4
E05881,Daniela Gutiérrez,Estructuras de Datos,2026-1,49.3,5.1,66.2,2,15.0,15.9,17.1
E05882,Nicolás Mendoza,Redes de Computadoras,2025-2,56.4,14.6,66.2,3,18.6,19.5,20
E05883,Jorge Zapata,Matemática Discreta,2026-1,79.2,12.2,79.6,4,18.1,17.9,19.4
E05884,Carlos Reyes,Redes de Computadoras,2025-2,53.8,7.4,58.0,2,13.8,14.2,15.1
E05885,Alejandra Quispe,Base de Datos,2025-2,71.8,6.6,38.6,3,10.9,13.0,9.1
E05886,Bruno Rodríguez,Redes de Computadoras,2026-1,68.2,2.7,86.7,4,5.6,11.8,12.6
E05887,Adrián Paredes,Estructuras de Datos,2026-1,47.5,8.4,100,4,17.8,11.6,12.0
E05888,Adrián Quispe,Redes de Computadoras,2025-2,83.9,0.6,79.3,4,17.5,16.4,15.0
E05889,Valeria Salazar,Base de Datos,2026-1,52.1,8.2,50.0,2,13.5,10.4,13.6
E05890,Joaquín Torres,Redes de Computadoras,2025-2,58.4,0.3,79.1,4,14.4,10.2,10.5
E05891,Rosa Delgado,Base de Datos,2025-2,65.7,7.2,60.6,5,17.0,15.9,17.5
E05892,Carlos Medina,Lenguajes de Programación,2026-1,73.4,7.1,80.5,2,9.8,5.6,9.5
E05893,Andrés Rodríguez,Base de Datos,2025-2,48.5,4.8,38.5,2,18.6,15.0,17.3
E05894,Alonso Gutiérrez,Base de Datos,2026-1,100,0,58.6,2,10.5,8.8,9.4
E05895,Alonso Flores,Estructuras de Datos,2025-2,55.6,1.8,56.6,2,17.3,17.5,12.5
E05896,Ximena Palomino,Base de Datos,2026-1,89.1,2.4,50.8,4,6.2,11.3,10.5
E05897,Alonso Ponce,Redes de Computadoras,2026-1,76.4,6.2,83.7,3,13.7,14.5,12.6
E05898,María Rivas,Estructuras de Datos,2025-2,64.5,1.3,65.4,1,17.6,18.7,17.9
E05899,Miguel Pérez,Matemática Discreta,2025-2,25.8,3.9,88.4,3,15.1,18.8,16.4
E05900,Estefanía Alva,Lenguajes de Programación,2026-1,100,8.8,73.0,1,15.4,13.5,20
E05901,Manuel Cruz,Estructuras de Datos,2025-2,71.7,8.5,98.7,2,13.8,11.3,15.7
E05902,Vicente Palomino,Lenguajes de Programación,2025-2,52.4,5.0,100,4,7.0,6.7,10.4
E05903,Isabela Vargas,Matemática Discreta,2025-2,77.4,9.3,91.0,5,1.8,7.1,4.5
E05904,Renata Espinoza,Base de Datos,2025-2,94.7,13.4,68.0,2,8.3,8.9,8.7
E05905,Alonso Flores,Lenguajes de Programación,2026-1,96.5,4.9,100,4,14.7,8.3,12.7
E05906,Alejandra Reyes,Lenguajes de Programación,2025-2,78.2,5.8,95.2,3,6.4,13.5,11.5
E05907,Sofía López,Matemática Discreta,2025-2,80.9,7.0,58.2,3,16.1,13.5,14.6
E05908,Franco Pérez,Lenguajes de Programación,2025-2,60.9,4.5,90.6,3,16.2,10.7,18.8
E05909,Tomás López,Estructuras de Datos,2025-2,93.0,10.7,100,2,10.2,14.2,20
E05910,Renata Aguilar,Matemática Discreta,2026-1,85.9,11.5,77.3,3,15.5,14.5,13.9
E05911,Martina Flores,Lenguajes de Programación,2026-1,64.4,5.4,73.5,5,8.9,12.1,10.5
E05912,Antonella Rojas,Redes de Computadoras,2026-1,62.3,7.5,65.4,3,11.0,8.4,14.4
E05913,Fabián Castillo,Redes de Computadoras,2026-1,72.3,6.8,57.0,4,11.3,9.2,9.8
E05914,Emilio Sánchez,Base de Datos,2025-2,57.5,2.6,85.0,3,20,14.2,11.2
E05915,Fabián Espinoza,Base de Datos,2026-1,77.5,2.9,99.2,3,5.0,5.8,7.4
E05916,Manuel Chávez,Lenguajes de Programación,2025-2,52.4,0.6,62.0,3,10.9,12.6,8.5
E05917,Lucía Rojas,Redes de Computadoras,2026-1,78.5,2.2,82.5,2,16.5,14.6,13.1
E05918,Antonella Reyes,Estructuras de Datos,2026-1,73.0,7.5,50.5,5,12.8,7.8,13.4
E05919,Lucía Ramírez,Estructuras de Datos,2026-1,46.7,1.4,45.0,4,10.3,13.9,10.4
E05920,Nicolás Rivas,Redes de Computadoras,2025-2,57.5,11.7,75.4,3,8.6,12.0,13.1
E05921,Renata Huamán,Base de Datos,2025-2,82.3,12.0,77.6,3,14.9,18.4,20
E05922,Renata Cabrera,Matemática Discreta,2025-2,91.3,4.4,62.9,2,13.2,13.4,18.8
E05923,Sofía Chávez,Lenguajes de Programación,2026-1,65.6,3.0,100,2,8.7,14.8,12.3
E05924,Luis Reyes,Redes de Computadoras,2026-1,86.1,4.5,69.3,2,7.8,8.4,12.8
E05925,Antonella Soto,Estructuras de Datos,2026-1,63.7,2.5,56.7,3,15.7,18.1,20
E05926,Zoe Castillo,Lenguajes de Programación,2025-2,89.5,7.5,73.6,2,9.3,12.9,9.5
E05927,Sebastián Ponce,Base de Datos,2026-1,72.9,3.6,72.0,4,12.0,14.0,15.1
E05928,Emilio Huamán,Redes de Computadoras,2025-2,59.3,5.9,66.6,3,18.2,18.5,14.3
E05929,Emilio Delgado,Base de Datos,2026-1,92.5,8.2,53.6,2,8.3,9.0,12.0
E05930,Zoe Vargas,Base de Datos,2026-1,96.7,1.0,86.8,3,3.4,7.6,5.6
E05931,Fernanda Mamani,Lenguajes de Programación,2025-2,41.7,3.8,74.5,3,16.5,16.1,15.5
E05932,Vicente Cruz,Estructuras de Datos,2026-1,76.9,1.7,47.6,3,10.4,15.9,14.8
E05933,Emilio Rivas,Lenguajes de Programación,2026-1,69.2,3.4,41.5,3,12.9,13.8,10.7
E05934,Fabián Mendoza,Redes de Computadoras,2026-1,100,6.4,67.2,5,9.6,5.2,5.8
E05935,Adrián Cabrera,Redes de Computadoras,2025-2,86.5,10.0,92.0,4,19.2,16.6,15.9
E05936,Joaquín Cabrera,Redes de Computadoras,2025-2,40.7,0,75.5,4,4.9,11.7,10.3
E05937,Martina Vega,Base de Datos,2026-1,61.4,6.2,83.8,5,10.5,11.6,13.3
E05938,Sebastián Mamani,Base de Datos,2025-2,88.1,5.3,74.6,3,15.1,10.2,9.7
E05939,Alonso Delgado,Estructuras de Datos,2025-2,61.1,11.3,81.1,3,17.0,9.6,11.3
E05940,Julio Huamán,Redes de Computadoras,2025-2,59.5,2.8,78.7,2,6.9,1.9,7.6
E05941,Milagros Rojas,Base de Datos,2026-1,68.5,8.5,63.4,1,20,20,19.4
E05942,Emilio Cruz,Matemática Discreta,2025-2,94.2,2.6,61.5,3,13.6,18.7,16.2
E05943,Milagros Rojas,Matemática Discreta,2025-2,100,8.2,81.9,3,10.5,12.6,12.6
E05944,Antonella Medina,Base de Datos,2025-2,86.1,4.5,92.6,2,7.6,9.2,10.9
E05945,Luis Castillo,Base de Datos,2025-2,81.5,7.0,75.2,3,17.6,14.2,17.9
E05946,Estefanía Alva,Redes de Computadoras,2025-2,84.6,2.1,91.2,3,13.3,14.1,17.5
E05947,Diego Salazar,Lenguajes de Programación,2026-1,77.1,8.6,99.7,3,18.1,15.8,17.4
E05948,Andrés Zapata,Matemática Discreta,2026-1,76.6,14.4,83.8,4,10.0,12.1,11.1
E05949,Milagros Pérez,Lenguajes de Programación,2025-2,69.3,7.8,94.7,2,17.1,19.4,16.5
E05950,Antonella Espinoza,Redes de Computadoras,2026-1,94.6,2.7,89.6,3,18.1,19.0,17.0
E05951,Julio Palomino,Redes de Computadoras,2025-2,79.9,5.6,73.5,2,13.4,14.1,9.2
E05952,Valentina Delgado,Redes de Computadoras,2025-2,96.0,3.1,70.1,3,15.2,11.4,15.8
E05953,Lucía Paredes,Matemática Discreta,2025-2,77.8,7.7,67.3,2,15.2,15.9,16.6
E05954,Joaquín Delgado,Lenguajes de Programación,2026-1,83.8,11.0,54.4,3,20,17.8,18.5
E05955,Zoe Reyes,Estructuras de Datos,2026-1,87.9,8.5,54.0,4,13.9,7.4,17.6
E05956,Miguel Ortiz,Lenguajes de Programación,2025-2,66.2,2.0,60.0,3,9.8,9.9,14.1
E05957,Emilio Medina,Redes de Computadoras,2026-1,79.0,4.4,36.1,3,8.7,7.9,8.3
E05958,Rodrigo Mendoza,Redes de Computadoras,2025-2,55.7,16.3,84.3,3,13.2,11.0,12.7
E05959,Joaquín Alva,Base de Datos,2026-1,100,9.1,30.0,1,8.6,6.4,6.9
E05960,Estefanía Mamani,Matemática Discreta,2026-1,63.1,6.3,77.0,2,15.5,16.0,16.0
E05961,Isabela Mamani,Estructuras de Datos,2026-1,65.1,5.0,83.0,1,16.9,17.0,7.5
E05962,Daniela Medina,Matemática Discreta,2025-2,47.0,4.2,54.4,1,10.4,9.0,12.1
E05963,Daniela Zapata,Lenguajes de Programación,2025-2,66.4,0.5,54.9,2,17.1,18.5,17.4
E05964,Emilia Castillo,Redes de Computadoras,2026-1,60.9,9.9,71.9,4,10.6,16.7,12.8
E05965,Bruno Salazar,Redes de Computadoras,2026-1,91.2,0,58.0,1,16.0,15.9,14.7
E05966,Gabriela Zapata,Matemática Discreta,2025-2,61.6,1.5,82.3,4,16.7,17.0,19.8
E05967,Sofía Zapata,Estructuras de Datos,2026-1,99.1,9.2,77.7,2,12.5,12.3,17.5
E05968,Isabela Medina,Base de Datos,2025-2,75.0,7.4,69.8,4,18.4,12.2,13.2
E05969,Mateo Rodríguez,Lenguajes de Programación,2026-1,56.8,5.9,84.5,3,12.5,11.8,11.9
E05970,Emilio Castillo,Estructuras de Datos,2026-1,67.5,4.4,100,3,12.1,12.2,10.2
E05971,Bruno Reyes,Lenguajes de Programación,2026-1,78.8,7.0,75.0,3,6.2,5.7,14.0
E05972,Martina Ramírez,Lenguajes de Programación,2026-1,47.9,2.9,62.2,5,15.2,16.2,17.0
E05973,Ana Vega,Estructuras de Datos,2026-1,78.8,3.7,82.4,3,7.9,8.7,10.7
E05974,María Ponce,Base de Datos,2025-2,93.5,3.0,43.9,4,12.4,12.6,12.1
E05975,Adrián Ortiz,Matemática Discreta,2025-2,63.0,12.0,87.9,4,13.5,14.8,14.3
E05976,Zoe Castillo,Lenguajes de Programación,2026-1,96.1,4.6,56.0,2,20,13.4,15.3
E05977,Mateo Cabrera,Matemática Discreta,2026-1,94.0,4.0,94.5,2,11.0,11.8,9.8
E05978,Ricardo Castillo,Lenguajes de Programación,2025-2,85.7,3.6,100,4,13.4,11.4,8.6
E05979,Jorge Rojas,Matemática Discreta,2026-1,84.6,4.4,61.9,3,9.4,13.0,14.6
E05980,Daniela Ponce,Redes de Computadoras,2026-1,54.3,2.2,80.8,2,15.2,10.1,4.4
E05981,Miguel Cabrera,Redes de Computadoras,2026-1,79.2,7.8,20.2,2,7.4,,7.0
E05982,Lucía López,Matemática Discreta,2025-2,87.2,0,80.6,4,8.9,8.6,9.5
E05983,Diego Ortiz,Redes de Computadoras,2025-2,70.3,5.2,100,4,16.3,17.1,14.6
E05984,Joaquín Cárdenas,Matemática Discreta,2025-2,86.2,6.6,100,5,13.4,13.8,14.7
E05985,Martina Paredes,Lenguajes de Programación,2026-1,37.6,2.4,71.3,1,16.0,17.6,12.5
E05986,Luis Cárdenas,Estructuras de Datos,2026-1,50.9,4.0,70.8,5,11.5,12.1,12.1
E05987,Isabela Alva,Redes de Computadoras,2025-2,75.2,7.5,47.7,5,12.4,16.0,12.5
E05988,Franco Huamán,Estructuras de Datos,2025-2,68.6,9.1,64.5,3,16.3,20,19.3
E05989,Ricardo Reyes,Estructuras de Datos,2025-2,61.5,1.4,39.4,4,14.7,13.1,13.4
E05990,Estefanía Delgado,Base de Datos,2025-2,59.3,2.1,92.9,5,10.4,12.4,10.8
E05991,Paula Soto,Lenguajes de Programación,2025-2,69.5,4.3,67.9,2,14.7,11.4,12.7
E05992,Joaquín Rivas,Base de Datos,2026-1,100,11.7,56.9,5,20,17.8,15.4
E05993,Daniela Chávez,Base de Datos,2025-2,74.1,10.7,75.8,3,12.2,6.0,14.2
E05994,Bruno Herrera,Matemática Discreta,2026-1,100,6.6,92.5,2,4.8,5.5,5.7
E05995,Ana Mendoza,Redes de Computadoras,2025-2,80.6,6.6,67.8,2,19.0,20,19.6
E05996,Ricardo Huamán,Base de Datos,2026-1,78.6,3.8,74.7,4,11.5,8.3,10.1
E05997,Valeria Aguilar,Lenguajes de Programación,2025-2,63.7,7.7,61.8,5,13.9,8.7,15.5
E05998,Ricardo Pérez,Matemática Discreta,2026-1,98.0,11.0,86.5,2,6.5,9.2,13.3
E05999,Manuel Vargas,Base de Datos,2026-1,96.0,8.1,,4,15.2,12.5,14.1
E06000,Bruno Espinoza,Lenguajes de Programación,2026-1,59.2,7.9,60.2,3,14.6,13.6,15.0
E06001,Isabela Rivas,Base de Datos,2025-2,98.7,5.2,93.4,2,17.9,,15.9
E06002,Ricardo Rojas,Matemática Discreta,2026-1,59.2,2.3,58.9,3,14.4,6.7,10.1
E06003,Valentina García,Matemática Discreta,2026-1,71.6,3.1,73.4,4,19.7,20,16.0
E06004,Mateo Espinoza,Base de Datos,2025-2,72.8,2.9,59.0,2,14.7,12.7,11.5
E06005,Sebastián Paredes,Lenguajes de Programación,2026-1,98.1,12.7,100,4,20,20,20
E06006,Gabriela Pérez,Redes de Computadoras,2025-2,99.0,4.3,99.0,1,20,17.9,19.3
E06007,Iván Cárdenas,Lenguajes de Programación,2025-2,92.8,8.1,56.7,2,7.9,6.7,7.1
E06008,Julio Soto,Base de Datos,2026-1,83.2,10.9,99.3,2,15.5,16.0,15.3
E06009,Diego Espinoza,Matemática Discreta,2025-2,48.3,3.2,69.7,1,15.6,8.3,17.0
E06010,María Cabrera,Matemática Discreta,2025-2,100,7.8,83.1,3,20,20,20
E06011,Antonella Rivas,Base de Datos,2026-1,50.0,3.0,100,4,12.8,,11.8
E06012,Julio Vargas,Matemática Discreta,2025-2,67.9,2.8,66.1,2,8.5,10.5,3.2
E06013,Andrés Paredes,Redes de Computadoras,2026-1,39.0,0,76.9,3,6.7,8.5,10.6
E06014,Fernanda Zapata,Base de Datos,2025-2,57.1,8.2,66.6,2,8.1,10.0,13.8
E06015,Bruno Sánchez,Base de Datos,2026-1,61.8,9.1,73.7,2,6.4,10.6,11.7
E06016,Camila Cárdenas,Redes de Computadoras,2026-1,88.6,9.1,75.1,2,13.8,13.1,10.1
E06017,Zoe Mamani,Base de Datos,2026-1,,7.0,80.2,5,7.4,9.5,10.9
E06018,Milagros Reyes,Base de Datos,2025-2,57.6,7.7,73.8,2,14.4,19.5,18.6
E06019,Alejandra Aguilar,Matemática Discreta,2025-2,69.6,6.3,70.2,3,17.5,13.6,14.0
E06020,Camila Rivas,Estructuras de Datos,2026-1,74.1,6.9,84.6,2,11.3,8.8,12.9
E06021,Antonella Reyes,Base de Datos,2025-2,57.5,6.1,91.0,5,20,13.4,15.1
E06022,Ana Paredes,Matemática Discreta,2025-2,58.1,5.8,88.3,4,10.5,10.4,12.8
E06023,Rosa Vega,Base de Datos,2025-2,58.4,4.5,57.4,4,10.4,6.4,11.6
E06024,María Chávez,Estructuras de Datos,2025-2,65.2,5.8,38.9,2,11.1,9.4,7.8
E06025,Martina Espinoza,Matemática Discreta,2026-1,85.3,4.8,54.1,2,10.9,10.5,10.7
E06026,Martina Soto,Base de Datos,2026-1,74.6,6.7,73.6,3,16.7,14.3,17.6
E06027,Luis Rodríguez,Base de Datos,2025-2,66.0,4.4,80.0,3,20,20,13.3
E06028,Mateo Palomino,Lenguajes de Programación,2026-1,79.1,2.0,81.0,5,11.6,11.3,9.4
E06029,Valentina Castillo,Base de Datos,2026-1,83.6,6.0,59.6,4,10.9,7.1,12.5
E06030,Bruno Reyes,Matemática Discreta,2025-2,69.3,3.9,67.9,1,13.5,9.4,12.5
E06031,Paula Vargas,Estructuras de Datos,2025-2,51.5,6.0,58.3,5,11.8,10.1,9.1
E06032,Lucía Delgado,Matemática Discreta,2026-1,94.8,6.3,100,3,0,3.5,6.5
E06033,Nicolás Ramírez,Lenguajes de Programación,2025-2,64.4,6.4,66.9,2,9.4,,8.6
E06034,Carlos Aguilar,Estructuras de Datos,2025-2,93.1,10.8,70.2,1,13.3,17.8,13.6
E06035,Alonso Cabrera,Redes de Computadoras,2025-2,71.3,0,58.0,4,20,17.9,17.3
E06036,Andrés Huamán,Lenguajes de Programación,2025-2,70.2,9.9,100,5,15.0,13.8,13.4
E06037,Camila Ramírez,Base de Datos,2026-1,89.0,9.0,65.9,3,15.1,16.6,14.6
E06038,Emilia Alva,Estructuras de Datos,2025-2,58.4,5.4,67.4,2,16.8,15.1,20
E06039,Milagros Reyes,Redes de Computadoras,2025-2,90.7,7.8,88.1,4,16.3,18.5,12.6
E06040,Valentina Flores,Base de Datos,2025-2,73.0,3.2,77.3,4,17.2,13.7,16.3
E06041,Luis Huamán,Matemática Discreta,2026-1,60.8,9.0,32.4,4,11.1,19.4,20
E06042,Valentina Soto,Matemática Discreta,2026-1,65.3,6.2,100,1,13.2,15.4,19.5
E06043,Alonso Pérez,Estructuras de Datos,2025-2,85.0,10.2,71.6,3,13.4,12.6,14.0
E06044,Rosa Ponce,Redes de Computadoras,2026-1,97.7,3.6,69.2,2,7.7,10.1,10.4
E06045,Rosa Castillo,Redes de Computadoras,2025-2,96.7,8.1,90.6,4,16.7,15.0,16.4
E06046,Tomás Paredes,Matemática Discreta,2026-1,100,8.1,72.4,3,14.0,14.1,14.6
E06047,Rosa Castillo,Matemática Discreta,2025-2,83.5,3.1,54.5,3,8.9,12.5,14.7
E06048,Ricardo Alva,Base de Datos,2025-2,72.2,2.1,100,3,6.8,8.4,6.5
E06049,Miguel Palomino,Matemática Discreta,2026-1,68.8,10.9,87.3,2,9.7,11.7,15.3
E06050,Diego Paredes,Redes de Computadoras,2026-1,71.2,2.2,100,3,18.4,18.1,20
E06051,Iván García,Matemática Discreta,2026-1,80.6,3.4,61.2,2,20,18.9,19.2
E06052,Sebastián Ortiz,Matemática Discreta,2026-1,43.0,7.2,52.4,5,20,8.8,12.4
E06053,María Castillo,Redes de Computadoras,2025-2,68.8,11.3,100,5,10.9,12.6,7.9
E06054,Tomás Herrera,Lenguajes de Programación,2026-1,100,8.1,84.9,3,13.6,18.5,12.2
E06055,Emilio Cruz,Base de Datos,2026-1,77.6,2.8,53.1,1,15.4,15.3,14.7
E06056,Carlos Medina,Lenguajes de Programación,2025-2,89.9,8.4,77.1,2,15.7,16.0,12.1
E06057,Sofía Ortiz,Lenguajes de Programación,2025-2,59.6,5.2,73.2,2,12.5,17.3,14.3
E06058,Diego Paredes,Redes de Computadoras,2025-2,82.9,8.1,81.4,3,12.6,12.4,17.3
E06059,Franco Salazar,Redes de Computadoras,2026-1,64.8,8.1,79.3,2,14.7,15.4,15.5
E06060,Luis Soto,Lenguajes de Programación,2026-1,73.4,4.9,71.7,5,3.9,1.4,5.5
E06061,Vicente Cárdenas,Base de Datos,2025-2,56.7,9.1,69.1,2,14.6,12.1,10.5
E06062,Manuel Mamani,Redes de Computadoras,2025-2,95.0,8.2,93.2,3,17.1,18.2,13.8
E06063,Adrián Alva,Matemática Discreta,2025-2,65.6,4.0,100,2,16.4,13.9,9.8
E06064,María Reyes,Lenguajes de Programación,2026-1,67.6,3.1,29.1,3,12.8,15.6,9.3
E06065,Martina Mendoza,Matemática Discreta,2026-1,73.4,6.2,67.0,5,10.7,11.9,8.5
E06066,Manuel Alva,Matemática Discreta,2026-1,71.7,5.1,100,4,20,17.3,18.7
E06067,Julio Cabrera,Estructuras de Datos,2026-1,95.5,1.4,71.5,5,4.5,12.9,10.8
E06068,Antonella Cruz,Estructuras de Datos,2026-1,59.2,6.6,69.1,2,14.3,12.9,11.3
E06069,Ximena Sánchez,Redes de Computadoras,2025-2,70.0,5.5,67.3,3,12.7,13.9,13.6
E06070,Adrián Sánchez,Estructuras de Datos,2026-1,94.7,5.3,100,2,10.0,16.6,14.3
E06071,Diego Reyes,Redes de Computadoras,2025-2,89.0,5.6,89.0,3,14.6,13.0,8.4
E06072,Gabriela Cabrera,Base de Datos,2025-2,67.4,14.9,63.1,2,20,15.7,14.4
E06073,Adrián Salazar,Lenguajes de Programación,2026-1,41.6,7.3,69.0,2,18.2,12.3,16.5
E06074,Paula Flores,Base de Datos,2025-2,87.7,6.9,60.5,3,14.3,7.7,19.2
E06075,Emilia Reyes,Estructuras de Datos,2026-1,65.1,6.0,75.5,1,12.5,9.5,12.7
E06076,Sebastián Rojas,Lenguajes de Programación,2025-2,79.9,11.8,100,2,14.0,8.2,14.3
E06077,Ricardo Soto,Estructuras de Datos,2025-2,82.0,6.3,53.3,5,10.2,15.7,13.1
E06078,Gabriela Rodríguez,Redes de Computadoras,2026-1,65.3,1.6,85.6,4,9.6,11.8,11.3
E06079,Milagros Cruz,Lenguajes de Programación,2025-2,74.0,1.9,57.0,3,5.5,12.2,16.6
E06080,Estefanía Rodríguez,Redes de Computadoras,2026-1,95.5,1.2,100,3,14.0,8.2,11.6
E06081,Adrián Rodríguez,Matemática Discreta,2026-1,94.2,5.4,100,2,17.1,20.0,18.8
E06082,Iván Palomino,Base de Datos,2025-2,96.2,3.4,45.7,1,,12.6,12.9
E06083,Ana Reyes,Lenguajes de Programación,2026-1,71.8,6.9,76.9,5,12.4,13.2,12.7
E06084,Antonella Huamán,Base de Datos,2025-2,80.3,3.3,64.5,4,14.6,9.8,11.9
E06085,Iván Salazar,Matemática Discreta,2026-1,,4.4,64.8,1,18.8,12.1,13.7
E06086,Estefanía Salazar,Base de Datos,2026-1,73.5,7.8,54.3,4,16.0,13.1,12.7
E06087,Sofía Quispe,Matemática Discreta,2026-1,98.3,5.9,84.8,2,16.7,15.2,12.9
E06088,María Vargas,Lenguajes de Programación,2025-2,58.1,3.2,41.9,4,9.5,15.4,13.0
E06089,Rosa Cruz,Base de Datos,2025-2,75.3,8.7,100,3,11.4,8.4,15.4
E06090,Iván Herrera,Lenguajes de Programación,2026-1,95.9,9.3,47.9,3,11.9,17.3,13.2
E06091,Natalia Herrera,Redes de Computadoras,2026-1,91.3,2.6,56.4,4,10.4,10.3,10.6
E06092,Rosa Sánchez,Estructuras de Datos,2026-1,52.3,7.4,51.4,3,8.4,7.4,6.8
E06093,Valentina Gutiérrez,Base de Datos,2026-1,55.9,0,100,2,8.1,11.2,14.9
E06094,Valeria Palomino,Lenguajes de Programación,2025-2,68.9,0,59.4,4,14.8,19.6,20
E06095,Ximena Cabrera,Lenguajes de Programación,2025-2,67.2,8.2,70.0,4,19.1,16.0,13.3
E06096,Ximena Quispe,Matemática Discreta,2025-2,48.4,3.3,73.1,4,16.2,13.7,13.6
E06097,Miguel Palomino,Base de Datos,2025-2,73.1,11.0,83.3,3,10.0,10.9,9.4
E06098,Iván Delgado,Redes de Computadoras,2025-2,68.8,6.0,57.0,5,9.8,14.7,14.0
E06099,Julio Espinoza,Base de Datos,2025-2,55.7,5.7,74.9,3,12.6,10.8,13.8
E06100,Daniela Vargas,Base de Datos,2025-2,80.8,4.4,64.0,4,15.8,19.4,12.9
E06101,Estefanía Herrera,Estructuras de Datos,2025-2,81.9,4.8,89.2,5,15.1,12.5,9.4
E06102,Ximena Cabrera,Estructuras de Datos,2025-2,46.1,1.0,86.7,3,20,20,19.6
E06103,Fabián Reyes,Lenguajes de Programación,2026-1,60.7,6.8,67.6,4,8.6,13.0,7.9
E06104,Valentina Rivas,Estructuras de Datos,2025-2,93.6,14.6,49.1,5,11.2,12.3,14.5
E06105,Sofía Herrera,Matemática Discreta,2025-2,69.1,7.4,71.6,3,13.7,16.1,8.4
E06106,Natalia Vargas,Base de Datos,2025-2,100,9.9,100,3,10.5,12.1,11.6
E06107,Iván Espinoza,Redes de Computadoras,2025-2,82.4,12.3,79.1,2,11.6,13.2,10.1
E06108,Ricardo Rojas,Matemática Discreta,2025-2,85.5,8.4,64.5,4,16.0,17.5,16.2
E06109,Tomás Zapata,Matemática Discreta,2025-2,69.2,12.2,92.5,4,12.6,10.6,15.7
E06110,Rodrigo Ortiz,Redes de Computadoras,2026-1,44.7,6.3,66.1,4,12.6,9.8,11.3
E06111,Vicente Vargas,Matemática Discreta,2025-2,61.3,6.1,74.4,3,20,19.3,16.3
E06112,Zoe Delgado,Redes de Computadoras,2025-2,68.3,5.9,84.9,3,14.2,15.2,12.3
E06113,Mateo Delgado,Base de Datos,2025-2,56.9,4.6,85.4,2,17.4,10.7,15.4
E06114,Rodrigo Huamán,Lenguajes de Programación,2025-2,100,10.5,95.3,3,20,17.9,20
E06115,Isabela Cabrera,Base de Datos,2026-1,76.3,5.8,77.3,2,20,14.7,14.3
E06116,Rodrigo López,Matemática Discreta,2026-1,70.0,3.9,58.4,5,4.1,4.3,7.1
E06117,Emilia Flores,Base de Datos,2025-2,100,6.0,58.7,2,18.0,20,20
E06118,Estefanía Alva,Redes de Computadoras,2026-1,68.8,10.7,86.6,4,16.6,16.0,19.6
E06119,Paula Pérez,Lenguajes de Programación,2025-2,31.1,6.4,64.3,4,5.8,7.2,4.2
E06120,Franco Vargas,Estructuras de Datos,2025-2,59.3,0.1,62.9,3,16.4,12.7,17.2
E06121,Emilia Ortiz,Base de Datos,2026-1,69.4,2.7,88.1,3,6.9,9.0,12.1
E06122,Fabián Rivas,Estructuras de Datos,2026-1,58.6,0,72.6,2,18.7,14.4,17.4
E06123,Fernanda Chávez,Lenguajes de Programación,2025-2,67.5,7.6,62.8,4,14.0,14.3,12.3
E06124,María Torres,Estructuras de Datos,2025-2,70.8,7.9,89.0,1,11.3,12.5,11.1
E06125,María Rojas,Matemática Discreta,2025-2,65.8,5.3,88.8,3,12.7,11.5,11.9
E06126,Alejandra López,Estructuras de Datos,2026-1,56.0,0,100,3,20,19.8,20
E06127,Luis Sánchez,Estructuras de Datos,2025-2,66.1,7.8,50.0,3,10.4,16.8,14.0
E06128,Rosa Soto,Matemática Discreta,2025-2,82.5,3.2,82.4,3,9.0,16.8,16.5
E06129,María Palomino,Redes de Computadoras,2026-1,60.6,3.7,81.1,4,20,20,20
E06130,Lucía Aguilar,Estructuras de Datos,2025-2,65.7,2.7,69.7,4,18.7,15.2,15.5
E06131,Joaquín Vargas,Estructuras de Datos,2026-1,85.7,5.0,87.4,2,12.9,8.0,6.6
E06132,Andrés Zapata,Lenguajes de Programación,2026-1,91.0,11.6,47.9,4,10.5,15.6,6.3
E06133,Ricardo Espinoza,Estructuras de Datos,2025-2,97.4,5.3,47.4,4,15.9,13.6,10.5
E06134,Valeria Reyes,Matemática Discreta,2025-2,98.8,5.9,88.0,4,20,20,16.2
E06135,Daniela Torres,Lenguajes de Programación,2025-2,,9.0,86.7,5,14.2,8.3,10.8
E06136,Ricardo Soto,Redes de Computadoras,2025-2,71.9,7.5,60.8,2,13.0,13.7,9.4
E06137,Renata Herrera,Lenguajes de Programación,2026-1,55.5,2.7,56.6,3,12.9,13.2,13.5
E06138,Jorge Pérez,Matemática Discreta,2026-1,41.0,5.4,96.9,2,10.1,15.6,12.6
E06139,Iván Torres,Lenguajes de Programación,2025-2,62.8,6.8,61.0,3,13.8,8.7,16.5
E06140,Gabriela Huamán,Matemática Discreta,2025-2,57.3,12.0,97.6,3,13.5,12.8,9.6
E06141,Zoe Rodríguez,Estructuras de Datos,2026-1,44.9,5.6,78.0,3,14.7,15.2,12.2
E06142,Carlos Ortiz,Base de Datos,2025-2,55.9,6.6,77.7,3,14.3,11.0,10.9
E06143,Franco Herrera,Redes de Computadoras,2025-2,85.4,3.8,78.9,2,5.1,8.0,4.2
E06144,Luis Castillo,Matemática Discreta,2025-2,94.9,1.6,42.4,2,13.0,8.3,7.5
E06145,Ximena Cruz,Redes de Computadoras,2026-1,81.3,2.9,69.0,3,2.5,,4.0
E06146,Antonella Cárdenas,Lenguajes de Programación,2025-2,41.9,5.4,84.0,4,8.7,11.2,12.6
E06147,Tomás Mendoza,Redes de Computadoras,2026-1,100,7.7,61.2,4,4.9,7.6,11.6
E06148,Fernanda Delgado,Redes de Computadoras,2026-1,91.3,4.5,50.7,2,11.6,15.9,10.9
E06149,Gabriela Cabrera,Lenguajes de Programación,2025-2,77.7,3.8,92.1,1,,16.2,18.2
E06150,Diego Espinoza,Base de Datos,2025-2,63.3,9.0,56.5,3,6.7,9.4,10.8
E06151,Emilia Ponce,Lenguajes de Programación,2025-2,62.4,4.4,73.2,4,8.8,10.5,7.9
E06152,Alonso Vega,Matemática Discreta,2025-2,61.8,4.1,78.7,2,11.6,11.9,13.1
E06153,Ricardo Paredes,Estructuras de Datos,2026-1,74.4,5.9,65.9,4,15.6,14.3,14.0
E06154,Iván Herrera,Matemática Discreta,2026-1,61.3,10.2,99.0,3,11.9,13.3,12.6
E06155,María Mamani,Lenguajes de Programación,2025-2,45.8,4.1,97.4,3,10.6,9.7,13.5
E06156,Fernanda Cabrera,Redes de Computadoras,2025-2,99.4,1.8,83.6,2,5.4,7.9,6.0
E06157,Sofía Sánchez,Matemática Discreta,2026-1,68.2,6.9,89.2,2,7.3,9.1,5.2
E06158,Estefanía Torres,Base de Datos,2025-2,55.8,6.5,53.4,3,16.1,14.6,20
E06159,Alejandra Mendoza,Base de Datos,2026-1,52.2,7.7,96.3,4,9.7,14.5,6.8
E06160,Paula Chávez,Matemática Discreta,2025-2,72.4,3.3,93.1,2,13.8,16.1,15.8
E06161,Isabela Torres,Base de Datos,2026-1,63.8,13.2,49.9,4,14.3,17.6,12.3
E06162,Miguel Salazar,Estructuras de Datos,2025-2,65.0,3.1,57.2,5,11.2,9.3,5.1
E06163,Jorge Flores,Redes de Computadoras,2026-1,88.8,3.8,61.6,3,2.7,5.7,6.2
E06164,Sebastián Ortiz,Lenguajes de Programación,2025-2,82.0,4.2,100,1,17.6,12.0,16.4
E06165,Antonella Flores,Lenguajes de Programación,2025-2,67.6,1.2,100,4,16.1,14.2,16.5
E06166,Daniela Vargas,Estructuras de Datos,2026-1,73.1,4.7,50.9,2,14.4,19.2,17.3
E06167,Rosa Chávez,Lenguajes de Programación,2026-1,91.7,1.5,97.3,1,11.0,8.2,10.9
E06168,Valeria Ortiz,Base de Datos,2025-2,100,7.6,65.0,2,11.9,9.8,11.3
E06169,Camila Delgado,Lenguajes de Programación,2025-2,99.4,5.6,79.4,2,14.1,18.8,11.3
E06170,Andrés Delgado,Lenguajes de Programación,2025-2,78.0,3.6,84.8,3,5.9,5.8,8.3
E06171,Vicente Sánchez,Base de Datos,2025-2,46.3,8.1,89.0,3,4.9,,10.4
E06172,Carlos Torres,Matemática Discreta,2026-1,82.6,9.3,73.6,1,13.6,19.3,13.8
E06173,Ximena Salazar,Redes de Computadoras,2026-1,83.1,4.5,55.7,5,15.5,12.0,17.3
E06174,Emilia Quispe,Estructuras de Datos,2025-2,82.6,3.5,100,3,8.6,6.7,13.1
E06175,Iván Cabrera,Redes de Computadoras,2026-1,47.0,1.1,88.7,2,5.4,5.8,10.3
E06176,Vicente García,Estructuras de Datos,2026-1,67.9,6.8,51.8,3,16.1,11.6,16.4
E06177,María Herrera,Base de Datos,2026-1,62.4,7.6,89.9,4,12.2,12.7,13.1
E06178,Miguel Quispe,Lenguajes de Programación,2025-2,93.1,8.8,55.2,2,13.2,8.6,12.1
E06179,Tomás Gutiérrez,Matemática Discreta,2026-1,72.7,2.6,63.3,2,18.4,12.5,15.9
E06180,Zoe Vega,Estructuras de Datos,2025-2,56.3,4.4,100,1,7.4,15.9,14.4
E06181,Mateo Paredes,Redes de Computadoras,2026-1,55.5,4.2,90.2,3,13.0,10.9,8.6
E06182,Alonso Rojas,Base de Datos,2025-2,49.8,4.9,78.9,3,13.9,12.0,7.9
E06183,Diego Alva,Redes de Computadoras,2026-1,87.5,9.9,63.7,3,7.0,2.3,10.2
E06184,Andrés Quispe,Base de Datos,2025-2,77.8,2.7,,2,12.6,13.3,12.0
E06185,Milagros Pérez,Estructuras de Datos,2025-2,61.3,7.6,77.2,3,15.3,14.8,9.9
E06186,Nicolás Pérez,Base de Datos,2025-2,91.1,11.4,46.1,5,9.5,8.2,8.2
E06187,Nicolás Reyes,Lenguajes de Programación,2026-1,74.1,8.4,58.8,4,19.4,11.4,17.9
E06188,Manuel Ponce,Matemática Discreta,2025-2,67.7,5.6,56.4,4,17.6,15.2,9.4
E06189,Alonso Palomino,Base de Datos,2025-2,71.7,6.0,100,3,9.6,9.2,15.3
E06190,Miguel Vega,Matemática Discreta,2025-2,48.6,10.3,77.6,4,12.7,10.1,8.6
E06191,Lucía Reyes,Lenguajes de Programación,2026-1,83.2,1.7,86.2,1,14.6,9.6,7.6
E06192,Martina Chávez,Redes de Computadoras,2026-1,82.1,10.6,44.5,5,11.1,12.4,14.3
E06193,Fernanda Ortiz,Estructuras de Datos,2026-1,80.3,3.0,77.9,2,14.8,17.1,14.4
E06194,Andrés Salazar,Matemática Discreta,2025-2,92.4,9.3,100,3,11.7,10.2,10.0
E06195,Ximena Espinoza,Base de Datos,2026-1,89.1,7.4,67.2,4,20,12.8,18.0
E06196,Luis Flores,Redes de Computadoras,2025-2,40.3,0,61.6,3,13.9,16.1,20
E06197,Iván López,Estructuras de Datos,2026-1,76.3,4.8,48.7,4,20,13.8,20
E06198,Ricardo Herrera,Redes de Computadoras,2026-1,69.7,7.2,66.1,3,8.0,5.4,7.1
E06199,Ximena Zapata,Base de Datos,2025-2,83.2,11.4,53.2,2,8.7,9.2,13.2
E06200,Ricardo Delgado,Redes de Computadoras,2026-1,62.0,9.1,82.2,3,13.3,8.5,9.2
E06201,Ana Alva,Matemática Discreta,2025-2,100,8.7,45.7,2,3.0,7.0,7.5
E06202,Emilio Palomino,Matemática Discreta,2025-2,64.3,0,64.0,3,8.7,10.5,7.6
E06203,Daniela Ortiz,Base de Datos,2025-2,89.2,0.7,43.4,3,15.6,16.2,15.0
E06204,Zoe Reyes,Lenguajes de Programación,2026-1,73.6,8.1,,4,4.0,3.5,4.8
E06205,Valentina Gutiérrez,Estructuras de Datos,2026-1,55.9,6.0,100,3,16.5,20,20
E06206,Rodrigo Cruz,Lenguajes de Programación,2025-2,50.8,6.7,73.7,4,15.0,10.0,13.6
E06207,Nicolás Ramírez,Base de Datos,2025-2,56.6,0,94.0,4,13.9,15.2,15.2
E06208,Mateo Vargas,Matemática Discreta,2025-2,69.9,8.2,75.2,3,10.2,10.9,13.1
E06209,Jorge Reyes,Lenguajes de Programación,2025-2,89.6,3.0,60.1,3,14.7,15.8,14.9
E06210,Sebastián Medina,Estructuras de Datos,2025-2,80.6,6.1,100,3,10.2,8.2,15.2
E06211,Adrián Pérez,Redes de Computadoras,2025-2,58.9,8.8,100,3,7.4,7.3,8.5
E06212,Nicolás Torres,Redes de Computadoras,2025-2,100,6.3,64.5,5,11.3,12.1,15.9
E06213,Daniela Huamán,Estructuras de Datos,2025-2,56.4,4.2,49.3,3,10.3,9.4,7.0
E06214,Zoe Zapata,Lenguajes de Programación,2026-1,45.7,7.6,54.8,2,13.2,8.6,7.8
E06215,Emilio Chávez,Lenguajes de Programación,2025-2,85.2,4.0,35.7,1,12.9,15.1,17.4
E06216,Franco Ramírez,Lenguajes de Programación,2026-1,65.2,10.0,49.0,1,16.5,,13.3
E06217,Ricardo Ramírez,Lenguajes de Programación,2026-1,65.5,7.3,31.6,3,16.6,20,16.0
E06218,Natalia Quispe,Matemática Discreta,2026-1,80.2,1.6,46.8,1,10.4,10.6,14.4
E06219,Sofía Ponce,Matemática Discreta,2025-2,57.8,8.7,73.5,4,10.5,5.9,14.1
E06220,Rosa Cárdenas,Base de Datos,2025-2,64.4,3.5,73.6,2,13.3,18.3,11.1
E06221,Renata Rodríguez,Base de Datos,2026-1,49.8,6.2,59.7,3,20,19.8,18.2
E06222,Mateo Alva,Base de Datos,2025-2,,6.9,47.6,1,11.5,10.2,13.0
E06223,Iván Espinoza,Base de Datos,2026-1,66.0,4.2,98.0,3,15.7,20,16.9
E06224,Natalia Huamán,Matemática Discreta,2026-1,50.5,5.6,66.3,3,20,19.9,20
E06225,Ricardo Cabrera,Redes de Computadoras,2026-1,40.8,1.6,77.1,3,11.5,16.5,15.5
E06226,Zoe Pérez,Estructuras de Datos,2025-2,89.5,10.1,56.1,4,17.6,18.3,20
E06227,Ricardo Palomino,Base de Datos,2025-2,65.1,12.9,60.4,4,14.6,14.3,10.0
E06228,Nicolás Flores,Lenguajes de Programación,2025-2,90.0,3.9,63.8,4,14.7,15.6,10.8
E06229,Iván Reyes,Base de Datos,2025-2,65.1,0,94.8,3,14.0,8.6,7.0
E06230,Emilia Espinoza,Estructuras de Datos,2026-1,71.8,6.7,73.4,1,9.6,12.9,10.2
E06231,Joaquín Ortiz,Base de Datos,2026-1,35.1,6.3,100,2,15.8,15.3,13.9
E06232,Antonella Ponce,Lenguajes de Programación,2026-1,67.5,4.4,39.4,5,20,18.6,20
E06233,Alejandra Gutiérrez,Base de Datos,2026-1,98.6,7.5,71.4,5,,16.0,16.3
E06234,Isabela Alva,Lenguajes de Programación,2025-2,47.8,7.0,96.9,4,15.3,14.4,5.4
E06235,Sebastián Quispe,Lenguajes de Programación,2025-2,71.3,6.1,66.4,5,14.7,20,17.4
E06236,Ana Cruz,Base de Datos,2026-1,82.3,7.8,52.2,1,18.1,16.0,15.3
E06237,Mateo Espinoza,Matemática Discreta,2025-2,85.5,0,71.2,3,12.5,10.6,14.8
E06238,Nicolás Pérez,Base de Datos,2025-2,93.7,1.5,61.8,5,15.6,17.7,13.9
E06239,Paula Ramírez,Lenguajes de Programación,2026-1,65.2,10.0,98.1,4,15.6,13.4,18.9
E06240,Bruno Medina,Matemática Discreta,2026-1,50.6,7.9,60.5,3,10.8,20,20
E06241,Estefanía Huamán,Lenguajes de Programación,2026-1,79.1,12.8,73.6,3,,5.5,15.1
E06242,Carlos Palomino,Estructuras de Datos,2026-1,97.0,3.9,74.6,5,17.5,18.0,13.4
E06243,Ximena Ortiz,Base de Datos,2026-1,100,6.2,100,2,9.6,9.8,6.3
E06244,Milagros Palomino,Redes de Computadoras,2026-1,47.4,4.4,87.5,3,15.1,17.3,15.8
E06245,Fernanda Torres,Redes de Computadoras,2025-2,50.7,14.1,52.4,1,7.3,9.3,8.2
E06246,Ximena Castillo,Estructuras de Datos,2026-1,65.3,4.8,88.9,2,18.0,15.6,20
E06247,Jorge Medina,Lenguajes de Programación,2026-1,93.9,5.0,82.2,2,16.1,6.8,8.8
E06248,Sebastián Chávez,Redes de Computadoras,2025-2,92.1,1.7,88.3,2,14.4,17.4,13.5
E06249,Antonella Flores,Estructuras de Datos,2025-2,87.8,9.7,91.3,3,18.7,14.4,11.9
E06250,Nicolás Huamán,Estructuras de Datos,2026-1,25.0,10.2,100,4,12.2,10.0,12.2
E06251,Ana Rodríguez,Base de Datos,2025-2,74.1,2.4,71.1,4,15.6,15.7,17.1
E06252,Iván Rodríguez,Estructuras de Datos,2025-2,72.7,1.9,75.7,2,12.5,9.6,9.8
E06253,Mateo Medina,Redes de Computadoras,2026-1,35.1,0.2,68.9,4,13.2,8.7,13.3
E06254,Sofía Pérez,Base de Datos,2026-1,54.9,9.8,63.9,2,20,15.6,16.1
E06255,Estefanía Espinoza,Lenguajes de Programación,2026-1,86.7,9.1,99.5,2,7.6,,10.1
E06256,Emilio Castillo,Matemática Discreta,2025-2,64.0,3.8,65.3,4,13.9,9.9,12.7
E06257,Diego Cruz,Estructuras de Datos,2025-2,84.8,7.0,89.9,4,13.0,13.4,14.8
E06258,Rosa Rivas,Lenguajes de Programación,2025-2,94.6,6.1,62.4,3,12.7,15.1,15.4
E06259,Mateo Mendoza,Matemática Discreta,2025-2,44.8,5.2,65.3,3,20,20,20
E06260,Daniela Mamani,Lenguajes de Programación,2025-2,100,12.2,100,3,8.7,10.0,15.5
E06261,Manuel Alva,Matemática Discreta,2025-2,85.4,6.1,100,2,7.8,11.1,8.2
E06262,Miguel Mamani,Estructuras de Datos,2026-1,92.2,4.4,73.7,3,18.3,17.9,15.6
E06263,Vicente Aguilar,Lenguajes de Programación,2026-1,41.4,2.2,37.7,1,8.5,8.2,12.0
E06264,Valeria Espinoza,Estructuras de Datos,2025-2,66.1,9.0,91.5,3,10.8,9.8,6.7
E06265,Antonella Zapata,Lenguajes de Programación,2026-1,62.4,5.3,58.5,3,20,12.3,14.3
E06266,Ana Ortiz,Redes de Computadoras,2026-1,77.7,7.4,98.4,2,5.5,8.7,5.1
E06267,Franco Rojas,Matemática Discreta,2025-2,49.7,2.8,97.8,4,8.3,15.4,11.8
E06268,Vicente Pérez,Estructuras de Datos,2026-1,64.2,10.0,61.1,3,14.1,20,14.8
E06269,María Rojas,Base de Datos,2026-1,60.5,4.2,87.8,3,13.2,10.9,15.7
E06270,Joaquín Flores,Matemática Discreta,2025-2,60.5,0,100,3,18.5,20,20
E06271,Milagros Chávez,Estructuras de Datos,2025-2,57.0,0,100,4,13.6,11.7,17.4
E06272,Bruno Espinoza,Matemática Discreta,2025-2,59.2,5.5,58.5,1,17.8,15.0,14.7
E06273,Emilia Reyes,Base de Datos,2025-2,71.7,0.5,51.8,1,18.1,17.3,20
E06274,Milagros Herrera,Matemática Discreta,2025-2,68.4,0,80.2,2,13.2,13.8,14.9
E06275,Ximena Sánchez,Estructuras de Datos,2025-2,83.7,14.0,56.5,3,8.5,12.1,10.9
E06276,Emilio Torres,Base de Datos,2025-2,81.6,6.4,87.7,5,17.1,13.9,16.7
E06277,Valentina Alva,Redes de Computadoras,2026-1,67.7,1.1,83.8,3,12.4,5.7,12.3
E06278,Alonso Ortiz,Base de Datos,2026-1,73.6,6.8,91.1,2,10.4,7.2,13.3
E06279,Ximena Ponce,Base de Datos,2025-2,73.4,9.2,68.1,1,10.9,5.3,8.0
E06280,Ricardo García,Redes de Computadoras,2026-1,82.5,1.1,92.0,4,13.6,14.9,17.1
E06281,Valeria Gutiérrez,Matemática Discreta,2026-1,63.6,4.3,48.6,2,14.7,13.1,14.5
E06282,Rosa Rivas,Redes de Computadoras,2026-1,90.6,7.4,70.6,2,17.4,15.5,16.1
E06283,Valeria Rivas,Estructuras de Datos,2026-1,63.5,5.1,62.5,4,8.2,7.7,3.8
E06284,Luis Gutiérrez,Estructuras de Datos,2025-2,60.7,6.9,65.9,2,16.4,10.2,13.8
E06285,Jorge Ponce,Lenguajes de Programación,2025-2,70.0,6.7,74.6,3,12.1,14.2,11.1
E06286,Alonso Paredes,Lenguajes de Programación,2025-2,50.4,6.4,94.9,3,10.3,8.2,12.7
E06287,Ricardo Cruz,Redes de Computadoras,2025-2,22.7,10.4,86.4,5,20,17.6,20.0
E06288,Manuel Espinoza,Estructuras de Datos,2026-1,46.0,4.6,45.0,3,12.7,12.1,11.4
E06289,Mateo García,Redes de Computadoras,2026-1,68.8,6.8,100,5,17.1,16.8,12.6
E06290,Alejandra Chávez,Lenguajes de Programación,2025-2,90.8,8.1,100,2,18.8,20,20
E06291,Zoe Aguilar,Redes de Computadoras,2026-1,76.2,6.5,62.1,4,9.0,9.5,13.1
E06292,Diego Vargas,Matemática Discreta,2026-1,89.7,4.3,74.8,3,7.4,10.1,16.3
E06293,Zoe Chávez,Estructuras de Datos,2026-1,80.1,1.0,67.4,2,14.0,13.8,13.0
E06294,Renata Rojas,Lenguajes de Programación,2026-1,59.5,5.4,61.7,4,20,20,20
E06295,Emilia Mendoza,Lenguajes de Programación,2026-1,100,8.6,84.5,3,12.0,6.0,7.1
E06296,Carlos Medina,Redes de Computadoras,2025-2,76.4,10.4,80.9,3,12.8,12.3,11.6
E06297,Franco Flores,Redes de Computadoras,2026-1,49.5,2.3,69.7,5,11.1,11.0,10.2
E06298,Natalia Espinoza,Estructuras de Datos,2026-1,68.4,5.4,100,2,15.3,16.2,14.6
E06299,Paula Mendoza,Matemática Discreta,2026-1,77.7,4.7,75.1,2,12.5,11.2,6.1
E06300,Diego Pérez,Matemática Discreta,2025-2,96.5,5.1,48.7,3,16.0,13.2,10.3
E06301,Miguel Cruz,Base de Datos,2025-2,78.7,2.9,86.4,4,12.4,9.2,9.9
E06302,Sebastián Rivas,Base de Datos,2026-1,69.7,1.7,61.7,3,11.8,10.1,13.2
E06303,Vicente Vega,Matemática Discreta,2026-1,95.5,3.6,75.6,2,11.7,,14.5
E06304,Sebastián Mendoza,Lenguajes de Programación,2025-2,78.1,8.1,91.9,1,11.8,12.3,13.5
E06305,Tomás Cabrera,Lenguajes de Programación,2025-2,67.1,6.7,90.2,1,8.3,12.7,3.2
E06306,Estefanía Herrera,Matemática Discreta,2026-1,50.7,3.2,66.8,3,9.9,16.3,14.7
E06307,Estefanía Castillo,Redes de Computadoras,2026-1,98.0,6.2,87.7,4,10.2,16.5,14.7
E06308,Jorge Reyes,Redes de Computadoras,2025-2,63.6,0,69.4,1,12.2,9.0,9.2
E06309,Rodrigo Palomino,Matemática Discreta,2026-1,23.9,10.7,55.5,3,9.6,6.0,10.4
E06310,Rosa Reyes,Redes de Computadoras,2026-1,96.5,15.2,68.8,2,10.8,4.8,9.9
E06311,Ximena Sánchez,Lenguajes de Programación,2026-1,80.1,4.7,59.6,5,12.8,14.7,14.2
E06312,Julio Rojas,Base de Datos,2026-1,73.9,10.0,77.4,3,13.2,11.5,17.0
E06313,Fabián Chávez,Base de Datos,2025-2,58.2,9.7,97.6,3,10.3,10.0,12.5
E06314,Diego Cruz,Lenguajes de Programación,2026-1,56.5,5.7,73.0,3,7.0,4.9,3.2
E06315,Rosa Sánchez,Redes de Computadoras,2026-1,52.4,4.9,91.0,1,13.7,6.8,8.1
E06316,Andrés Aguilar,Redes de Computadoras,2026-1,65.9,4.9,90.9,1,14.0,14.0,13.1
E06317,Rosa Vega,Matemática Discreta,2026-1,94.0,2.8,65.1,2,13.4,14.2,12.6
E06318,Fernanda Ortiz,Base de Datos,2026-1,71.6,6.3,87.6,2,8.8,8.4,8.9
E06319,Valeria Mamani,Lenguajes de Programación,2025-2,61.3,4.3,100,4,12.5,9.8,12.7
E06320,María Reyes,Base de Datos,2025-2,79.6,6.8,81.2,5,14.1,14.6,16.4
E06321,Ana Huamán,Lenguajes de Programación,2026-1,51.8,9.9,39.1,3,18.8,17.0,20
E06322,Manuel Flores,Lenguajes de Programación,2025-2,100,6.0,63.0,2,,16.5,13.2
E06323,Adrián Pérez,Estructuras de Datos,2025-2,88.7,3.7,90.3,3,18.4,12.7,15.6
E06324,Joaquín Palomino,Base de Datos,2025-2,65.4,4.0,,3,16.1,8.9,12.2
E06325,Miguel Reyes,Estructuras de Datos,2026-1,75.8,4.9,85.4,4,14.4,15.1,12.6
E06326,Sebastián Huamán,Matemática Discreta,2026-1,57.8,8.8,80.3,1,15.3,12.3,9.7
E06327,Emilia Palomino,Redes de Computadoras,2026-1,76.9,2.8,76.7,1,10.7,12.0,13.9
E06328,Fernanda Mendoza,Redes de Computadoras,2026-1,99.5,3.0,74.6,1,13.9,15.2,16.5
E06329,Nicolás Zapata,Redes de Computadoras,2025-2,53.1,5.2,41.2,4,15.3,16.5,15.2
E06330,Andrés Cárdenas,Base de Datos,2025-2,58.8,8.4,81.2,2,18.6,18.4,20
E06331,Emilia Rodríguez,Lenguajes de Programación,2026-1,74.6,6.0,90.4,5,14.7,8.6,16.5
E06332,Emilia Ponce,Lenguajes de Programación,2025-2,22.1,6.9,76.7,4,10.5,17.1,17.4
E06333,Vicente Rojas,Base de Datos,2025-2,67.1,0.7,76.7,3,14.3,10.9,13.7
E06334,Lucía Huamán,Estructuras de Datos,2025-2,69.5,2.4,89.8,5,18.0,11.2,10.4
E06335,Vicente Castillo,Lenguajes de Programación,2025-2,85.7,2.4,54.4,3,13.2,15.4,13.3
E06336,Valeria Paredes,Estructuras de Datos,2026-1,72.2,3.9,54.6,5,8.7,7.6,11.4
E06337,Daniela Palomino,Lenguajes de Programación,2025-2,49.4,3.2,61.1,1,7.8,10.2,10.2
E06338,Alejandra Castillo,Matemática Discreta,2026-1,100,8.7,79.3,4,13.0,12.6,9.4
E06339,Sofía Cárdenas,Lenguajes de Programación,2026-1,87.4,3.4,72.5,5,13.8,17.1,13.6
E06340,Luis Pérez,Base de Datos,2026-1,100,5.1,71.3,2,2.9,4.9,0.8
E06341,María Quispe,Estructuras de Datos,2026-1,74.1,4.2,100,4,17.0,13.6,14.6
E06342,Rodrigo Huamán,Redes de Computadoras,2026-1,55.1,2.1,50.7,4,15.5,9.0,9.2
E06343,Gabriela Rodríguez,Redes de Computadoras,2025-2,75.9,0,93.9,5,2.1,1.8,0.0
E06344,Alonso Chávez,Base de Datos,2025-2,79.3,3.0,60.6,3,8.0,14.2,10.4
E06345,Fernanda Vega,Matemática Discreta,2025-2,60.6,7.7,63.9,4,8.3,9.1,13.5
E06346,Paula Rodríguez,Matemática Discreta,2025-2,84.6,9.9,52.9,3,15.9,18.0,13.4
E06347,Valeria Castillo,Redes de Computadoras,2026-1,56.8,9.0,79.8,4,17.2,14.0,11.9
E06348,Ricardo Torres,Redes de Computadoras,2026-1,60.5,5.3,76.7,2,10.9,10.5,15.3
E06349,Jorge Chávez,Estructuras de Datos,2025-2,72.9,8.7,100,2,3.8,13.6,7.0
E06350,Rosa Rojas,Matemática Discreta,2026-1,49.5,5.8,65.3,4,8.4,4.6,9.7
E06351,Martina López,Lenguajes de Programación,2026-1,83.2,12.6,78.3,2,7.6,11.6,12.0
E06352,Sebastián Quispe,Estructuras de Datos,2025-2,62.8,3.9,68.3,4,20,17.0,15.5
E06353,Nicolás Mamani,Lenguajes de Programación,2026-1,73.3,8.7,58.9,2,16.2,13.6,16.9
E06354,Mateo Ortiz,Estructuras de Datos,2026-1,92.3,8.9,48.6,4,8.0,8.2,11.0
E06355,Vicente Cruz,Lenguajes de Programación,2025-2,58.2,6.9,87.1,2,14.9,17.7,13.0
E06356,Andrés Delgado,Matemática Discreta,2025-2,83.2,8.2,66.9,4,14.8,12.8,16.4
E06357,Rosa Torres,Estructuras de Datos,2025-2,54.9,14.7,56.1,2,20,18.6,17.0
E06358,Gabriela Castillo,Matemática Discreta,2025-2,70.1,7.3,71.4,2,9.6,11.6,12.1
E06359,Fernanda Delgado,Redes de Computadoras,2026-1,55.0,1.8,80.6,4,11.9,6.1,14.2
E06360,Diego Medina,Matemática Discreta,2025-2,71.1,8.2,90.3,3,17.5,18.3,17.8
E06361,Franco Flores,Redes de Computadoras,2025-2,58.5,6.1,100,3,11.4,14.7,10.5
E06362,Lucía Castillo,Lenguajes de Programación,2025-2,32.4,5.6,73.6,5,2.5,10.6,5.6
E06363,Rosa Medina,Base de Datos,2026-1,69.3,5.8,78.1,1,,10.6,11.2
E06364,Carlos Mendoza,Base de Datos,2025-2,67.1,5.2,47.8,2,9.2,11.8,8.0
E06365,Iván Gutiérrez,Estructuras de Datos,2026-1,100,3.6,96.6,3,14.3,9.4,9.9
E06366,Ximena García,Redes de Computadoras,2026-1,73.7,2.1,55.2,3,12.4,5.4,11.2
E06367,Alejandra Quispe,Redes de Computadoras,2026-1,73.5,1.6,69.6,4,11.6,14.0,9.5
E06368,Ricardo Ramírez,Estructuras de Datos,2026-1,100,0.8,91.2,3,15.8,14.7,10.6
E06369,Manuel Cabrera,Matemática Discreta,2025-2,72.4,10.3,76.0,2,9.1,17.7,12.5
E06370,Camila Salazar,Estructuras de Datos,2025-2,71.5,5.6,83.4,2,11.8,14.6,8.9
E06371,Julio Aguilar,Estructuras de Datos,2025-2,83.8,3.4,72.1,3,13.3,13.9,10.2
E06372,Julio Torres,Redes de Computadoras,2025-2,73.6,3.9,92.0,2,11.6,10.7,11.0
E06373,Fernanda Mendoza,Matemática Discreta,2025-2,97.7,4.3,48.0,5,9.8,10.5,9.1
E06374,Paula Cruz,Redes de Computadoras,2026-1,62.5,6.3,81.7,1,18.9,17.0,13.2
E06375,Jorge Delgado,Lenguajes de Programación,2025-2,100,4.4,50.5,4,15.6,15.5,13.9
E06376,Sebastián Soto,Estructuras de Datos,2025-2,53.5,8.7,77.4,4,12.4,16.2,13.5
E06377,Julio Aguilar,Matemática Discreta,2026-1,87.1,6.4,82.7,4,12.2,13.5,9.9
E06378,Camila Rodríguez,Redes de Computadoras,2025-2,64.0,9.6,82.8,3,14.5,13.3,13.4
E06379,Gabriela Salazar,Matemática Discreta,2025-2,74.9,6.8,89.6,4,6.5,7.8,7.1
E06380,Ricardo Chávez,Matemática Discreta,2025-2,81.7,0.2,79.9,3,19.0,15.3,14.6
E06381,Bruno Palomino,Matemática Discreta,2026-1,78.3,2.9,59.3,3,20,18.4,18.6
E06382,Estefanía Espinoza,Base de Datos,2026-1,36.7,1.6,77.8,5,8.1,14.9,6.3
E06383,Gabriela Ramírez,Base de Datos,2026-1,50.7,4.1,100,3,12.1,12.3,14.6
E06384,Alonso Herrera,Lenguajes de Programación,2026-1,82.7,5.0,67.8,5,9.4,10.6,8.7
E06385,Rodrigo Ramírez,Lenguajes de Programación,2025-2,76.2,11.9,100,3,15.2,9.9,12.1
E06386,Camila Soto,Matemática Discreta,2026-1,86.0,1.9,75.4,3,20,20,17.6
E06387,Valentina Vargas,Matemática Discreta,2025-2,32.7,7.9,70.1,2,6.7,7.6,1.9
E06388,Estefanía Rivas,Matemática Discreta,2025-2,47.4,0,71.4,5,20,,17.3
E06389,Iván Torres,Lenguajes de Programación,2026-1,60.6,7.2,66.7,4,12.7,9.9,10.3
E06390,Paula Soto,Lenguajes de Programación,2026-1,83.0,8.1,65.6,2,13.1,9.6,15.7
E06391,Julio Soto,Redes de Computadoras,2025-2,57.3,11.6,64.1,1,8.3,7.4,8.2
E06392,Alejandra Gutiérrez,Matemática Discreta,2026-1,89.4,4.4,50.3,4,10.1,11.7,10.4
E06393,Antonella Flores,Lenguajes de Programación,2026-1,76.7,6.0,83.6,2,11.1,14.0,14.4
E06394,Diego Quispe,Redes de Computadoras,2026-1,76.8,5.1,59.8,1,14.4,13.8,14.5
E06395,Valeria Castillo,Estructuras de Datos,2025-2,77.0,9.2,87.5,3,19.7,14.2,16.3
E06396,Fabián Alva,Redes de Computadoras,2026-1,44.1,3.9,87.7,3,14.5,13.7,17.0
E06397,Tomás Torres,Redes de Computadoras,2026-1,56.6,0,64.6,3,10.6,11.2,6.4
E06398,Lucía Paredes,Estructuras de Datos,2026-1,76.9,6.4,89.7,2,9.9,14.7,14.2
E06399,Antonella García,Base de Datos,2026-1,76.9,4.2,92.6,5,18.1,15.7,12.0
E06400,Adrián Castillo,Matemática Discreta,2025-2,71.3,10.2,89.9,4,19.2,18.3,14.0
E06401,Bruno Rivas,Lenguajes de Programación,2025-2,68.3,4.0,69.3,4,11.0,10.5,4.9
E06402,Martina Sánchez,Base de Datos,2026-1,72.0,9.7,35.6,2,6.9,6.8,7.6
E06403,Rosa Reyes,Lenguajes de Programación,2025-2,55.7,2.0,91.6,3,12.2,12.1,10.0
E06404,Tomás Chávez,Matemática Discreta,2025-2,53.8,0,89.9,1,3.6,7.2,9.6
E06405,Camila Chávez,Lenguajes de Programación,2025-2,82.0,6.5,38.5,3,2.7,4.0,5.2
E06406,Paula Quispe,Estructuras de Datos,2025-2,54.3,6.2,65.7,4,10.4,18.5,13.6
E06407,Rodrigo Medina,Lenguajes de Programación,2025-2,65.7,4.8,59.4,1,13.8,13.5,12.5
E06408,Franco Rojas,Matemática Discreta,2026-1,64.6,9.2,91.3,2,17.6,12.0,12.3
E06409,Julio Espinoza,Base de Datos,2026-1,52.0,3.8,76.7,3,10.8,12.9,15.2
E06410,Martina Ramírez,Base de Datos,2025-2,48.9,11.8,59.5,5,16.1,10.7,16.4
E06411,Ana Medina,Lenguajes de Programación,2025-2,94.4,3.9,47.6,1,11.5,16.2,11.6
E06412,Renata Flores,Redes de Computadoras,2026-1,75.8,6.5,64.4,3,5.3,5.7,6.8
E06413,Ana Salazar,Matemática Discreta,2026-1,79.4,3.7,76.2,2,16.2,10.5,13.8
E06414,Joaquín Ortiz,Base de Datos,2026-1,89.5,2.4,68.8,2,17.9,14.9,15.7
E06415,Diego Gutiérrez,Lenguajes de Programación,2025-2,69.4,0,60.8,3,12.5,9.0,13.9
E06416,Vicente Flores,Base de Datos,2025-2,60.0,6.4,97.5,1,15.8,10.9,12.2
E06417,Bruno Paredes,Estructuras de Datos,2026-1,90.9,3.8,56.7,4,8.6,15.5,15.2
E06418,Gabriela López,Redes de Computadoras,2025-2,81.1,8.3,96.5,5,,13.9,13.3
E06419,Bruno Rojas,Estructuras de Datos,2026-1,91.8,2.4,68.2,3,11.0,8.4,13.3
E06420,Natalia Rivas,Base de Datos,2026-1,51.3,7.2,76.0,3,4.8,7.0,10.3
E06421,Isabela Soto,Base de Datos,2025-2,69.3,11.3,66.0,3,7.5,13.2,9.0
E06422,Emilio Huamán,Lenguajes de Programación,2025-2,69.6,9.3,67.6,4,11.5,14.9,7.8
E06423,Alejandra Vargas,Matemática Discreta,2025-2,79.1,7.6,58.7,3,13.6,10.6,14.3
E06424,Isabela Rojas,Estructuras de Datos,2025-2,85.8,3.5,84.0,4,7.9,9.6,11.0
E06425,Paula Soto,Redes de Computadoras,2026-1,69.3,8.8,56.4,5,12.2,5.9,7.6
E06426,Bruno Aguilar,Redes de Computadoras,2025-2,76.7,4.6,62.5,3,18.8,12.2,12.3
E06427,Adrián López,Estructuras de Datos,2026-1,84.1,7.2,83.4,4,9.6,6.9,6.8
E06428,Sofía Mamani,Estructuras de Datos,2025-2,31.4,4.6,51.9,3,15.6,15.7,18.6
E06429,Alonso Rodríguez,Base de Datos,2025-2,46.5,2.8,60.0,4,13.9,13.9,17.0
E06430,Renata Cárdenas,Matemática Discreta,2026-1,100,7.2,74.5,4,9.5,12.0,9.2
E06431,Luis Vargas,Redes de Computadoras,2025-2,59.8,7.4,94.7,3,15.1,15.8,20
E06432,Daniela Chávez,Estructuras de Datos,2026-1,94.7,1.9,65.8,5,13.6,13.9,15.1
E06433,Vicente Mamani,Lenguajes de Programación,2025-2,69.2,4.3,98.3,5,11.9,13.6,18.4
E06434,Fernanda Sánchez,Redes de Computadoras,2026-1,44.8,4.0,100,2,10.4,11.7,16.7
E06435,Isabela Aguilar,Estructuras de Datos,2026-1,57.8,5.7,69.8,2,11.2,8.7,10.9
E06436,Sofía Rojas,Matemática Discreta,2025-2,62.3,9.7,69.3,1,15.7,8.7,10.9
E06437,Emilio Soto,Estructuras de Datos,2026-1,80.2,2.1,77.8,4,15.1,11.8,11.6
E06438,Paula López,Estructuras de Datos,2026-1,63.6,3.7,62.4,2,9.5,8.6,10.6
E06439,Rodrigo Vargas,Estructuras de Datos,2026-1,73.5,7.7,59.0,2,17.7,15.0,17.6
E06440,Zoe Herrera,Lenguajes de Programación,2025-2,71.6,10.6,40.1,4,13.1,19.0,16.0
E06441,Gabriela Ramírez,Matemática Discreta,2025-2,62.8,4.4,53.8,3,12.9,11.9,12.3
E06442,Alonso Salazar,Matemática Discreta,2026-1,99.3,8.8,86.9,5,13.3,5.3,9.3
E06443,Tomás Huamán,Lenguajes de Programación,2026-1,33.5,3.0,47.8,2,12.0,14.1,9.5
E06444,Joaquín García,Estructuras de Datos,2025-2,100,0,81.5,2,13.5,14.3,11.7
E06445,Gabriela Salazar,Estructuras de Datos,2025-2,74.1,3.2,67.8,4,11.2,14.8,17.5
E06446,Tomás Mamani,Matemática Discreta,2025-2,83.9,12.2,73.7,2,19.7,16.1,15.1
E06447,Miguel Paredes,Redes de Computadoras,2026-1,87.5,3.1,57.8,3,14.6,12.0,16.4
E06448,Milagros Delgado,Estructuras de Datos,2025-2,50.9,2.6,63.9,5,10.2,10.1,10.9
E06449,Mateo Cárdenas,Redes de Computadoras,2025-2,69.8,2.4,81.1,1,11.2,12.7,9.4
E06450,Emilio Rivas,Base de Datos,2026-1,32.8,9.9,72.1,5,14.1,15.7,16.4
E06451,Antonella Vargas,Lenguajes de Programación,2026-1,93.8,8.4,60.2,1,11.7,14.8,10.0
E06452,Diego Paredes,Redes de Computadoras,2026-1,100,9.9,52.7,4,14.7,16.5,16.5
E06453,María Delgado,Redes de Computadoras,2026-1,73.2,4.6,54.6,4,15.1,11.5,13.0
E06454,Natalia Palomino,Redes de Computadoras,2025-2,85.2,0.0,53.1,5,18.0,11.3,12.3
E06455,Mateo Mamani,Estructuras de Datos,2025-2,64.3,2.4,88.7,3,13.0,5.5,11.0
E06456,Gabriela Vega,Redes de Computadoras,2025-2,60.1,5.3,90.2,1,13.8,14.9,16.8
E06457,Franco Pérez,Redes de Computadoras,2025-2,90.1,7.0,88.7,3,9.9,12.0,15.4
E06458,Estefanía Paredes,Lenguajes de Programación,2026-1,78.4,5.3,86.4,4,12.3,5.2,11.1
E06459,Emilia Gutiérrez,Matemática Discreta,2026-1,76.3,6.8,100,4,15.3,14.8,12.9
E06460,Sofía Ponce,Estructuras de Datos,2026-1,56.6,4.6,74.9,4,14.4,15.9,17.2
E06461,Emilia López,Redes de Computadoras,2025-2,77.7,4.1,62.4,4,8.4,19.2,12.6
E06462,Fernanda Torres,Matemática Discreta,2025-2,65.8,2.7,74.9,3,17.1,14.2,15.9
E06463,Paula Aguilar,Estructuras de Datos,2025-2,51.4,6.0,98.8,2,14.8,13.7,12.6
E06464,Fernanda Flores,Base de Datos,2025-2,92.8,13.7,94.5,2,,17.0,15.4
E06465,Ana Flores,Estructuras de Datos,2026-1,92.5,9.4,79.9,5,7.4,10.1,9.0
E06466,Jorge Medina,Base de Datos,2025-2,59.8,10.0,39.6,3,14.6,13.5,16.5
E06467,Joaquín Aguilar,Base de Datos,2025-2,66.5,3.2,62.1,2,7.2,9.6,12.0
E06468,Renata Salazar,Lenguajes de Programación,2025-2,87.4,9.6,52.7,3,13.4,,14.0
E06469,Valentina Cruz,Estructuras de Datos,2025-2,79.0,3.4,80.6,3,10.7,5.3,11.9
E06470,Julio Zapata,Redes de Computadoras,2026-1,77.8,5.7,88.4,2,12.8,9.5,10.0
E06471,Martina Zapata,Redes de Computadoras,2026-1,57.2,5.1,98.9,2,19.1,14.8,18.1
E06472,Alejandra Rivas,Matemática Discreta,2025-2,91.5,10.9,66.6,3,6.1,12.6,15.5
E06473,Gabriela Rodríguez,Lenguajes de Programación,2025-2,83.7,9.1,100,4,11.9,12.9,12.8
E06474,Alejandra Alva,Estructuras de Datos,2025-2,79.0,8.0,69.3,5,7.8,15.7,9.5
E06475,Valeria Chávez,Matemática Discreta,2026-1,69.9,2.0,64.9,3,11.7,7.7,11.3
E06476,María Vega,Lenguajes de Programación,2025-2,49.5,6.1,72.4,1,6.3,14.3,13.3
E06477,Fernanda Mendoza,Matemática Discreta,2025-2,98.3,7.3,79.5,2,6.9,2.9,8.2
E06478,Alejandra Ramírez,Redes de Computadoras,2025-2,58.6,4.9,57.8,3,6.1,9.1,5.3
E06479,Mateo Quispe,Lenguajes de Programación,2026-1,70.9,3.8,72.1,4,16.6,15.2,15.0
E06480,Joaquín López,Matemática Discreta,2026-1,82.7,0.2,55.9,3,16.8,20,17.5
E06481,Diego Paredes,Base de Datos,2025-2,,2.0,57.3,2,18.8,16.5,15.8
E06482,Fernanda Cárdenas,Redes de Computadoras,2026-1,59.3,7.9,72.1,4,13.1,18.2,15.4
E06483,Andrés Rodríguez,Lenguajes de Programación,2025-2,71.0,6.5,100,3,10.6,7.2,10.8
E06484,Paula Cárdenas,Lenguajes de Programación,2026-1,100,10.5,75.0,2,8.8,14.3,9.1
E06485,Camila Delgado,Estructuras de Datos,2025-2,89.7,2.5,100,2,14.2,10.8,13.7
E06486,Ricardo Herrera,Redes de Computadoras,2025-2,63.5,6.0,64.9,3,4.5,5.9,9.2
E06487,Carlos Soto,Estructuras de Datos,2026-1,72.8,4.3,95.2,4,13.3,10.5,11.3
E06488,Natalia Delgado,Estructuras de Datos,2025-2,76.4,5.9,72.0,1,9.4,2.3,10.7
E06489,Gabriela Cárdenas,Estructuras de Datos,2025-2,89.2,7.1,83.8,5,15.0,13.4,14.8
E06490,Milagros Vargas,Base de Datos,2025-2,79.2,9.1,82.9,3,12.1,15.8,15.8
E06491,María Mendoza,Redes de Computadoras,2025-2,51.8,8.4,100,1,12.5,17.3,10.6
E06492,Luis Ponce,Matemática Discreta,2026-1,100,8.9,87.6,2,13.5,16.2,17.0
E06493,Valentina López,Matemática Discreta,2026-1,65.9,6.3,54.9,5,6.1,7.5,14.0
E06494,Zoe Palomino,Base de Datos,2026-1,,4.8,61.5,3,1.3,4.0,4.3
E06495,Nicolás Rodríguez,Estructuras de Datos,2026-1,63.1,8.5,66.5,1,2.8,10.2,7.7
E06496,Sofía Salazar,Estructuras de Datos,2026-1,76.8,3.2,61.5,3,10.2,6.9,8.6
E06497,Paula Vega,Estructuras de Datos,2026-1,44.3,5.2,50.8,3,9.9,8.8,9.0
E06498,Ana Zapata,Lenguajes de Programación,2025-2,67.8,7.5,86.1,4,14.9,16.2,13.3
E06499,Ximena Vargas,Matemática Discreta,2026-1,80.9,5.1,80.6,3,20,19.5,20
E06500,Camila Delgado,Base de Datos,2026-1,65.9,2.3,61.0,2,,8.9,10.8
E06501,Sebastián Salazar,Matemática Discreta,2025-2,66.2,8.5,86.7,2,13.1,14.9,12.5
E06502,Natalia Torres,Lenguajes de Programación,2026-1,67.5,5.2,93.7,5,10.7,7.8,9.1
E06503,Manuel Rodríguez,Lenguajes de Programación,2026-1,57.9,6.1,94.6,3,17.2,12.8,17.3
E06504,Iván Mamani,Redes de Computadoras,2025-2,96.2,2.7,57.4,4,10.2,7.4,5.0
E06505,Carlos Espinoza,Matemática Discreta,2026-1,94.1,2.1,88.5,4,15.8,12.4,18.0
E06506,María Salazar,Matemática Discreta,2025-2,72.6,1.7,74.7,2,14.4,11.8,9.8
E06507,Alonso Vargas,Matemática Discreta,2025-2,91.9,4.5,100,3,11.5,10.1,10.6
E06508,Renata Cabrera,Redes de Computadoras,2026-1,93.7,7.9,67.1,1,20,11.5,14.0
E06509,Joaquín Zapata,Estructuras de Datos,2026-1,72.3,4.1,74.8,2,19.8,20,20
E06510,Natalia Mamani,Base de Datos,2025-2,55.0,8.5,73.0,3,14.9,11.3,13.4
E06511,Antonella Espinoza,Estructuras de Datos,2026-1,83.0,9.8,72.7,2,10.4,7.2,9.1
E06512,Iván Rojas,Base de Datos,2025-2,63.9,4.7,74.0,4,12.8,8.3,13.5
E06513,Gabriela Medina,Redes de Computadoras,2026-1,100,11.5,70.5,2,8.6,4.7,4.6
E06514,Lucía Aguilar,Lenguajes de Programación,2026-1,83.7,9.8,62.6,1,12.5,15.0,15.4
E06515,Milagros Herrera,Redes de Computadoras,2025-2,,5.3,86.1,3,14.0,12.4,16.3
E06516,Gabriela Palomino,Estructuras de Datos,2026-1,92.6,9.9,,2,15.5,16.2,11.9
E06517,Gabriela Rojas,Matemática Discreta,2025-2,75.9,5.1,59.8,3,13.3,14.4,13.8
E06518,Fabián Zapata,Redes de Computadoras,2025-2,66.7,0,100,3,8.8,7.9,8.7
E06519,Iván Sánchez,Redes de Computadoras,2025-2,63.4,9.2,85.1,3,17.2,16.8,20
E06520,Emilio Zapata,Base de Datos,2025-2,100,12.1,66.7,3,20,20,14.7
E06521,Natalia Salazar,Estructuras de Datos,2025-2,63.9,8.7,56.7,1,12.1,17.0,11.2
E06522,Alonso García,Lenguajes de Programación,2025-2,70.2,2.7,79.3,2,12.2,17.8,15.5
E06523,Alejandra Aguilar,Lenguajes de Programación,2026-1,66.7,3.7,67.9,2,15.9,17.2,19.2
E06524,Ricardo Zapata,Estructuras de Datos,2025-2,71.3,10.2,51.8,4,15.5,12.8,12.6
E06525,Sebastián Reyes,Base de Datos,2026-1,53.8,6.9,70.9,4,14.6,10.1,16.6
E06526,Julio Rivas,Matemática Discreta,2025-2,82.5,3.7,100,4,12.9,12.2,10.4
E06527,Emilio Flores,Matemática Discreta,2026-1,69.5,3.2,62.4,4,12.2,15.9,12.1
E06528,Andrés Salazar,Matemática Discreta,2025-2,46.5,8.1,39.6,3,6.6,4.0,10.2
E06529,Carlos Castillo,Lenguajes de Programación,2025-2,63.4,15.8,75.7,3,13.2,6.7,6.9
E06530,Valeria Alva,Base de Datos,2026-1,56.1,11.0,55.2,2,12.5,16.9,17.6
E06531,Miguel Torres,Redes de Computadoras,2026-1,54.4,6.5,73.4,1,17.8,16.8,12.2
E06532,Valentina Herrera,Lenguajes de Programación,2025-2,43.9,4.8,53.0,3,10.6,11.7,16.7
E06533,Valentina Rojas,Estructuras de Datos,2026-1,,2.6,68.2,1,10.5,10.9,9.7
E06534,Fabián Torres,Matemática Discreta,2025-2,66.8,12.5,58.1,2,20,12.1,17.6
E06535,Tomás Quispe,Estructuras de Datos,2026-1,31.4,2.8,85.2,4,18.5,16.1,20
E06536,Valentina Pérez,Matemática Discreta,2026-1,85.6,6.1,80.4,3,16.7,16.7,16.9
E06537,Alejandra Vega,Base de Datos,2026-1,100,10.5,63.8,3,9.5,,17.1
E06538,Andrés Medina,Lenguajes de Programación,2026-1,65.5,5.3,73.3,3,16.9,16.7,14.7
E06539,Estefanía Ponce,Lenguajes de Programación,2025-2,68.4,2.3,97.8,5,17.3,18.6,16.4
E06540,Sofía Vargas,Estructuras de Datos,2025-2,65.2,11.2,35.9,2,6.9,15.1,10.1
E06541,Manuel Pérez,Redes de Computadoras,2025-2,86.5,5.3,39.0,2,20,19.6,20
E06542,Isabela Pérez,Lenguajes de Programación,2026-1,49.0,4.0,69.8,3,14.9,16.9,15.8
E06543,Andrés Salazar,Base de Datos,2025-2,79.5,9.7,45.3,5,9.7,7.2,9.1
E06544,Lucía López,Redes de Computadoras,2025-2,69.0,4.9,79.1,5,18.5,17.3,16.4
E06545,Sofía Reyes,Base de Datos,2026-1,57.9,3.6,100,1,20,20,17.3
E06546,Manuel Salazar,Base de Datos,2026-1,45.4,2.4,63.7,4,12.1,12.6,12.7
E06547,Renata Flores,Estructuras de Datos,2026-1,82.1,5.3,35.8,2,11.2,13.5,9.1
E06548,Ricardo Pérez,Base de Datos,2025-2,72.6,6.5,52.9,4,14.1,14.4,13.9
E06549,Miguel Quispe,Lenguajes de Programación,2026-1,72.2,7.0,98.2,4,10.8,12.1,13.5
E06550,Julio Quispe,Base de Datos,2025-2,52.5,3.5,66.4,3,14.5,13.6,20
E06551,Gabriela Reyes,Lenguajes de Programación,2025-2,58.4,5.8,73.6,4,11.1,13.2,7.2
E06552,Ricardo Salazar,Estructuras de Datos,2025-2,78.9,14.0,84.8,4,16.8,15.9,14.1
E06553,Luis Paredes,Redes de Computadoras,2025-2,85.1,10.9,73.6,2,16.6,14.7,13.9
E06554,Tomás Sánchez,Redes de Computadoras,2026-1,60.7,5.3,55.3,2,8.5,11.1,6.9
E06555,Ximena Delgado,Lenguajes de Programación,2025-2,79.1,6.8,86.6,3,6.9,1.5,6.4
E06556,Lucía Ponce,Redes de Computadoras,2025-2,81.8,2.0,88.9,5,11.6,12.5,11.0
E06557,Emilia Castillo,Estructuras de Datos,2026-1,64.2,2.0,66.0,2,7.9,15.6,16.5
E06558,Fabián Torres,Redes de Computadoras,2026-1,40.8,7.7,79.8,4,10.0,11.6,13.2
E06559,Milagros Cabrera,Lenguajes de Programación,2025-2,75.0,12.1,62.7,3,14.2,13.0,8.8
E06560,Rosa Aguilar,Redes de Computadoras,2025-2,89.3,1.4,100,2,9.3,14.4,13.6
E06561,Luis Sánchez,Matemática Discreta,2025-2,80.5,5.4,63.5,5,16.7,12.9,19.0
E06562,Julio Flores,Estructuras de Datos,2025-2,69.2,9.6,62.3,3,7.5,11.1,10.9
E06563,Ana López,Redes de Computadoras,2025-2,92.2,5.1,60.3,4,13.3,7.7,9.2
E06564,Paula Vega,Estructuras de Datos,2026-1,51.4,0,63.6,3,13.6,15.0,16.6
E06565,Martina Sánchez,Redes de Computadoras,2026-1,89.4,4.5,89.9,2,16.7,16.2,15.4
E06566,Rosa Torres,Lenguajes de Programación,2025-2,47.0,1.8,49.4,2,13.3,11.4,10.4
E06567,Valeria Rivas,Lenguajes de Programación,2026-1,100,0.7,61.2,2,9.4,6.6,8.5
E06568,Isabela Vargas,Matemática Discreta,2025-2,82.1,5.9,47.1,2,11.9,13.5,13.3
E06569,Vicente Alva,Lenguajes de Programación,2025-2,66.8,1.3,76.7,3,20,16.5,16.3
E06570,Valentina Sánchez,Base de Datos,2025-2,67.2,8.5,,4,15.6,10.7,9.3
E06571,Fabián Ortiz,Base de Datos,2025-2,67.7,3.6,70.2,2,10.3,10.1,11.6
E06572,Natalia Soto,Estructuras de Datos,2026-1,98.6,8.4,93.0,5,9.4,12.9,12.8
E06573,Julio Castillo,Lenguajes de Programación,2026-1,75.8,11.3,83.1,3,15.1,20,15.8
E06574,Rodrigo Mamani,Estructuras de Datos,2025-2,100,5.8,60.9,3,12.5,13.0,15.5
E06575,Estefanía Aguilar,Lenguajes de Programación,2026-1,88.8,3.6,69.2,3,14.7,16.5,14.9
E06576,Franco Cabrera,Redes de Computadoras,2025-2,63.1,6.3,100,4,16.9,15.6,14.4
E06577,Nicolás Rojas,Matemática Discreta,2026-1,55.3,7.4,96.8,5,17.6,14.1,18.6
E06578,Emilia Huamán,Redes de Computadoras,2025-2,46.9,4.5,100,4,20,18.3,19.2
E06579,Emilio Sánchez,Estructuras de Datos,2025-2,62.3,4.0,89.0,3,16.7,10.3,16.6
E06580,Nicolás Rojas,Estructuras de Datos,2025-2,87.5,4.9,90.0,4,14.8,15.7,13.6
E06581,Rodrigo López,Redes de Computadoras,2025-2,42.0,3.1,69.7,3,15.9,16.4,12.1
E06582,Diego Alva,Lenguajes de Programación,2025-2,77.7,1.7,82.5,2,9.7,8.4,16.0
E06583,Milagros Ponce,Estructuras de Datos,2025-2,83.6,0,88.3,3,20,15.4,19.0
E06584,Martina Delgado,Estructuras de Datos,2026-1,100,3.0,86.8,2,10.3,11.2,11.1
E06585,Nicolás Rodríguez,Redes de Computadoras,2025-2,67.3,9.8,25.9,5,15.9,15.3,18.9
E06586,Rodrigo Ortiz,Redes de Computadoras,2026-1,69.6,7.2,85.6,3,11.5,13.7,11.3
E06587,Julio Soto,Estructuras de Datos,2026-1,51.4,3.7,56.8,3,15.4,17.4,13.7
E06588,Carlos Huamán,Redes de Computadoras,2026-1,56.0,4.4,82.8,1,12.1,14.6,12.1
E06589,Martina Cabrera,Estructuras de Datos,2025-2,77.8,2.3,100,1,10.4,6.4,6.1
E06590,Alonso Espinoza,Redes de Computadoras,2026-1,52.9,5.9,78.0,1,20,20,16.3
E06591,Alonso Torres,Base de Datos,2026-1,76.1,4.3,74.3,3,15.6,15.4,14.4
E06592,Isabela López,Lenguajes de Programación,2025-2,91.5,7.6,69.5,3,15.3,15.7,13.9
E06593,Fernanda López,Matemática Discreta,2026-1,,5.1,51.6,2,17.1,15.4,17.1
E06594,Nicolás Zapata,Redes de Computadoras,2025-2,61.1,2.6,72.7,5,12.1,13.2,12.7
E06595,Daniela Rodríguez,Estructuras de Datos,2025-2,52.4,6.9,,3,10.1,3.1,7.4
E06596,Antonella Torres,Estructuras de Datos,2026-1,42.6,10.0,71.4,3,14.4,14.2,13.2
E06597,Iván Chávez,Base de Datos,2026-1,85.2,0.4,72.6,4,7.6,5.2,4.8
E06598,Renata Castillo,Lenguajes de Programación,2026-1,60.8,9.6,64.8,1,14.9,13.6,12.7
E06599,Martina Rodríguez,Base de Datos,2025-2,60.9,7.5,62.4,4,13.2,7.0,11.3
E06600,Ana Chávez,Redes de Computadoras,2026-1,81.3,3.1,71.2,1,14.4,17.7,19.0
E06601,Daniela Rojas,Matemática Discreta,2026-1,66.2,2.9,92.6,3,6.7,7.7,5.2
E06602,Miguel Espinoza,Estructuras de Datos,2025-2,83.9,3.1,63.1,4,14.5,10.3,12.8
E06603,Ximena Gutiérrez,Base de Datos,2026-1,54.6,3.7,70.0,4,8.7,9.9,10.9
E06604,Emilio Alva,Base de Datos,2025-2,100,3.6,93.2,2,10.9,11.5,13.0
E06605,Valentina Ramírez,Base de Datos,2026-1,63.6,6.4,96.1,4,15.7,16.8,14.9
E06606,Luis Aguilar,Base de Datos,2026-1,100,4.5,100,2,10.1,13.1,17.9
E06607,Ximena Torres,Matemática Discreta,2026-1,55.7,6.4,78.6,5,18.1,17.9,19.5
E06608,Ricardo Vega,Estructuras de Datos,2026-1,,4.8,73.8,3,14.8,12.6,9.0
E06609,Rosa Rivas,Redes de Computadoras,2026-1,94.6,0,71.0,3,12.4,9.4,9.1
E06610,Rosa Torres,Matemática Discreta,2025-2,80.3,15.9,70.4,4,10.3,13.7,11.3
E06611,Ximena Gutiérrez,Estructuras de Datos,2025-2,75.4,0,89.3,4,10.8,13.1,10.2
E06612,Estefanía Sánchez,Base de Datos,2026-1,63.1,3.1,51.7,3,10.7,5.9,10.3
E06613,Jorge García,Matemática Discreta,2025-2,73.6,5.3,66.9,2,12.8,11.5,12.5
E06614,Valeria Pérez,Base de Datos,2025-2,50.0,0,42.0,1,4.5,2.8,9.2
E06615,Luis Rojas,Matemática Discreta,2026-1,82.4,7.6,62.0,2,15.0,15.5,13.2
E06616,Martina García,Redes de Computadoras,2026-1,61.3,11.3,64.5,4,11.2,5.9,9.3
E06617,Andrés Vargas,Lenguajes de Programación,2026-1,60.6,3.6,75.5,3,7.7,4.5,12.4
E06618,Zoe Rojas,Base de Datos,2025-2,59.2,6.3,92.5,5,9.5,10.0,10.3
E06619,Joaquín Delgado,Lenguajes de Programación,2025-2,51.4,7.2,92.1,3,3.7,10.1,3.6
E06620,Carlos Chávez,Matemática Discreta,2026-1,52.2,3.8,69.6,3,14.8,12.4,12.2
E06621,Natalia Castillo,Estructuras de Datos,2026-1,69.9,0,60.2,4,8.4,7.5,10.7
E06622,Natalia Herrera,Lenguajes de Programación,2026-1,70.1,7.8,69.8,4,10.0,15.3,12.5
E06623,Daniela Espinoza,Redes de Computadoras,2025-2,89.5,0.3,90.7,3,9.7,14.7,12.8
E06624,Franco Delgado,Lenguajes de Programación,2026-1,74.9,3.7,37.2,5,13.4,16.6,11.4
E06625,Nicolás Mendoza,Redes de Computadoras,2025-2,56.3,4.7,100,3,15.1,16.4,13.2
E06626,Adrián Quispe,Redes de Computadoras,2025-2,76.8,9.9,80.9,3,11.2,15.7,16.4
E06627,Miguel García,Base de Datos,2026-1,95.1,11.3,100,1,20,20,20
E06628,Ricardo Paredes,Lenguajes de Programación,2025-2,47.8,5.1,69.6,1,13.1,13.9,10.3
E06629,Valeria Gutiérrez,Estructuras de Datos,2026-1,56.2,8.9,76.8,5,9.5,6.3,12.8
E06630,Estefanía Ortiz,Lenguajes de Programación,2026-1,72.0,2.3,96.6,2,15.6,11.9,9.0
E06631,Sofía Torres,Redes de Computadoras,2025-2,74.7,3.5,89.7,4,6.5,6.5,12.0
E06632,Emilia Delgado,Base de Datos,2026-1,50.2,4.4,56.1,5,12.0,13.3,17.6
E06633,Emilio Medina,Matemática Discreta,2026-1,75.2,0.6,60.5,3,14.1,14.9,14.0
E06634,Julio Flores,Lenguajes de Programación,2026-1,98.0,7.0,62.4,2,18.5,14.9,14.1
E06635,Ximena Alva,Estructuras de Datos,2026-1,48.1,6.0,52.1,4,15.7,12.0,16.5
E06636,Gabriela Chávez,Redes de Computadoras,2026-1,62.8,8.8,64.6,3,13.7,12.1,14.8
E06637,Joaquín López,Estructuras de Datos,2025-2,100,2.9,69.0,1,15.4,14.7,15.6
E06638,Valeria Chávez,Redes de Computadoras,2026-1,74.0,12.7,76.7,4,18.8,12.1,17.9
E06639,Bruno García,Lenguajes de Programación,2025-2,66.6,9.5,50.9,5,9.5,10.7,8.9
E06640,Sofía Espinoza,Redes de Computadoras,2025-2,79.5,9.1,84.0,2,14.0,15.6,15.1
E06641,Natalia Ortiz,Estructuras de Datos,2026-1,69.9,8.0,71.3,1,17.3,14.3,9.6
E06642,Ximena Aguilar,Matemática Discreta,2026-1,100,11.4,64.7,3,9.4,16.7,12.6
E06643,Ana Castillo,Matemática Discreta,2026-1,69.7,8.0,100,5,7.0,10.1,12.2
E06644,Fernanda Vega,Estructuras de Datos,2025-2,65.3,3.8,70.5,2,3.2,5.9,12.1
E06645,Luis Huamán,Base de Datos,2025-2,66.7,5.3,91.0,1,9.5,10.4,10.1
E06646,Ricardo Ponce,Estructuras de Datos,2025-2,56.7,6.2,52.7,4,9.7,4.3,11.3
E06647,Alejandra Ramírez,Matemática Discreta,2026-1,74.4,4.3,99.4,4,7.0,4.9,12.8
E06648,Daniela Rodríguez,Matemática Discreta,2025-2,82.9,4.7,83.7,4,,15.0,14.1
E06649,Ana García,Matemática Discreta,2026-1,63.0,7.1,64.5,3,16.2,11.3,18.3
E06650,Miguel Palomino,Base de Datos,2026-1,64.9,5.7,59.4,4,18.4,16.5,14.1
E06651,Mateo Palomino,Lenguajes de Programación,2026-1,91.5,7.2,69.6,3,5.8,4.0,10.4
E06652,Rosa Gutiérrez,Redes de Computadoras,2025-2,55.9,11.3,76.6,4,6.5,12.5,8.5
E06653,Martina Cabrera,Base de Datos,2025-2,23.6,2.4,100,4,8.9,8.7,6.2
E06654,Estefanía Cruz,Matemática Discreta,2025-2,76.6,2.8,48.8,4,15.7,10.7,11.4
E06655,Bruno Mamani,Matemática Discreta,2025-2,76.2,3.7,71.5,4,14.8,16.3,14.9
E06656,Ana Ramírez,Estructuras de Datos,2025-2,62.5,14.5,67.8,3,14.4,14.4,14.4
E06657,Tomás Vargas,Lenguajes de Programación,2026-1,65.8,5.2,41.8,5,10.0,10.6,14.3
E06658,Renata Vargas,Lenguajes de Programación,2026-1,65.3,11.8,35.1,4,9.8,9.5,13.1
E06659,Antonella Paredes,Redes de Computadoras,2026-1,87.5,4.7,65.0,4,14.1,7.0,15.2
E06660,Milagros Reyes,Lenguajes de Programación,2026-1,67.3,11.4,61.2,3,10.8,9.2,11.1
E06661,Fernanda Ponce,Lenguajes de Programación,2025-2,62.0,8.2,50.1,4,13.9,17.7,10.4
E06662,Paula Paredes,Matemática Discreta,2025-2,55.1,7.4,,4,11.0,8.7,3.9
E06663,Isabela Salazar,Base de Datos,2025-2,69.6,9.9,81.3,2,12.1,14.3,12.4
E06664,Bruno García,Estructuras de Datos,2025-2,71.1,3.9,82.5,2,5.1,6.1,4.3
E06665,Rosa Ponce,Lenguajes de Programación,2025-2,85.2,0.6,53.3,3,8.4,15.0,12.1
E06666,Martina Ramírez,Redes de Computadoras,2025-2,100,5.9,83.6,2,14.4,15.4,12.6
E06667,Fabián Reyes,Base de Datos,2025-2,68.4,1.9,89.6,1,15.0,14.5,10.9
E06668,Joaquín Ramírez,Base de Datos,2026-1,59.5,1.3,96.2,3,11.7,8.7,3.6
E06669,Manuel Ponce,Redes de Computadoras,2026-1,22.4,0,74.9,2,13.2,10.2,19.3
E06670,Rosa Zapata,Matemática Discreta,2026-1,60.1,5.7,,3,13.2,19.3,16.5
E06671,Miguel Cárdenas,Redes de Computadoras,2025-2,71.9,0.1,68.0,2,16.3,19.6,20
E06672,Milagros Cruz,Matemática Discreta,2026-1,66.0,15.9,72.1,1,13.1,17.7,17.1
E06673,Nicolás Espinoza,Matemática Discreta,2026-1,72.5,3.8,64.9,4,13.5,7.7,10.0
E06674,Emilia Herrera,Estructuras de Datos,2025-2,81.7,6.7,92.1,2,14.2,8.3,12.5
E06675,Franco Cabrera,Base de Datos,2026-1,74.1,9.8,74.6,4,11.6,10.5,11.2
E06676,Milagros Medina,Redes de Computadoras,2025-2,92.7,8.2,74.2,3,13.0,15.4,10.4
E06677,Antonella Rivas,Lenguajes de Programación,2026-1,79.1,6.6,54.5,4,13.7,11.6,16.1
E06678,Isabela Medina,Base de Datos,2025-2,77.5,10.8,92.3,4,14.7,9.5,15.4
E06679,Andrés Rodríguez,Base de Datos,2026-1,63.8,9.3,69.9,3,10.1,9.2,10.0
E06680,Joaquín García,Estructuras de Datos,2025-2,79.1,0.5,63.6,3,12.8,10.4,9.8
E06681,Ricardo Huamán,Matemática Discreta,2025-2,64.7,3.4,58.5,4,17.0,12.4,10.8
E06682,Antonella Aguilar,Matemática Discreta,2025-2,78.8,9.1,100,3,15.3,19.7,17.8
E06683,Nicolás Cárdenas,Matemática Discreta,2025-2,87.9,4.3,83.3,2,20,12.2,14.7
E06684,Isabela Ortiz,Base de Datos,2025-2,55.5,9.8,46.1,1,14.3,11.2,12.1
E06685,Zoe Ponce,Redes de Computadoras,2025-2,56.7,14.9,88.2,4,20,18.2,11.9
E06686,Daniela Ortiz,Lenguajes de Programación,2025-2,48.0,5.9,88.4,4,10.4,8.1,14.5
E06687,Rodrigo Quispe,Estructuras de Datos,2026-1,69.3,9.4,40.9,3,12.7,,6.4
E06688,Ana Aguilar,Lenguajes de Programación,2025-2,53.3,7.4,65.4,5,12.1,4.9,17.4
E06689,Ana Palomino,Redes de Computadoras,2025-2,72.1,3.9,79.7,5,4.8,10.4,8.5
E06690,Franco Soto,Lenguajes de Programación,2026-1,45.1,6.9,57.3,5,9.4,8.6,9.9
E06691,María Herrera,Lenguajes de Programación,2026-1,49.2,13.3,44.4,4,12.5,14.3,15.1
E06692,Daniela Cruz,Matemática Discreta,2026-1,81.1,5.2,71.5,3,19.5,,17.1
E06693,Fernanda Rodríguez,Estructuras de Datos,2025-2,77.6,8.1,65.0,3,9.1,18.3,11.4
E06694,Nicolás Ramírez,Base de Datos,2026-1,78.1,2.9,96.8,3,16.0,14.0,17.5
E06695,Emilio Gutiérrez,Redes de Computadoras,2026-1,89.6,3.0,92.6,4,9.7,11.7,16.1
E06696,Franco Mendoza,Estructuras de Datos,2026-1,87.6,7.7,63.4,4,15.6,20,20
E06697,Fernanda Cruz,Base de Datos,2025-2,76.3,4.7,62.4,3,12.9,12.8,15.1
E06698,Zoe Zapata,Estructuras de Datos,2025-2,89.0,6.2,65.8,2,5.2,12.4,9.6
E06699,Ana Rivas,Lenguajes de Programación,2025-2,57.2,6.2,62.8,1,13.6,13.9,8.9
E06700,Carlos Chávez,Estructuras de Datos,2025-2,46.6,7.9,98.7,2,11.5,9.5,11.5
E06701,Lucía Medina,Redes de Computadoras,2025-2,37.6,1.7,79.6,4,14.5,9.8,7.6
E06702,Martina López,Base de Datos,2025-2,82.4,10.0,64.2,4,15.1,16.6,20
E06703,Gabriela Espinoza,Estructuras de Datos,2025-2,66.7,10.8,81.0,3,17.7,10.3,15.1
E06704,Emilia Rodríguez,Estructuras de Datos,2026-1,96.1,4.3,91.3,1,12.3,11.6,12.6
E06705,Andrés Sánchez,Matemática Discreta,2026-1,67.0,9.6,82.3,2,5.9,8.3,8.0
E06706,Alejandra Paredes,Estructuras de Datos,2025-2,73.1,6.4,66.1,3,10.4,9.1,12.2
E06707,Alonso Espinoza,Lenguajes de Programación,2026-1,75.5,11.2,79.0,3,16.2,20,20
E06708,Adrián Reyes,Redes de Computadoras,2025-2,53.5,7.5,75.9,2,14.2,16.2,11.3
E06709,Ximena Torres,Base de Datos,2025-2,99.0,5.8,59.5,2,4.6,5.6,11.5
E06710,Estefanía Cruz,Matemática Discreta,2026-1,82.6,0,67.9,5,10.8,12.2,6.6
E06711,María Mamani,Estructuras de Datos,2025-2,69.6,2.5,84.6,2,10.1,7.3,12.5
E06712,Zoe Herrera,Redes de Computadoras,2026-1,57.0,0.9,50.6,3,16.5,19.2,17.4
E06713,Emilia Medina,Matemática Discreta,2025-2,74.5,3.5,74.0,4,15.0,14.1,13.7
E06714,Valeria Huamán,Estructuras de Datos,2026-1,88.0,8.8,100,4,6.9,8.5,11.5
E06715,Sofía Torres,Matemática Discreta,2026-1,43.5,0,54.0,3,14.2,15.7,11.5
E06716,Carlos Pérez,Matemática Discreta,2026-1,94.6,9.8,82.3,2,8.5,15.5,11.7
E06717,Daniela Rivas,Matemática Discreta,2025-2,37.1,4.3,72.5,5,16.1,11.1,9.7
E06718,Alejandra Soto,Redes de Computadoras,2025-2,51.5,0,54.8,3,17.5,16.5,20
E06719,Milagros Mamani,Matemática Discreta,2025-2,39.8,0,75.3,3,11.5,12.0,9.7
E06720,Miguel Ponce,Estructuras de Datos,2025-2,41.6,2.8,67.4,1,12.3,12.3,18.4
E06721,Valentina Delgado,Base de Datos,2025-2,73.0,9.4,98.0,2,13.2,6.2,8.2
E06722,Martina Zapata,Base de Datos,2025-2,73.5,10.0,77.3,3,12.3,12.7,10.0
E06723,Rosa Huamán,Redes de Computadoras,2025-2,82.5,2.7,39.9,4,16.2,14.7,14.8
E06724,Manuel Paredes,Redes de Computadoras,2025-2,69.6,7.8,75.0,2,14.4,10.3,11.1
E06725,Sofía Vega,Matemática Discreta,2025-2,64.4,2.3,70.2,2,,15.7,11.1
E06726,Emilia Zapata,Redes de Computadoras,2026-1,51.5,9.3,89.2,2,6.3,10.2,10.5
E06727,Sebastián Quispe,Matemática Discreta,2025-2,83.5,0,99.2,3,10.5,11.3,12.1
E06728,Bruno Soto,Redes de Computadoras,2026-1,91.7,10.5,69.7,5,15.2,14.9,10.3
E06729,Julio Paredes,Base de Datos,2025-2,90.6,10.0,72.0,2,14.5,14.1,14.9
E06730,Gabriela Rojas,Matemática Discreta,2025-2,75.2,6.6,80.9,2,15.8,9.7,10.6
E06731,Ana Medina,Redes de Computadoras,2025-2,42.1,6.0,82.3,4,1.0,5.6,2.4
E06732,Antonella Ponce,Lenguajes de Programación,2025-2,85.3,2.5,92.3,3,19.8,20,12.6
E06733,Mateo Delgado,Matemática Discreta,2026-1,100,2.4,69.9,2,15.0,16.8,16.1
E06734,Alonso Ponce,Lenguajes de Programación,2025-2,58.9,4.9,85.6,3,14.1,15.1,15.1
E06735,Bruno Gutiérrez,Estructuras de Datos,2025-2,30.1,8.7,90.3,3,8.7,12.2,9.0
E06736,Isabela Aguilar,Lenguajes de Programación,2025-2,100,2.4,73.0,2,16.1,15.4,16.3
E06737,Antonella Mamani,Base de Datos,2026-1,69.3,2.0,57.2,4,14.3,13.0,7.0
E06738,Miguel Cárdenas,Lenguajes de Programación,2025-2,67.7,6.7,76.7,5,3.2,14.1,9.9
E06739,Lucía Vargas,Redes de Computadoras,2025-2,82.0,4.8,85.0,2,12.7,13.9,12.9
E06740,Bruno Mamani,Matemática Discreta,2026-1,86.0,8.4,61.7,2,8.7,9.2,6.6
E06741,Emilia Chávez,Base de Datos,2026-1,78.1,6.6,61.8,2,5.6,6.3,11.3
E06742,Jorge Mendoza,Estructuras de Datos,2025-2,41.1,5.4,82.3,4,9.1,14.7,8.9
E06743,Ricardo Huamán,Lenguajes de Programación,2025-2,45.1,5.5,84.4,3,13.4,13.0,14.7
E06744,Julio Cárdenas,Redes de Computadoras,2026-1,49.1,5.8,100,4,7.4,6.1,11.2
E06745,Lucía Ortiz,Matemática Discreta,2026-1,72.6,0,87.6,3,18.2,17.9,12.7
E06746,Ricardo López,Estructuras de Datos,2026-1,61.8,0.6,53.2,3,15.7,20,19.8
E06747,Ana Torres,Base de Datos,2025-2,100,0,100,3,13.3,17.8,20
E06748,Jorge Vargas,Lenguajes de Programación,2026-1,44.2,5.2,73.1,2,13.8,5.9,9.4
E06749,Mateo Chávez,Lenguajes de Programación,2025-2,82.7,8.6,56.1,4,16.5,9.0,13.7
E06750,Miguel Zapata,Estructuras de Datos,2025-2,61.9,2.2,67.7,4,20,13.8,17.1
E06751,Emilio Soto,Redes de Computadoras,2025-2,84.0,8.2,56.6,4,15.6,14.4,12.0
E06752,Iván Espinoza,Lenguajes de Programación,2026-1,51.8,6.7,74.7,4,20,14.9,16.1
E06753,Ana Pérez,Lenguajes de Programación,2026-1,100,3.0,100,2,13.2,13.8,15.7
E06754,Natalia Mamani,Matemática Discreta,2025-2,89.5,5.0,95.6,5,7.5,8.5,12.3
E06755,Vicente Reyes,Redes de Computadoras,2025-2,67.3,11.9,72.7,4,15.8,12.7,14.6
E06756,Iván Cárdenas,Estructuras de Datos,2025-2,67.9,3.9,,5,15.0,10.2,15.8
E06757,Renata Mendoza,Base de Datos,2025-2,63.8,5.6,95.7,1,18.6,18.7,20
E06758,María Herrera,Redes de Computadoras,2025-2,78.8,5.9,81.2,3,11.2,10.3,11.8
E06759,Andrés López,Redes de Computadoras,2026-1,59.1,12.8,73.8,4,2.6,10.2,5.6
E06760,Isabela Herrera,Base de Datos,2025-2,54.5,7.6,89.8,5,13.3,13.0,12.3
E06761,Mateo Cabrera,Lenguajes de Programación,2026-1,75.7,10.9,87.7,1,20,20,20.0
E06762,Antonella Ramírez,Matemática Discreta,2025-2,73.0,7.4,59.2,2,8.1,8.1,6.9
E06763,Antonella Reyes,Matemática Discreta,2026-1,55.2,6.0,75.0,2,13.3,6.7,9.0
E06764,Luis Rodríguez,Estructuras de Datos,2025-2,47.5,6.0,92.0,4,11.0,7.6,14.9
E06765,Gabriela Vega,Redes de Computadoras,2026-1,90.0,3.8,73.4,3,17.0,14.6,18.3
E06766,Fernanda Espinoza,Base de Datos,2025-2,66.5,5.4,,4,6.2,11.4,13.4
E06767,Natalia López,Matemática Discreta,2026-1,54.8,0.2,100,2,14.2,15.4,14.4
E06768,Zoe Cárdenas,Matemática Discreta,2026-1,70.1,7.4,82.0,1,13.1,16.2,14.6
E06769,Camila Rojas,Estructuras de Datos,2026-1,96.6,4.2,53.5,4,15.1,16.9,14.5
E06770,Milagros Paredes,Base de Datos,2025-2,75.5,0,75.7,5,16.8,17.7,20
E06771,Ana Aguilar,Lenguajes de Programación,2025-2,84.4,0,93.5,4,7.6,7.1,8.0
E06772,Vicente Alva,Lenguajes de Programación,2025-2,72.8,1.4,74.3,3,10.1,12.4,11.5
E06773,Gabriela Vega,Redes de Computadoras,2025-2,77.7,9.5,,3,19.1,16.1,13.5
E06774,Emilia Castillo,Estructuras de Datos,2026-1,41.7,6.8,38.4,5,8.5,11.1,11.7
E06775,Estefanía Chávez,Base de Datos,2026-1,78.5,5.4,95.7,5,9.0,5.1,10.6
E06776,Fabián Aguilar,Matemática Discreta,2025-2,54.0,9.1,86.7,4,13.5,11.3,8.7
E06777,Sofía Gutiérrez,Base de Datos,2026-1,79.3,2.6,54.9,5,18.5,10.4,19.1
E06778,Sebastián Reyes,Lenguajes de Programación,2026-1,69.8,1.6,66.3,2,13.1,16.6,16.3
E06779,Iván Quispe,Redes de Computadoras,2026-1,55.6,8.8,64.8,1,20,18.2,13.5
E06780,María Reyes,Base de Datos,2026-1,74.1,8.5,100,2,18.3,16.5,13.8
E06781,Sofía Paredes,Base de Datos,2026-1,97.2,9.3,74.5,4,10.4,10.4,14.4
E06782,Isabela Reyes,Estructuras de Datos,2026-1,90.1,2.1,57.6,3,17.2,15.9,9.9
E06783,Rosa Soto,Lenguajes de Programación,2025-2,78.6,3.8,63.5,4,14.2,18.3,11.8
E06784,Fabián Rivas,Base de Datos,2026-1,79.3,0,95.8,5,14.8,14.5,12.6
E06785,Gabriela Pérez,Lenguajes de Programación,2026-1,83.6,10.1,76.1,4,14.1,12.9,15.7
E06786,Daniela Paredes,Matemática Discreta,2025-2,94.5,6.9,100,4,6.5,5.0,15.3
E06787,Camila Zapata,Lenguajes de Programación,2025-2,69.8,8.5,68.6,3,15.0,7.8,12.8
E06788,Diego Gutiérrez,Estructuras de Datos,2025-2,66.9,5.0,54.9,4,14.9,12.8,12.7
E06789,Valentina Herrera,Base de Datos,2026-1,93.5,5.2,59.1,3,20,20,20
E06790,Gabriela Aguilar,Redes de Computadoras,2025-2,,0.7,88.9,4,17.0,20,18.2
E06791,María Mamani,Estructuras de Datos,2026-1,78.0,2.2,65.7,4,15.6,13.4,18.0
E06792,Diego Espinoza,Redes de Computadoras,2026-1,92.2,0.3,65.6,3,15.1,19.9,19.5
E06793,Valeria Quispe,Estructuras de Datos,2025-2,64.1,8.1,86.7,2,13.1,11.9,10.8
E06794,Alejandra Paredes,Base de Datos,2026-1,85.5,2.0,100,3,20,15.7,15.2
E06795,Andrés Quispe,Matemática Discreta,2026-1,74.2,6.6,67.1,4,12.7,14.0,10.9
E06796,Rosa Cabrera,Redes de Computadoras,2025-2,86.6,5.1,78.6,4,0.8,10.3,7.3
E06797,Gabriela Torres,Lenguajes de Programación,2026-1,95.4,4.0,65.6,1,12.1,11.0,13.4
E06798,Julio Rivas,Matemática Discreta,2026-1,72.7,4.9,80.4,4,6.7,5.3,7.5
E06799,Nicolás Flores,Redes de Computadoras,2025-2,91.3,5.3,61.5,3,16.0,17.6,18.4
E06800,María Castillo,Redes de Computadoras,2026-1,86.4,5.3,78.2,2,9.8,12.4,12.0
E06801,María Cruz,Base de Datos,2025-2,68.8,4.8,67.0,3,7.3,10.1,9.1
E06802,Emilia Cabrera,Base de Datos,2025-2,77.9,12.0,67.7,1,20,20,20
E06803,Mateo Mamani,Estructuras de Datos,2025-2,77.2,9.9,64.0,5,10.5,8.5,14.3
E06804,Adrián Cruz,Estructuras de Datos,2025-2,65.8,2.1,84.2,3,,12.3,13.2
E06805,Martina Alva,Matemática Discreta,2025-2,68.8,8.4,50.1,1,13.3,15.0,17.1
E06806,Diego Huamán,Estructuras de Datos,2025-2,92.8,8.8,100,1,8.5,9.9,7.9
E06807,Daniela Palomino,Redes de Computadoras,2025-2,55.4,1.9,71.5,5,11.9,11.3,11.8
E06808,Valentina Alva,Lenguajes de Programación,2025-2,97.3,0.5,64.5,3,9.3,5.8,7.7
E06809,Carlos Vega,Matemática Discreta,2025-2,64.6,2.6,79.5,2,15.0,19.0,16.3
E06810,Paula Vargas,Estructuras de Datos,2025-2,79.9,6.7,57.1,3,13.6,13.0,17.4
E06811,Rosa García,Lenguajes de Programación,2025-2,59.8,3.2,77.4,2,14.0,14.0,15.9
E06812,Emilio Cárdenas,Lenguajes de Programación,2025-2,78.7,6.4,85.7,5,16.9,16.0,13.7
E06813,Carlos Cruz,Redes de Computadoras,2025-2,86.9,8.3,63.5,4,11.0,4.5,7.9
E06814,Alonso Ramírez,Redes de Computadoras,2026-1,62.4,6.7,94.8,3,6.7,2.9,12.5
E06815,Daniela Castillo,Lenguajes de Programación,2026-1,46.1,5.3,,2,16.8,12.8,8.9
E06816,Bruno Soto,Estructuras de Datos,2025-2,100,5.2,68.3,4,11.3,18.4,17.5
E06817,Sofía Sánchez,Lenguajes de Programación,2025-2,76.0,1.3,80.2,3,17.3,18.4,16.5
E06818,Sebastián Castillo,Matemática Discreta,2026-1,100,0,90.1,5,12.4,16.3,16.2
E06819,Sofía Rodríguez,Estructuras de Datos,2026-1,39.5,8.0,54.9,4,8.3,12.7,11.7
E06820,Ximena Salazar,Matemática Discreta,2026-1,73.1,5.9,90.3,3,19.8,16.1,14.6
E06821,Julio Ortiz,Lenguajes de Programación,2025-2,100,11.7,47.6,1,11.0,12.2,11.5
E06822,Rosa Palomino,Estructuras de Datos,2025-2,76.7,9.2,59.7,4,17.1,16.3,15.4
E06823,Valeria López,Estructuras de Datos,2025-2,92.3,2.8,100,4,12.1,11.7,12.1
E06824,Diego García,Redes de Computadoras,2026-1,70.4,5.2,92.3,1,20,20,19.7
E06825,Fernanda Torres,Redes de Computadoras,2026-1,72.3,1.4,77.0,4,13.1,11.1,9.5
E06826,Fabián Mendoza,Lenguajes de Programación,2026-1,82.4,3.6,79.0,3,8.6,7.4,10.6
E06827,Franco Rodríguez,Estructuras de Datos,2026-1,100,1.7,89.6,2,1.6,3.3,0
E06828,Andrés Palomino,Redes de Computadoras,2026-1,42.9,5.5,72.8,1,17.6,18.8,17.6
E06829,Nicolás Flores,Lenguajes de Programación,2026-1,95.3,8.3,100,5,19.5,20,19.6
E06830,Natalia Huamán,Base de Datos,2026-1,91.2,10.1,91.2,3,16.5,18.3,15.3
E06831,Andrés Zapata,Redes de Computadoras,2026-1,36.0,12.5,60.1,4,17.5,19.9,11.9
E06832,Sebastián Zapata,Estructuras de Datos,2025-2,68.5,3.8,61.0,3,18.9,17.9,18.0
E06833,Zoe Sánchez,Estructuras de Datos,2025-2,43.5,8.2,85.8,4,14.5,11.7,12.2
E06834,Isabela Mamani,Base de Datos,2025-2,99.7,7.8,77.1,4,9.9,12.6,15.0
E06835,Joaquín Gutiérrez,Base de Datos,2026-1,73.4,2.6,71.4,3,14.9,15.9,15.0
E06836,Emilia Zapata,Base de Datos,2025-2,67.7,13.3,87.4,2,13.0,12.4,6.3
E06837,Emilia Gutiérrez,Matemática Discreta,2026-1,66.1,0.4,78.4,2,,9.3,10.2
E06838,Julio Rojas,Estructuras de Datos,2025-2,59.3,8.1,94.5,2,5.9,3.9,7.6
E06839,Sofía Cruz,Lenguajes de Programación,2025-2,73.1,12.8,100,2,13.5,18.4,14.5
E06840,Antonella Rivas,Matemática Discreta,2025-2,79.4,5.0,85.5,4,6.8,11.1,8.3
E06841,Jorge Delgado,Lenguajes de Programación,2026-1,44.1,5.7,60.3,3,11.4,14.1,16.6
E06842,Diego Rodríguez,Estructuras de Datos,2025-2,70.9,3.4,69.2,3,8.7,7.8,9.8
E06843,Diego Zapata,Matemática Discreta,2026-1,83.1,1.3,88.7,2,14.7,12.8,13.1
E06844,Sofía García,Base de Datos,2026-1,74.0,4.6,82.0,3,10.4,9.5,6.2
E06845,Luis Medina,Redes de Computadoras,2026-1,69.1,3.0,100,3,17.3,20,17.3
E06846,Isabela Cárdenas,Base de Datos,2025-2,55.2,8.9,73.2,3,12.9,8.3,11.0
E06847,Renata Herrera,Redes de Computadoras,2025-2,85.2,1.6,80.1,2,10.4,6.8,7.3
E06848,Alonso Herrera,Matemática Discreta,2026-1,54.7,6.2,89.4,1,12.7,14.2,17.3
E06849,Jorge Vargas,Base de Datos,2026-1,,4.9,42.6,4,17.9,15.2,20
E06850,Camila Castillo,Lenguajes de Programación,2026-1,82.6,11.0,48.2,5,12.9,10.5,12.8
E06851,Alonso Gutiérrez,Lenguajes de Programación,2025-2,100,3.5,74.2,3,8.5,17.3,8.8
E06852,Milagros Pérez,Redes de Computadoras,2026-1,41.2,8.4,70.4,5,9.5,12.4,13.5
E06853,Miguel Salazar,Estructuras de Datos,2026-1,46.2,3.8,68.6,3,10.0,11.2,12.9
E06854,Fernanda Palomino,Matemática Discreta,2026-1,67.4,0,30.0,5,14.4,14.2,12.4
E06855,Zoe Cruz,Lenguajes de Programación,2026-1,79.3,10.3,82.4,4,14.2,19.9,17.7
E06856,Martina Rojas,Lenguajes de Programación,2026-1,71.4,0,50.4,2,11.5,11.7,10.7
E06857,Fernanda Gutiérrez,Redes de Computadoras,2026-1,62.7,7.0,77.1,2,10.0,8.8,9.5
E06858,Andrés Espinoza,Redes de Computadoras,2026-1,52.8,2.1,84.2,4,20,13.6,18.5
E06859,Tomás Gutiérrez,Redes de Computadoras,2026-1,100,5.2,100,5,10.5,13.4,12.8
E06860,Milagros Paredes,Base de Datos,2025-2,87.3,4.3,58.4,3,5.6,4.8,4.0
E06861,Mateo Ortiz,Redes de Computadoras,2026-1,44.2,0.2,86.5,2,15.8,16.8,14.8
E06862,Tomás Delgado,Base de Datos,2026-1,56.4,9.0,78.9,3,16.6,12.4,13.4
E06863,Iván Chávez,Lenguajes de Programación,2026-1,49.5,9.7,71.6,2,9.9,12.4,10.0
E06864,Antonella Rivas,Matemática Discreta,2025-2,77.7,6.0,65.9,3,8.6,7.8,13.0
E06865,Iván Gutiérrez,Estructuras de Datos,2026-1,51.0,4.2,85.3,4,6.8,8.9,7.6
E06866,Rosa Vega,Matemática Discreta,2025-2,76.4,7.0,42.3,5,15.4,7.4,17.0
E06867,Mateo Reyes,Matemática Discreta,2025-2,87.8,6.8,44.8,5,18.7,15.4,10.7
E06868,Bruno Cabrera,Base de Datos,2025-2,65.8,12.1,60.9,2,13.0,16.2,17.6
E06869,Julio Vargas,Matemática Discreta,2026-1,85.9,9.4,65.8,5,14.8,12.7,17.0
E06870,Emilio Pérez,Redes de Computadoras,2026-1,70.3,7.4,94.7,2,8.2,13.2,12.9
E06871,Sofía Torres,Lenguajes de Programación,2026-1,75.6,5.1,77.5,2,11.9,13.4,9.5
E06872,Milagros Torres,Matemática Discreta,2026-1,90.7,15.2,100,3,7.1,8.9,10.9
E06873,Alejandra Gutiérrez,Base de Datos,2025-2,68.3,3.4,49.1,3,16.4,15.5,10.8
E06874,Fernanda Delgado,Matemática Discreta,2026-1,45.8,7.9,68.9,3,11.0,11.7,9.9
E06875,Rosa Huamán,Matemática Discreta,2026-1,100,12.5,83.1,3,14.7,5.7,11.3
E06876,Manuel Alva,Base de Datos,2026-1,60.8,6.6,78.3,3,14.4,20,14.9
E06877,Sebastián Paredes,Redes de Computadoras,2025-2,91.5,6.9,80.4,3,13.4,12.9,16.4
E06878,Rosa Cruz,Estructuras de Datos,2025-2,91.7,12.4,85.9,2,10.6,8.7,6.6
E06879,Luis Mamani,Redes de Computadoras,2026-1,83.9,4.8,90.2,3,10.4,9.1,8.3
E06880,Nicolás Flores,Lenguajes de Programación,2026-1,81.4,2.9,68.4,4,18.6,15.7,16.4
E06881,Tomás Cárdenas,Lenguajes de Programación,2026-1,65.9,6.9,53.7,3,13.3,11.6,10.8
E06882,Renata Flores,Redes de Computadoras,2026-1,93.0,9.3,76.4,2,14.3,12.5,13.7
E06883,Zoe Salazar,Matemática Discreta,2025-2,53.7,4.0,94.0,3,10.3,9.3,8.1
E06884,Emilio Quispe,Base de Datos,2026-1,84.4,12.1,96.7,2,11.4,13.3,7.7
E06885,Andrés Espinoza,Matemática Discreta,2026-1,46.8,6.5,74.0,2,18.9,17.0,17.3
E06886,Jorge Vega,Lenguajes de Programación,2025-2,91.8,7.5,80.1,3,11.0,13.8,16.3
E06887,Joaquín Herrera,Redes de Computadoras,2026-1,56.1,3.5,83.3,4,19.5,11.0,14.8
E06888,Ricardo Vargas,Base de Datos,2026-1,74.0,4.1,74.7,4,14.9,15.4,12.6
E06889,Fabián Mendoza,Lenguajes de Programación,2026-1,63.6,7.3,65.7,2,16.5,15.6,17.7
E06890,Sebastián Medina,Redes de Computadoras,2026-1,86.0,4.8,68.9,3,7.7,10.9,11.8
E06891,Paula Medina,Lenguajes de Programación,2026-1,,9.5,57.4,5,12.6,15.9,17.0
E06892,Daniela Sánchez,Matemática Discreta,2026-1,83.2,4.0,93.6,1,12.2,17.1,15.6
E06893,Alejandra Castillo,Lenguajes de Programación,2025-2,61.9,8.3,71.1,5,5.1,11.9,9.7
E06894,Nicolás Gutiérrez,Estructuras de Datos,2026-1,74.2,6.0,65.0,3,10.2,9.9,10.1
E06895,Andrés Aguilar,Redes de Computadoras,2025-2,78.5,6.6,71.1,2,5.8,7.0,9.5
E06896,Isabela Mendoza,Lenguajes de Programación,2026-1,57.6,6.6,61.7,4,12.5,13.5,12.3
E06897,Ricardo López,Lenguajes de Programación,2026-1,75.8,6.8,100,3,14.2,19.0,18.5
E06898,Iván Huamán,Estructuras de Datos,2026-1,90.6,10.2,85.3,2,11.2,11.5,8.6
E06899,Sebastián García,Redes de Computadoras,2026-1,79.2,9.0,59.2,4,12.9,15.3,8.7
E06900,Ricardo Cabrera,Redes de Computadoras,2026-1,58.3,3.8,92.1,1,15.8,13.0,18.3
E06901,Sofía Herrera,Matemática Discreta,2026-1,60.0,5.7,100,3,20,20,20
E06902,Isabela Aguilar,Redes de Computadoras,2025-2,94.0,6.4,67.2,1,17.6,15.3,17.5
E06903,Andrés Quispe,Lenguajes de Programación,2026-1,68.1,0,71.4,3,18.8,19.1,17.9
E06904,Sebastián Mendoza,Base de Datos,2025-2,93.3,6.3,68.7,5,12.0,12.4,11.9
E06905,Fernanda Salazar,Matemática Discreta,2025-2,83.7,11.3,73.6,5,11.4,9.4,10.9
E06906,Carlos Chávez,Matemática Discreta,2025-2,100,5.6,83.7,3,12.3,11.8,13.2
E06907,Isabela Cabrera,Estructuras de Datos,2025-2,57.2,6.7,64.9,3,13.1,10.9,11.5
E06908,Emilio Chávez,Base de Datos,2025-2,57.3,10.0,94.8,2,16.0,14.1,16.7
E06909,Lucía Paredes,Lenguajes de Programación,2026-1,72.9,15.7,60.0,4,9.0,3.6,7.2
E06910,Vicente Castillo,Base de Datos,2025-2,82.2,4.4,93.0,4,14.4,13.9,6.1
E06911,Andrés Chávez,Matemática Discreta,2026-1,89.3,14.2,76.1,3,18.9,15.9,15.7
E06912,Daniela Rodríguez,Redes de Computadoras,2025-2,66.0,2.8,49.4,3,13.4,15.2,13.2
E06913,Andrés Vega,Estructuras de Datos,2025-2,76.4,9.1,57.5,3,10.1,14.7,13.6
E06914,Carlos Ponce,Base de Datos,2026-1,68.7,4.7,65.9,3,20,16.5,20
E06915,Rodrigo Herrera,Lenguajes de Programación,2025-2,89.5,5.9,35.8,3,10.3,8.9,16.0
E06916,Luis Torres,Base de Datos,2026-1,48.5,13.0,100,2,13.4,15.0,12.9
E06917,Ximena Herrera,Lenguajes de Programación,2025-2,,9.1,88.0,5,15.2,11.9,8.9
E06918,Joaquín Aguilar,Redes de Computadoras,2025-2,86.9,1.0,,3,19.1,18.7,18.9
E06919,Fernanda Cárdenas,Matemática Discreta,2026-1,70.1,6.1,75.4,4,14.7,15.5,15.5
E06920,Rodrigo Delgado,Matemática Discreta,2026-1,79.4,8.1,63.5,2,15.7,18.9,13.0
E06921,Joaquín Rodríguez,Base de Datos,2025-2,66.2,10.6,73.3,4,16.6,16.7,13.8
E06922,María Chávez,Base de Datos,2025-2,83.5,6.8,100,2,11.1,5.7,6.8
E06923,Zoe Mendoza,Matemática Discreta,2026-1,100,10.1,89.5,2,11.2,10.8,11.1
E06924,Julio Rivas,Base de Datos,2026-1,72.5,10.0,71.0,5,20,15.8,16.2
E06925,Sebastián Cárdenas,Estructuras de Datos,2026-1,71.0,0,49.6,3,16.4,10.5,19.7
E06926,Iván Alva,Estructuras de Datos,2026-1,79.8,14.0,89.8,3,13.4,4.1,9.7
E06927,María Palomino,Lenguajes de Programación,2026-1,97.7,6.8,80.8,2,12.2,17.6,13.2
E06928,Franco Alva,Redes de Computadoras,2026-1,59.5,4.3,71.7,3,9.2,4.3,4.9
E06929,Daniela Medina,Matemática Discreta,2026-1,53.4,0,83.1,3,17.2,15.1,13.3
E06930,Tomás Ramírez,Matemática Discreta,2026-1,51.7,10.6,75.8,1,9.8,13.9,13.7
E06931,Fabián García,Lenguajes de Programación,2026-1,88.4,10.0,72.4,1,15.5,14.8,20
E06932,Alonso Torres,Estructuras de Datos,2025-2,98.2,8.8,82.5,4,15.4,16.3,15.4
E06933,Luis Huamán,Matemática Discreta,2026-1,92.3,7.4,96.9,3,15.6,15.4,14.9
E06934,Bruno Rodríguez,Base de Datos,2026-1,62.6,4.0,58.5,1,15.5,,13.4
E06935,Camila Zapata,Matemática Discreta,2025-2,71.8,2.6,57.9,3,13.5,14.8,16.8
E06936,Joaquín Reyes,Base de Datos,2026-1,84.7,4.7,49.1,3,3.0,7.4,5.9
E06937,Gabriela Delgado,Lenguajes de Programación,2025-2,60.7,11.5,83.4,3,11.5,18.1,15.7
E06938,Martina Mendoza,Base de Datos,2026-1,57.2,4.2,82.6,1,11.3,7.9,10.8
E06939,Emilio Mendoza,Base de Datos,2025-2,65.2,4.7,55.1,1,9.3,9.7,12.5
E06940,Daniela Zapata,Estructuras de Datos,2025-2,74.5,0.3,76.2,2,6.9,9.6,9.0
E06941,Carlos Torres,Matemática Discreta,2026-1,69.8,3.2,61.5,1,13.3,13.7,13.9
E06942,María Ramírez,Base de Datos,2026-1,47.0,8.5,100,2,16.0,17.7,17.7
E06943,Emilio Rivas,Estructuras de Datos,2026-1,90.0,13.1,93.0,2,16.3,18.6,16.9
E06944,Andrés Gutiérrez,Lenguajes de Programación,2026-1,94.9,8.8,51.4,4,13.2,17.1,19.0
E06945,Camila Alva,Redes de Computadoras,2025-2,85.2,1.8,64.0,4,15.6,16.6,16.9
E06946,Natalia Zapata,Base de Datos,2025-2,90.1,10.4,89.3,3,18.5,16.5,14.9
E06947,Emilia Torres,Lenguajes de Programación,2025-2,93.1,7.7,70.7,3,14.1,10.9,12.7
E06948,Camila Sánchez,Matemática Discreta,2026-1,62.3,9.7,58.8,1,20,20,14.9
E06949,Fabián Medina,Estructuras de Datos,2025-2,,8.6,83.3,3,20,17.8,20
E06950,Milagros Salazar,Estructuras de Datos,2025-2,87.5,9.3,100,4,9.8,10.7,10.8
E06951,Antonella Mamani,Base de Datos,2025-2,57.9,8.0,77.5,5,,7.8,8.7
E06952,Nicolás Herrera,Matemática Discreta,2025-2,99.5,10.5,70.8,4,20,19.9,18.9
E06953,Andrés Ponce,Matemática Discreta,2025-2,68.2,11.9,72.7,4,11.5,13.5,15.5
E06954,Estefanía Torres,Matemática Discreta,2026-1,64.2,10.6,51.3,3,11.4,13.3,6.8
E06955,Alonso Rivas,Lenguajes de Programación,2026-1,73.7,5.3,73.5,2,11.9,11.8,4.5
E06956,Vicente Quispe,Base de Datos,2025-2,100,9.2,64.2,4,16.9,19.1,14.6
E06957,Gabriela Reyes,Matemática Discreta,2026-1,71.7,2.6,53.4,4,17.2,16.6,16.0
E06958,Paula Soto,Base de Datos,2026-1,86.5,12.2,69.2,4,11.6,13.5,13.7
E06959,Daniela Huamán,Lenguajes de Programación,2026-1,100,4.8,91.4,3,4.9,11.9,11.2
E06960,Emilia García,Estructuras de Datos,2026-1,58.2,7.7,67.9,4,18.3,16.5,17.4
E06961,Alonso Ponce,Base de Datos,2026-1,100,0,71.4,2,12.5,14.9,11.0
E06962,Ana Delgado,Redes de Computadoras,2025-2,61.8,6.0,94.4,4,14.0,14.5,14.8
E06963,Paula Gutiérrez,Estructuras de Datos,2025-2,100,0,100,5,4.5,6.8,6.8
E06964,Ricardo Aguilar,Estructuras de Datos,2026-1,60.6,2.0,90.0,2,1.5,9.5,9.3
E06965,Rosa Rodríguez,Lenguajes de Programación,2026-1,64.5,8.6,98.7,4,20,16.1,14.1
E06966,Estefanía Salazar,Estructuras de Datos,2026-1,92.9,8.7,85.3,2,17.6,19.2,15.5
E06967,Manuel Castillo,Base de Datos,2026-1,100,5.6,74.3,3,7.4,5.3,7.4
E06968,Vicente Castillo,Estructuras de Datos,2026-1,75.9,5.7,62.1,3,,11.4,11.4
E06969,Rodrigo Cruz,Redes de Computadoras,2025-2,57.9,10.5,62.4,3,15.0,18.6,19.0
E06970,Ana Medina,Redes de Computadoras,2026-1,84.5,8.0,47.5,5,7.1,12.9,10.4
E06971,Rosa Aguilar,Lenguajes de Programación,2025-2,83.3,0,75.8,3,16.2,17.8,15.4
E06972,Camila Cabrera,Lenguajes de Programación,2025-2,74.0,4.5,100,4,,19.4,15.2
E06973,Rodrigo Espinoza,Lenguajes de Programación,2026-1,100,9.0,100,2,12.2,16.0,10.8
E06974,Alonso Rodríguez,Base de Datos,2025-2,54.7,5.2,100,4,18.0,13.5,14.5
E06975,Antonella Medina,Base de Datos,2025-2,69.5,8.7,86.4,2,17.6,20,14.8
E06976,Jorge Cabrera,Matemática Discreta,2026-1,70.7,2.9,63.0,3,13.7,14.8,19.4
E06977,Valeria García,Estructuras de Datos,2025-2,66.8,4.2,77.2,2,20,17.9,20
E06978,Sofía Pérez,Estructuras de Datos,2026-1,61.8,8.4,90.5,3,17.3,15.6,16.8
E06979,Miguel Torres,Lenguajes de Programación,2025-2,55.1,9.4,88.3,5,16.7,20,15.0
E06980,Daniela Herrera,Lenguajes de Programación,2025-2,90.1,4.4,94.0,4,9.6,9.3,7.6
E06981,Sebastián Aguilar,Matemática Discreta,2025-2,75.5,5.4,55.2,3,7.5,6.9,8.5
E06982,Alonso Cruz,Base de Datos,2025-2,99.4,9.7,56.0,2,12.9,14.4,14.3
E06983,Alonso Flores,Redes de Computadoras,2026-1,88.2,9.5,69.0,3,18.4,20,19.9
E06984,Emilia Chávez,Lenguajes de Programación,2026-1,100,8.0,39.0,5,12.5,16.5,8.7
E06985,Valentina Ortiz,Estructuras de Datos,2025-2,63.1,2.5,90.2,4,9.3,14.8,15.0
E06986,Alonso Paredes,Estructuras de Datos,2025-2,80.7,8.5,93.0,4,16.9,19.7,20
E06987,María López,Matemática Discreta,2026-1,47.5,10.4,56.1,3,10.3,14.5,9.1
E06988,Rodrigo García,Lenguajes de Programación,2025-2,59.3,4.0,70.2,1,8.5,13.8,9.9
E06989,Estefanía Rodríguez,Redes de Computadoras,2025-2,98.9,5.0,47.5,2,11.4,13.1,17.2
E06990,Carlos Sánchez,Base de Datos,2025-2,36.7,2.7,96.8,3,1.7,5.9,1.9
E06991,Isabela Cárdenas,Lenguajes de Programación,2026-1,76.7,10.6,67.1,4,7.2,10.5,9.3
E06992,Valentina Pérez,Redes de Computadoras,2026-1,100,9.1,88.8,3,9.7,4.5,12.9
E06993,Valentina Palomino,Estructuras de Datos,2026-1,93.1,10.9,46.4,5,8.0,19.8,16.5
E06994,Vicente Mendoza,Lenguajes de Programación,2026-1,27.2,9.7,97.0,3,13.5,14.1,15.0
E06995,Andrés Gutiérrez,Redes de Computadoras,2026-1,66.7,5.8,79.9,1,17.8,18.6,18.4
E06996,Diego Flores,Estructuras de Datos,2025-2,68.8,2.6,60.2,1,9.2,13.9,12.4
E06997,Emilio Vega,Estructuras de Datos,2026-1,48.9,3.3,85.0,3,12.6,13.6,13.5
E06998,Vicente Torres,Redes de Computadoras,2026-1,81.6,9.4,73.3,4,13.9,18.4,18.0
E06999,Tomás Espinoza,Estructuras de Datos,2026-1,32.0,9.9,69.6,3,13.7,12.7,14.2
E07000,Valentina García,Estructuras de Datos,2025-2,69.1,5.4,58.2,2,9.7,11.2,10.5
E07001,Gabriela Cruz,Redes de Computadoras,2025-2,46.1,3.3,98.2,4,20,20,18.6
E07002,Ximena Rivas,Matemática Discreta,2025-2,45.5,2.6,36.6,2,8.0,15.1,8.1
E07003,Adrián Zapata,Matemática Discreta,2026-1,76.6,7.7,75.1,1,8.6,11.5,11.2
E07004,Camila Cruz,Base de Datos,2025-2,30.0,10.6,100,5,16.8,15.6,15.1
E07005,Valeria Medina,Estructuras de Datos,2025-2,75.7,7.6,,1,4.1,10.4,6.4
E07006,Luis Palomino,Lenguajes de Programación,2026-1,64.5,7.1,,3,20,13.9,16.3
E07007,Emilio Rodríguez,Estructuras de Datos,2026-1,69.9,6.3,56.9,1,15.9,12.5,12.6
E07008,Fernanda Vega,Redes de Computadoras,2025-2,100,3.5,66.0,1,15.5,11.0,13.0
E07009,Bruno Cruz,Base de Datos,2025-2,48.7,8.4,95.6,2,14.0,18.7,10.4
E07010,Julio Mamani,Matemática Discreta,2025-2,57.7,8.3,87.9,3,8.9,13.4,8.4
E07011,Bruno Pérez,Matemática Discreta,2026-1,77.3,4.5,32.8,1,19.1,16.8,11.8
E07012,Valentina Soto,Matemática Discreta,2026-1,61.0,0.2,89.0,2,6.7,10.4,10.9
E07013,Estefanía Vega,Estructuras de Datos,2026-1,66.3,4.3,66.9,1,10.6,10.7,15.3
E07014,Diego Cárdenas,Matemática Discreta,2025-2,94.9,5.1,64.6,3,13.6,9.5,18.8
E07015,Tomás Torres,Matemática Discreta,2026-1,48.1,6.0,79.8,3,16.1,9.1,9.7
E07016,Nicolás Rojas,Estructuras de Datos,2025-2,74.5,11.0,59.1,2,17.3,18.3,16.4
E07017,Ricardo Delgado,Redes de Computadoras,2026-1,76.0,3.3,94.9,4,14.6,13.4,7.0
E07018,Sebastián García,Lenguajes de Programación,2026-1,89.8,9.5,100,4,5.8,8.6,11.5
E07019,Mateo Salazar,Matemática Discreta,2025-2,80.8,1.6,99.2,4,16.1,17.0,15.8
E07020,Diego Quispe,Estructuras de Datos,2026-1,82.9,6.5,62.3,4,2.8,9.8,6.1
E07021,Natalia Rojas,Estructuras de Datos,2025-2,82.4,3.3,50.8,3,11.1,12.2,7.7
E07022,Zoe Ponce,Lenguajes de Programación,2026-1,50.3,0,74.9,4,13.0,19.2,16.3
E07023,Bruno Sánchez,Matemática Discreta,2025-2,65.5,0.5,79.3,4,8.6,8.2,8.0
E07024,Daniela Paredes,Redes de Computadoras,2026-1,57.5,9.5,84.0,2,15.8,11.2,14.0
E07025,Emilio Zapata,Lenguajes de Programación,2025-2,58.7,2.2,88.9,2,9.4,13.8,15.9
E07026,Sebastián Ramírez,Matemática Discreta,2026-1,100,0.7,87.7,4,12.6,17.2,15.8
E07027,Sofía Rodríguez,Matemática Discreta,2026-1,86.5,6.8,36.7,1,15.6,17.3,18.1
E07028,Nicolás Alva,Base de Datos,2026-1,100,2.0,48.5,4,6.0,6.0,8.5
E07029,Natalia Rivas,Base de Datos,2025-2,81.6,1.4,100,3,14.2,13.4,13.3
E07030,Andrés Salazar,Redes de Computadoras,2025-2,82.6,5.1,59.8,2,10.8,15.3,12.7
E07031,Paula Castillo,Lenguajes de Programación,2025-2,56.0,10.2,72.0,5,14.4,12.0,12.7
E07032,María Medina,Matemática Discreta,2025-2,55.1,4.1,86.0,2,20,20,20
E07033,Diego Vega,Estructuras de Datos,2025-2,67.7,9.9,100,4,16.1,18.3,15.8
E07034,Alonso Mamani,Redes de Computadoras,2026-1,48.3,5.1,60.0,3,7.2,9.6,12.6
E07035,Vicente Palomino,Redes de Computadoras,2025-2,46.3,7.9,87.9,2,13.0,18.5,17.9
E07036,María Rojas,Matemática Discreta,2026-1,86.5,9.8,93.3,3,11.8,12.8,4.2
E07037,Fabián Vega,Estructuras de Datos,2026-1,74.2,6.0,64.5,3,5.6,8.3,5.8
E07038,Renata Paredes,Matemática Discreta,2025-2,94.8,2.5,93.9,2,3.2,6.5,4.7
E07039,Estefanía López,Base de Datos,2026-1,83.2,5.7,87.5,2,4.3,6.3,5.5
E07040,Isabela Salazar,Estructuras de Datos,2025-2,4.0,8.7,100,2,17.5,19.5,12.2
E07041,Adrián Gutiérrez,Estructuras de Datos,2025-2,86.0,15.7,72.8,5,6.6,6.8,11.7
E07042,Martina Cruz,Base de Datos,2026-1,77.6,7.8,77.5,3,12.2,9.8,12.8
E07043,Emilio Palomino,Redes de Computadoras,2026-1,47.8,7.5,71.7,3,9.3,9.4,9.6
E07044,Gabriela Paredes,Redes de Computadoras,2025-2,81.9,1.4,100,4,0.6,6.8,5.6
E07045,Luis Vega,Redes de Computadoras,2025-2,92.6,4.5,91.9,3,11.0,12.6,14.2
E07046,Bruno Espinoza,Matemática Discreta,2025-2,100,6.5,100,2,1.9,9.9,7.5
E07047,María Zapata,Base de Datos,2026-1,85.3,7.9,68.7,5,10.3,6.7,8.0
E07048,Julio Reyes,Lenguajes de Programación,2025-2,40.7,5.2,81.6,2,14.3,17.1,15.7
E07049,Estefanía Zapata,Lenguajes de Programación,2025-2,81.8,8.2,74.8,5,18.0,16.7,16.4
E07050,Tomás Gutiérrez,Lenguajes de Programación,2025-2,85.6,6.0,100,4,12.3,15.4,14.2
E07051,Lucía Alva,Redes de Computadoras,2026-1,76.7,0,,4,16.4,16.4,15.7
E07052,Franco Vega,Matemática Discreta,2026-1,52.6,0.3,41.3,4,6.9,11.8,5.5
E07053,Milagros Mamani,Matemática Discreta,2025-2,52.3,2.5,69.6,3,18.8,16.6,18.1
E07054,Zoe Espinoza,Lenguajes de Programación,2025-2,74.2,5.7,63.1,5,18.5,17.2,17.2
E07055,Carlos Mendoza,Lenguajes de Programación,2026-1,51.9,3.3,96.1,4,10.7,5.3,6.3
E07056,Valeria Herrera,Estructuras de Datos,2026-1,74.1,6.6,51.1,1,16.2,16.3,13.2
E07057,Tomás Vargas,Estructuras de Datos,2025-2,79.9,5.2,33.3,2,18.2,14.5,19.1
E07058,Iván Salazar,Lenguajes de Programación,2025-2,40.3,10.4,60.7,1,18.1,,14.4
E07059,Iván Torres,Redes de Computadoras,2025-2,60.8,3.8,87.7,4,17.2,15.8,11.0
E07060,María Palomino,Redes de Computadoras,2025-2,40.5,14.4,86.0,1,12.0,12.9,13.7
E07061,Milagros Pérez,Matemática Discreta,2026-1,43.1,3.4,54.4,3,17.6,19.5,16.5
E07062,Manuel Cabrera,Lenguajes de Programación,2026-1,80.2,6.4,79.4,5,8.7,7.6,9.8
E07063,Manuel López,Redes de Computadoras,2026-1,25.8,4.6,62.8,4,20,17.5,19.4
E07064,Valeria Espinoza,Estructuras de Datos,2025-2,52.1,6.5,42.0,5,20,19.2,20
E07065,Carlos Flores,Lenguajes de Programación,2026-1,86.7,8.8,100,4,14.8,10.6,14.3
E07066,Mateo Gutiérrez,Estructuras de Datos,2025-2,56.3,5.1,69.0,4,8.1,9.2,17.4
E07067,Estefanía Rodríguez,Matemática Discreta,2025-2,59.2,8.4,47.6,2,14.7,12.7,12.8
E07068,Antonella Ortiz,Matemática Discreta,2026-1,66.4,7.6,79.4,4,9.6,14.5,15.4
E07069,Ximena Torres,Matemática Discreta,2026-1,61.9,2.1,80.6,4,17.3,18.3,14.7
E07070,Rodrigo Vargas,Redes de Computadoras,2026-1,97.7,7.2,53.1,4,15.2,8.6,13.0
E07071,Lucía Castillo,Base de Datos,2026-1,78.6,5.9,51.5,2,3.2,11.0,7.0
E07072,Manuel Aguilar,Base de Datos,2026-1,57.0,6.9,65.6,1,10.6,8.5,10.1
E07073,María Aguilar,Base de Datos,2026-1,50.9,3.8,83.7,2,12.7,10.5,10.0
E07074,Natalia Cárdenas,Redes de Computadoras,2025-2,86.2,3.9,55.4,2,15.1,16.4,11.4
E07075,Paula Rivas,Matemática Discreta,2025-2,52.4,5.1,77.3,4,15.6,13.0,13.7
E07076,Isabela Soto,Redes de Computadoras,2025-2,100,6.0,74.5,4,7.2,8.0,4.0
E07077,Renata López,Estructuras de Datos,2026-1,64.7,4.1,94.8,4,15.3,14.2,17.8
E07078,Miguel Cárdenas,Lenguajes de Programación,2025-2,68.8,5.9,66.7,4,20,,18.7
E07079,Lucía Ramírez,Redes de Computadoras,2025-2,90.1,10.0,91.1,5,10.1,16.2,16.6
E07080,María Alva,Lenguajes de Programación,2025-2,84.5,4.6,78.4,3,13.8,14.0,14.6
E07081,Vicente Aguilar,Base de Datos,2025-2,75.9,11.8,55.9,1,20,20,16.2
E07082,Diego Alva,Matemática Discreta,2025-2,62.8,5.9,71.0,4,10.9,9.2,4.4
E07083,Milagros Cruz,Redes de Computadoras,2025-2,70.0,8.3,42.5,1,20,18.0,17.8
E07084,Emilia Medina,Lenguajes de Programación,2026-1,58.6,3.2,67.3,2,10.4,14.8,18.4
E07085,Emilio Vega,Lenguajes de Programación,2026-1,51.6,3.9,73.2,5,11.2,6.0,6.9
E07086,María Castillo,Estructuras de Datos,2026-1,100,5.4,87.7,4,13.6,12.8,14.6
E07087,Jorge Cabrera,Estructuras de Datos,2026-1,81.4,6.4,77.5,3,13.6,12.9,14.0
E07088,Bruno Chávez,Redes de Computadoras,2025-2,70.6,8.7,97.0,2,17.9,15.9,10.3
E07089,Renata Vargas,Lenguajes de Programación,2026-1,71.5,2.3,33.5,2,10.0,13.9,10.6
E07090,Estefanía Torres,Base de Datos,2026-1,100,9.0,74.9,3,12.9,11.3,12.7
E07091,Mateo Herrera,Redes de Computadoras,2026-1,60.6,7.3,75.5,1,9.9,12.5,10.0
E07092,Daniela Rivas,Base de Datos,2025-2,70.9,9.1,63.7,5,15.0,13.5,14.4
E07093,Miguel Cruz,Estructuras de Datos,2026-1,61.6,4.8,47.0,3,11.6,11.5,9.8
E07094,Camila Rojas,Lenguajes de Programación,2025-2,33.2,9.4,85.4,3,12.5,12.1,8.0
E07095,Rosa Salazar,Estructuras de Datos,2025-2,72.4,11.3,88.6,3,20,20,17.0
E07096,Bruno Flores,Redes de Computadoras,2026-1,62.1,5.2,69.5,3,16.0,15.7,12.7
E07097,Valeria Gutiérrez,Matemática Discreta,2025-2,49.9,3.3,100,1,13.8,9.9,15.8
E07098,Carlos Delgado,Redes de Computadoras,2025-2,78.1,5.8,50.3,2,12.5,12.2,11.3
E07099,Emilia Delgado,Estructuras de Datos,2026-1,62.1,6.4,100,2,18.4,16.5,14.1
E07100,Isabela Mendoza,Redes de Computadoras,2026-1,55.2,4.9,80.2,1,20,13.9,13.4
E07101,Ricardo Herrera,Lenguajes de Programación,2025-2,65.6,8.5,47.2,4,13.1,17.3,13.7
E07102,Luis Gutiérrez,Estructuras de Datos,2025-2,92.2,4.1,70.2,4,14.7,9.2,14.8
E07103,María Vega,Lenguajes de Programación,2026-1,71.5,7.0,70.0,1,10.6,17.5,17.3
E07104,Manuel Herrera,Base de Datos,2026-1,95.3,5.1,92.8,2,10.8,8.4,13.5
E07105,Sebastián Castillo,Lenguajes de Programación,2025-2,84.3,0.5,55.7,1,12.3,13.5,11.7
E07106,Ximena Soto,Redes de Computadoras,2025-2,95.8,0,66.3,5,5.0,3.2,3.9
E07107,Carlos Pérez,Estructuras de Datos,2026-1,53.3,8.1,97.8,2,17.5,14.8,17.1
E07108,Nicolás Zapata,Lenguajes de Programación,2026-1,79.5,9.3,48.8,2,,8.3,4.7
E07109,Vicente Cabrera,Matemática Discreta,2025-2,89.3,0.5,56.7,5,12.2,14.0,16.0
E07110,Diego Huamán,Base de Datos,2025-2,100,3.9,100,1,10.0,14.5,11.3
E07111,Sofía Aguilar,Base de Datos,2026-1,85.0,0,100,4,14.2,14.4,14.7
E07112,Diego Rodríguez,Estructuras de Datos,2026-1,78.4,7.1,100,3,20,18.0,19.7
E07113,Ana Rivas,Base de Datos,2026-1,71.3,6.5,95.9,3,14.8,15.4,16.2
E07114,Natalia Flores,Estructuras de Datos,2025-2,53.0,9.5,61.9,4,13.9,13.1,14.3
E07115,Emilia Huamán,Matemática Discreta,2026-1,68.3,2.3,64.5,3,12.0,7.4,10.6
E07116,Estefanía Huamán,Base de Datos,2026-1,89.2,13.5,81.7,3,20,17.9,20
E07117,Fernanda Rivas,Base de Datos,2025-2,63.4,9.7,74.5,5,16.8,13.4,18.5
E07118,Iván García,Redes de Computadoras,2026-1,44.7,7.9,69.4,3,12.9,13.7,13.9
E07119,Martina Herrera,Redes de Computadoras,2025-2,42.1,2.0,100,4,17.1,16.3,18.4
E07120,Fernanda Pérez,Matemática Discreta,2026-1,78.1,6.0,56.5,3,18.1,16.8,12.1
E07121,Franco Castillo,Lenguajes de Programación,2026-1,80.5,7.4,77.3,3,12.8,13.9,14.3
E07122,Tomás Paredes,Estructuras de Datos,2025-2,92.2,7.9,68.2,3,14.8,10.1,10.2
E07123,Emilio Ramírez,Matemática Discreta,2025-2,56.8,1.0,72.0,1,14.1,16.5,8.7
E07124,Joaquín Rodríguez,Matemática Discreta,2026-1,55.0,8.2,49.7,5,16.0,20,20.0
E07125,Valentina Castillo,Matemática Discreta,2025-2,74.2,5.3,100,3,8.8,10.1,17.3
E07126,Vicente Rojas,Matemática Discreta,2026-1,100,0,67.6,1,14.2,15.6,15.0
E07127,Joaquín Medina,Redes de Computadoras,2025-2,76.6,6.3,71.7,1,18.7,17.4,18.2
E07128,Rosa Ortiz,Base de Datos,2025-2,72.3,5.4,62.9,5,11.9,13.8,9.5
E07129,Milagros Cruz,Lenguajes de Programación,2026-1,90.9,4.3,100,5,13.1,15.8,15.5
E07130,Rodrigo Flores,Lenguajes de Programación,2025-2,87.2,8.6,90.5,2,11.7,6.5,7.9
E07131,Rodrigo Palomino,Base de Datos,2026-1,73.0,5.3,43.8,5,15.4,19.2,12.5
E07132,Fernanda Ramírez,Base de Datos,2026-1,75.8,10.0,83.0,3,20,20,16.8
E07133,Diego Chávez,Redes de Computadoras,2026-1,72.0,3.9,56.4,5,12.4,11.2,14.2
E07134,Ana Pérez,Lenguajes de Programación,2025-2,90.5,1.9,55.3,3,19.9,20,18.5
E07135,Renata Paredes,Base de Datos,2026-1,47.2,5.5,55.3,4,6.9,10.8,8.4
E07136,Andrés Mamani,Matemática Discreta,2025-2,99.9,10.1,71.0,3,11.8,7.9,11.8
E07137,Natalia Salazar,Redes de Computadoras,2026-1,77.8,0.7,81.3,4,14.2,10.8,10.8
E07138,Daniela Rojas,Matemática Discreta,2025-2,96.3,8.3,56.6,2,9.9,15.7,15.8
E07139,Mateo López,Lenguajes de Programación,2025-2,62.7,4.5,58.5,4,9.0,10.2,10.1
E07140,Vicente Soto,Matemática Discreta,2025-2,62.0,9.0,94.9,5,12.9,15.4,12.2
E07141,Sebastián Espinoza,Redes de Computadoras,2025-2,48.5,5.9,48.8,3,14.1,13.5,18.9
E07142,Ximena Cárdenas,Lenguajes de Programación,2025-2,79.8,5.3,43.4,2,10.2,12.6,14.8
E07143,Manuel Sánchez,Redes de Computadoras,2026-1,100,0,51.3,2,15.1,11.0,10.9
E07144,Zoe Gutiérrez,Base de Datos,2026-1,50.0,6.1,62.1,2,18.8,19.7,15.7
E07145,Julio Cárdenas,Estructuras de Datos,2025-2,65.1,8.2,69.5,4,15.3,10.2,9.9
E07146,Miguel Reyes,Redes de Computadoras,2025-2,81.2,5.5,70.5,3,17.5,14.7,13.9
E07147,Manuel Mendoza,Redes de Computadoras,2025-2,86.3,0.6,100,5,19.4,14.0,13.4
E07148,Renata Rodríguez,Base de Datos,2026-1,55.8,2.2,86.2,3,8.5,12.3,9.9
E07149,Fernanda Chávez,Matemática Discreta,2025-2,70.2,12.1,62.2,1,11.7,11.2,10.8
E07150,Zoe Cárdenas,Base de Datos,2025-2,81.5,10.9,56.7,5,9.2,11.3,7.6
E07151,Daniela Quispe,Estructuras de Datos,2026-1,75.7,0.6,53.3,5,16.2,12.6,14.0
E07152,Isabela Alva,Matemática Discreta,2026-1,58.0,5.9,82.1,3,10.3,10.7,14.4
E07153,Iván Espinoza,Lenguajes de Programación,2026-1,57.1,8.3,79.8,4,20,20,20
E07154,Jorge López,Estructuras de Datos,2026-1,50.1,5.4,72.4,4,19.1,14.6,15.7
E07155,Daniela Alva,Redes de Computadoras,2026-1,80.0,11.1,61.3,3,16.1,20,18.6
E07156,Alejandra Ortiz,Redes de Computadoras,2026-1,62.7,3.0,98.8,2,3.7,7.2,9.4
E07157,Julio Ortiz,Lenguajes de Programación,2026-1,90.9,5.5,45.7,4,12.7,13.8,9.8
E07158,Carlos Paredes,Redes de Computadoras,2026-1,85.2,1.3,92.3,2,14.0,13.8,16.7
E07159,Mateo Pérez,Matemática Discreta,2025-2,71.4,8.5,82.9,1,9.7,6.7,8.6
E07160,Emilio Rodríguez,Base de Datos,2026-1,79.8,6.9,93.8,3,14.7,17.7,16.7
E07161,Jorge Aguilar,Matemática Discreta,2026-1,38.9,4.1,62.0,4,8.0,10.8,11.7
E07162,Daniela Quispe,Matemática Discreta,2025-2,88.8,0.7,87.1,3,14.8,11.9,12.3
E07163,Fernanda García,Matemática Discreta,2025-2,70.3,10.9,84.6,2,16.4,15.0,18.0
E07164,Isabela Mamani,Lenguajes de Programación,2025-2,46.4,8.4,36.5,2,10.0,7.1,9.9
E07165,Daniela Delgado,Lenguajes de Programación,2025-2,51.4,2.9,51.5,2,8.9,12.6,13.7
E07166,Bruno Ramírez,Matemática Discreta,2026-1,95.0,5.4,95.5,4,17.1,16.0,13.6
E07167,Iván Medina,Estructuras de Datos,2025-2,36.1,2.2,75.7,2,6.1,9.4,4.9
E07168,Ximena Vargas,Redes de Computadoras,2026-1,93.9,3.0,63.9,4,9.1,9.4,7.4
E07169,Fernanda Sánchez,Base de Datos,2025-2,95.8,5.0,55.7,1,14.3,12.4,17.6
E07170,Franco Rivas,Base de Datos,2025-2,88.3,5.5,64.2,4,10.6,8.9,8.5
E07171,Milagros Quispe,Matemática Discreta,2026-1,48.8,0,73.0,2,13.6,19.5,17.3
E07172,Martina Cruz,Lenguajes de Programación,2025-2,83.5,8.5,44.0,4,12.5,12.2,15.4
E07173,Alejandra Castillo,Matemática Discreta,2026-1,71.8,6.6,63.2,1,9.4,16.5,11.8
E07174,Isabela Aguilar,Base de Datos,2026-1,53.9,4.8,100,1,8.1,8.7,11.4
E07175,Julio Huamán,Base de Datos,2025-2,73.9,6.3,97.9,3,10.4,9.9,12.3
E07176,Camila Flores,Matemática Discreta,2026-1,87.9,6.9,27.2,2,9.5,7.4,12.2
E07177,Adrián Aguilar,Estructuras de Datos,2025-2,62.8,5.4,82.3,3,15.5,11.6,15.7
E07178,Bruno Reyes,Estructuras de Datos,2026-1,100,4.5,59.4,4,14.1,10.7,11.8
E07179,Gabriela Aguilar,Estructuras de Datos,2025-2,73.8,3.1,76.1,3,15.3,16.2,16.4
E07180,Luis Castillo,Matemática Discreta,2026-1,100,4.6,68.9,3,11.8,15.0,16.8
E07181,Sebastián Reyes,Estructuras de Datos,2026-1,56.2,9.9,100,4,17.7,10.2,13.6
E07182,Vicente Salazar,Base de Datos,2025-2,43.4,4.8,46.1,5,10.1,5.7,9.4
E07183,Estefanía Quispe,Base de Datos,2026-1,83.8,8.4,56.2,3,11.0,12.8,10.4
E07184,Camila Ponce,Matemática Discreta,2026-1,63.4,4.2,50.7,4,12.3,12.9,16.6
E07185,Valentina Ramírez,Base de Datos,2025-2,64.6,5.1,73.4,3,9.4,6.3,12.6
E07186,Estefanía Torres,Base de Datos,2026-1,70.0,7.6,78.6,1,12.9,12.8,9.8
E07187,Estefanía Ponce,Base de Datos,2026-1,82.4,0.2,75.8,3,12.3,12.5,17.4
E07188,María López,Redes de Computadoras,2025-2,61.8,0,68.1,2,8.0,7.3,10.8
E07189,Estefanía Quispe,Estructuras de Datos,2026-1,70.2,6.9,100,3,19.3,16.7,19.6
E07190,Martina Rojas,Matemática Discreta,2026-1,67.2,11.9,87.2,3,8.3,14.3,11.1
E07191,Sebastián Gutiérrez,Base de Datos,2026-1,75.6,4.9,79.9,4,13.1,17.6,14.9
E07192,Nicolás Ponce,Redes de Computadoras,2026-1,70.0,4.4,73.8,3,20,20,20
E07193,Antonella Reyes,Lenguajes de Programación,2025-2,78.6,6.8,25.9,2,17.1,17.9,16.8
E07194,Sebastián Cruz,Matemática Discreta,2025-2,57.1,10.0,81.0,4,12.0,12.0,9.4
E07195,Daniela Ortiz,Lenguajes de Programación,2026-1,69.1,3.6,45.5,3,7.7,3.9,4.1
E07196,Iván Reyes,Base de Datos,2025-2,69.6,2.5,100,3,12.4,8.2,10.9
E07197,Sebastián Espinoza,Redes de Computadoras,2026-1,39.9,5.6,60.5,4,15.2,15.0,16.6
E07198,Emilio Zapata,Redes de Computadoras,2025-2,100,6.5,53.6,4,6.3,7.5,6.7
E07199,Carlos García,Estructuras de Datos,2026-1,60.4,6.0,76.1,5,15.0,19.1,16.4
E07200,Bruno López,Redes de Computadoras,2026-1,67.8,4.7,78.6,2,10.3,13.3,14.4
E07201,Joaquín Chávez,Redes de Computadoras,2026-1,75.2,0,65.4,4,9.4,11.0,11.9
E07202,Milagros Rojas,Estructuras de Datos,2026-1,70.1,9.6,79.8,3,10.8,14.1,8.9
E07203,Julio Ponce,Matemática Discreta,2026-1,91.5,14.2,76.2,3,20,20,15.5
E07204,Martina Vega,Matemática Discreta,2025-2,79.4,8.6,89.0,1,14.4,9.7,10.8
E07205,Jorge Ponce,Redes de Computadoras,2025-2,77.0,8.1,56.2,2,13.0,15.3,18.7
E07206,Tomás García,Redes de Computadoras,2026-1,98.6,6.8,87.1,3,14.9,20,17.1
E07207,Martina Ponce,Lenguajes de Programación,2026-1,71.8,9.2,93.3,5,11.0,13.2,13.2
E07208,Natalia Ponce,Redes de Computadoras,2026-1,77.8,7.9,70.1,4,10.1,9.4,11.0
E07209,Alonso Herrera,Lenguajes de Programación,2026-1,69.2,4.4,85.1,4,8.4,7.7,9.5
E07210,Martina Rivas,Base de Datos,2026-1,79.0,7.0,68.6,3,11.6,12.8,10.9
E07211,Luis Cárdenas,Base de Datos,2026-1,75.7,9.8,76.9,3,13.2,13.4,14.5
E07212,Daniela Torres,Estructuras de Datos,2025-2,91.8,8.4,71.0,3,17.4,12.2,11.9
E07213,Fabián Rodríguez,Redes de Computadoras,2026-1,53.8,3.0,86.4,2,15.6,13.2,12.8
E07214,Emilia Soto,Base de Datos,2026-1,59.4,8.0,,3,12.6,7.9,9.4
E07215,Zoe Paredes,Matemática Discreta,2026-1,100,11.4,80.4,3,12.4,17.3,9.0
E07216,Carlos Cárdenas,Lenguajes de Programación,2026-1,46.4,9.4,93.5,3,19.0,16.4,20
E07217,Jorge Pérez,Matemática Discreta,2025-2,64.0,8.0,70.9,4,17.5,15.4,17.3
E07218,Renata Flores,Estructuras de Datos,2025-2,75.1,9.9,66.2,3,12.7,13.9,18.4
E07219,Milagros Aguilar,Base de Datos,2025-2,98.2,5.6,97.4,4,10.4,14.9,9.4
E07220,Vicente Herrera,Base de Datos,2025-2,90.2,7.0,55.5,1,14.0,13.1,16.1
E07221,Jorge Mamani,Base de Datos,2025-2,69.2,4.7,84.7,4,13.3,15.1,13.4
E07222,Camila Palomino,Lenguajes de Programación,2025-2,64.1,11.7,40.6,1,13.6,19.3,11.0
E07223,Emilio Rodríguez,Lenguajes de Programación,2026-1,50.7,1.4,74.3,3,3.8,12.9,8.0
E07224,Iván Salazar,Lenguajes de Programación,2025-2,54.1,2.1,91.7,4,16.8,15.2,10.3
E07225,Sebastián Reyes,Lenguajes de Programación,2026-1,88.8,12.7,63.6,4,5.6,7.1,6.4
E07226,Camila Mamani,Lenguajes de Programación,2026-1,65.9,8.2,71.4,3,9.5,7.7,7.5
E07227,Milagros Rodríguez,Base de Datos,2025-2,100,0,57.9,1,13.2,13.2,8.6
E07228,Renata Castillo,Estructuras de Datos,2025-2,71.6,4.2,69.5,3,14.2,9.5,15.1
E07229,Lucía Aguilar,Lenguajes de Programación,2025-2,50.1,3.4,80.4,4,17.6,,14.0
E07230,Bruno Gutiérrez,Lenguajes de Programación,2025-2,58.5,4.9,75.4,4,10.0,12.0,17.0
E07231,Emilio Mamani,Matemática Discreta,2025-2,89.9,7.9,44.8,3,11.7,13.2,7.0
E07232,Valentina Alva,Estructuras de Datos,2025-2,49.4,9.7,71.2,4,16.5,16.1,19.2
E07233,Natalia García,Matemática Discreta,2025-2,75.7,3.8,81.2,3,11.9,17.2,19.7
E07234,Alejandra Gutiérrez,Estructuras de Datos,2026-1,83.0,7.1,81.8,4,11.9,17.5,13.3
E07235,Renata Sánchez,Base de Datos,2026-1,84.3,0.8,76.2,4,12.5,14.8,12.5
E07236,Rosa Soto,Matemática Discreta,2025-2,72.2,9.2,77.1,4,18.9,16.7,15.2
E07237,Ricardo Espinoza,Base de Datos,2025-2,94.0,8.1,55.2,2,20.0,14.3,20
E07238,Sofía Chávez,Lenguajes de Programación,2026-1,74.1,3.1,79.0,2,13.9,13.9,13.1
E07239,Sebastián Rodríguez,Lenguajes de Programación,2025-2,56.8,0.2,47.3,3,7.2,3.9,8.5
E07240,Zoe Chávez,Redes de Computadoras,2025-2,72.2,3.3,56.2,2,10.5,11.6,10.4
E07241,Alonso López,Matemática Discreta,2025-2,55.5,8.0,100,3,10.2,12.9,12.2
E07242,Alonso Vega,Redes de Computadoras,2026-1,100,5.5,69.3,3,14.9,16.3,9.6
E07243,Joaquín Vargas,Base de Datos,2026-1,100,6.3,80.1,3,10.7,10.3,9.5
E07244,Franco Rivas,Matemática Discreta,2025-2,81.7,5.0,72.3,1,20,11.7,14.6
E07245,Alejandra Rivas,Matemática Discreta,2026-1,80.4,6.4,72.8,3,17.4,17.7,15.2
E07246,Ana Mamani,Matemática Discreta,2026-1,82.7,4.5,58.2,1,11.7,13.8,13.7
E07247,Rodrigo García,Redes de Computadoras,2026-1,42.6,2.4,89.3,4,13.8,15.3,20
E07248,Joaquín Salazar,Redes de Computadoras,2026-1,68.1,2.5,88.8,4,13.8,13.4,13.0
E07249,Gabriela Castillo,Base de Datos,2025-2,77.3,5.7,86.3,2,11.8,6.6,12.9
E07250,Lucía Rodríguez,Estructuras de Datos,2025-2,69.3,4.4,58.9,3,17.1,15.0,20
E07251,Daniela Zapata,Matemática Discreta,2025-2,56.7,7.6,64.4,5,14.8,15.4,11.6
E07252,Rodrigo Flores,Lenguajes de Programación,2026-1,98.0,9.8,76.9,1,5.0,10.8,10.1
E07253,Adrián Flores,Redes de Computadoras,2025-2,37.2,6.5,89.4,3,10.9,16.5,13.1
E07254,Estefanía Rojas,Redes de Computadoras,2025-2,76.8,9.2,71.9,4,11.4,14.4,15.7
E07255,Paula Ramírez,Base de Datos,2025-2,91.9,1.4,34.8,2,17.8,19.2,19.7
E07256,Valeria Mendoza,Estructuras de Datos,2026-1,86.4,10.0,100,5,20,16.2,20.0
E07257,Jorge Vega,Base de Datos,2026-1,73.0,9.6,54.8,3,16.1,17.6,16.9
E07258,Emilio Delgado,Estructuras de Datos,2025-2,52.0,2.0,71.8,4,11.5,14.9,15.0
E07259,Zoe Huamán,Redes de Computadoras,2026-1,56.5,10.1,98.1,1,11.0,9.3,9.8
E07260,Antonella Soto,Matemática Discreta,2026-1,58.3,1.7,62.9,3,10.0,11.4,9.4
E07261,Diego García,Redes de Computadoras,2025-2,72.5,2.0,84.0,3,18.2,15.6,15.6
E07262,Alonso Paredes,Base de Datos,2026-1,36.2,3.9,100,4,12.6,11.5,8.8
E07263,Valeria Sánchez,Matemática Discreta,2026-1,100,4.7,58.2,2,13.9,17.6,14.7
E07264,Alonso Vargas,Redes de Computadoras,2025-2,88.6,13.9,93.9,4,7.6,8.2,2.2
E07265,Valeria Paredes,Matemática Discreta,2025-2,95.4,4.0,70.6,2,18.2,16.0,20
E07266,Ximena Zapata,Matemática Discreta,2026-1,77.6,5.5,90.2,3,10.2,14.6,13.4
E07267,Daniela Rojas,Lenguajes de Programación,2025-2,86.2,9.5,66.5,3,17.4,18.5,18.6
E07268,Franco Zapata,Matemática Discreta,2026-1,100,7.1,90.9,1,13.1,12.9,13.3
E07269,Ximena Pérez,Lenguajes de Programación,2026-1,49.8,0,65.2,4,8.3,13.4,10.8
E07270,Adrián Rodríguez,Base de Datos,2025-2,70.8,4.2,80.2,1,20,20,20
E07271,Ximena Palomino,Base de Datos,2025-2,100,5.7,49.5,3,15.6,7.9,8.6
E07272,Estefanía Paredes,Base de Datos,2026-1,63.5,7.8,85.1,3,11.6,11.6,13.6
E07273,Joaquín Ponce,Redes de Computadoras,2026-1,68.2,6.0,31.5,4,9.6,11.6,12.9
E07274,Vicente Flores,Estructuras de Datos,2025-2,71.1,6.4,61.4,3,7.1,5.7,6.0
E07275,Antonella Herrera,Matemática Discreta,2025-2,87.1,0,94.8,3,12.9,15.7,12.1
E07276,Estefanía Castillo,Estructuras de Datos,2026-1,84.2,5.1,85.4,3,8.6,6.0,6.3
E07277,Camila Rodríguez,Redes de Computadoras,2025-2,80.1,2.2,72.0,3,15.5,13.7,14.3
E07278,Joaquín Cabrera,Redes de Computadoras,2025-2,62.0,2.4,100,3,14.8,11.0,12.9
E07279,Emilio Pérez,Matemática Discreta,2025-2,66.5,13.1,66.9,3,7.8,4.7,4.1
E07280,Tomás Gutiérrez,Estructuras de Datos,2026-1,66.3,7.0,69.4,3,15.2,,11.9
E07281,Valeria Rojas,Estructuras de Datos,2026-1,48.5,5.9,55.0,1,15.7,17.7,15.0
E07282,Zoe Medina,Redes de Computadoras,2025-2,56.2,5.7,63.4,3,16.0,13.5,14.2
E07283,Sofía Huamán,Redes de Computadoras,2026-1,92.0,7.4,82.8,2,14.5,8.0,11.9
E07284,Isabela Vega,Lenguajes de Programación,2025-2,66.1,9.0,53.4,4,11.3,13.2,14.0
E07285,Ricardo Pérez,Lenguajes de Programación,2025-2,55.9,3.1,100,3,17.8,15.0,15.8
E07286,Estefanía Ramírez,Redes de Computadoras,2026-1,81.8,0.3,77.1,4,10.2,10.6,8.6
E07287,Manuel Delgado,Matemática Discreta,2026-1,86.2,13.6,100,1,10.8,13.7,10.7
E07288,Alejandra Ramírez,Estructuras de Datos,2025-2,75.1,0,76.8,3,9.3,13.1,13.2
E07289,Vicente Vargas,Base de Datos,2025-2,100,1.9,22.5,4,12.4,14.3,16.3
E07290,Valentina Rodríguez,Redes de Computadoras,2025-2,65.4,10.2,84.8,4,14.9,16.5,11.9
E07291,Alejandra Alva,Base de Datos,2026-1,78.6,6.8,67.6,4,13.2,12.1,6.8
E07292,Vicente Pérez,Lenguajes de Programación,2025-2,66.8,5.6,48.6,3,9.5,5.6,11.6
E07293,Martina Rivas,Redes de Computadoras,2026-1,60.8,6.7,51.2,5,8.4,12.5,13.4
E07294,Alonso Alva,Estructuras de Datos,2026-1,73.7,9.1,60.4,1,15.5,,17.7
E07295,Gabriela Chávez,Lenguajes de Programación,2026-1,100,1.6,60.4,3,13.7,17.3,10.8
E07296,Camila Reyes,Estructuras de Datos,2025-2,92.2,6.0,61.4,1,8.0,6.1,11.2
E07297,Paula Rivas,Matemática Discreta,2026-1,64.7,7.2,93.5,3,19.5,17.9,19.7
E07298,Jorge Chávez,Estructuras de Datos,2025-2,62.4,3.1,73.5,2,17.7,12.1,11.2
E07299,Alonso Chávez,Base de Datos,2026-1,39.6,8.3,47.2,3,11.7,10.5,7.1
E07300,Emilio Castillo,Lenguajes de Programación,2026-1,74.3,11.2,52.5,3,15.6,18.1,18.6
E07301,Sebastián Zapata,Estructuras de Datos,2025-2,89.1,3.3,47.4,4,14.1,7.9,13.4
E07302,Mateo Cabrera,Redes de Computadoras,2026-1,100,1.7,97.6,5,16.9,17.1,17.5
E07303,Ana Aguilar,Base de Datos,2025-2,72.6,7.9,78.3,1,4.6,9.3,6.6
E07304,Diego Ortiz,Lenguajes de Programación,2026-1,92.3,5.1,66.7,1,18.5,18.1,18.6
E07305,Estefanía Cruz,Base de Datos,2025-2,33.1,9.1,54.5,2,12.5,9.5,13.6
E07306,Alonso Espinoza,Matemática Discreta,2026-1,70.4,1.4,74.0,3,14.0,20,20
E07307,Carlos Salazar,Estructuras de Datos,2025-2,62.6,6.3,85.1,4,8.8,8.7,7.3
E07308,Tomás Mendoza,Estructuras de Datos,2025-2,100,10.6,100,2,15.6,15.4,15.0
E07309,Lucía Alva,Matemática Discreta,2025-2,91.7,9.1,79.2,2,8.5,10.3,10.8
E07310,Fernanda Vega,Estructuras de Datos,2025-2,76.4,0.8,68.4,4,18.4,13.1,14.5
E07311,Martina Castillo,Matemática Discreta,2025-2,59.1,5.0,65.5,1,16.7,15.8,18.0
E07312,Lucía Mamani,Matemática Discreta,2025-2,71.5,7.3,72.5,3,7.4,10.5,9.6
E07313,Sebastián Alva,Base de Datos,2026-1,37.1,3.2,70.4,2,16.9,16.5,17.6
E07314,Andrés Aguilar,Lenguajes de Programación,2026-1,62.7,1.6,82.1,4,12.4,14.8,12.7
E07315,Milagros López,Redes de Computadoras,2026-1,36.4,8.4,64.4,5,16.8,20,18.9
E07316,Rodrigo Espinoza,Lenguajes de Programación,2026-1,96.3,10.3,86.4,4,19.0,17.3,20
E07317,Manuel Castillo,Lenguajes de Programación,2025-2,66.9,7.7,100,4,18.2,13.8,13.9
E07318,Ana Vargas,Base de Datos,2025-2,72.9,5.1,66.9,4,14.3,15.8,18.9
E07319,María Espinoza,Matemática Discreta,2026-1,79.9,0,90.9,3,,12.6,12.5
E07320,Alonso Cruz,Matemática Discreta,2026-1,58.7,5.9,100,2,14.4,15.2,12.0
E07321,Franco Castillo,Lenguajes de Programación,2026-1,68.0,6.7,95.9,4,4.4,7.6,5.0
E07322,Joaquín Castillo,Matemática Discreta,2025-2,80.8,11.3,70.3,4,11.3,11.2,17.4
E07323,Miguel Cárdenas,Matemática Discreta,2025-2,81.8,6.6,82.0,4,20,19.9,18.8
E07324,Mateo Flores,Matemática Discreta,2026-1,66.3,7.2,47.3,2,6.4,8.6,9.2
E07325,Julio Reyes,Matemática Discreta,2026-1,76.3,5.1,84.5,3,18.0,13.2,17.5
E07326,Gabriela Mendoza,Matemática Discreta,2026-1,80.8,10.4,43.8,4,14.6,14.4,13.5
E07327,Valeria Cabrera,Matemática Discreta,2026-1,59.6,0,55.8,3,,9.5,14.8
E07328,Emilia Palomino,Estructuras de Datos,2025-2,72.5,8.2,31.7,1,18.6,20,20
E07329,Isabela Vega,Base de Datos,2026-1,51.0,8.2,75.3,5,2.9,4.6,4.2
E07330,Estefanía Herrera,Redes de Computadoras,2025-2,84.3,9.6,83.5,4,3.1,4.8,3.6
E07331,Ricardo García,Matemática Discreta,2026-1,100,6.7,85.9,3,13.2,13.8,7.1
E07332,Joaquín Pérez,Base de Datos,2025-2,78.9,1.0,51.9,5,11.1,,12.3
E07333,Lucía Zapata,Base de Datos,2026-1,63.9,3.0,77.7,1,18.0,17.4,20
E07334,Jorge Vargas,Redes de Computadoras,2026-1,52.4,6.0,59.0,2,14.1,17.1,20
E07335,Iván Vargas,Redes de Computadoras,2025-2,67.0,2.4,60.9,4,13.7,12.8,15.1
E07336,Nicolás Cárdenas,Matemática Discreta,2026-1,71.2,5.1,57.8,4,11.7,9.3,12.5
E07337,Manuel Mendoza,Estructuras de Datos,2026-1,59.0,5.2,69.9,5,16.2,16.3,14.1
E07338,Bruno Ponce,Estructuras de Datos,2026-1,74.7,0,55.3,2,13.8,,12.8
E07339,Fernanda Huamán,Matemática Discreta,2025-2,97.1,5.9,79.7,3,20,20,19.1
E07340,Renata Paredes,Matemática Discreta,2025-2,69.9,9.4,61.6,3,10.6,6.5,0.9
E07341,Emilia Alva,Redes de Computadoras,2026-1,78.1,8.5,52.6,2,11.3,9.9,4.4
E07342,Vicente Vargas,Estructuras de Datos,2026-1,82.0,7.1,70.4,4,16.8,17.9,16.2
E07343,Sofía Gutiérrez,Lenguajes de Programación,2025-2,75.3,8.9,74.2,3,8.5,8.0,5.0
E07344,Adrián Medina,Lenguajes de Programación,2026-1,81.6,6.0,66.0,3,13.3,14.3,15.6
E07345,María Alva,Estructuras de Datos,2025-2,83.3,4.4,61.0,4,18.6,17.2,16.1
E07346,Ana Rojas,Matemática Discreta,2026-1,67.5,0,95.2,5,10.6,9.8,15.9
E07347,Sofía Rodríguez,Estructuras de Datos,2026-1,55.0,7.7,71.6,2,11.4,16.3,17.5
E07348,Antonella Rivas,Estructuras de Datos,2026-1,92.3,7.5,78.2,3,9.7,11.3,14.4
E07349,Ana Medina,Lenguajes de Programación,2026-1,64.1,6.9,89.8,4,5.7,7.4,7.6
E07350,Ricardo Quispe,Lenguajes de Programación,2025-2,98.4,1.7,77.3,3,13.4,10.2,9.7
E07351,Rosa Quispe,Estructuras de Datos,2026-1,92.6,8.0,75.7,2,19.6,20,17.3
E07352,Iván Ortiz,Estructuras de Datos,2025-2,37.9,3.0,100,3,8.8,12.4,14.9
E07353,Daniela Rojas,Matemática Discreta,2026-1,91.9,11.9,62.9,3,15.7,17.4,12.5
E07354,Valeria Huamán,Matemática Discreta,2025-2,67.2,2.1,78.8,2,7.1,11.5,12.0
E07355,Manuel Vargas,Redes de Computadoras,2026-1,48.0,7.1,100,3,7.4,7.8,8.2
E07356,Estefanía Salazar,Matemática Discreta,2026-1,82.9,1.3,100,4,9.4,12.2,13.3
E07357,Isabela Sánchez,Lenguajes de Programación,2026-1,58.7,3.9,68.6,3,11.1,10.5,10.1
E07358,Franco Espinoza,Lenguajes de Programación,2026-1,52.5,8.7,95.1,2,9.7,8.8,10.8
E07359,Tomás Ponce,Redes de Computadoras,2025-2,53.5,2.6,63.5,4,19.6,17.9,16.8
E07360,Franco Vega,Matemática Discreta,2025-2,75.6,5.5,74.9,3,16.9,15.8,14.4
E07361,Isabela Pérez,Lenguajes de Programación,2025-2,60.7,8.2,63.9,3,15.8,11.0,7.6
E07362,Renata Flores,Base de Datos,2025-2,62.1,14.6,80.6,4,11.7,8.1,15.4
E07363,Gabriela Flores,Base de Datos,2025-2,56.8,5.7,92.9,3,7.0,11.1,10.2
E07364,Diego Mamani,Base de Datos,2026-1,60.7,7.1,90.1,5,15.6,20,20
E07365,Ricardo López,Estructuras de Datos,2026-1,78.4,3.1,56.6,3,11.6,6.7,11.0
E07366,Rosa Rojas,Estructuras de Datos,2026-1,43.5,11.8,99.6,4,6.2,8.3,5.8
E07367,Bruno Herrera,Estructuras de Datos,2025-2,87.2,0,89.3,4,20,16.2,18.8
E07368,Fernanda Alva,Redes de Computadoras,2026-1,72.8,5.6,72.7,2,18.7,14.5,15.6
E07369,Fernanda Zapata,Base de Datos,2026-1,33.2,4.4,74.9,2,14.6,13.2,16.8
E07370,Sofía Rojas,Matemática Discreta,2026-1,,3.1,75.2,2,10.0,7.7,5.6
E07371,Iván Ramírez,Redes de Computadoras,2025-2,83.9,0,85.1,1,7.7,5.6,5.4
E07372,Paula Cárdenas,Estructuras de Datos,2025-2,88.7,8.7,64.1,3,6.2,7.7,9.7
E07373,Alonso Quispe,Matemática Discreta,2025-2,80.4,3.3,84.5,3,7.6,6.1,6.6
E07374,Antonella Paredes,Estructuras de Datos,2025-2,72.2,1.9,73.1,3,12.3,3.3,8.2
E07375,Natalia Cabrera,Estructuras de Datos,2026-1,48.4,0,47.6,2,12.5,13.4,11.6
E07376,Franco Quispe,Estructuras de Datos,2026-1,68.8,2.8,86.4,2,10.3,,10.8
E07377,Luis Vega,Estructuras de Datos,2026-1,54.9,7.3,86.1,1,10.3,11.1,11.9
E07378,Fabián Vargas,Matemática Discreta,2025-2,36.5,5.1,35.2,4,12.9,,15.4
E07379,Paula Aguilar,Matemática Discreta,2025-2,68.0,0.7,82.6,5,3.6,8.9,3.4
E07380,Miguel Espinoza,Matemática Discreta,2026-1,88.5,9.2,44.4,3,10.7,13.3,16.9
E07381,Estefanía Mendoza,Redes de Computadoras,2025-2,100,9.6,53.6,2,2.2,0.8,6.7
E07382,Fernanda Rivas,Lenguajes de Programación,2026-1,55.7,11.2,100,3,20,13.9,17.9
E07383,Daniela Soto,Redes de Computadoras,2026-1,76.2,5.8,75.9,3,11.3,12.1,15.4
E07384,Emilia Huamán,Matemática Discreta,2025-2,54.7,3.7,100,2,18.8,17.2,17.5
E07385,Natalia Soto,Lenguajes de Programación,2026-1,85.7,8.6,80.3,4,14.1,17.2,12.6
E07386,Ricardo López,Redes de Computadoras,2025-2,20.3,7.6,88.9,2,11.9,9.0,8.6
E07387,Vicente Delgado,Redes de Computadoras,2026-1,83.7,8.8,51.6,3,12.7,8.6,5.0
E07388,Joaquín Paredes,Base de Datos,2025-2,97.5,6.8,76.0,5,4.2,3.2,4.7
E07389,Mateo Cárdenas,Lenguajes de Programación,2025-2,75.1,9.5,100,5,8.2,7.0,10.2
E07390,Fabián Castillo,Lenguajes de Programación,2026-1,53.9,7.3,61.8,3,9.2,5.8,11.7
E07391,Alonso Herrera,Redes de Computadoras,2025-2,43.2,11.4,80.4,2,16.8,19.9,17.0
E07392,Milagros Rivas,Matemática Discreta,2026-1,87.7,5.8,63.3,4,6.7,,7.5
E07393,Renata Aguilar,Redes de Computadoras,2026-1,77.4,6.5,77.3,3,18.4,18.3,16.5
E07394,Miguel Cabrera,Base de Datos,2025-2,70.9,10.1,47.9,5,12.3,11.2,12.3
E07395,Luis Rivas,Redes de Computadoras,2026-1,100,1.9,84.5,2,9.8,13.4,7.3
E07396,Tomás Paredes,Redes de Computadoras,2025-2,84.8,7.7,55.4,4,10.4,13.1,13.9
E07397,Gabriela Zapata,Redes de Computadoras,2026-1,82.7,7.2,98.2,4,14.4,6.8,9.4
E07398,Sebastián Reyes,Matemática Discreta,2026-1,97.5,8.8,80.2,3,10.5,12.3,10.8
E07399,Emilio Chávez,Matemática Discreta,2026-1,94.2,2.1,96.2,3,16.0,14.0,13.2
E07400,Milagros Salazar,Base de Datos,2026-1,53.0,5.2,35.7,4,14.6,18.9,16.9
E07401,Julio Delgado,Estructuras de Datos,2026-1,70.0,2.2,69.5,3,20,17.7,19.4
E07402,Valeria Reyes,Matemática Discreta,2025-2,,4.9,68.4,3,10.7,11.8,12.3
E07403,Milagros Cabrera,Redes de Computadoras,2025-2,63.2,6.9,64.6,4,13.4,12.9,14.0
E07404,Zoe Palomino,Lenguajes de Programación,2026-1,59.7,11.0,47.1,3,10.6,13.8,14.5
E07405,Daniela Rojas,Redes de Computadoras,2025-2,68.4,2.3,76.7,3,16.4,16.0,19.4
E07406,Natalia Ortiz,Estructuras de Datos,2026-1,74.1,6.1,76.5,2,15.7,16.3,16.8
E07407,Gabriela Ortiz,Lenguajes de Programación,2025-2,57.1,8.5,74.3,4,9.5,13.8,12.3
E07408,Alonso Gutiérrez,Redes de Computadoras,2025-2,77.9,8.8,69.1,3,10.9,10.4,10.2
E07409,Fabián Mamani,Lenguajes de Programación,2025-2,46.6,4.5,48.9,4,14.8,11.2,12.0
E07410,Valeria García,Lenguajes de Programación,2026-1,65.2,10.3,98.3,2,17.5,17.0,16.6
E07411,Milagros Chávez,Base de Datos,2026-1,77.8,5.3,66.7,2,9.0,5.1,8.9
E07412,Gabriela Paredes,Lenguajes de Programación,2026-1,48.0,5.6,52.2,2,16.7,16.8,16.6
E07413,Julio Espinoza,Base de Datos,2026-1,87.0,2.7,85.9,2,11.9,12.5,7.1
E07414,Fabián Soto,Base de Datos,2025-2,76.3,11.5,72.2,4,10.3,12.1,11.0
E07415,Mateo Sánchez,Redes de Computadoras,2026-1,100,5.8,78.1,3,7.3,3.9,7.0
E07416,Sebastián Vargas,Estructuras de Datos,2025-2,86.8,6.9,69.8,3,13.4,10.5,7.8
E07417,Milagros Zapata,Base de Datos,2026-1,44.6,7.3,63.9,3,7.4,9.9,14.1
E07418,Sofía Torres,Redes de Computadoras,2026-1,76.8,3.8,85.4,1,15.0,10.2,7.5
E07419,Rosa Mamani,Matemática Discreta,2026-1,58.5,10.3,81.8,3,19.0,18.1,17.3
E07420,Isabela Rojas,Lenguajes de Programación,2025-2,49.6,10.2,66.4,4,18.0,16.5,16.1
E07421,Luis Chávez,Redes de Computadoras,2025-2,95.9,4.0,68.0,5,14.9,14.0,14.3
E07422,Daniela Chávez,Redes de Computadoras,2026-1,70.4,4.0,95.2,4,11.1,15.4,10.4
E07423,Zoe Medina,Base de Datos,2025-2,49.1,3.7,68.9,2,10.8,10.8,14.1
E07424,María Quispe,Matemática Discreta,2026-1,70.6,4.1,60.1,3,11.0,10.5,12.2
E07425,Nicolás Salazar,Estructuras de Datos,2025-2,67.5,4.8,96.6,2,3.4,6.1,5.4
E07426,Luis Mamani,Matemática Discreta,2025-2,60.8,2.8,88.4,4,5.3,6.6,13.4
E07427,Renata Alva,Lenguajes de Programación,2026-1,95.1,10.2,91.8,2,13.0,6.1,11.0
E07428,Zoe Ortiz,Redes de Computadoras,2025-2,86.5,8.2,90.4,5,12.1,7.9,17.2
E07429,Miguel Cárdenas,Lenguajes de Programación,2025-2,69.2,5.5,96.2,4,8.5,13.4,11.5
E07430,Miguel Espinoza,Lenguajes de Programación,2025-2,64.2,5.4,100,2,5.8,2.2,4.1
E07431,Rosa Flores,Matemática Discreta,2026-1,71.4,2.3,90.5,2,17.1,12.1,14.2
E07432,Mateo Medina,Lenguajes de Programación,2025-2,82.7,5.8,71.4,2,13.4,14.7,18.6
E07433,Adrián Vega,Estructuras de Datos,2026-1,84.3,3.0,63.4,3,15.6,15.9,16.6
E07434,Isabela Palomino,Base de Datos,2025-2,54.9,8.4,65.6,4,12.2,15.5,16.0
E07435,Estefanía Gutiérrez,Lenguajes de Programación,2026-1,100,7.6,73.6,3,10.0,12.7,14.0
E07436,Alonso Huamán,Redes de Computadoras,2025-2,82.2,2.2,40.4,2,3.7,5.5,5.4
E07437,Valentina Sánchez,Redes de Computadoras,2026-1,32.6,11.8,85.2,4,16.0,15.6,18.6
E07438,Rodrigo Castillo,Lenguajes de Programación,2026-1,67.5,9.3,78.7,5,10.4,15.1,19.7
E07439,Carlos Huamán,Base de Datos,2025-2,67.4,3.1,92.3,4,11.4,11.2,11.9
E07440,María Quispe,Lenguajes de Programación,2025-2,70.5,8.9,81.7,4,10.3,10.8,13.0
E07441,Fernanda Ramírez,Lenguajes de Programación,2026-1,60.3,6.7,64.8,2,7.1,14.0,14.6
E07442,Vicente Vargas,Base de Datos,2025-2,75.5,0.1,67.9,3,20,18.7,17.3
E07443,Rodrigo Quispe,Estructuras de Datos,2026-1,66.3,1.9,66.4,3,17.9,15.0,17.7
E07444,Sofía Espinoza,Redes de Computadoras,2025-2,86.7,3.9,100,3,5.3,6.2,8.1
E07445,Fabián Mendoza,Estructuras de Datos,2025-2,50.2,6.4,75.4,2,12.3,7.0,11.1
E07446,Emilia Quispe,Matemática Discreta,2026-1,79.3,11.0,65.2,2,10.9,17.0,19.0
E07447,Estefanía Quispe,Matemática Discreta,2025-2,76.6,6.3,80.7,3,14.6,14.7,12.8
E07448,Nicolás Ramírez,Lenguajes de Programación,2025-2,100,5.3,60.3,4,11.8,13.2,14.0
E07449,Emilia Mendoza,Matemática Discreta,2026-1,70.5,11.0,32.6,3,19.5,20,11.4
E07450,Alonso Ramírez,Redes de Computadoras,2025-2,76.5,4.0,60.6,4,6.9,8.7,6.1
E07451,Ximena Vega,Redes de Computadoras,2025-2,50.6,4.3,69.7,5,20,20,19.8
E07452,Sofía Vargas,Base de Datos,2026-1,51.7,4.4,77.3,3,9.1,11.7,9.0
E07453,Tomás Aguilar,Redes de Computadoras,2026-1,56.5,8.8,74.4,4,12.9,7.5,5.8
E07454,Sebastián Medina,Base de Datos,2025-2,66.0,0.7,65.5,4,18.6,19.8,20
E07455,Emilia Mamani,Estructuras de Datos,2026-1,80.5,4.3,93.4,1,15.7,11.4,13.1
E07456,Martina Alva,Lenguajes de Programación,2025-2,59.8,8.0,84.0,4,6.9,5.6,10.2
E07457,Miguel Chávez,Matemática Discreta,2026-1,81.1,6.8,54.2,1,9.6,9.5,13.6
E07458,Isabela Cárdenas,Estructuras de Datos,2026-1,79.6,5.2,38.4,3,14.2,13.1,16.0
E07459,Tomás Salazar,Base de Datos,2025-2,100,11.6,42.2,4,6.6,14.3,12.7
E07460,Vicente Cabrera,Estructuras de Datos,2025-2,79.8,10.0,52.5,3,6.8,14.5,6.0
E07461,Nicolás Sánchez,Lenguajes de Programación,2025-2,93.9,5.5,78.5,2,14.1,10.7,14.2
E07462,Camila Ramírez,Matemática Discreta,2025-2,78.4,2.6,91.1,2,10.2,8.4,10.3
E07463,Camila Ponce,Estructuras de Datos,2026-1,97.4,1.7,100,5,20,14.0,15.5
E07464,Estefanía Cruz,Base de Datos,2026-1,87.9,4.4,88.4,3,20,18.0,17.4
E07465,Rodrigo Ortiz,Estructuras de Datos,2026-1,67.5,0,54.6,3,15.2,12.7,11.7
E07466,Camila Ponce,Lenguajes de Programación,2025-2,79.5,10.2,66.7,3,9.5,15.6,15.1
E07467,Renata Alva,Base de Datos,2025-2,76.3,6.7,61.6,3,16.3,13.4,17.0
E07468,Renata Reyes,Base de Datos,2025-2,94.1,11.9,97.2,4,12.4,15.8,11.6
E07469,Estefanía Pérez,Estructuras de Datos,2025-2,65.6,6.1,69.0,2,14.2,11.6,19.8
E07470,Vicente Rojas,Estructuras de Datos,2026-1,59.0,5.6,60.7,3,15.1,18.1,18.7
E07471,Daniela Cruz,Base de Datos,2026-1,78.7,3.9,67.2,3,9.1,,14.7
E07472,Fernanda Soto,Redes de Computadoras,2026-1,64.5,8.9,81.8,2,20,20,20
E07473,Ana Aguilar,Base de Datos,2025-2,100,6.4,100,3,20,10.9,10.5
E07474,Iván Reyes,Lenguajes de Programación,2025-2,100,4.2,91.1,1,18.4,16.4,17.9
E07475,Alejandra Sánchez,Redes de Computadoras,2026-1,56.1,3.7,89.2,5,6.8,5.6,7.7
E07476,Emilio Quispe,Matemática Discreta,2025-2,49.8,3.8,65.8,3,15.2,10.4,10.1
E07477,Luis García,Estructuras de Datos,2026-1,68.5,14.5,69.7,3,9.5,8.5,6.8
E07478,Rosa López,Matemática Discreta,2026-1,51.4,6.5,67.9,4,20,15.4,18.8
E07479,Carlos Quispe,Redes de Computadoras,2026-1,70.4,4.2,84.7,3,10.0,11.7,5.9
E07480,Andrés Chávez,Estructuras de Datos,2026-1,,9.9,68.1,2,12.9,12.1,18.1
E07481,Vicente Soto,Estructuras de Datos,2025-2,82.2,2.9,69.7,3,9.5,8.1,3.9
E07482,Emilio Aguilar,Matemática Discreta,2026-1,73.3,14.2,,4,14.1,6.4,9.8
E07483,Mateo Huamán,Estructuras de Datos,2025-2,86.4,4.0,37.8,2,9.2,11.1,11.7
E07484,Camila Rojas,Redes de Computadoras,2026-1,95.9,7.0,73.9,3,9.3,12.4,7.0
E07485,Alejandra Herrera,Redes de Computadoras,2026-1,84.2,8.1,62.6,5,7.4,13.7,11.1
E07486,Rosa Reyes,Lenguajes de Programación,2025-2,92.7,3.9,58.3,3,15.2,8.1,12.5
E07487,Paula Sánchez,Lenguajes de Programación,2025-2,94.2,8.5,78.1,2,15.1,,10.4
E07488,Bruno Rodríguez,Estructuras de Datos,2026-1,45.6,8.7,54.7,2,14.2,5.5,9.3
E07489,Joaquín García,Estructuras de Datos,2025-2,100,3.3,100,4,10.2,8.5,6.8
E07490,Valentina Ramírez,Base de Datos,2026-1,54.1,0,72.6,4,14.0,10.9,13.1
E07491,Renata Vega,Estructuras de Datos,2026-1,99.6,7.1,67.9,3,11.8,10.4,8.0
E07492,Vicente Aguilar,Lenguajes de Programación,2025-2,49.2,6.5,75.0,4,14.3,15.9,16.0
E07493,María López,Lenguajes de Programación,2026-1,76.1,10.2,100,4,8.1,8.6,12.8
E07494,Camila Castillo,Base de Datos,2026-1,77.4,5.3,74.2,3,20,20,19.2
E07495,Joaquín Mendoza,Base de Datos,2026-1,90.2,2.2,71.4,3,11.5,8.1,9.3
E07496,Jorge Alva,Estructuras de Datos,2025-2,82.0,7.8,,1,16.7,9.3,13.7
E07497,Sebastián Salazar,Base de Datos,2026-1,85.0,6.1,73.7,5,6.1,7.0,7.6
E07498,Miguel Mamani,Estructuras de Datos,2025-2,69.7,3.2,85.5,3,9.1,13.8,12.2
E07499,Andrés Castillo,Estructuras de Datos,2025-2,67.7,6.2,34.4,1,14.3,10.3,16.2
E07500,Adrián Cruz,Lenguajes de Programación,2025-2,73.1,4.7,83.1,4,10.4,10.7,14.2
E07501,Paula Cabrera,Matemática Discreta,2026-1,65.8,6.8,54.2,1,12.6,11.0,9.9
E07502,Ximena Vega,Redes de Computadoras,2025-2,61.3,1.3,67.7,5,14.4,13.3,15.1
E07503,Sebastián Chávez,Estructuras de Datos,2025-2,60.0,7.7,84.4,4,17.2,16.5,18.1
E07504,Julio Quispe,Redes de Computadoras,2025-2,77.7,11.3,98.5,5,20,20,20
E07505,Alejandra Gutiérrez,Lenguajes de Programación,2025-2,93.1,7.4,85.4,4,5.3,5.6,2.6
E07506,Fernanda Torres,Estructuras de Datos,2025-2,90.2,5.7,81.8,5,8.8,11.8,10.2
E07507,Nicolás Palomino,Matemática Discreta,2025-2,79.3,9.9,91.3,4,20,17.7,16.0
E07508,María Reyes,Lenguajes de Programación,2026-1,90.0,10.3,85.7,4,14.0,17.3,20
E07509,Carlos Vega,Base de Datos,2026-1,25.1,8.2,63.4,2,15.3,10.7,14.1
E07510,Emilia Mendoza,Matemática Discreta,2026-1,66.4,0.3,100,4,16.0,20,20
E07511,Adrián Mamani,Redes de Computadoras,2026-1,67.1,9.2,91.9,2,12.5,14.7,19.7
E07512,Joaquín Mamani,Estructuras de Datos,2026-1,74.6,4.8,71.8,3,20,20,20
E07513,Antonella Cabrera,Matemática Discreta,2025-2,61.4,9.3,38.6,2,20,19.6,16.8
E07514,Alonso Sánchez,Base de Datos,2026-1,69.6,11.2,67.0,5,6.8,6.5,6.2
E07515,Valeria Ponce,Matemática Discreta,2025-2,56.5,7.4,61.6,1,15.8,16.2,15.4
E07516,Valeria Soto,Base de Datos,2026-1,57.8,7.9,74.7,2,9.3,12.0,14.5
E07517,Adrián Cruz,Estructuras de Datos,2025-2,66.2,8.0,87.3,3,16.7,19.9,16.2
E07518,Estefanía Torres,Matemática Discreta,2026-1,78.1,6.6,65.5,3,16.1,6.9,16.1
E07519,Ricardo Zapata,Estructuras de Datos,2026-1,73.0,6.8,91.5,4,14.3,17.4,20
E07520,Zoe López,Estructuras de Datos,2025-2,86.1,9.3,100,3,10.6,15.7,8.3
E07521,Rodrigo Sánchez,Redes de Computadoras,2025-2,42.1,10.9,35.6,3,14.1,15.7,13.6
E07522,Ana Mamani,Lenguajes de Programación,2025-2,82.9,7.0,67.9,2,16.2,16.7,13.2
E07523,Emilio Mamani,Estructuras de Datos,2025-2,74.4,1.3,62.1,4,16.0,18.8,13.4
E07524,Franco Ortiz,Lenguajes de Programación,2025-2,65.5,4.9,47.6,3,11.3,14.8,13.0
E07525,Natalia Aguilar,Lenguajes de Programación,2025-2,68.7,2.4,64.5,4,10.7,12.4,17.1
E07526,Franco Aguilar,Redes de Computadoras,2026-1,41.3,10.2,74.0,2,13.9,20,20.0
E07527,Carlos Reyes,Estructuras de Datos,2026-1,100,8.8,56.7,2,7.5,13.4,14.0
E07528,Diego López,Lenguajes de Programación,2025-2,58.8,3.1,77.4,2,11.8,11.2,13.5
E07529,Manuel Espinoza,Base de Datos,2025-2,67.5,5.9,83.0,3,12.4,11.4,5.7
E07530,Nicolás Mamani,Estructuras de Datos,2026-1,69.5,3.3,83.2,4,14.1,11.2,11.0
E07531,Isabela Ramírez,Redes de Computadoras,2025-2,81.1,6.1,67.9,2,3.4,7.7,5.5
E07532,Joaquín Espinoza,Estructuras de Datos,2026-1,84.7,0,88.9,2,14.6,11.8,14.8
E07533,Gabriela Mamani,Base de Datos,2025-2,67.1,6.4,36.2,4,9.4,2.5,7.1
E07534,Rosa Cabrera,Redes de Computadoras,2025-2,67.5,8.2,64.1,5,15.5,18.5,14.2
E07535,Sebastián Huamán,Redes de Computadoras,2026-1,76.2,2.3,80.3,3,20,10.4,10.8
E07536,Renata Rojas,Base de Datos,2026-1,61.8,10.2,85.5,2,19.5,10.3,19.5
E07537,Ximena Rojas,Redes de Computadoras,2025-2,61.8,9.1,67.3,1,19.0,16.1,13.1
E07538,Ximena Paredes,Matemática Discreta,2026-1,65.0,8.0,45.4,4,12.5,,20
E07539,Milagros Quispe,Base de Datos,2025-2,51.5,1.4,68.1,1,14.8,8.8,16.4
E07540,Miguel Aguilar,Lenguajes de Programación,2025-2,65.1,4.8,83.9,3,3.1,10.1,10.4
E07541,Milagros Delgado,Lenguajes de Programación,2026-1,83.5,1.7,95.5,2,8.1,12.7,12.5
E07542,Valentina Ponce,Lenguajes de Programación,2025-2,65.8,4.7,70.5,4,18.3,14.7,14.6
E07543,Franco Vargas,Redes de Computadoras,2026-1,74.2,4.6,77.4,2,14.4,13.2,18.2
E07544,Mateo Cabrera,Matemática Discreta,2026-1,83.6,2.5,79.2,3,19.6,20,19.2
E07545,Sofía Cárdenas,Redes de Computadoras,2025-2,36.6,2.0,44.2,4,4.7,5.3,2.2
E07546,Gabriela Salazar,Estructuras de Datos,2026-1,65.2,9.3,41.3,3,8.5,13.0,16.1
E07547,Daniela Soto,Matemática Discreta,2025-2,78.9,4.1,74.6,2,12.9,12.4,10.7
E07548,Valeria Ortiz,Matemática Discreta,2026-1,100,4.3,54.1,3,7.7,14.7,11.0
E07549,Ximena Pérez,Base de Datos,2025-2,67.7,3.1,74.4,2,11.1,8.9,7.7
E07550,Camila López,Redes de Computadoras,2025-2,70.0,3.7,87.7,5,20,20,20
E07551,Natalia Castillo,Matemática Discreta,2025-2,78.7,5.8,64.7,2,6.1,7.6,6.5
E07552,Ricardo Rivas,Lenguajes de Programación,2025-2,57.1,11.4,91.6,3,6.0,5.2,5.9
E07553,Milagros Rodríguez,Estructuras de Datos,2026-1,81.4,5.1,100,2,11.2,7.5,7.8
E07554,Adrián Alva,Estructuras de Datos,2026-1,75.8,11.6,100,2,6.8,8.6,7.7
E07555,Iván Vega,Base de Datos,2026-1,62.1,4.0,68.6,5,15.4,14.7,12.7
E07556,Sebastián Alva,Base de Datos,2026-1,90.4,6.6,66.7,4,16.0,17.7,17.0
E07557,Isabela Quispe,Redes de Computadoras,2026-1,59.7,5.8,100,3,7.8,10.1,7.1
E07558,Diego Aguilar,Base de Datos,2026-1,59.3,8.4,42.1,2,8.9,5.1,4.6
E07559,Carlos Mamani,Redes de Computadoras,2026-1,57.0,8.5,62.9,5,8.3,8.0,10.9
E07560,Mateo Ramírez,Lenguajes de Programación,2025-2,68.4,0.2,75.6,4,12.9,14.6,10.2
E07561,Vicente Huamán,Base de Datos,2026-1,65.1,0,58.9,3,16.8,18.3,18.7
E07562,Franco Quispe,Redes de Computadoras,2026-1,68.3,6.9,88.5,2,14.2,13.4,18.7
E07563,Mateo Zapata,Base de Datos,2025-2,92.4,8.0,58.0,4,20,13.8,11.3
E07564,Antonella Quispe,Base de Datos,2026-1,71.6,5.7,77.5,4,9.6,9.6,15.0
E07565,Fabián Vargas,Redes de Computadoras,2026-1,65.4,2.4,77.7,2,14.4,13.5,10.8
E07566,Rodrigo Ramírez,Lenguajes de Programación,2025-2,42.3,9.7,76.5,3,12.0,15.6,15.6
E07567,Franco Mamani,Redes de Computadoras,2025-2,75.0,4.1,71.8,4,12.4,12.6,15.1
E07568,Luis Torres,Redes de Computadoras,2025-2,74.1,5.7,63.6,2,19.8,18.4,19.4
E07569,Emilio López,Matemática Discreta,2025-2,87.3,12.6,69.3,4,13.7,12.7,12.7
E07570,Valeria Delgado,Estructuras de Datos,2025-2,49.3,5.3,52.8,4,13.6,20,20
E07571,Antonella Zapata,Redes de Computadoras,2025-2,76.2,3.3,100,4,7.0,14.9,15.4
E07572,Valeria Cruz,Lenguajes de Programación,2025-2,93.6,6.0,97.7,4,9.8,9.4,6.9
E07573,Rosa Salazar,Estructuras de Datos,2026-1,67.8,9.9,44.5,4,11.3,10.0,5.8
E07574,Diego Mamani,Matemática Discreta,2026-1,86.8,6.8,55.2,2,15.3,10.5,11.4
E07575,Franco Rojas,Lenguajes de Programación,2026-1,78.1,10.0,56.9,3,7.0,9.4,4.5
E07576,Joaquín Reyes,Estructuras de Datos,2026-1,44.7,3.7,74.8,4,11.4,9.8,11.2
E07577,Nicolás Ponce,Matemática Discreta,2025-2,95.8,2.2,65.8,4,15.6,12.3,15.0
E07578,Joaquín Soto,Estructuras de Datos,2025-2,67.6,6.6,66.4,2,11.2,12.3,14.3
E07579,Rosa Flores,Lenguajes de Programación,2026-1,54.4,4.1,90.2,5,15.0,15.5,12.6
E07580,Vicente Pérez,Lenguajes de Programación,2025-2,81.0,5.0,82.8,4,14.6,15.5,13.9
E07581,Rosa Zapata,Lenguajes de Programación,2026-1,76.3,8.0,63.7,3,14.1,11.8,10.4
E07582,Rosa García,Redes de Computadoras,2026-1,91.6,2.9,69.8,3,5.2,3.8,7.0
E07583,Nicolás López,Base de Datos,2025-2,99.2,8.8,88.5,3,10.5,14.4,11.8
E07584,Alonso Zapata,Matemática Discreta,2025-2,94.3,12.3,55.2,4,13.5,12.2,13.8
E07585,Adrián García,Estructuras de Datos,2026-1,85.7,15.0,94.0,2,10.4,13.3,13.8
E07586,Sofía Huamán,Redes de Computadoras,2026-1,79.1,4.7,75.4,4,18.0,13.1,15.4
E07587,Luis Huamán,Estructuras de Datos,2025-2,49.2,4.4,57.6,4,15.5,15.3,18.2
E07588,Franco Huamán,Estructuras de Datos,2026-1,,4.6,93.2,4,14.2,11.4,12.4
E07589,Valentina Espinoza,Estructuras de Datos,2026-1,54.7,6.2,100,4,15.5,15.8,15.0
E07590,Isabela Chávez,Estructuras de Datos,2025-2,71.8,5.6,99.1,4,8.3,9.5,10.6
E07591,Alonso Rodríguez,Matemática Discreta,2025-2,55.1,6.1,54.2,3,18.1,15.9,19.1
E07592,Andrés Reyes,Matemática Discreta,2025-2,80.6,11.6,88.1,4,11.6,17.6,19.5
E07593,Valeria Vega,Base de Datos,2025-2,54.3,9.7,54.7,3,15.7,14.7,18.0
E07594,Renata Zapata,Redes de Computadoras,2026-1,78.0,4.2,47.3,3,9.1,3.8,4.4
E07595,Nicolás Chávez,Base de Datos,2026-1,94.7,11.2,89.2,5,16.7,16.1,16.4
E07596,Valentina Vega,Redes de Computadoras,2025-2,100,1.7,18.1,3,12.7,13.6,9.7
E07597,Manuel Ortiz,Estructuras de Datos,2025-2,53.6,7.9,50.2,4,11.9,19.2,20
E07598,Valentina Rojas,Base de Datos,2026-1,64.5,9.0,78.1,4,7.0,7.2,5.8
E07599,Gabriela García,Matemática Discreta,2026-1,46.7,10.8,100,4,15.2,14.0,11.7
E07600,Jorge Castillo,Base de Datos,2025-2,95.9,4.2,47.9,4,10.2,13.9,11.7
E07601,Natalia Pérez,Lenguajes de Programación,2026-1,66.2,0,87.6,2,14.4,9.6,9.5
E07602,Martina Herrera,Estructuras de Datos,2025-2,93.0,7.9,51.3,1,15.7,19.4,20
E07603,Antonella Zapata,Lenguajes de Programación,2025-2,47.6,2.7,100,2,15.6,15.1,19.4
E07604,Ximena Paredes,Base de Datos,2026-1,72.5,6.6,96.6,3,6.4,9.1,10.7
E07605,Alonso Espinoza,Matemática Discreta,2025-2,88.8,5.9,100,5,9.9,9.3,9.4
E07606,Julio Espinoza,Estructuras de Datos,2026-1,97.9,7.8,94.6,3,18.6,18.9,11.7
E07607,Sofía Rivas,Lenguajes de Programación,2026-1,76.5,5.2,48.5,2,9.6,12.8,14.6
E07608,Joaquín Cabrera,Base de Datos,2025-2,71.4,1.3,43.1,2,18.1,16.5,17.0
E07609,Martina Rojas,Base de Datos,2025-2,77.4,2.9,70.4,4,10.0,14.0,8.9
E07610,Fernanda Ortiz,Base de Datos,2026-1,85.2,15.7,100,3,20,15.7,20
E07611,María López,Redes de Computadoras,2026-1,72.2,8.6,79.0,2,8.5,12.2,14.7
E07612,Estefanía Torres,Base de Datos,2026-1,59.6,2.5,89.0,3,20,16.5,15.8
E07613,Milagros Soto,Estructuras de Datos,2025-2,74.1,8.0,100.0,2,11.1,10.9,11.4
E07614,Milagros Cruz,Matemática Discreta,2025-2,86.1,2.0,79.3,3,15.5,19.0,11.5
E07615,Bruno Ramírez,Matemática Discreta,2025-2,72.0,0,67.2,4,13.2,15.5,15.5
E07616,Gabriela Reyes,Matemática Discreta,2025-2,100,7.4,73.2,5,15.0,8.3,13.2
E07617,Bruno Cárdenas,Estructuras de Datos,2025-2,94.4,6.9,69.6,3,14.0,15.3,16.5
E07618,Estefanía Quispe,Base de Datos,2025-2,100,0.9,96.4,1,11.2,12.9,8.4
E07619,Valentina Aguilar,Redes de Computadoras,2025-2,76.6,0,86.1,4,20,,20
E07620,Nicolás Cárdenas,Base de Datos,2026-1,50.7,11.0,57.7,3,7.8,10.4,3.0
E07621,Lucía Reyes,Base de Datos,2025-2,24.4,9.6,72.7,4,8.6,,14.0
E07622,Emilio Mamani,Matemática Discreta,2026-1,50.5,13.5,90.5,3,10.6,13.9,10.9
E07623,Julio Medina,Estructuras de Datos,2026-1,100,4.1,54.5,4,15.5,10.2,8.3
E07624,Ricardo Castillo,Matemática Discreta,2025-2,49.5,6.9,100,5,11.8,8.0,11.9
E07625,Valentina Cabrera,Redes de Computadoras,2025-2,87.3,10.4,41.8,3,13.1,10.5,14.4
E07626,Valeria Salazar,Redes de Computadoras,2026-1,100,7.7,54.9,4,13.6,13.6,14.8
E07627,Emilia Delgado,Matemática Discreta,2025-2,48.8,8.2,67.5,3,14.1,16.7,20
E07628,Ximena Alva,Matemática Discreta,2026-1,58.0,2.5,75.9,2,6.7,9.3,12.9
E07629,Sebastián Aguilar,Matemática Discreta,2025-2,44.3,7.0,93.8,3,7.9,8.1,3.8
E07630,Joaquín Cárdenas,Base de Datos,2025-2,62.5,4.5,100,3,13.6,11.0,16.2
E07631,Renata Alva,Base de Datos,2026-1,82.9,5.4,78.3,3,15.0,13.5,13.5
E07632,Natalia Rodríguez,Lenguajes de Programación,2026-1,55.8,7.8,78.5,3,15.3,15.0,11.3
E07633,Alonso Cabrera,Estructuras de Datos,2025-2,68.3,13.5,62.8,2,12.6,13.0,14.1
E07634,Bruno Palomino,Estructuras de Datos,2026-1,36.1,7.3,98.4,3,10.7,14.3,8.8
E07635,Ricardo Ponce,Redes de Computadoras,2026-1,66.3,3.8,74.8,3,4.8,2.5,9.5
E07636,Fernanda Espinoza,Estructuras de Datos,2025-2,50.4,3.6,94.1,2,7.2,10.6,10.7
E07637,Franco Flores,Base de Datos,2026-1,72.2,6.6,76.3,1,12.8,11.3,14.1
E07638,Emilia Paredes,Matemática Discreta,2025-2,72.2,12.8,96.9,3,16.9,20,20
E07639,Valentina Salazar,Lenguajes de Programación,2025-2,79.0,6.7,48.5,1,11.9,10.9,9.8
E07640,Martina Soto,Matemática Discreta,2026-1,51.2,1.9,85.8,2,12.5,18.8,14.9
E07641,Camila Pérez,Base de Datos,2025-2,28.8,5.9,81.4,1,15.4,9.0,17.0
E07642,María Ramírez,Lenguajes de Programación,2025-2,87.9,8.7,58.6,3,19.2,19.2,18.4
E07643,Joaquín Palomino,Redes de Computadoras,2025-2,50.8,4.6,51.7,1,17.7,16.2,16.4
E07644,Camila Chávez,Redes de Computadoras,2025-2,77.9,4.1,73.6,3,13.1,10.6,16.2
E07645,Vicente Cárdenas,Lenguajes de Programación,2025-2,88.8,5.8,65.8,2,15.2,19.4,18.0
E07646,Iván Ortiz,Estructuras de Datos,2025-2,85.4,9.9,73.6,3,13.7,18.1,8.8
E07647,Adrián Flores,Base de Datos,2026-1,,11.1,79.5,4,13.7,15.8,17.0
E07648,Ximena Salazar,Base de Datos,2025-2,69.6,4.1,78.2,4,14.9,11.3,15.1
E07649,Diego Torres,Redes de Computadoras,2025-2,43.7,9.7,63.7,4,16.8,14.8,19.7
E07650,Bruno Aguilar,Lenguajes de Programación,2026-1,80.0,3.7,63.0,4,9.3,6.9,12.0
E07651,Zoe Delgado,Lenguajes de Programación,2026-1,71.9,5.5,100,5,3.4,4.5,3.4
E07652,Ricardo López,Matemática Discreta,2025-2,86.9,4.4,94.3,2,16.6,17.5,14.3
E07653,Daniela Sánchez,Redes de Computadoras,2025-2,77.8,5.0,65.4,5,14.3,14.9,13.4
E07654,Mateo Salazar,Redes de Computadoras,2026-1,87.4,4.0,75.8,3,11.8,14.7,15.7
E07655,Nicolás Reyes,Matemática Discreta,2025-2,55.9,8.1,72.8,3,0,,3.4
E07656,Ana Medina,Redes de Computadoras,2026-1,78.8,5.0,80.3,4,12.2,8.5,7.2
E07657,Valentina Ramírez,Base de Datos,2025-2,83.8,10.3,79.6,2,8.5,6.2,7.3
E07658,Ana Delgado,Base de Datos,2025-2,42.4,0,97.8,3,18.0,12.6,11.9
E07659,Ana Vargas,Matemática Discreta,2025-2,69.7,0.3,93.1,3,17.5,19.9,14.8
E07660,Natalia Palomino,Redes de Computadoras,2026-1,73.3,11.2,58.8,3,16.7,20,11.6
E07661,Sebastián Chávez,Redes de Computadoras,2025-2,74.2,9.0,73.9,2,15.2,10.6,11.5
E07662,Ana Gutiérrez,Lenguajes de Programación,2025-2,55.4,3.8,73.3,4,14.3,16.0,17.6
E07663,Diego Paredes,Redes de Computadoras,2026-1,67.4,5.2,87.7,3,13.8,13.3,10.1
E07664,Milagros Aguilar,Estructuras de Datos,2026-1,67.4,13.2,85.1,2,20,15.0,20
E07665,Isabela Sánchez,Lenguajes de Programación,2025-2,44.4,8.9,84.7,2,19.1,20,17.0
E07666,Fabián Cárdenas,Lenguajes de Programación,2026-1,81.5,9.5,71.4,3,11.4,12.1,13.0
E07667,Daniela Castillo,Matemática Discreta,2025-2,67.1,6.2,86.0,4,20,16.5,17.5
E07668,Miguel Sánchez,Redes de Computadoras,2026-1,99.8,1.3,74.5,2,17.0,18.5,7.7
E07669,Renata Cabrera,Estructuras de Datos,2026-1,100,11.8,88.7,4,15.6,10.9,17.5
E07670,Jorge Castillo,Redes de Computadoras,2026-1,88.9,5.9,100,5,8.4,10.5,13.8
E07671,Rosa Soto,Matemática Discreta,2025-2,42.3,2.5,63.5,3,12.8,10.6,15.3
E07672,Manuel Zapata,Redes de Computadoras,2025-2,74.0,6.9,84.7,3,13.7,10.1,14.3
E07673,Andrés Mamani,Redes de Computadoras,2025-2,78.4,8.1,80.3,1,9.7,16.2,15.1
E07674,Vicente Alva,Redes de Computadoras,2025-2,37.8,8.8,62.1,3,11.5,13.6,16.1
E07675,Tomás Paredes,Lenguajes de Programación,2025-2,73.7,6.6,78.6,4,13.0,9.3,12.6
E07676,Sofía García,Estructuras de Datos,2026-1,55.7,8.1,51.2,4,14.4,14.4,14.8
E07677,Diego García,Base de Datos,2025-2,92.0,4.5,37.7,1,20,18.6,17.8
E07678,Manuel Mamani,Base de Datos,2025-2,95.0,2.7,63.1,3,8.4,12.3,8.1
E07679,Daniela Ramírez,Redes de Computadoras,2025-2,47.7,8.2,100,5,12.3,17.0,12.4
E07680,Ana Zapata,Base de Datos,2025-2,67.1,6.3,76.8,3,13.3,7.8,10.9
E07681,Ricardo Delgado,Redes de Computadoras,2025-2,52.9,5.2,70.1,3,0.2,4.6,6.3
E07682,Ximena Espinoza,Redes de Computadoras,2025-2,74.1,6.8,71.5,4,19.9,20,16.2
E07683,Franco Pérez,Lenguajes de Programación,2025-2,,7.4,40.5,1,12.3,14.8,15.3
E07684,Estefanía Torres,Estructuras de Datos,2025-2,80.8,8.7,71.9,3,10.6,13.1,13.5
E07685,Iván Ramírez,Redes de Computadoras,2025-2,56.0,7.7,67.1,3,10.7,12.9,14.3
E07686,Fabián López,Redes de Computadoras,2026-1,100,4.7,100,1,12.6,18.5,17.1
E07687,Emilio Ramírez,Lenguajes de Programación,2025-2,73.3,5.3,72.9,4,13.6,11.5,13.5
E07688,Nicolás Paredes,Matemática Discreta,2025-2,90.1,4.9,60.8,2,7.6,12.5,11.8
E07689,Fabián Torres,Redes de Computadoras,2025-2,86.3,8.9,66.9,5,7.0,13.0,10.0
E07690,Natalia Cárdenas,Redes de Computadoras,2025-2,24.1,7.0,100,3,1.3,8.3,9.4
E07691,Fabián Ortiz,Estructuras de Datos,2025-2,93.2,4.4,88.5,1,17.3,16.5,10.6
E07692,Camila Rivas,Lenguajes de Programación,2025-2,86.5,9.6,53.9,3,8.0,12.1,10.7
E07693,Adrián Torres,Lenguajes de Programación,2026-1,72.6,9.3,84.3,2,13.8,12.3,7.8
E07694,Paula López,Matemática Discreta,2026-1,82.2,4.4,80.6,2,11.2,10.0,11.2
E07695,Bruno Vargas,Lenguajes de Programación,2025-2,52.1,5.6,91.4,2,13.0,13.4,10.5
E07696,Fernanda Castillo,Redes de Computadoras,2026-1,79.7,3.5,86.6,4,10.8,13.4,9.8
E07697,Daniela Gutiérrez,Base de Datos,2025-2,62.2,13.1,44.8,3,4.4,9.1,5.8
E07698,Rodrigo Alva,Estructuras de Datos,2026-1,64.9,6.5,91.5,3,15.2,9.6,13.3
E07699,Nicolás Cárdenas,Estructuras de Datos,2025-2,100,4.9,99.6,3,16.8,16.9,12.0
E07700,Martina Delgado,Matemática Discreta,2025-2,81.4,6.8,69.7,3,17.3,11.8,15.4
E07701,Carlos Palomino,Matemática Discreta,2026-1,100,10.2,97.4,4,9.0,11.2,8.1
E07702,Estefanía Huamán,Redes de Computadoras,2026-1,55.6,6.3,94.3,2,14.8,15.5,13.0
E07703,Ana Huamán,Base de Datos,2025-2,99.7,10.0,85.4,1,,10.2,10.9
E07704,Luis Quispe,Lenguajes de Programación,2025-2,57.3,10.6,96.5,2,12.4,14.4,13.5
E07705,Daniela Rodríguez,Estructuras de Datos,2025-2,80.5,4.4,100,2,6.2,8.8,5.2
E07706,Martina Mendoza,Lenguajes de Programación,2025-2,67.2,10.1,49.4,3,13.3,14.9,14.3
E07707,Nicolás Reyes,Estructuras de Datos,2025-2,83.5,4.7,71.1,3,12.6,15.6,16.2
E07708,Natalia Ponce,Lenguajes de Programación,2026-1,55.9,10.7,48.3,4,13.8,12.8,16.6
E07709,Mateo Alva,Estructuras de Datos,2025-2,70.9,0,92.7,3,13.4,13.6,12.2
E07710,Sebastián Cárdenas,Base de Datos,2026-1,58.3,4.6,53.9,3,12.8,10.0,10.0
E07711,Valentina Chávez,Estructuras de Datos,2025-2,72.3,1.3,56.8,3,8.3,11.7,10.7
E07712,Rosa Medina,Estructuras de Datos,2025-2,82.4,5.7,82.1,2,15.8,18.5,12.2
E07713,Rodrigo Rodríguez,Estructuras de Datos,2026-1,67.4,2.2,100,1,12.3,12.2,17.1
E07714,Mateo Cárdenas,Estructuras de Datos,2025-2,91.6,1.0,94.9,4,13.9,18.6,12.5
E07715,Nicolás Rivas,Matemática Discreta,2025-2,54.5,10.7,82.9,2,16.8,12.5,11.4
E07716,Nicolás Quispe,Estructuras de Datos,2025-2,72.5,8.5,49.0,1,15.7,15.2,13.2
E07717,Carlos Vega,Redes de Computadoras,2026-1,69.6,6.7,66.2,4,15.2,13.2,14.9
E07718,Bruno Rivas,Matemática Discreta,2025-2,78.4,5.5,85.4,4,2.9,5.4,8.9
E07719,Renata Pérez,Matemática Discreta,2026-1,93.3,2.5,90.0,1,14.7,15.2,16.5
E07720,Luis Rojas,Redes de Computadoras,2025-2,63.5,5.0,56.5,3,11.2,12.8,9.5
E07721,Paula Torres,Estructuras de Datos,2025-2,100,5.9,60.3,4,20,18.7,17.3
E07722,Alonso Ramírez,Base de Datos,2026-1,64.8,7.4,100,4,15.6,8.1,12.4
E07723,Nicolás Zapata,Lenguajes de Programación,2025-2,87.6,6.5,66.7,4,13.4,15.7,13.7
E07724,Emilia Espinoza,Estructuras de Datos,2025-2,68.1,7.7,100,4,12.2,11.5,10.6
E07725,Andrés Flores,Redes de Computadoras,2026-1,73.7,3.1,63.5,3,15.3,11.0,12.7
E07726,Mateo Reyes,Estructuras de Datos,2025-2,58.0,2.7,93.9,4,17.2,10.7,9.4
E07727,Luis Zapata,Matemática Discreta,2025-2,67.4,8.6,100,3,17.8,14.8,11.8
E07728,Sofía Huamán,Matemática Discreta,2025-2,37.6,6.7,61.3,3,13.5,6.9,10.8
E07729,Mateo Paredes,Redes de Computadoras,2025-2,55.0,0.6,60.0,4,16.5,14.1,18.3
E07730,Natalia Soto,Matemática Discreta,2025-2,90.3,5.5,66.0,3,16.9,13.7,11.4
E07731,Jorge Zapata,Estructuras de Datos,2026-1,63.4,8.7,91.9,5,10.6,11.3,18.8
E07732,Carlos Rivas,Lenguajes de Programación,2025-2,100,4.7,84.0,4,5.7,9.4,9.8
E07733,Emilia Pérez,Redes de Computadoras,2025-2,65.9,7.6,68.1,3,13.3,15.0,8.9
E07734,Joaquín Chávez,Estructuras de Datos,2025-2,79.2,1.4,49.6,3,11.5,14.2,20
E07735,Emilio Herrera,Estructuras de Datos,2026-1,91.8,13.1,70.4,4,15.0,14.8,15.3
E07736,Franco López,Base de Datos,2026-1,48.8,8.2,82.5,5,10.9,9.9,11.7
E07737,Jorge Ponce,Lenguajes de Programación,2026-1,79.9,6.1,93.2,4,14.0,15.0,16.2
E07738,Ricardo Vargas,Matemática Discreta,2026-1,57.2,6.5,86.9,3,13.4,,8.5
E07739,Fernanda Salazar,Matemática Discreta,2026-1,100,6.3,78.0,3,10.0,8.2,8.6
E07740,Jorge Gutiérrez,Estructuras de Datos,2025-2,34.5,5.6,35.2,2,19.3,20,19.9
E07741,Carlos Rodríguez,Matemática Discreta,2026-1,61.2,8.9,89.2,4,15.3,20,15.1
E07742,Alonso Vargas,Estructuras de Datos,2025-2,79.9,13.4,86.6,3,16.2,17.3,20
E07743,Rosa Medina,Lenguajes de Programación,2026-1,70.6,3.3,99.6,3,16.9,19.5,18.2
E07744,Andrés Vega,Lenguajes de Programación,2026-1,100,8.8,90.1,5,8.4,9.1,12.2
E07745,Tomás Gutiérrez,Base de Datos,2025-2,56.3,4.6,50.1,1,10.9,14.6,10.4
E07746,Adrián Salazar,Estructuras de Datos,2026-1,86.3,5.9,78.4,2,9.5,5.7,6.6
E07747,Alejandra Cárdenas,Lenguajes de Programación,2026-1,45.2,0,52.2,1,7.6,15.2,6.8
E07748,Alonso Vega,Base de Datos,2026-1,65.7,4.8,81.8,1,10.2,6.6,8.5
E07749,María Salazar,Base de Datos,2026-1,75.6,6.4,59.5,3,14.5,17.6,19.3
E07750,Martina Delgado,Base de Datos,2026-1,75.4,6.4,60.2,2,16.4,15.9,19.6
E07751,Renata Ortiz,Redes de Computadoras,2025-2,71.5,9.6,94.6,3,11.8,8.2,12.9
E07752,Joaquín Zapata,Estructuras de Datos,2026-1,68.2,6.1,54.2,3,16.0,10.7,12.4
E07753,Zoe Ramírez,Redes de Computadoras,2025-2,63.7,7.0,63.4,3,16.1,17.5,16.4
E07754,Vicente Vega,Lenguajes de Programación,2026-1,82.8,0.4,55.9,1,13.8,13.7,9.1
E07755,Vicente Reyes,Redes de Computadoras,2025-2,29.0,4.7,54.4,3,9.1,14.8,8.3
E07756,Rodrigo Pérez,Matemática Discreta,2026-1,55.5,10.8,94.5,1,10.2,11.5,11.4
E07757,Fernanda Vega,Matemática Discreta,2025-2,42.4,0.4,69.6,1,5.9,15.1,11.8
E07758,Emilio Espinoza,Lenguajes de Programación,2026-1,65.5,6.9,51.8,5,12.1,11.7,16.7
E07759,Adrián Cárdenas,Base de Datos,2026-1,44.9,5.7,,2,15.0,12.2,14.2
E07760,Rodrigo Rodríguez,Matemática Discreta,2025-2,61.6,9.2,66.2,3,16.6,19.6,20
E07761,Gabriela Pérez,Matemática Discreta,2025-2,93.0,6.6,82.5,2,16.6,15.6,18.8
E07762,Sofía Alva,Base de Datos,2026-1,80.2,0.7,100,2,17.3,15.8,14.3
E07763,Renata Alva,Redes de Computadoras,2026-1,68.8,8.6,89.8,5,14.8,13.5,15.4
E07764,Diego Salazar,Lenguajes de Programación,2026-1,72.6,8.5,100,3,13.9,15.2,18.4
E07765,Alonso Ponce,Estructuras de Datos,2025-2,76.6,7.0,96.1,4,11.5,11.1,13.8
E07766,Valentina Reyes,Estructuras de Datos,2026-1,70.9,4.0,90.0,4,15.0,9.8,9.1
E07767,Miguel Gutiérrez,Matemática Discreta,2025-2,62.0,3.3,98.7,4,12.2,18.5,13.8
E07768,Joaquín Mamani,Redes de Computadoras,2025-2,48.7,8.6,100,3,14.0,16.0,12.5
E07769,Emilio Cabrera,Base de Datos,2026-1,70.9,7.1,81.7,1,15.8,20,19.3
E07770,Estefanía Soto,Estructuras de Datos,2025-2,96.9,7.3,74.7,2,12.2,16.4,20
E07771,Milagros Vega,Lenguajes de Programación,2025-2,59.6,8.0,72.8,3,15.3,16.3,17.3
E07772,Martina Vargas,Estructuras de Datos,2026-1,82.7,2.8,59.3,2,13.5,10.8,9.2
E07773,Fernanda Flores,Matemática Discreta,2025-2,61.9,6.6,72.7,3,10.8,13.9,17.1
E07774,Milagros Mendoza,Lenguajes de Programación,2025-2,72.9,5.0,95.5,3,5.6,6.3,10.3
E07775,Nicolás Torres,Lenguajes de Programación,2026-1,72.0,9.2,100,5,7.1,6.5,5.8
E07776,Valentina Sánchez,Estructuras de Datos,2026-1,67.8,8.0,100,1,15.5,15.6,13.1
E07777,Miguel Rojas,Base de Datos,2026-1,86.4,11.0,81.3,4,20,13.7,13.7
E07778,Nicolás Herrera,Lenguajes de Programación,2025-2,60.8,6.5,81.6,1,11.2,16.0,13.7
E07779,Estefanía Cruz,Estructuras de Datos,2026-1,51.1,6.4,69.0,5,13.9,15.6,17.6
E07780,Sebastián Flores,Lenguajes de Programación,2026-1,62.0,6.4,58.3,2,9.1,13.2,9.1
E07781,Manuel Ortiz,Estructuras de Datos,2025-2,92.2,8.8,85.1,1,11.0,8.7,11.2
E07782,Valentina López,Lenguajes de Programación,2025-2,70.8,6.0,100.0,2,12.5,15.3,14.4
E07783,Iván Chávez,Base de Datos,2025-2,57.2,7.4,62.1,3,15.1,12.7,16.9
E07784,Alejandra Rojas,Redes de Computadoras,2025-2,60.9,5.5,90.6,3,17.2,16.0,15.7
E07785,Ximena Cárdenas,Base de Datos,2026-1,88.9,3.7,87.7,5,3.6,3.9,3.3
E07786,Gabriela Espinoza,Estructuras de Datos,2026-1,51.3,13.5,89.3,3,7.8,6.5,9.7
E07787,Joaquín Castillo,Base de Datos,2026-1,62.4,8.2,78.4,3,20,20,19.3
E07788,Bruno Torres,Matemática Discreta,2025-2,53.0,8.7,37.4,3,4.1,14.6,8.8
E07789,Andrés Quispe,Lenguajes de Programación,2025-2,84.5,1.3,77.7,3,9.3,12.9,10.4
E07790,Jorge Zapata,Redes de Computadoras,2026-1,80.2,6.1,60.8,3,14.3,17.3,14.4
E07791,Julio Vargas,Base de Datos,2025-2,56.5,11.3,80.3,3,12.8,15.5,15.7
E07792,Franco Torres,Lenguajes de Programación,2026-1,78.0,2.6,79.9,3,16.9,14.9,14.4
E07793,Nicolás Palomino,Matemática Discreta,2026-1,62.5,0.7,100,5,13.0,12.9,13.8
E07794,Ximena Alva,Matemática Discreta,2026-1,41.8,9.8,82.9,5,17.8,13.7,15.6
E07795,Joaquín Delgado,Estructuras de Datos,2026-1,100,8.7,91.3,2,16.8,19.8,17.2
E07796,Camila Alva,Redes de Computadoras,2025-2,53.7,8.2,100,3,15.7,15.9,13.1
E07797,Estefanía Rojas,Estructuras de Datos,2026-1,92.7,4.3,82.9,1,14.8,16.8,20
E07798,Nicolás Pérez,Lenguajes de Programación,2025-2,93.9,1.2,76.1,4,16.2,8.7,6.5
E07799,Natalia Rojas,Lenguajes de Programación,2026-1,89.8,12.2,70.9,1,7.8,8.1,5.6
E07800,Luis Chávez,Estructuras de Datos,2026-1,54.4,0,26.7,3,6.6,8.4,6.6
E07801,Sofía Mendoza,Lenguajes de Programación,2026-1,73.5,8.3,64.2,2,16.8,15.9,14.6
E07802,Andrés Zapata,Lenguajes de Programación,2025-2,95.3,1.5,87.3,1,14.3,17.1,17.0
E07803,Estefanía Cabrera,Matemática Discreta,2026-1,89.6,3.4,92.0,2,9.7,9.3,8.0
E07804,Sofía Flores,Matemática Discreta,2025-2,85.6,0,90.6,3,14.4,13.5,18.5
E07805,Isabela Mamani,Base de Datos,2026-1,84.3,12.5,99.5,4,20,19.9,20
E07806,Andrés Huamán,Matemática Discreta,2025-2,61.0,12.7,49.0,3,17.7,19.2,20
E07807,Fabián Herrera,Matemática Discreta,2026-1,72.8,5.2,46.1,5,15.2,11.7,15.1
E07808,Bruno Gutiérrez,Matemática Discreta,2026-1,100,11.3,77.9,3,15.8,17.1,19.6
E07809,Sofía Ortiz,Base de Datos,2025-2,68.6,6.2,73.4,2,13.4,11.4,10.5
E07810,Alejandra Soto,Base de Datos,2026-1,95.1,6.2,71.6,3,17.0,19.0,20
E07811,Rosa Pérez,Redes de Computadoras,2025-2,51.1,10.9,85.9,5,15.3,16.4,13.5
E07812,Emilia Ponce,Redes de Computadoras,2025-2,90.9,3.6,100,3,15.0,11.2,19.5
E07813,Valentina Cárdenas,Base de Datos,2025-2,52.7,3.7,83.4,4,,18.9,17.1
E07814,Valeria Pérez,Base de Datos,2026-1,100,7.6,85.3,4,7.6,6.2,8.8
E07815,Sofía Paredes,Base de Datos,2025-2,52.3,7.4,47.5,4,6.8,16.2,14.8
E07816,Antonella Vega,Redes de Computadoras,2026-1,62.6,2.9,,4,8.6,13.7,13.2
E07817,Estefanía Reyes,Estructuras de Datos,2026-1,65.5,0,100,3,13.6,12.8,14.6
E07818,Julio Rojas,Matemática Discreta,2025-2,88.7,5.8,77.8,1,16.5,9.2,18.3
E07819,Tomás García,Base de Datos,2025-2,99.3,0.8,74.5,5,9.2,5.0,9.4
E07820,Emilio Paredes,Lenguajes de Programación,2026-1,86.4,8.7,56.9,3,11.3,11.0,7.8
E07821,Milagros Ramírez,Lenguajes de Programación,2025-2,62.5,5.6,88.2,3,10.0,15.4,9.1
E07822,Ricardo Medina,Lenguajes de Programación,2026-1,73.2,6.2,65.0,3,11.7,11.2,16.5
E07823,Diego Soto,Lenguajes de Programación,2026-1,48.0,6.9,74.7,4,10.7,8.9,6.0
E07824,Fernanda García,Redes de Computadoras,2026-1,84.8,3.7,100,4,7.5,13.2,10.6
E07825,Martina Cabrera,Estructuras de Datos,2025-2,68.5,11.4,100,3,9.3,13.9,12.3
E07826,Diego Zapata,Estructuras de Datos,2026-1,70.8,9.6,54.9,5,13.9,15.0,14.0
E07827,Camila Herrera,Matemática Discreta,2026-1,55.8,3.3,53.8,2,12.4,13.8,16.4
E07828,Rodrigo Huamán,Redes de Computadoras,2025-2,83.0,6.8,65.8,3,15.0,13.0,8.3
E07829,Rosa Ponce,Lenguajes de Programación,2025-2,73.7,8.2,59.0,2,8.9,11.1,9.6
E07830,Miguel Espinoza,Redes de Computadoras,2026-1,52.0,2.9,74.1,2,14.2,11.7,14.1
E07831,Diego Pérez,Lenguajes de Programación,2025-2,56.8,3.6,54.9,2,20,19.6,20
E07832,Alejandra Palomino,Base de Datos,2026-1,60.2,6.6,59.8,3,11.8,16.9,8.5
E07833,Nicolás García,Lenguajes de Programación,2026-1,89.9,0,100,3,16.8,11.9,11.6
E07834,Fernanda Cabrera,Matemática Discreta,2025-2,79.8,4.9,78.8,3,6.9,2.7,5.9
E07835,Fernanda Rojas,Redes de Computadoras,2026-1,85.5,3.4,100,1,15.7,17.2,13.3
E07836,Julio Gutiérrez,Matemática Discreta,2026-1,66.5,0,88.4,1,9.6,9.1,9.8
E07837,Sofía Huamán,Matemática Discreta,2025-2,75.3,7.8,83.5,2,15.2,16.0,12.1
E07838,Rodrigo Aguilar,Redes de Computadoras,2025-2,59.9,2.8,70.4,3,11.9,7.3,8.3
E07839,Martina Salazar,Matemática Discreta,2025-2,51.4,6.3,77.0,4,14.1,14.6,12.3
E07840,Lucía Soto,Base de Datos,2025-2,49.3,11.7,79.7,4,8.2,13.4,10.0
E07841,Isabela Chávez,Estructuras de Datos,2026-1,71.4,9.4,89.7,4,17.2,16.7,20
E07842,Iván Cruz,Redes de Computadoras,2025-2,73.1,4.1,83.6,2,7.3,9.7,9.3
E07843,Martina Flores,Matemática Discreta,2026-1,96.5,3.8,87.6,3,12.9,9.6,11.2
E07844,Adrián Huamán,Redes de Computadoras,2025-2,75.9,10.1,87.9,2,18.6,12.5,13.6
E07845,Jorge García,Base de Datos,2026-1,93.7,2.6,42.4,4,17.7,12.7,14.9
E07846,Estefanía Ramírez,Estructuras de Datos,2026-1,46.4,10.7,51.4,4,10.0,14.5,11.7
E07847,Bruno Delgado,Base de Datos,2025-2,81.6,6.4,48.3,4,14.0,15.5,12.1
E07848,Milagros Cruz,Estructuras de Datos,2025-2,62.9,4.6,,4,15.6,10.8,15.6
E07849,Fernanda Castillo,Estructuras de Datos,2026-1,72.4,6.2,39.2,5,19.5,18.5,20
E07850,Martina Herrera,Estructuras de Datos,2025-2,87.8,3.7,52.7,1,14.5,13.0,16.7
E07851,Nicolás Quispe,Matemática Discreta,2025-2,54.9,12.2,94.0,3,9.4,10.6,12.8
E07852,Renata Mendoza,Estructuras de Datos,2025-2,75.7,4.9,77.3,3,11.7,14.3,16.6
E07853,Bruno Reyes,Matemática Discreta,2025-2,67.8,2.9,88.5,4,18.7,18.3,11.3
E07854,Nicolás Medina,Matemática Discreta,2026-1,92.9,0.1,45.6,2,15.1,16.7,13.1
E07855,Miguel Sánchez,Lenguajes de Programación,2026-1,100,9.1,53.5,4,19.4,18.5,18.6
E07856,Emilia Delgado,Lenguajes de Programación,2026-1,60.5,7.5,82.7,4,11.2,13.8,14.3
E07857,Franco Cárdenas,Lenguajes de Programación,2026-1,66.6,5.9,97.6,3,19.2,13.4,20
E07858,Paula Palomino,Estructuras de Datos,2025-2,50.6,5.8,13.4,3,6.2,17.0,10.3
E07859,Adrián Mamani,Base de Datos,2026-1,75.4,10.6,53.9,3,9.7,17.0,15.1
E07860,Miguel Ramírez,Lenguajes de Programación,2026-1,95.3,12.1,90.4,5,8.0,6.7,9.8
E07861,Lucía Zapata,Redes de Computadoras,2026-1,60.3,7.8,97.2,4,12.2,16.6,14.1
E07862,Emilio Chávez,Estructuras de Datos,2025-2,47.8,11.4,99.8,2,19.2,14.4,15.3
E07863,Miguel Aguilar,Matemática Discreta,2026-1,62.5,7.1,77.6,3,16.5,17.5,13.5
E07864,Alonso Paredes,Base de Datos,2026-1,81.6,6.3,80.1,1,8.7,14.1,7.2
E07865,Fernanda Sánchez,Matemática Discreta,2025-2,96.7,1.2,83.2,3,9.0,10.0,7.9
E07866,Martina Torres,Lenguajes de Programación,2025-2,61.5,3.1,89.3,4,8.5,12.0,12.4
E07867,Jorge Ramírez,Estructuras de Datos,2025-2,70.4,11.9,100,4,,13.8,16.5
E07868,Zoe Torres,Matemática Discreta,2026-1,52.5,8.0,98.0,3,13.9,13.4,12.2
E07869,Alejandra Cabrera,Redes de Computadoras,2026-1,59.7,8.2,100,5,11.0,10.4,11.3
E07870,Milagros Gutiérrez,Base de Datos,2025-2,73.3,5.5,47.5,3,,18.4,15.3
E07871,Manuel Flores,Redes de Computadoras,2026-1,88.3,3.1,62.3,4,17.1,13.4,17.5
E07872,Zoe Flores,Lenguajes de Programación,2025-2,80.7,0.6,75.4,1,16.4,15.0,18.1
E07873,Sebastián Ponce,Matemática Discreta,2025-2,57.4,9.5,62.6,4,12.4,9.3,9.5
E07874,Bruno Gutiérrez,Matemática Discreta,2026-1,51.4,2.5,59.5,1,7.9,12.7,9.4
E07875,Sofía Flores,Base de Datos,2025-2,73.3,8.6,89.5,2,11.5,14.0,10.5
E07876,Fernanda Sánchez,Base de Datos,2026-1,65.2,9.9,76.5,3,15.4,20,16.4
E07877,Natalia Mendoza,Base de Datos,2025-2,32.7,5.6,49.5,4,8.8,12.0,12.0
E07878,Miguel Mendoza,Base de Datos,2026-1,64.9,9.7,85.6,3,16.2,20,18.2
E07879,Antonella Rojas,Estructuras de Datos,2025-2,65.5,3.9,49.6,1,12.3,17.9,12.3
E07880,Franco Reyes,Base de Datos,2025-2,89.2,7.3,71.7,4,12.7,12.8,18.5
E07881,Ricardo Rivas,Redes de Computadoras,2026-1,90.2,2.0,60.6,2,20,19.7,14.7
E07882,Rodrigo Rojas,Estructuras de Datos,2026-1,40.5,8.0,76.7,3,18.0,11.2,11.9
E07883,Paula Rodríguez,Lenguajes de Programación,2026-1,71.3,12.4,95.6,5,9.7,9.0,9.4
E07884,Ximena Rojas,Matemática Discreta,2025-2,100,5.5,94.2,2,14.6,15.6,14.4
E07885,Antonella Flores,Redes de Computadoras,2026-1,87.9,6.5,90.9,4,11.4,19.5,13.2
E07886,Joaquín Medina,Lenguajes de Programación,2026-1,65.4,5.3,100,4,8.8,2.5,6.4
E07887,Vicente Cárdenas,Base de Datos,2026-1,43.5,0.2,82.0,5,12.7,15.2,13.7
E07888,Ximena Palomino,Matemática Discreta,2025-2,90.7,1.5,68.7,4,16.1,8.3,12.2
E07889,Carlos López,Lenguajes de Programación,2025-2,38.6,7.9,79.9,4,15.9,16.3,19.8
E07890,Sebastián Gutiérrez,Estructuras de Datos,2025-2,60.9,1.7,83.1,2,9.4,8.3,8.3
E07891,Iván Ponce,Estructuras de Datos,2026-1,85.5,8.3,74.9,3,6.8,10.4,8.6
E07892,Diego Rivas,Estructuras de Datos,2025-2,65.4,8.1,84.2,4,8.1,9.5,14.0
E07893,Zoe Herrera,Estructuras de Datos,2025-2,65.7,6.2,60.8,2,20,20,13.9
E07894,Valentina Sánchez,Base de Datos,2025-2,71.3,3.0,55.2,4,11.1,18.8,18.1
E07895,Luis Mendoza,Lenguajes de Programación,2026-1,64.2,7.3,59.5,4,14.6,13.3,8.9
E07896,Franco Ramírez,Estructuras de Datos,2026-1,89.9,2.3,57.8,4,12.0,13.0,13.1
E07897,Zoe Medina,Redes de Computadoras,2026-1,,7.7,34.8,1,20,14.9,16.5
E07898,Adrián Sánchez,Base de Datos,2025-2,87.4,12.2,48.3,2,13.4,18.3,17.4
E07899,Isabela Palomino,Lenguajes de Programación,2025-2,57.9,3.6,58.1,5,6.4,0,7.0
E07900,Luis Vargas,Lenguajes de Programación,2025-2,75.1,6.8,76.0,3,14.4,16.6,14.8
E07901,Andrés Castillo,Matemática Discreta,2025-2,94.2,7.6,61.3,3,19.1,16.6,16.4
E07902,Iván Vargas,Base de Datos,2025-2,80.2,6.3,75.6,4,10.2,14.2,13.9
E07903,Martina Quispe,Estructuras de Datos,2025-2,58.6,2.6,63.9,4,7.9,11.1,9.0
E07904,Lucía Cárdenas,Matemática Discreta,2025-2,95.8,9.5,57.8,3,17.0,10.6,13.9
E07905,Lucía Vega,Estructuras de Datos,2026-1,66.1,8.0,78.7,3,5.7,7.8,7.2
E07906,Joaquín López,Estructuras de Datos,2026-1,59.6,2.9,78.0,3,20,20,20
E07907,Sebastián Chávez,Base de Datos,2025-2,80.4,4.3,70.7,1,16.0,14.0,18.2
E07908,Adrián Cabrera,Base de Datos,2025-2,90.3,10.0,59.6,2,14.9,15.0,16.6
E07909,Camila Ramírez,Matemática Discreta,2025-2,73.7,7.2,85.8,1,8.0,8.5,4.0
E07910,Alejandra Vargas,Base de Datos,2025-2,57.5,7.8,83.2,2,16.4,15.1,13.3
E07911,Franco Ponce,Redes de Computadoras,2026-1,57.6,6.7,84.6,1,20,20,14.4
E07912,Rosa Sánchez,Base de Datos,2025-2,85.1,3.4,48.2,2,10.7,9.3,10.1
E07913,Carlos Cárdenas,Estructuras de Datos,2026-1,75.3,2.3,88.2,3,9.2,8.6,9.3
E07914,Valeria Cabrera,Estructuras de Datos,2025-2,55.3,3.3,21.2,2,15.1,15.4,11.9
E07915,Camila Flores,Base de Datos,2026-1,86.9,10.4,72.5,3,8.2,6.0,13.4
E07916,Antonella Sánchez,Estructuras de Datos,2025-2,88.6,7.4,77.0,2,10.5,12.8,10.4
E07917,Mateo Alva,Base de Datos,2025-2,,6.0,91.4,4,17.7,19.6,18.6
E07918,Mateo Rojas,Redes de Computadoras,2025-2,77.5,7.0,100,2,10.0,15.0,14.4
E07919,Fernanda Soto,Estructuras de Datos,2026-1,83.4,3.8,96.8,4,5.4,6.1,4.4
E07920,Franco Medina,Matemática Discreta,2026-1,45.3,2.4,68.5,2,17.9,18.6,18.8
E07921,Miguel Castillo,Estructuras de Datos,2026-1,76.7,9.1,68.3,2,14.9,17.1,12.6
E07922,Iván Espinoza,Redes de Computadoras,2025-2,66.1,11.4,79.3,4,12.3,14.6,13.2
E07923,Sebastián Aguilar,Matemática Discreta,2025-2,59.0,8.6,54.3,2,6.3,17.6,6.8
E07924,Diego Delgado,Matemática Discreta,2026-1,80.1,2.8,93.4,3,19.8,12.1,14.4
E07925,Fabián Mamani,Redes de Computadoras,2026-1,92.9,7.5,53.1,1,11.1,,7.7
E07926,Isabela Vargas,Matemática Discreta,2025-2,70.4,0.8,84.3,5,6.9,4.5,3.6
E07927,Sebastián Delgado,Redes de Computadoras,2025-2,65.2,6.2,72.8,4,17.0,16.7,12.7
E07928,Paula Torres,Base de Datos,2026-1,,7.7,82.1,3,0,4.4,1.6
E07929,Sebastián Paredes,Estructuras de Datos,2025-2,100,8.2,80.0,3,11.9,13.7,15.8
E07930,Antonella Ponce,Estructuras de Datos,2026-1,72.2,3.2,84.4,2,18.7,20,20.0
E07931,Estefanía Sánchez,Lenguajes de Programación,2026-1,83.4,12.5,56.4,3,19.7,20,20
E07932,Camila Rivas,Estructuras de Datos,2026-1,67.4,2.3,66.9,4,17.1,17.5,13.8
E07933,Nicolás Cabrera,Lenguajes de Programación,2025-2,83.9,5.3,86.5,2,20,20,19.1
E07934,Adrián Aguilar,Base de Datos,2026-1,79.3,10.9,66.0,5,15.2,13.0,12.0
E07935,Paula Sánchez,Matemática Discreta,2026-1,69.4,4.0,83.5,5,8.5,13.2,7.1
E07936,Tomás Quispe,Lenguajes de Programación,2025-2,63.9,5.8,87.4,3,15.5,16.5,16.2
E07937,Fabián Herrera,Redes de Computadoras,2025-2,75.5,1.0,71.1,2,13.5,13.1,7.2
E07938,Fabián Medina,Lenguajes de Programación,2025-2,83.1,3.9,78.5,3,12.7,11.4,17.1
E07939,Jorge Quispe,Base de Datos,2025-2,48.4,12.7,49.9,3,14.1,17.4,20
E07940,Ana Pérez,Lenguajes de Programación,2025-2,60.0,4.5,46.6,3,13.1,12.3,14.6
E07941,Diego López,Matemática Discreta,2025-2,89.8,6.8,81.4,3,10.3,7.3,6.3
E07942,Camila Mendoza,Redes de Computadoras,2026-1,79.7,4.1,100,3,14.9,18.5,14.1
E07943,María Flores,Estructuras de Datos,2026-1,70.9,10.5,76.9,5,16.1,13.9,14.5
E07944,Sebastián Pérez,Redes de Computadoras,2025-2,73.6,7.4,90.4,3,17.1,14.3,19.1
E07945,Franco Cruz,Redes de Computadoras,2026-1,100,7.4,65.7,2,16.1,10.9,15.2
E07946,Lucía Mendoza,Estructuras de Datos,2026-1,100,8.5,59.9,5,8.1,9.8,6.9
E07947,Renata Sánchez,Lenguajes de Programación,2025-2,60.3,2.8,53.6,2,11.1,10.5,8.9
E07948,Zoe Palomino,Matemática Discreta,2026-1,61.3,3.9,75.3,2,15.8,20,19.1
E07949,Valeria Vargas,Lenguajes de Programación,2025-2,85.1,6.2,86.8,2,14.1,9.8,7.4
E07950,Andrés Rodríguez,Matemática Discreta,2026-1,59.3,6.0,62.5,2,10.5,9.4,5.9
E07951,Jorge Huamán,Lenguajes de Programación,2025-2,94.9,3.5,69.8,4,20,16.0,14.1
E07952,Martina Mamani,Lenguajes de Programación,2026-1,85.1,9.5,100,3,19.3,17.3,18.8
E07953,Julio Ortiz,Base de Datos,2026-1,87.6,5.0,62.7,5,10.4,16.7,14.1
E07954,Isabela Sánchez,Estructuras de Datos,2026-1,76.8,9.1,60.5,4,20,14.2,15.6
E07955,Alonso Torres,Base de Datos,2025-2,70.9,0,100,2,17.2,13.3,15.3
E07956,Rodrigo Quispe,Redes de Computadoras,2026-1,68.7,3.3,100,2,16.1,11.8,12.9
E07957,Diego Quispe,Base de Datos,2026-1,58.1,6.2,59.4,2,10.3,16.3,12.9
E07958,Rodrigo García,Matemática Discreta,2026-1,82.0,10.3,61.9,2,20,16.8,17.8
E07959,Emilia Vega,Redes de Computadoras,2025-2,51.6,5.3,61.3,5,12.8,9.9,10.7
E07960,Vicente Aguilar,Redes de Computadoras,2025-2,78.0,5.2,40.9,3,15.3,13.8,8.9
E07961,Emilia Soto,Lenguajes de Programación,2026-1,65.3,7.4,47.7,3,18.8,18.6,19.9
E07962,Milagros Vargas,Base de Datos,2026-1,61.9,2.9,87.7,3,7.0,10.3,10.7
E07963,Milagros Castillo,Base de Datos,2025-2,70.3,4.9,100,1,13.9,10.5,8.6
E07964,Ximena Rojas,Lenguajes de Programación,2025-2,97.1,9.5,82.7,3,3.4,14.6,7.0
E07965,Sebastián Flores,Lenguajes de Programación,2025-2,62.0,12.0,80.0,5,14.0,14.0,15.2
E07966,Renata Cabrera,Estructuras de Datos,2026-1,47.0,5.6,75.2,2,10.3,8.4,11.1
E07967,Estefanía Quispe,Estructuras de Datos,2026-1,70.9,3.4,84.5,2,5.6,13.2,11.5
E07968,Valeria Gutiérrez,Estructuras de Datos,2026-1,64.6,4.9,66.0,1,10.0,12.8,8.8
E07969,Natalia Gutiérrez,Estructuras de Datos,2026-1,82.0,3.8,88.9,2,14.2,12.9,13.8
E07970,Zoe Salazar,Base de Datos,2025-2,59.4,7.0,100,3,9.3,10.0,11.5
E07971,Manuel Ortiz,Estructuras de Datos,2025-2,36.8,3.5,70.5,3,9.6,13.3,16.4
E07972,Milagros Cruz,Estructuras de Datos,2025-2,53.3,5.2,86.2,4,9.0,9.2,15.2
E07973,Alejandra Quispe,Matemática Discreta,2026-1,24.7,11.9,81.0,3,12.1,15.2,14.0
E07974,Joaquín Aguilar,Lenguajes de Programación,2025-2,55.4,2.8,83.2,4,20,20,20
E07975,Nicolás Rivas,Estructuras de Datos,2026-1,22.3,0.7,57.6,3,10.8,9.2,7.0
E07976,Adrián Cruz,Lenguajes de Programación,2025-2,,2.1,67.8,4,10.8,9.6,8.5
E07977,Ximena Vega,Lenguajes de Programación,2026-1,68.9,6.4,75.3,4,11.6,13.5,12.0
E07978,Alejandra Gutiérrez,Lenguajes de Programación,2026-1,69.5,9.7,80.6,2,15.0,12.6,12.6
E07979,Estefanía Alva,Estructuras de Datos,2025-2,80.9,0.3,66.3,4,5.4,8.4,7.4
E07980,Isabela Pérez,Matemática Discreta,2026-1,66.2,3.6,86.9,5,20,18.1,17.2
E07981,Zoe Gutiérrez,Base de Datos,2026-1,99.1,9.6,91.9,3,20,17.5,20
E07982,Ximena Mamani,Lenguajes de Programación,2026-1,87.3,4.2,67.9,2,9.3,9.8,10.7
E07983,Luis Sánchez,Redes de Computadoras,2025-2,93.7,3.3,77.0,2,3.9,9.9,6.3
E07984,Fabián Cabrera,Matemática Discreta,2025-2,76.7,17.5,84.6,3,10.8,11.5,10.7
E07985,Natalia Ortiz,Estructuras de Datos,2025-2,100,6.8,70.9,4,14.2,18.0,15.6
E07986,Carlos López,Lenguajes de Programación,2026-1,71.3,8.2,62.0,3,11.8,16.1,14.9
E07987,Isabela Mendoza,Base de Datos,2026-1,100,7.0,68.6,3,13.4,6.0,3.4
E07988,Fernanda Rojas,Lenguajes de Programación,2025-2,78.7,3.3,80.3,4,16.5,17.3,18.5
E07989,Natalia Rodríguez,Base de Datos,2026-1,35.7,5.9,77.9,5,8.1,3.3,11.7
E07990,Manuel Palomino,Estructuras de Datos,2025-2,81.1,1.3,54.2,1,14.9,11.4,15.7
E07991,Milagros Espinoza,Estructuras de Datos,2025-2,74.4,5.2,88.7,3,11.2,9.5,5.0
E07992,Bruno Sánchez,Lenguajes de Programación,2026-1,66.0,2.9,77.0,2,10.3,11.4,5.1
E07993,María Cruz,Matemática Discreta,2025-2,74.3,7.3,81.9,1,12.5,12.0,14.2
E07994,Fernanda Huamán,Redes de Computadoras,2025-2,46.2,4.3,72.1,4,9.0,8.1,9.4
E07995,Tomás López,Lenguajes de Programación,2025-2,80.1,3.1,52.8,3,14.2,14.7,12.1
E07996,Lucía Mamani,Redes de Computadoras,2026-1,62.0,4.7,38.4,5,15.8,14.5,16.0
E07997,Andrés Huamán,Redes de Computadoras,2026-1,73.8,1.9,72.5,5,9.4,14.6,9.7
E07998,Martina Cárdenas,Estructuras de Datos,2025-2,74.7,12.5,71.2,2,4.0,6.9,7.7
E07999,Bruno Ortiz,Matemática Discreta,2025-2,75.2,9.2,84.4,1,16.3,15.3,15.3
E08000,Isabela Cabrera,Estructuras de Datos,2025-2,57.2,4.2,86.1,5,13.1,9.2,11.7
E08001,Adrián Herrera,Lenguajes de Programación,2026-1,99.3,8.6,92.9,3,14.4,9.4,14.4
E08002,Julio Mamani,Matemática Discreta,2026-1,,1.6,74.5,4,11.5,14.2,15.2
E08003,Jorge Delgado,Lenguajes de Programación,2026-1,57.2,0.2,79.8,2,13.2,9.5,7.3
E08004,Bruno Gutiérrez,Estructuras de Datos,2026-1,60.5,7.2,88.2,2,,15.2,15.1
E08005,Ana Torres,Base de Datos,2026-1,99.3,4.4,55.3,2,9.9,8.0,8.5
E08006,Rodrigo Vega,Base de Datos,2025-2,78.0,8.9,60.2,5,18.9,17.8,15.1
E08007,Rodrigo Herrera,Matemática Discreta,2026-1,87.8,8.5,79.0,5,13.5,11.9,5.4
E08008,Milagros Mendoza,Base de Datos,2026-1,,2.8,64.1,4,17.0,13.5,14.8
E08009,Lucía Soto,Estructuras de Datos,2025-2,89.3,7.8,93.1,5,15.6,10.4,13.8
E08010,Miguel López,Redes de Computadoras,2025-2,34.5,0.9,91.7,4,4.5,3.4,7.4
E08011,Mateo Aguilar,Redes de Computadoras,2025-2,68.0,5.5,88.7,4,13.8,14.6,13.4
E08012,Julio Cabrera,Estructuras de Datos,2025-2,86.8,6.5,54.2,4,13.3,15.7,14.0
E08013,Luis Espinoza,Matemática Discreta,2025-2,99.2,3.1,77.6,4,16.8,18.1,18.6
E08014,Estefanía Espinoza,Estructuras de Datos,2025-2,72.6,8.7,74.2,3,13.3,14.3,14.8
E08015,Valentina Cabrera,Base de Datos,2026-1,78.1,14.7,48.1,4,11.7,9.7,13.7
E08016,Joaquín Cruz,Lenguajes de Programación,2025-2,47.7,3.8,48.9,2,14.4,12.2,18.0
E08017,Ana Delgado,Matemática Discreta,2026-1,45.6,6.7,100,1,14.7,16.0,11.6
E08018,Joaquín Ortiz,Redes de Computadoras,2026-1,55.2,8.9,95.0,3,18.9,20,20
E08019,Alejandra Ortiz,Redes de Computadoras,2026-1,69.7,6.6,66.6,2,13.1,11.3,12.5
E08020,Gabriela Herrera,Redes de Computadoras,2026-1,52.8,2.9,81.4,4,17.1,18.7,17.3
E08021,Bruno Vega,Matemática Discreta,2026-1,100,9.4,48.8,4,15.7,17.6,20
E08022,Julio Cárdenas,Base de Datos,2026-1,63.6,4.4,65.0,4,14.4,15.8,13.1
E08023,Diego Castillo,Lenguajes de Programación,2026-1,72.6,4.9,89.4,3,14.7,15.6,14.2
E08024,Ricardo Delgado,Estructuras de Datos,2026-1,80.5,4.9,52.4,3,14.8,16.5,9.9
E08025,Martina Paredes,Base de Datos,2025-2,69.2,8.6,63.7,3,12.7,9.2,8.2
E08026,Franco Ortiz,Lenguajes de Programación,2026-1,77.9,11.5,88.2,2,11.9,14.9,16.7
E08027,Alejandra Rivas,Estructuras de Datos,2025-2,100,8.4,79.3,5,12.7,15.2,12.5
E08028,Paula Torres,Lenguajes de Programación,2025-2,65.5,1.7,62.4,3,5.9,7.2,3.6
E08029,Alejandra Herrera,Estructuras de Datos,2025-2,71.0,7.8,68.3,3,13.6,10.4,11.9
E08030,Nicolás Mamani,Matemática Discreta,2025-2,81.3,8.8,84.1,4,10.4,1.4,3.4
E08031,Fabián Vargas,Redes de Computadoras,2026-1,69.1,5.7,75.7,4,11.5,11.2,8.8
E08032,Renata Flores,Redes de Computadoras,2025-2,69.6,6.1,100,3,8.8,5.7,9.0
E08033,Fernanda Chávez,Matemática Discreta,2025-2,85.0,8.6,80.9,4,11.2,17.1,13.1
E08034,Vicente Huamán,Base de Datos,2025-2,94.6,10.7,75.4,3,3.6,9.2,9.2
E08035,Andrés Salazar,Lenguajes de Programación,2026-1,78.8,8.1,47.9,2,11.3,7.7,9.2
E08036,Fernanda Ortiz,Matemática Discreta,2025-2,49.7,7.5,95.7,5,13.2,13.1,12.2
E08037,Renata Espinoza,Lenguajes de Programación,2025-2,77.4,9.9,89.6,4,14.0,14.1,10.1
E08038,Luis Soto,Redes de Computadoras,2026-1,83.7,13.4,100,1,4.7,8.3,10.5
E08039,Andrés Medina,Matemática Discreta,2026-1,33.2,0,89.9,2,10.7,12.8,9.7
E08040,Tomás Mamani,Estructuras de Datos,2026-1,71.2,1.7,79.1,4,10.3,10.7,5.7
E08041,Rosa Cárdenas,Matemática Discreta,2025-2,90.5,9.4,70.8,3,15.1,14.8,13.1
E08042,Isabela Chávez,Base de Datos,2026-1,68.3,1.5,84.3,2,0,0,1.9
E08043,Tomás Aguilar,Base de Datos,2025-2,65.2,9.6,77.2,5,11.1,7.9,9.4
E08044,Manuel Aguilar,Estructuras de Datos,2026-1,64.6,5.5,74.4,3,14.9,15.7,14.4
E08045,Iván Medina,Matemática Discreta,2025-2,80.5,0.2,97.2,4,10.1,10.7,12.1
E08046,Fernanda Quispe,Estructuras de Datos,2026-1,75.8,4.7,65.5,3,16.4,12.1,13.4
E08047,Alejandra Salazar,Matemática Discreta,2025-2,66.5,4.6,97.6,3,12.6,12.0,14.1
E08048,Fabián Salazar,Estructuras de Datos,2026-1,54.4,6.6,63.4,3,13.8,11.7,10.0
E08049,Iván Zapata,Lenguajes de Programación,2025-2,58.0,8.0,91.9,4,13.0,16.6,12.8
E08050,Adrián Reyes,Redes de Computadoras,2025-2,82.8,11.7,67.7,4,,11.7,13.4
E08051,Martina Salazar,Redes de Computadoras,2026-1,21.2,9.7,68.6,5,10.8,15.1,15.5
E08052,Sofía Soto,Lenguajes de Programación,2026-1,75.4,6.2,51.1,3,14.9,12.1,13.0
E08053,Emilio Sánchez,Base de Datos,2025-2,84.9,4.1,,3,3.8,10.3,7.5
E08054,María Gutiérrez,Estructuras de Datos,2025-2,67.0,6.1,49.8,5,12.5,14.2,10.4
E08055,Sofía Soto,Base de Datos,2026-1,75.4,4.7,68.4,2,10.6,11.0,10.4
E08056,Bruno Cabrera,Base de Datos,2025-2,67.9,9.3,77.4,4,10.6,8.6,10.0
E08057,Jorge Castillo,Matemática Discreta,2026-1,42.5,2.2,64.7,3,13.0,11.6,12.9
E08058,Emilio Ramírez,Lenguajes de Programación,2025-2,81.5,6.3,59.1,5,12.2,11.7,9.0
E08059,Manuel Cruz,Matemática Discreta,2026-1,52.0,6.3,62.1,3,13.4,13.3,14.9
E08060,Iván Paredes,Lenguajes de Programación,2025-2,62.7,5.4,64.7,2,13.1,8.0,16.7
E08061,Rodrigo Rivas,Base de Datos,2026-1,46.1,5.4,87.7,2,10.9,7.8,10.2
E08062,Adrián Salazar,Estructuras de Datos,2025-2,74.6,5.1,100,2,16.6,19.0,14.6
E08063,Rodrigo Chávez,Matemática Discreta,2026-1,71.6,7.0,100,2,11.5,18.0,13.0
E08064,Carlos Soto,Redes de Computadoras,2025-2,55.7,10.9,97.5,2,20,20,18.7
E08065,Jorge Zapata,Estructuras de Datos,2025-2,67.9,4.5,43.3,1,14.7,18.4,20
E08066,Emilia López,Base de Datos,2025-2,83.0,5.0,64.4,2,17.8,13.1,11.9
E08067,Daniela Torres,Matemática Discreta,2026-1,66.2,7.3,80.9,1,19.3,14.8,17.2
E08068,Emilio Castillo,Matemática Discreta,2025-2,74.2,5.6,67.3,3,10.8,9.2,10.7
E08069,Camila Castillo,Estructuras de Datos,2025-2,60.5,0,78.6,1,15.6,13.4,17.2
E08070,Antonella García,Matemática Discreta,2026-1,69.3,0,86.7,2,6.3,14.2,11.0
E08071,Daniela Cabrera,Matemática Discreta,2025-2,100,9.0,86.2,3,10.1,13.7,10.6
E08072,Natalia Cárdenas,Redes de Computadoras,2026-1,100,10.0,83.0,5,20,20,17.4
E08073,Luis Ortiz,Lenguajes de Programación,2026-1,99.9,8.4,45.4,5,17.3,17.4,15.6
E08074,Daniela Chávez,Redes de Computadoras,2025-2,58.0,3.5,71.6,1,18.0,15.8,12.1
E08075,Isabela Huamán,Lenguajes de Programación,2026-1,47.5,2.7,52.1,3,13.1,9.2,13.1
E08076,Fernanda Rivas,Base de Datos,2026-1,60.8,11.9,92.1,2,1.5,7.2,12.0
E08077,Mateo Aguilar,Base de Datos,2025-2,75.8,8.3,86.2,2,17.2,10.4,14.8
E08078,Vicente Ponce,Matemática Discreta,2025-2,55.2,12.5,77.8,3,5.8,11.0,9.1
E08079,Fabián Rivas,Base de Datos,2026-1,83.0,7.7,90.1,3,18.5,18.2,20
E08080,Fabián Delgado,Base de Datos,2026-1,82.5,3.6,57.2,5,8.1,8.0,6.8
E08081,Miguel Paredes,Lenguajes de Programación,2026-1,76.8,0,,4,12.6,11.2,8.5
E08082,Joaquín Mamani,Lenguajes de Programación,2025-2,88.8,14.1,53.5,3,15.1,7.7,12.3
E08083,Iván Mamani,Estructuras de Datos,2026-1,72.2,8.5,68.1,3,16.3,11.6,12.0
E08084,Natalia Pérez,Base de Datos,2026-1,87.7,6.7,82.3,4,12.5,10.4,13.9
E08085,Mateo Cárdenas,Matemática Discreta,2025-2,85.8,10.2,66.0,3,5.8,13.0,9.8
E08086,Daniela Palomino,Redes de Computadoras,2026-1,80.4,11.5,74.5,2,19.5,,18.4
E08087,Ximena Salazar,Estructuras de Datos,2025-2,60.5,13.4,89.7,1,9.1,12.5,11.3
E08088,Joaquín Chávez,Lenguajes de Programación,2026-1,100,9.6,94.6,1,13.2,9.4,13.0
E08089,Isabela Reyes,Estructuras de Datos,2026-1,44.8,8.7,72.5,3,12.7,10.3,10.7
E08090,Ximena Rivas,Lenguajes de Programación,2025-2,64.3,4.7,54.3,4,9.6,15.9,8.4
E08091,Fernanda Flores,Estructuras de Datos,2025-2,65.7,10.5,51.7,4,13.2,12.2,13.2
E08092,Tomás Rivas,Lenguajes de Programación,2026-1,52.0,4.6,43.1,4,11.1,8.5,7.8
E08093,Vicente Soto,Lenguajes de Programación,2025-2,93.7,16.7,85.4,3,10.9,11.0,10.4
E08094,Nicolás Salazar,Redes de Computadoras,2026-1,93.6,7.9,82.6,3,15.5,14.0,17.8
E08095,Bruno Soto,Base de Datos,2026-1,69.6,5.0,56.1,3,14.7,14.5,9.5
E08096,Diego Mamani,Estructuras de Datos,2026-1,63.9,8.4,50.9,1,20,18.9,20
E08097,Vicente Chávez,Base de Datos,2026-1,86.5,3.4,75.0,4,11.7,15.8,14.9
E08098,Nicolás Rodríguez,Estructuras de Datos,2025-2,39.3,8.5,90.1,4,14.1,14.5,14.6
E08099,Adrián Flores,Matemática Discreta,2025-2,52.7,5.7,100,2,16.6,18.9,19.0
E08100,Ricardo Rodríguez,Redes de Computadoras,2026-1,73.6,5.5,58.5,2,12.5,12.1,15.6
E08101,Nicolás Vargas,Redes de Computadoras,2026-1,88.2,11.1,100,3,12.6,10.4,10.8
E08102,Fabián Huamán,Redes de Computadoras,2026-1,78.6,6.8,49.6,3,14.5,12.9,10.8
E08103,Julio Mamani,Estructuras de Datos,2025-2,75.2,0,77.4,3,7.3,6.6,10.8
E08104,Daniela Rivas,Base de Datos,2026-1,89.4,9.4,100,3,16.6,16.3,16.4
E08105,Franco Pérez,Estructuras de Datos,2025-2,57.7,6.5,74.3,5,10.1,14.4,11.5
E08106,Adrián Castillo,Matemática Discreta,2026-1,74.6,7.5,41.2,4,13.6,10.0,13.6
E08107,Joaquín Chávez,Base de Datos,2025-2,37.0,7.5,100,3,12.1,8.5,15.1
E08108,Manuel Reyes,Redes de Computadoras,2026-1,72.3,9.3,63.5,5,,13.0,8.5
E08109,Rosa Aguilar,Base de Datos,2026-1,77.7,4.7,45.2,3,5.9,9.5,6.3
E08110,Miguel Castillo,Estructuras de Datos,2026-1,68.0,6.7,100,5,20,18.8,18.1
E08111,Lucía Ramírez,Base de Datos,2025-2,66.9,4.6,68.6,4,16.9,20,20
E08112,Alejandra Vega,Lenguajes de Programación,2025-2,83.8,5.5,78.4,2,13.3,18.0,13.7
E08113,Alonso Pérez,Estructuras de Datos,2026-1,77.5,4.0,94.7,3,17.9,10.3,10.5
E08114,Miguel Rodríguez,Lenguajes de Programación,2026-1,63.3,8.7,88.2,3,2.9,6.5,6.1
E08115,Manuel Reyes,Estructuras de Datos,2026-1,98.5,6.1,71.7,3,8.6,10.8,8.8
E08116,Ricardo Cruz,Estructuras de Datos,2025-2,64.3,8.7,63.2,4,18.5,12.7,17.8
E08117,Emilio Rodríguez,Lenguajes de Programación,2025-2,86.3,6.7,74.2,5,11.1,12.0,9.3
E08118,Paula Aguilar,Estructuras de Datos,2025-2,84.6,0.2,84.1,2,11.0,7.3,8.9
E08119,Tomás Cabrera,Base de Datos,2025-2,95.8,2.9,65.2,4,14.6,10.8,13.2
E08120,Antonella López,Lenguajes de Programación,2026-1,79.7,6.4,67.9,3,17.2,16.2,14.5
E08121,Sebastián Herrera,Estructuras de Datos,2025-2,90.1,4.6,100,2,13.7,13.4,10.5
E08122,Renata Cabrera,Lenguajes de Programación,2026-1,75.8,8.1,70.6,2,13.3,10.1,11.6
E08123,Sofía Zapata,Estructuras de Datos,2025-2,94.6,4.4,74.4,2,15.2,16.9,12.6
E08124,Mateo Rivas,Estructuras de Datos,2025-2,95.2,7.1,85.2,3,10.3,12.5,10.8
E08125,Jorge Sánchez,Matemática Discreta,2026-1,,12.6,82.1,5,17.7,16.9,15.8
E08126,Bruno Herrera,Base de Datos,2026-1,53.4,1.0,100,3,15.2,9.0,19.0
E08127,Lucía Cárdenas,Matemática Discreta,2025-2,82.4,8.4,79.5,3,14.5,18.6,20
E08128,Carlos Salazar,Matemática Discreta,2025-2,95.2,4.5,64.4,3,16.4,12.9,18.0
E08129,Rodrigo Ortiz,Matemática Discreta,2026-1,68.9,7.1,98.9,2,17.6,19.7,16.0
E08130,Fabián Chávez,Estructuras de Datos,2026-1,22.9,10.3,75.2,2,9.5,11.5,10.5
E08131,Daniela Rojas,Base de Datos,2025-2,56.2,5.9,49.6,1,10.5,10.2,12.6
E08132,Ximena Delgado,Lenguajes de Programación,2025-2,100,4.6,68.7,3,4.6,3.2,7.2
E08133,Diego Delgado,Lenguajes de Programación,2025-2,78.9,8.1,74.5,2,12.0,11.3,15.3
E08134,Milagros Soto,Matemática Discreta,2026-1,100,6.8,92.9,3,20,16.2,20
E08135,Rodrigo Castillo,Redes de Computadoras,2025-2,86.9,9.3,56.8,1,17.3,,17.4
E08136,Manuel Delgado,Redes de Computadoras,2025-2,74.1,3.9,81.6,2,9.5,17.7,11.2
E08137,Milagros Medina,Redes de Computadoras,2026-1,99.1,5.6,92.0,4,15.1,17.8,16.6
E08138,Valeria Chávez,Lenguajes de Programación,2025-2,81.1,7.3,77.1,3,13.4,8.1,11.0
E08139,Jorge Quispe,Lenguajes de Programación,2026-1,60.1,9.9,59.6,3,,14.0,13.5
E08140,Sebastián Salazar,Matemática Discreta,2026-1,49.8,7.4,85.3,4,4.7,5.7,5.2
E08141,Ana Vega,Matemática Discreta,2025-2,69.6,2.0,62.3,3,6.1,14.2,7.9
E08142,Alonso Ponce,Estructuras de Datos,2025-2,75.2,8.2,52.7,1,13.5,12.8,18.0
E08143,Natalia Vega,Lenguajes de Programación,2026-1,67.3,1.9,52.1,2,7.5,10.3,11.4
E08144,Paula Ramírez,Base de Datos,2026-1,56.8,0,71.5,4,10.1,9.8,11.1
E08145,Daniela Reyes,Estructuras de Datos,2026-1,80.3,9.8,67.4,5,10.7,12.3,13.9
E08146,Ricardo Vargas,Lenguajes de Programación,2025-2,65.9,7.3,78.6,3,18.2,14.2,14.5
E08147,Andrés Reyes,Lenguajes de Programación,2025-2,94.4,4.0,47.2,5,11.9,11.6,11.3
E08148,Alejandra Palomino,Estructuras de Datos,2025-2,94.1,5.1,80.0,3,15.6,9.5,13.3
E08149,Emilia Delgado,Redes de Computadoras,2026-1,100,4.2,92.9,3,12.6,12.1,8.3
E08150,Daniela Gutiérrez,Base de Datos,2026-1,86.6,0,63.8,3,14.4,15.0,17.6
E08151,Emilio García,Redes de Computadoras,2025-2,88.7,8.2,66.3,5,20,20,20
E08152,Miguel Vega,Lenguajes de Programación,2025-2,59.0,5.2,69.9,5,15.4,11.6,13.5
E08153,Gabriela Cárdenas,Lenguajes de Programación,2025-2,55.1,3.8,63.6,2,18.0,14.6,11.0
E08154,Bruno Cabrera,Matemática Discreta,2025-2,70.9,7.7,67.3,1,10.3,14.9,17.3
E08155,Fabián Huamán,Redes de Computadoras,2026-1,88.7,1.8,82.4,4,10.5,8.1,1.8
E08156,Diego Flores,Matemática Discreta,2026-1,56.7,0,83.1,1,15.0,18.3,15.6
E08157,Camila Paredes,Lenguajes de Programación,2025-2,58.1,16.6,54.1,1,10.6,9.4,12.0
E08158,Joaquín Rojas,Base de Datos,2026-1,90.7,0.4,81.4,4,11.8,13.3,11.5
E08159,Joaquín García,Redes de Computadoras,2026-1,88.1,6.5,100,5,20,14.3,19.5
E08160,Valentina Palomino,Lenguajes de Programación,2025-2,75.3,9.9,72.9,2,10.9,10.3,6.3
E08161,Julio Delgado,Lenguajes de Programación,2025-2,100,9.4,76.8,3,6.3,9.3,12.3
E08162,Gabriela Cabrera,Redes de Computadoras,2025-2,30.2,3.7,66.4,4,12.2,16.1,20
E08163,Nicolás Espinoza,Lenguajes de Programación,2026-1,100,5.6,76.7,3,17.9,20,20
E08164,Diego Zapata,Base de Datos,2026-1,59.0,7.2,61.2,3,13.5,17.2,12.7
E08165,Luis Vega,Estructuras de Datos,2026-1,70.2,5.3,74.7,4,10.7,9.9,8.7
E08166,Ximena Ramírez,Estructuras de Datos,2025-2,90.4,6.1,74.1,5,18.2,16.5,12.3
E08167,Valentina Espinoza,Matemática Discreta,2025-2,61.1,0.6,64.1,3,14.2,17.2,14.9
E08168,Iván Palomino,Lenguajes de Programación,2026-1,61.1,8.6,88.4,2,10.7,10.2,9.9
E08169,Ximena Vega,Base de Datos,2025-2,51.2,6.6,64.4,2,5.8,8.0,10.1
E08170,Ricardo Flores,Lenguajes de Programación,2026-1,70.0,8.7,59.5,3,19.6,19.0,19.9
E08171,Estefanía Medina,Lenguajes de Programación,2025-2,57.8,10.6,64.4,3,11.9,10.7,12.4
E08172,Renata Castillo,Lenguajes de Programación,2025-2,72.0,4.4,81.8,4,15.4,14.9,14.9
E08173,Miguel Reyes,Lenguajes de Programación,2026-1,60.1,8.2,63.8,4,8.7,7.0,5.2
E08174,Franco Mamani,Redes de Computadoras,2026-1,61.8,0,86.5,4,7.7,7.8,13.1
E08175,Zoe Pérez,Base de Datos,2025-2,72.6,5.9,72.9,1,16.3,14.4,18.4
E08176,Ana Palomino,Base de Datos,2025-2,59.3,9.1,53.9,1,19.6,20,20
E08177,Manuel Ramírez,Redes de Computadoras,2025-2,94.4,6.0,80.6,3,9.7,10.3,9.6
E08178,Bruno Gutiérrez,Redes de Computadoras,2025-2,96.0,5.8,82.3,1,11.9,8.4,9.6
E08179,Luis Sánchez,Base de Datos,2026-1,82.6,10.2,75.1,3,11.4,11.3,13.3
E08180,Mateo Rivas,Matemática Discreta,2025-2,82.0,0,76.7,3,13.3,10.2,12.8
E08181,Joaquín Vega,Lenguajes de Programación,2025-2,48.9,0,61.4,1,14.5,9.7,15.1
E08182,Sebastián Castillo,Base de Datos,2025-2,68.6,5.6,92.6,3,14.6,11.1,15.1
E08183,Sofía López,Redes de Computadoras,2025-2,32.9,5.9,53.1,2,14.6,18.4,14.7
E08184,Sofía Salazar,Estructuras de Datos,2025-2,68.5,8.1,87.9,4,2.5,9.8,7.7
E08185,Renata Reyes,Matemática Discreta,2025-2,53.8,6.2,27.6,2,19.9,17.9,19.7
E08186,Iván Reyes,Base de Datos,2026-1,90.4,0,77.4,2,2.9,4.6,6.6
E08187,Fernanda Cárdenas,Matemática Discreta,2025-2,84.9,5.5,70.3,3,11.5,8.3,13.0
E08188,Adrián Soto,Matemática Discreta,2026-1,88.4,4.8,56.3,3,12.5,12.5,8.5
E08189,Tomás Vargas,Base de Datos,2026-1,75.6,2.9,34.7,4,15.9,13.8,10.9
E08190,Mateo Mamani,Redes de Computadoras,2026-1,80.6,14.6,93.9,4,7.5,8.7,4.4
E08191,Martina Aguilar,Redes de Computadoras,2026-1,80.9,11.2,44.9,5,13.6,16.6,12.7
E08192,Andrés Espinoza,Lenguajes de Programación,2025-2,64.8,2.8,63.9,3,15.0,10.6,11.2
E08193,María Castillo,Matemática Discreta,2025-2,84.3,1.6,79.0,2,12.3,10.2,15.9
E08194,Camila Mendoza,Matemática Discreta,2025-2,58.8,10.5,82.2,4,16.2,15.4,13.9
E08195,María Castillo,Base de Datos,2026-1,46.4,5.9,75.6,1,15.1,13.3,11.1
E08196,Adrián Rodríguez,Lenguajes de Programación,2026-1,85.5,8.3,65.2,3,10.9,9.3,12.3
E08197,Rosa Torres,Estructuras de Datos,2026-1,86.2,3.7,62.1,1,12.9,15.8,15.8
E08198,María Vega,Base de Datos,2025-2,55.0,13.6,48.9,4,4.1,7.7,11.1
E08199,Paula Medina,Base de Datos,2025-2,76.1,2.5,82.0,3,12.3,16.1,13.9
E08200,Nicolás Alva,Redes de Computadoras,2025-2,67.8,0,72.7,5,17.2,12.2,17.8
E08201,Daniela Castillo,Redes de Computadoras,2026-1,98.3,8.2,46.8,3,10.8,9.6,6.4
E08202,Zoe Vega,Estructuras de Datos,2026-1,59.1,11.1,100,2,12.7,11.9,13.4
E08203,Camila Vargas,Lenguajes de Programación,2026-1,64.4,7.5,38.3,1,10.5,10.4,12.6
E08204,Alonso Huamán,Redes de Computadoras,2025-2,68.3,3.5,89.5,3,9.5,12.5,13.3
E08205,Gabriela Paredes,Base de Datos,2025-2,58.0,9.0,83.8,2,8.8,4.5,11.1
E08206,Mateo Cárdenas,Base de Datos,2025-2,73.7,9.4,61.3,5,13.4,10.7,8.2
E08207,Ana Mendoza,Estructuras de Datos,2026-1,72.4,11.8,53.6,5,11.1,11.2,6.1
E08208,Antonella Rodríguez,Redes de Computadoras,2026-1,41.1,5.2,54.7,1,14.1,15.6,14.0
E08209,Carlos Sánchez,Lenguajes de Programación,2025-2,61.6,3.6,71.6,4,9.4,6.8,14.0
E08210,María Cruz,Estructuras de Datos,2025-2,65.2,5.8,58.4,3,17.4,17.2,17.5
E08211,Milagros Reyes,Estructuras de Datos,2026-1,100,5.5,88.3,4,14.9,12.9,14.2
E08212,Alejandra Vega,Matemática Discreta,2025-2,70.8,10.4,82.8,1,10.5,6.8,14.5
E08213,Iván López,Matemática Discreta,2025-2,99.8,5.8,77.3,1,11.3,12.4,10.2
E08214,Ricardo Salazar,Matemática Discreta,2026-1,94.2,6.1,91.2,3,10.9,20,17.8
E08215,Manuel Reyes,Lenguajes de Programación,2025-2,57.0,8.4,86.0,2,10.1,8.0,13.7
E08216,Mateo Huamán,Matemática Discreta,2026-1,76.5,4.9,85.9,4,15.1,14.3,16.8
E08217,Sofía Cruz,Lenguajes de Programación,2026-1,52.0,5.5,84.2,3,12.6,14.3,13.7
E08218,Renata Salazar,Matemática Discreta,2026-1,86.1,4.7,55.1,3,12.3,12.4,9.8
E08219,Diego Huamán,Redes de Computadoras,2025-2,,3.9,68.3,4,15.8,13.5,13.1
E08220,Camila Paredes,Lenguajes de Programación,2026-1,60.3,9.1,53.5,2,16.4,17.3,19.8
E08221,Iván Aguilar,Lenguajes de Programación,2026-1,51.1,5.3,36.5,5,5.4,9.8,11.9
E08222,Andrés Ortiz,Matemática Discreta,2025-2,99.9,6.5,74.1,4,12.5,15.2,10.6
E08223,Adrián Paredes,Estructuras de Datos,2025-2,46.3,10.4,84.7,2,12.2,11.8,10.9
E08224,Zoe Alva,Lenguajes de Programación,2026-1,100,7.8,77.9,3,16.1,,18.0
E08225,Adrián Medina,Base de Datos,2026-1,88.7,5.0,71.1,5,15.4,15.6,13.1
E08226,Lucía Cabrera,Estructuras de Datos,2025-2,80.5,5.2,91.5,4,13.4,11.4,11.8
E08227,Luis Torres,Lenguajes de Programación,2025-2,76.4,10.5,71.8,3,13.0,7.9,19.0
E08228,Carlos Cárdenas,Redes de Computadoras,2025-2,65.3,0,73.3,2,10.4,11.8,7.6
E08229,Natalia López,Redes de Computadoras,2025-2,79.3,7.2,93.6,4,14.1,13.2,12.6
E08230,María Ramírez,Matemática Discreta,2026-1,76.1,3.8,60.3,5,14.6,18.1,12.1
E08231,Valentina Soto,Base de Datos,2025-2,54.7,5.6,70.2,3,9.7,17.2,8.0
E08232,Nicolás Mendoza,Base de Datos,2025-2,62.0,4.5,100,4,15.5,16.7,10.0
E08233,Alonso Castillo,Base de Datos,2025-2,47.4,6.7,86.5,4,8.3,8.9,13.0
E08234,Valentina Delgado,Estructuras de Datos,2026-1,96.1,2.0,41.9,3,14.7,15.9,19.5
E08235,Franco Chávez,Redes de Computadoras,2026-1,100,7.3,49.9,2,13.5,11.8,17.8
E08236,Mateo Delgado,Lenguajes de Programación,2026-1,76.0,8.5,97.3,3,10.2,15.2,14.3
E08237,Joaquín Flores,Redes de Computadoras,2025-2,49.4,5.3,91.2,3,11.5,8.4,8.0
E08238,Ricardo Rojas,Lenguajes de Programación,2025-2,51.9,7.8,95.0,1,11.9,10.9,13.1
E08239,Tomás Rodríguez,Lenguajes de Programación,2026-1,76.6,5.5,50.1,1,20,17.8,20
E08240,Fernanda Cruz,Redes de Computadoras,2026-1,97.0,13.9,64.4,3,12.8,11.0,12.8
E08241,Adrián Cárdenas,Estructuras de Datos,2026-1,77.8,12.0,48.4,4,12.0,11.7,10.6
E08242,Franco Ortiz,Lenguajes de Programación,2026-1,100,5.1,91.7,4,17.5,20,17.9
E08243,Franco Alva,Matemática Discreta,2025-2,,4.5,62.4,4,13.2,11.7,16.5
E08244,Fabián Vargas,Estructuras de Datos,2025-2,71.8,6.7,53.4,4,17.3,17.4,10.7
E08245,Zoe López,Estructuras de Datos,2026-1,61.7,5.7,96.3,1,16.0,14.7,14.6
E08246,Antonella García,Redes de Computadoras,2026-1,75.9,9.6,81.4,3,18.3,16.2,17.1
E08247,Valentina Quispe,Lenguajes de Programación,2025-2,63.5,9.0,68.4,3,18.9,17.3,19.1
E08248,Miguel Flores,Base de Datos,2025-2,100,6.9,92.6,5,6.9,11.6,12.2
E08249,Milagros Quispe,Base de Datos,2025-2,84.8,0,95.9,3,12.9,,11.4
E08250,Diego Aguilar,Estructuras de Datos,2026-1,87.7,13.9,83.4,2,5.5,7.8,1.8
E08251,Zoe Vega,Lenguajes de Programación,2025-2,74.3,11.0,78.8,4,14.8,12.8,14.7
E08252,Martina Palomino,Lenguajes de Programación,2026-1,62.7,5.6,78.9,3,15.9,16.3,16.3
E08253,Bruno García,Redes de Computadoras,2025-2,69.7,0,83.3,2,13.4,10.7,12.4
E08254,Luis Delgado,Lenguajes de Programación,2026-1,57.6,7.4,42.0,5,4.6,11.7,5.9
E08255,Lucía Castillo,Base de Datos,2026-1,80.1,7.7,75.9,4,12.6,12.6,11.6
E08256,Rodrigo Aguilar,Matemática Discreta,2025-2,78.4,12.9,94.2,3,18.9,20,20
E08257,Julio Gutiérrez,Redes de Computadoras,2026-1,92.7,1.6,59.3,5,6.0,9.0,6.2
E08258,Ricardo Gutiérrez,Base de Datos,2025-2,63.3,7.8,68.0,4,15.5,14.0,15.4
E08259,Gabriela Ramírez,Lenguajes de Programación,2026-1,70.4,6.5,61.0,3,15.3,10.6,11.4
E08260,Emilio Delgado,Base de Datos,2025-2,51.6,4.9,52.4,4,18.0,17.5,17.5
E08261,Rosa Salazar,Matemática Discreta,2025-2,62.9,2.4,75.7,2,15.0,15.8,17.7
E08262,Vicente Medina,Matemática Discreta,2026-1,72.3,9.4,80.8,4,17.6,15.8,15.3
E08263,María Alva,Base de Datos,2026-1,66.0,8.5,93.1,3,8.3,12.1,13.1
E08264,Fernanda Salazar,Base de Datos,2025-2,51.6,3.1,77.8,2,20,11.3,20
E08265,Paula Rivas,Lenguajes de Programación,2026-1,96.5,8.4,81.4,3,3.3,7.3,6.7
E08266,Valentina Aguilar,Lenguajes de Programación,2025-2,90.9,10.4,88.6,4,19.5,19.5,19.3
E08267,Franco Sánchez,Base de Datos,2026-1,59.6,11.4,64.4,1,14.4,12.8,14.7
E08268,Sofía Ponce,Redes de Computadoras,2026-1,80.0,7.9,91.7,3,8.4,9.8,11.3
E08269,Martina Herrera,Base de Datos,2025-2,89.8,1.9,100,4,20,15.2,19.0
E08270,Vicente Salazar,Base de Datos,2026-1,74.8,3.3,82.9,5,14.8,17.8,15.7
E08271,Mateo Herrera,Lenguajes de Programación,2025-2,77.4,3.2,83.5,3,2.0,8.3,9.8
E08272,Iván Chávez,Base de Datos,2026-1,75.4,6.1,93.9,4,8.3,7.0,9.6
E08273,Camila Aguilar,Redes de Computadoras,2025-2,85.6,6.8,80.3,4,15.7,12.7,14.1
E08274,Adrián Zapata,Estructuras de Datos,2025-2,50.5,13.1,43.5,4,11.4,7.0,9.9
E08275,Emilia Rodríguez,Lenguajes de Programación,2025-2,27.3,7.9,60.5,1,17.3,19.4,14.0
E08276,Bruno Gutiérrez,Redes de Computadoras,2025-2,94.3,14.8,57.3,3,5.1,14.4,9.8
E08277,Milagros Vargas,Matemática Discreta,2026-1,100,7.9,85.4,1,6.6,3.0,11.4
E08278,Natalia Reyes,Redes de Computadoras,2026-1,72.3,4.6,100,1,,17.4,15.3
E08279,Miguel Ramírez,Redes de Computadoras,2025-2,73.6,2.4,83.4,4,11.4,10.3,6.1
E08280,Estefanía Espinoza,Matemática Discreta,2025-2,100,7.0,96.1,2,14.4,14.2,10.9
E08281,Julio Salazar,Estructuras de Datos,2025-2,66.8,11.0,36.0,2,12.1,9.5,10.9
E08282,Ximena Rivas,Lenguajes de Programación,2026-1,60.6,6.2,93.3,5,8.0,6.2,9.9
E08283,Zoe Castillo,Matemática Discreta,2025-2,79.5,5.0,96.8,1,20,20,20
E08284,Jorge Paredes,Redes de Computadoras,2025-2,71.4,3.1,96.6,3,9.9,15.4,11.7
E08285,Manuel Alva,Lenguajes de Programación,2025-2,94.3,5.0,85.5,3,12.6,9.6,12.9
E08286,Mateo Aguilar,Matemática Discreta,2025-2,65.7,6.6,67.7,1,10.4,13.6,11.5
E08287,Manuel Paredes,Estructuras de Datos,2025-2,78.9,7.9,82.5,2,16.8,7.4,11.7
E08288,Luis Cabrera,Base de Datos,2025-2,89.5,6.9,74.0,5,19.2,,18.1
E08289,Ximena Aguilar,Lenguajes de Programación,2026-1,50.6,2.2,62.9,4,9.6,11.0,11.8
E08290,Zoe Pérez,Base de Datos,2025-2,81.8,3.1,64.1,2,17.7,15.2,18.4
E08291,Lucía Palomino,Lenguajes de Programación,2026-1,45.6,7.8,52.0,2,15.8,16.4,20
E08292,Andrés Salazar,Matemática Discreta,2026-1,56.4,2.1,76.7,2,17.1,13.9,16.9
E08293,Bruno Rivas,Estructuras de Datos,2026-1,99.2,10.8,69.3,4,16.7,13.8,20
E08294,Ximena Soto,Matemática Discreta,2025-2,67.7,5.1,57.7,2,7.7,13.4,12.9
E08295,Fabián Gutiérrez,Matemática Discreta,2025-2,80.6,4.1,66.8,3,12.0,11.3,11.3
E08296,Valeria Cárdenas,Estructuras de Datos,2026-1,90.9,2.1,68.7,4,8.0,6.7,9.2
E08297,Paula Torres,Estructuras de Datos,2026-1,98.2,5.3,85.9,4,12.3,12.0,16.1
E08298,Diego Soto,Matemática Discreta,2026-1,67.4,6.9,,3,13.9,17.7,15.6
E08299,Lucía Ponce,Redes de Computadoras,2026-1,81.2,5.6,60.0,2,13.0,17.0,18.9
E08300,Zoe Ortiz,Lenguajes de Programación,2026-1,50.4,5.6,74.7,4,16.9,19.1,20
E08301,Lucía López,Redes de Computadoras,2025-2,79.5,3.9,97.8,3,9.2,18.4,14.4
E08302,Daniela Castillo,Redes de Computadoras,2025-2,68.1,9.9,100,3,15.1,10.2,10.9
E08303,Zoe Gutiérrez,Estructuras de Datos,2026-1,81.0,5.4,82.5,4,8.7,9.0,12.1
E08304,Lucía Delgado,Redes de Computadoras,2025-2,59.8,7.2,52.2,3,8.3,7.9,10.1
E08305,Adrián Cárdenas,Redes de Computadoras,2026-1,78.7,1.8,94.3,2,11.8,3.7,4.0
E08306,Natalia Salazar,Base de Datos,2026-1,92.5,0,84.6,2,7.7,8.2,5.2
E08307,Sebastián Ortiz,Lenguajes de Programación,2025-2,78.1,7.1,72.2,2,17.6,12.0,14.6
E08308,Carlos Salazar,Matemática Discreta,2026-1,79.3,7.1,91.6,2,14.6,14.2,6.5
E08309,Carlos Huamán,Matemática Discreta,2025-2,64.4,3.7,100,3,20,13.6,12.0
E08310,Milagros Espinoza,Estructuras de Datos,2026-1,100,5.7,62.3,4,4.6,10.5,4.1
E08311,Sebastián Palomino,Base de Datos,2025-2,74.3,2.2,58.3,1,8.0,8.9,10.6
E08312,Ximena Castillo,Base de Datos,2025-2,89.9,1.9,88.5,5,14.4,14.9,14.6
E08313,Ana Quispe,Redes de Computadoras,2026-1,87.6,8.0,93.6,1,10.9,15.5,17.5
E08314,Gabriela Vega,Lenguajes de Programación,2025-2,64.5,2.6,60.7,2,17.7,15.1,16.1
E08315,Gabriela Huamán,Base de Datos,2026-1,47.4,2.2,78.9,3,,7.2,8.0
E08316,Franco Cárdenas,Estructuras de Datos,2025-2,62.4,0.2,88.7,3,13.6,14.3,10.9
E08317,Andrés Rivas,Lenguajes de Programación,2025-2,77.1,7.7,76.1,3,7.4,9.5,9.8
E08318,Carlos Reyes,Lenguajes de Programación,2025-2,100,5.3,93.7,2,10.2,7.8,9.4
E08319,Bruno Palomino,Redes de Computadoras,2025-2,60.6,2.0,74.9,3,0.8,8.2,6.0
E08320,Ana García,Lenguajes de Programación,2025-2,81.5,5.5,57.7,1,,15.0,16.0
E08321,Sofía Delgado,Base de Datos,2026-1,83.7,0.1,38.1,1,12.4,11.0,12.8
E08322,Zoe Vega,Base de Datos,2025-2,67.2,2.8,69.9,3,12.3,13.1,13.6
E08323,Vicente Medina,Redes de Computadoras,2026-1,77.2,9.8,60.1,2,12.6,18.2,12.5
E08324,Vicente Rojas,Redes de Computadoras,2025-2,45.2,3.7,89.0,4,14.9,8.7,9.6
E08325,Sebastián Castillo,Estructuras de Datos,2026-1,76.2,8.6,100,4,17.2,13.8,18.8
E08326,Andrés Sánchez,Estructuras de Datos,2025-2,80.1,7.1,80.1,3,,13.1,18.5
E08327,Antonella Paredes,Redes de Computadoras,2026-1,70.4,12.2,,4,8.4,10.7,4.4
E08328,Carlos Aguilar,Lenguajes de Programación,2025-2,67.0,12.4,74.3,3,5.7,9.5,9.2
E08329,Tomás Pérez,Lenguajes de Programación,2025-2,73.0,7.2,58.4,2,19.9,17.2,16.6
E08330,Franco Mamani,Lenguajes de Programación,2025-2,100,12.7,79.4,1,20,15.2,19.9
E08331,Franco Pérez,Redes de Computadoras,2025-2,81.9,5.4,79.2,2,8.5,6.0,3.6
E08332,Milagros Torres,Redes de Computadoras,2026-1,39.6,6.8,89.6,2,9.7,12.1,17.4
E08333,Franco Huamán,Base de Datos,2026-1,63.3,4.3,62.9,3,17.2,10.8,7.3
E08334,Tomás Paredes,Estructuras de Datos,2025-2,59.7,4.9,74.3,5,8.6,13.7,3.9
E08335,Isabela Quispe,Redes de Computadoras,2026-1,80.8,6.5,100,2,13.9,18.1,15.7
E08336,Emilio Rodríguez,Lenguajes de Programación,2025-2,90.0,6.9,71.2,1,17.1,15.8,18.3
E08337,Paula Mamani,Estructuras de Datos,2026-1,81.3,8.6,73.2,1,6.3,2.9,1.8
E08338,Daniela Rodríguez,Base de Datos,2025-2,96.2,3.1,76.7,3,14.4,11.8,14.5
E08339,Tomás Cárdenas,Estructuras de Datos,2025-2,49.8,10.5,56.4,3,5.5,9.3,8.6
E08340,Antonella Castillo,Matemática Discreta,2026-1,75.1,5.5,79.6,3,13.0,8.2,11.7
E08341,Ximena Pérez,Redes de Computadoras,2025-2,80.6,0,,4,6.4,4.6,5.1
E08342,Milagros Sánchez,Lenguajes de Programación,2026-1,76.2,8.2,54.2,3,4.8,6.6,10.4
E08343,Lucía Huamán,Estructuras de Datos,2026-1,100,8.9,54.1,2,20,20,17.6
E08344,Ana Vega,Base de Datos,2026-1,53.0,0,82.3,4,10.6,12.0,9.8
E08345,Rosa Pérez,Estructuras de Datos,2025-2,56.5,9.3,97.9,3,11.0,13.2,14.5
E08346,Zoe Huamán,Redes de Computadoras,2025-2,69.9,7.5,98.9,4,18.9,13.9,18.4
E08347,Julio Ramírez,Estructuras de Datos,2025-2,60.4,9.4,69.6,4,,11.4,8.8
E08348,Nicolás Alva,Base de Datos,2026-1,100,8.4,61.4,1,12.7,11.8,9.5
E08349,Jorge Vega,Estructuras de Datos,2025-2,86.2,8.3,86.6,2,10.7,9.1,9.1
E08350,Estefanía Cruz,Lenguajes de Programación,2026-1,87.4,1.7,66.6,5,13.1,16.0,11.1
E08351,Valeria Vega,Base de Datos,2025-2,44.5,7.8,85.0,1,16.5,15.6,16.7
E08352,Camila Torres,Redes de Computadoras,2025-2,76.1,1.5,81.5,3,10.7,14.3,15.6
E08353,Estefanía Torres,Matemática Discreta,2026-1,63.6,1.8,93.8,2,10.7,17.8,15.3
E08354,Milagros Salazar,Estructuras de Datos,2026-1,100,3.4,100,3,6.2,7.5,8.1
E08355,Iván Chávez,Redes de Computadoras,2026-1,56.3,3.1,35.6,1,14.6,15.0,12.5
E08356,Estefanía Cabrera,Redes de Computadoras,2026-1,49.9,7.3,83.0,3,7.8,11.7,14.9
E08357,Valeria Mamani,Lenguajes de Programación,2025-2,97.2,1.8,48.4,2,15.4,14.8,13.5
E08358,Paula Palomino,Redes de Computadoras,2026-1,80.7,4.2,61.1,3,20,18.7,20
E08359,Andrés Ortiz,Matemática Discreta,2026-1,76.7,4.9,100,4,14.5,10.7,10.1
E08360,Ximena Zapata,Base de Datos,2026-1,77.3,9.4,69.2,5,18.5,18.8,19.3
E08361,Sebastián Vargas,Redes de Computadoras,2025-2,50.7,1.0,88.6,2,18.4,15.0,19.7
E08362,Nicolás Reyes,Matemática Discreta,2026-1,81.1,7.7,31.1,4,8.0,10.8,6.5
E08363,Alejandra Torres,Estructuras de Datos,2026-1,53.3,4.0,86.8,2,17.0,19.0,11.7
E08364,Julio Soto,Estructuras de Datos,2026-1,83.5,3.2,77.9,4,12.0,14.1,15.3
E08365,Carlos Zapata,Redes de Computadoras,2026-1,68.0,3.5,78.7,4,17.1,17.9,16.5
E08366,Ximena Reyes,Estructuras de Datos,2025-2,59.9,4.7,100,4,10.5,13.4,8.7
E08367,Manuel Gutiérrez,Lenguajes de Programación,2025-2,62.0,10.7,82.1,4,7.5,10.1,9.6
E08368,Joaquín Espinoza,Base de Datos,2026-1,100,8.1,74.8,3,14.6,16.5,18.3
E08369,Antonella Vega,Estructuras de Datos,2025-2,91.0,9.3,57.3,4,20,16.8,16.1
E08370,Ana Rojas,Estructuras de Datos,2025-2,46.7,12.3,73.4,1,11.6,8.2,10.7
E08371,Valeria García,Matemática Discreta,2026-1,87.9,4.7,54.7,4,18.6,,15.8
E08372,María Mamani,Lenguajes de Programación,2025-2,51.7,0,86.0,3,7.5,4.8,4.7
E08373,Diego Mamani,Base de Datos,2026-1,65.8,1.5,70.0,4,18.1,14.2,10.6
E08374,Alonso Aguilar,Matemática Discreta,2026-1,83.1,0,85.5,2,8.7,12.5,14.0
E08375,Natalia Ortiz,Base de Datos,2025-2,75.0,8.9,54.2,3,8.4,10.7,6.4
E08376,Valentina López,Base de Datos,2025-2,94.5,5.3,70.8,3,12.6,9.9,16.7
E08377,Luis Alva,Lenguajes de Programación,2025-2,71.3,6.6,63.1,3,13.0,9.9,17.8
E08378,Camila Reyes,Matemática Discreta,2025-2,72.7,6.5,84.9,2,12.5,9.5,7.5
E08379,Paula Castillo,Base de Datos,2025-2,92.4,5.7,87.1,3,20,20,19.5
E08380,Renata Espinoza,Redes de Computadoras,2026-1,100,11.5,,4,12.5,13.8,7.5
E08381,Rodrigo Pérez,Base de Datos,2026-1,49.7,5.5,74.4,3,9.5,12.7,10.6
E08382,Joaquín Mendoza,Redes de Computadoras,2026-1,43.8,5.8,88.4,3,19.4,18.1,15.5
E08383,Ximena Castillo,Estructuras de Datos,2026-1,36.8,2.9,84.3,4,13.6,16.2,12.6
E08384,Iván Sánchez,Matemática Discreta,2025-2,74.8,10.4,54.1,5,14.6,20,15.6
E08385,Camila Mamani,Estructuras de Datos,2026-1,61.0,4.2,47.2,3,15.2,16.1,13.4
E08386,Julio García,Matemática Discreta,2025-2,64.6,7.7,89.8,4,,8.5,14.3
E08387,Julio Chávez,Estructuras de Datos,2025-2,98.5,4.8,63.7,2,11.9,11.7,9.7
E08388,Antonella Reyes,Estructuras de Datos,2026-1,61.3,4.2,74.7,1,6.5,9.9,6.9
E08389,Estefanía Espinoza,Lenguajes de Programación,2026-1,50.0,6.4,80.1,3,14.8,18.6,17.8
E08390,Manuel Alva,Lenguajes de Programación,2025-2,81.9,3.3,86.3,1,6.1,9.7,9.4
E08391,Valentina Salazar,Estructuras de Datos,2025-2,100,4.2,90.7,4,18.2,18.0,14.7
E08392,Isabela Flores,Base de Datos,2025-2,96.2,9.3,100,2,14.8,11.5,15.2
E08393,Alejandra Vargas,Estructuras de Datos,2025-2,49.3,12.2,41.6,3,14.8,14.6,15.6
E08394,Rodrigo Salazar,Lenguajes de Programación,2026-1,100,6.3,92.9,2,8.2,10.1,9.3
E08395,Antonella Cruz,Estructuras de Datos,2026-1,55.2,3.2,79.4,3,10.4,9.2,13.1
E08396,Adrián Sánchez,Lenguajes de Programación,2026-1,60.0,3.7,34.2,3,16.5,16.5,19.2
E08397,Alejandra Cárdenas,Estructuras de Datos,2026-1,63.7,10.5,94.0,1,7.6,11.4,9.6
E08398,Ximena Medina,Lenguajes de Programación,2026-1,82.9,9.6,59.3,4,12.3,13.0,11.5
E08399,Mateo Ramírez,Base de Datos,2026-1,71.3,8.6,85.4,3,11.4,8.5,12.3
E08400,Mateo Salazar,Base de Datos,2025-2,59.2,7.8,86.2,3,14.6,13.2,16.3
E08401,Emilia Cárdenas,Lenguajes de Programación,2025-2,70.7,7.3,76.4,3,16.3,12.5,13.0
E08402,Rodrigo Vega,Redes de Computadoras,2026-1,82.0,11.1,72.3,2,9.6,14.6,10.8
E08403,Julio Gutiérrez,Redes de Computadoras,2026-1,67.4,2.7,63.2,1,20.0,17.6,17.2
E08404,Estefanía Vega,Lenguajes de Programación,2025-2,61.2,9.6,44.2,2,14.4,18.3,11.6
E08405,Miguel Palomino,Lenguajes de Programación,2026-1,74.5,2.5,93.7,4,12.9,15.1,14.8
E08406,Manuel Mendoza,Matemática Discreta,2025-2,54.4,4.9,88.3,2,11.5,13.7,10.4
E08407,Antonella Medina,Base de Datos,2026-1,77.1,8.4,79.7,3,8.9,10.0,17.8
E08408,Franco Torres,Estructuras de Datos,2025-2,71.8,11.2,50.7,4,11.5,14.6,11.5
E08409,Luis Sánchez,Lenguajes de Programación,2026-1,41.1,4.1,100,3,14.0,10.7,11.9
E08410,Alonso Salazar,Lenguajes de Programación,2026-1,81.0,8.7,62.6,3,8.8,13.5,9.8
E08411,Andrés Soto,Lenguajes de Programación,2025-2,82.6,3.7,79.0,3,9.7,8.1,6.2
E08412,Antonella Aguilar,Lenguajes de Programación,2025-2,54.0,4.5,90.7,4,20,19.0,18.8
E08413,Milagros Ortiz,Matemática Discreta,2025-2,100,8.7,77.7,2,20,20,20
E08414,Adrián Pérez,Base de Datos,2026-1,69.8,3.8,82.7,1,10.5,7.5,4.8
E08415,Julio Torres,Estructuras de Datos,2025-2,71.6,4.9,94.8,4,17.7,17.3,12.0
E08416,Andrés Ramírez,Base de Datos,2025-2,89.8,6.2,89.9,3,16.2,13.5,13.9
E08417,Manuel Ponce,Redes de Computadoras,2026-1,62.5,7.7,84.4,2,8.5,11.7,11.2
E08418,Sebastián Torres,Matemática Discreta,2026-1,57.1,6.3,,3,11.4,7.1,7.5
E08419,Valeria Palomino,Base de Datos,2026-1,56.7,7.8,100,1,13.1,15.7,11.3
E08420,Rosa López,Base de Datos,2025-2,80.7,6.6,78.3,3,15.2,20,15.5
E08421,Milagros Torres,Estructuras de Datos,2025-2,57.1,12.0,77.9,3,10.4,15.0,10.6
E08422,Martina Chávez,Base de Datos,2025-2,65.9,6.6,47.7,5,10.0,12.1,10.9
E08423,Renata Torres,Matemática Discreta,2026-1,73.0,7.0,58.5,3,11.2,9.9,7.6
E08424,Bruno Castillo,Matemática Discreta,2025-2,63.7,5.4,83.8,2,8.7,10.9,10.6
E08425,Fabián Ponce,Matemática Discreta,2026-1,54.8,6.8,63.5,1,8.7,11.4,10.6
E08426,Rosa Soto,Matemática Discreta,2025-2,77.9,6.9,60.6,1,10.7,11.5,11.7
E08427,Miguel Herrera,Lenguajes de Programación,2025-2,82.8,10.9,84.1,1,8.4,9.7,15.1
E08428,Diego Alva,Estructuras de Datos,2026-1,91.8,8.8,81.9,3,13.4,7.3,3.3
E08429,Alonso Aguilar,Lenguajes de Programación,2025-2,89.7,3.9,69.2,2,3.5,4.0,4.7
E08430,Paula Soto,Base de Datos,2026-1,85.8,9.9,87.7,2,12.9,12.6,13.6
E08431,Diego Espinoza,Lenguajes de Programación,2026-1,53.5,16.2,100,1,16.9,11.5,20
E08432,Camila Paredes,Estructuras de Datos,2025-2,56.7,6.4,42.6,2,11.2,8.4,8.4
E08433,Sebastián Torres,Redes de Computadoras,2026-1,100,7.6,56.9,3,11.4,9.1,17.1
E08434,Carlos Chávez,Lenguajes de Programación,2025-2,56.9,9.9,79.4,2,14.1,18.3,19.2
E08435,Jorge Salazar,Redes de Computadoras,2026-1,55.3,7.3,74.5,2,12.7,16.7,16.3
E08436,Diego Rivas,Matemática Discreta,2026-1,52.2,10.9,64.7,4,5.5,4.9,5.3
E08437,Estefanía Quispe,Base de Datos,2026-1,100,5.4,71.4,1,14.8,14.4,12.2
E08438,Fernanda Torres,Matemática Discreta,2026-1,51.6,11.2,,2,15.3,18.1,17.1
E08439,Camila Flores,Redes de Computadoras,2026-1,95.6,0.8,68.0,3,12.0,10.6,9.0
E08440,Ana Torres,Lenguajes de Programación,2026-1,72.6,0,84.2,3,8.8,7.8,13.4
E08441,Emilia Delgado,Estructuras de Datos,2026-1,57.5,2.2,54.8,3,20,15.4,18.5
E08442,Estefanía Gutiérrez,Redes de Computadoras,2026-1,91.1,0.4,81.6,5,11.5,9.1,12.5
E08443,Isabela Herrera,Lenguajes de Programación,2026-1,90.5,5.1,68.7,5,18.8,20.0,16.0
E08444,María Quispe,Matemática Discreta,2025-2,54.2,8.8,63.7,5,16.3,14.3,12.2
E08445,Gabriela Rojas,Base de Datos,2026-1,85.1,5.1,66.9,3,7.1,14.6,17.9
E08446,Sofía Delgado,Base de Datos,2026-1,34.7,9.2,81.5,3,9.0,12.0,10.4
E08447,Natalia Rojas,Matemática Discreta,2026-1,48.5,12.4,100,4,9.1,10.5,15.9
E08448,Emilio Flores,Lenguajes de Programación,2025-2,72.0,3.8,76.5,4,15.7,14.3,15.3
E08449,Jorge Zapata,Lenguajes de Programación,2025-2,81.9,8.6,96.3,3,19.8,19.6,16.3
E08450,Luis Palomino,Base de Datos,2026-1,44.6,7.5,90.0,3,7.8,16.3,13.3
E08451,Adrián Ramírez,Redes de Computadoras,2026-1,81.2,6.6,100,1,15.1,19.0,20
E08452,Manuel Ortiz,Base de Datos,2026-1,65.0,9.2,95.7,3,12.1,13.2,9.8
E08453,Joaquín Chávez,Lenguajes de Programación,2025-2,70.8,5.8,86.2,3,6.4,1.8,7.7
E08454,Franco Mamani,Redes de Computadoras,2025-2,72.0,4.4,53.4,1,16.5,14.3,18.7
E08455,Mateo Huamán,Redes de Computadoras,2025-2,75.6,1.8,69.5,3,5.6,6.9,7.0
E08456,Martina Quispe,Estructuras de Datos,2026-1,66.7,1.3,66.7,5,9.5,4.9,13.3
E08457,Adrián Reyes,Base de Datos,2026-1,63.5,6.1,100,1,20,20,20
E08458,Julio Rivas,Redes de Computadoras,2026-1,100,3.8,64.2,3,13.8,19.1,17.6
E08459,Rodrigo Alva,Redes de Computadoras,2026-1,62.5,4.4,100,4,6.3,9.1,7.3
E08460,Fernanda Herrera,Matemática Discreta,2025-2,72.9,4.1,78.2,2,11.7,10.2,9.2
E08461,Ximena Delgado,Lenguajes de Programación,2025-2,78.3,6.7,85.3,3,6.3,11.7,9.8
E08462,Sebastián Mamani,Redes de Computadoras,2026-1,83.5,11.6,76.1,2,8.2,7.2,12.4
E08463,Julio Espinoza,Estructuras de Datos,2026-1,55.1,6.1,91.9,3,14.1,15.4,14.7
E08464,Miguel Cabrera,Base de Datos,2025-2,90.3,7.4,71.8,3,11.4,15.9,11.6
E08465,Martina Pérez,Base de Datos,2025-2,67.7,3.4,63.2,3,13.0,15.1,13.6
E08466,Emilio Vega,Base de Datos,2026-1,78.1,9.6,100,3,14.6,12.3,18.0
E08467,Tomás Cárdenas,Matemática Discreta,2026-1,81.2,10.5,47.8,4,16.1,,12.1
E08468,Natalia Cabrera,Lenguajes de Programación,2026-1,53.0,15.1,91.5,5,3.8,8.9,9.5
E08469,Isabela Torres,Estructuras de Datos,2025-2,78.4,0.9,59.4,5,13.0,16.2,12.8
E08470,Carlos López,Lenguajes de Programación,2026-1,73.4,0.0,83.7,2,11.3,10.3,10.3
E08471,Joaquín Aguilar,Redes de Computadoras,2025-2,74.0,2.0,51.7,3,18.1,14.9,11.4
E08472,Natalia Espinoza,Base de Datos,2025-2,75.6,7.0,71.0,3,11.3,14.5,15.9
E08473,Alejandra Castillo,Matemática Discreta,2026-1,86.3,6.6,78.9,3,11.7,6.6,15.3
E08474,Ricardo Ortiz,Redes de Computadoras,2025-2,94.8,8.8,52.1,4,12.2,17.7,16.0
E08475,Antonella López,Lenguajes de Programación,2026-1,95.1,9.1,81.0,4,20,20,20
E08476,Julio Mamani,Matemática Discreta,2026-1,47.6,6.3,83.1,3,13.5,13.1,20
E08477,Isabela Castillo,Estructuras de Datos,2025-2,46.1,4.4,85.1,2,2.3,8.7,7.5
E08478,Daniela Torres,Matemática Discreta,2025-2,51.6,6.3,69.0,2,8.0,6.7,12.1
E08479,Vicente Pérez,Lenguajes de Programación,2026-1,62.0,7.7,65.6,5,8.0,7.0,5.3
E08480,Paula Cárdenas,Base de Datos,2025-2,61.1,9.1,85.2,4,14.9,13.5,11.8
E08481,Renata Chávez,Redes de Computadoras,2026-1,78.9,4.8,80.2,2,13.7,15.4,19.0
E08482,Daniela Soto,Redes de Computadoras,2026-1,74.5,7.8,100,4,9.0,18.7,14.3
E08483,Milagros Paredes,Matemática Discreta,2025-2,54.0,3.3,75.5,4,18.2,10.4,14.2
E08484,Jorge Zapata,Redes de Computadoras,2025-2,97.1,5.6,24.6,2,10.6,,16.2
E08485,Mateo Vargas,Matemática Discreta,2025-2,76.3,3.4,70.3,4,20,20,15.3
E08486,Miguel Huamán,Lenguajes de Programación,2026-1,77.7,5.1,79.3,3,18.1,15.8,13.9
E08487,Iván Torres,Estructuras de Datos,2026-1,65.7,6.7,48.8,2,14.3,15.8,16.4
E08488,Lucía Medina,Matemática Discreta,2026-1,64.3,11.1,69.2,3,20,15.8,14.2
E08489,Nicolás Palomino,Estructuras de Datos,2026-1,90.1,8.6,76.7,4,11.0,18.1,6.8
E08490,Valentina Paredes,Lenguajes de Programación,2026-1,77.8,8.3,54.6,3,8.3,12.4,14.1
E08491,Alejandra Paredes,Base de Datos,2026-1,64.0,13.3,69.5,2,8.5,8.6,12.2
E08492,Alejandra Ponce,Lenguajes de Programación,2025-2,76.4,6.1,49.2,4,17.8,15.7,14.8
E08493,Milagros Reyes,Matemática Discreta,2025-2,58.7,8.8,73.1,3,17.1,13.2,16.5
E08494,Miguel Flores,Redes de Computadoras,2025-2,76.4,5.5,48.6,4,12.2,11.0,12.9
E08495,Mateo Cruz,Base de Datos,2025-2,46.8,10.9,81.2,4,11.4,17.4,18.0
E08496,Rosa Castillo,Redes de Computadoras,2026-1,67.3,7.0,61.0,2,14.8,13.7,14.9
E08497,Ricardo Herrera,Lenguajes de Programación,2026-1,87.9,0,85.2,4,10.6,11.9,13.5
E08498,Martina Palomino,Base de Datos,2025-2,44.5,6.6,78.8,1,14.5,10.6,10.5
E08499,Mateo Zapata,Base de Datos,2025-2,66.9,3.4,100,5,14.8,13.0,10.8
E08500,Fernanda Palomino,Base de Datos,2026-1,63.3,0,73.8,2,7.5,7.5,6.7
E08501,Fernanda Cabrera,Matemática Discreta,2026-1,74.0,11.1,74.0,3,11.8,11.6,10.8
E08502,Emilia Alva,Redes de Computadoras,2026-1,81.5,2.8,100,4,20,17.6,19.1
E08503,María Flores,Base de Datos,2025-2,74.2,2.1,97.5,1,11.7,9.9,11.8
E08504,Andrés Castillo,Base de Datos,2026-1,85.1,5.4,100,4,11.5,10.3,6.4
E08505,Ana Sánchez,Estructuras de Datos,2025-2,95.4,7.0,100,4,13.1,14.9,7.3
E08506,Gabriela García,Estructuras de Datos,2025-2,71.8,3.7,100,3,4.8,5.8,8.0
E08507,Mateo Zapata,Lenguajes de Programación,2026-1,65.3,2.2,40.0,3,9.1,9.8,10.3
E08508,Gabriela Pérez,Estructuras de Datos,2025-2,49.9,13.6,93.9,3,11.8,6.5,12.7
E08509,Andrés Cabrera,Estructuras de Datos,2026-1,90.3,6.1,100,4,14.1,9.1,9.6
E08510,Jorge Rojas,Lenguajes de Programación,2025-2,79.8,1.7,60.1,3,20,17.4,20
E08511,Diego Reyes,Matemática Discreta,2026-1,86.6,3.6,,3,20,17.2,18.7
E08512,Renata Vargas,Redes de Computadoras,2025-2,79.6,3.8,74.6,5,10.4,13.0,10.5
E08513,Ricardo Flores,Estructuras de Datos,2026-1,75.0,4.2,72.2,3,16.5,11.7,14.1
E08514,Milagros Zapata,Estructuras de Datos,2026-1,51.7,3.1,46.7,5,20,20,20
E08515,Sebastián Delgado,Base de Datos,2025-2,72.8,14.7,82.3,5,6.3,4.7,8.5
E08516,Camila Castillo,Base de Datos,2025-2,100,8.5,59.6,1,7.7,13.7,13.7
E08517,Iván Alva,Base de Datos,2025-2,66.0,6.0,90.0,4,10.9,17.6,18.6
E08518,Ricardo Cárdenas,Lenguajes de Programación,2025-2,85.3,5.9,82.6,2,11.6,10.6,11.9
E08519,Camila Zapata,Base de Datos,2026-1,77.8,2.1,89.7,2,20,13.5,19.0
E08520,Ximena Delgado,Estructuras de Datos,2025-2,100,7.9,53.7,2,15.8,13.4,16.1
E08521,Camila Cruz,Base de Datos,2025-2,77.3,7.6,94.9,3,14.5,17.7,9.9
E08522,Mateo Castillo,Redes de Computadoras,2026-1,89.8,14.0,89.9,2,18.9,14.8,16.9
E08523,Milagros Rojas,Lenguajes de Programación,2026-1,56.1,2.3,88.8,5,11.6,10.6,10.1
E08524,Emilia Flores,Base de Datos,2026-1,80.4,8.0,34.5,3,10.6,12.6,12.2
E08525,Gabriela Vargas,Lenguajes de Programación,2025-2,85.7,8.6,34.3,4,9.8,13.4,9.2
E08526,Estefanía Cárdenas,Lenguajes de Programación,2025-2,61.8,6.2,51.8,3,7.4,6.7,7.9
E08527,Sebastián Medina,Matemática Discreta,2026-1,33.0,6.1,82.7,4,7.6,11.3,3.9
E08528,Vicente Reyes,Estructuras de Datos,2025-2,84.0,3.4,81.5,4,16.7,11.1,15.9
E08529,Adrián Zapata,Matemática Discreta,2025-2,57.9,6.1,56.5,3,10.5,6.0,8.7
E08530,Mateo Torres,Redes de Computadoras,2026-1,86.2,7.3,78.6,3,9.7,12.0,11.1
E08531,Andrés Aguilar,Estructuras de Datos,2026-1,69.6,4.6,80.4,3,10.6,12.4,9.8
E08532,Estefanía Huamán,Matemática Discreta,2026-1,77.4,5.7,85.8,2,15.8,8.9,11.2
E08533,Emilia Cruz,Matemática Discreta,2025-2,100,0,64.1,5,9.6,13.6,13.5
E08534,María Herrera,Redes de Computadoras,2025-2,43.7,1.1,71.3,3,12.0,12.9,10.1
E08535,Fernanda Ortiz,Lenguajes de Programación,2026-1,84.2,9.9,73.5,3,7.2,11.9,8.4
E08536,Daniela Salazar,Redes de Computadoras,2025-2,68.4,6.0,80.2,1,10.7,6.7,15.0
E08537,Julio Castillo,Redes de Computadoras,2026-1,100,3.2,57.9,4,13.5,15.1,17.4
E08538,Renata Alva,Lenguajes de Programación,2025-2,45.2,5.8,69.9,4,11.6,8.7,8.0
E08539,Lucía Sánchez,Redes de Computadoras,2025-2,60.7,4.7,65.5,3,14.4,14.9,15.5
E08540,Martina Mamani,Lenguajes de Programación,2025-2,69.7,5.4,63.2,3,11.7,11.7,11.7
E08541,Andrés Espinoza,Lenguajes de Programación,2026-1,65.5,7.7,51.4,3,13.4,12.2,12.5
E08542,Gabriela Vargas,Matemática Discreta,2025-2,77.0,9.4,57.1,2,12.6,10.3,13.1
E08543,Zoe Palomino,Lenguajes de Programación,2025-2,51.2,6.3,65.5,3,11.5,9.5,13.0
E08544,Fabián Herrera,Lenguajes de Programación,2026-1,82.3,0.3,78.1,3,15.1,16.6,18.9
E08545,Milagros Rodríguez,Estructuras de Datos,2026-1,80.0,0,72.5,3,14.8,13.8,14.2
E08546,Isabela Torres,Estructuras de Datos,2026-1,62.4,7.7,71.1,3,12.4,17.4,11.6
E08547,Sofía Cruz,Redes de Computadoras,2025-2,62.1,1.9,84.3,4,13.6,9.6,10.7
E08548,Martina Ortiz,Base de Datos,2026-1,69.5,4.8,,4,11.2,12.6,11.2
E08549,Alejandra Castillo,Redes de Computadoras,2026-1,68.7,6.3,63.1,3,20,19.5,20
E08550,Zoe Medina,Matemática Discreta,2025-2,62.5,8.8,80.0,4,15.0,17.1,13.5
E08551,Jorge Herrera,Lenguajes de Programación,2025-2,73.1,9.8,51.9,5,6.9,10.4,9.8
E08552,Iván Torres,Base de Datos,2025-2,72.1,0,70.4,3,8.8,11.8,11.5
E08553,Isabela Rivas,Matemática Discreta,2025-2,53.2,2.2,48.9,1,16.0,11.2,13.7
E08554,Fernanda Cruz,Matemática Discreta,2025-2,98.9,5.5,36.4,1,13.0,16.7,16.3
E08555,Lucía Flores,Matemática Discreta,2026-1,76.6,4.1,81.8,3,9.9,12.7,12.2
E08556,Emilia Zapata,Matemática Discreta,2026-1,74.2,7.1,78.8,4,17.1,17.3,17.6
E08557,Mateo Pérez,Matemática Discreta,2026-1,94.4,9.1,36.0,2,5.7,8.2,10.0
E08558,Fabián Cárdenas,Matemática Discreta,2026-1,66.5,8.8,70.6,2,12.7,15.6,9.4
E08559,Julio Reyes,Lenguajes de Programación,2025-2,83.4,6.2,74.5,5,11.6,9.6,8.2
E08560,Diego Ponce,Redes de Computadoras,2026-1,93.4,6.6,42.1,3,9.8,17.8,13.8
E08561,Rosa Ponce,Matemática Discreta,2025-2,36.0,6.7,63.2,2,16.9,20.0,20
E08562,Alonso Palomino,Matemática Discreta,2026-1,77.3,6.1,83.9,3,20,19.7,20
E08563,Milagros Flores,Lenguajes de Programación,2026-1,40.8,6.7,64.6,1,14.8,13.6,9.0
E08564,Franco Rodríguez,Lenguajes de Programación,2025-2,56.1,7.1,59.8,3,11.0,12.3,6.8
E08565,Adrián Medina,Matemática Discreta,2025-2,90.6,11.8,74.1,4,13.5,13.8,15.3
E08566,Jorge Rojas,Lenguajes de Programación,2025-2,82.2,3.1,63.6,3,,20,20
E08567,Alonso Mendoza,Matemática Discreta,2025-2,96.0,7.2,100,1,7.6,12.1,4.9
E08568,Fernanda Pérez,Lenguajes de Programación,2026-1,49.0,9.9,96.8,2,9.5,5.8,7.8
E08569,Daniela Zapata,Estructuras de Datos,2026-1,90.3,5.4,71.1,3,16.9,13.7,16.9
E08570,Jorge Herrera,Estructuras de Datos,2026-1,97.2,3.3,83.0,2,10.8,14.1,18.1
E08571,Paula Ramírez,Lenguajes de Programación,2025-2,90.7,6.6,67.2,2,15.3,10.7,10.5
E08572,Zoe Cruz,Base de Datos,2026-1,89.9,10.4,67.4,4,11.6,10.9,9.7
E08573,Sebastián Palomino,Base de Datos,2025-2,100,6.1,74.1,4,18.7,15.3,18.5
E08574,Sebastián Torres,Estructuras de Datos,2026-1,81.1,8.3,65.5,4,13.6,16.1,9.4
E08575,Emilio Espinoza,Lenguajes de Programación,2026-1,67.9,2.5,78.7,4,0,9.0,10.2
E08576,Valeria Palomino,Matemática Discreta,2026-1,74.3,8.8,90.9,5,15.4,10.6,10.6
E08577,Daniela Vega,Estructuras de Datos,2026-1,43.7,12.0,73.6,3,10.8,11.4,15.3
E08578,Estefanía Cárdenas,Matemática Discreta,2025-2,51.1,4.2,54.8,3,9.5,10.1,18.2
E08579,Estefanía Palomino,Estructuras de Datos,2025-2,72.0,9.2,97.0,5,10.4,12.1,10.7
E08580,Zoe Vega,Lenguajes de Programación,2025-2,87.9,2.9,100,5,14.0,14.8,17.2
E08581,Renata Reyes,Lenguajes de Programación,2025-2,54.1,12.2,76.4,5,11.7,16.6,19.4
E08582,María Vega,Redes de Computadoras,2026-1,44.3,1.2,89.5,4,,10.8,13.5
E08583,Emilio Chávez,Matemática Discreta,2025-2,88.4,0,95.2,3,12.6,15.7,14.4
E08584,Sofía Quispe,Lenguajes de Programación,2026-1,80.9,7.1,77.4,4,10.5,9.8,13.7
E08585,Valentina Palomino,Estructuras de Datos,2026-1,68.5,4.8,43.3,2,7.9,17.7,13.1
E08586,Daniela Aguilar,Estructuras de Datos,2025-2,79.0,9.2,70.6,2,17.0,20,11.5
E08587,Manuel Soto,Estructuras de Datos,2026-1,69.7,9.9,51.9,2,17.4,11.2,15.4
E08588,Vicente Soto,Redes de Computadoras,2026-1,60.8,2.7,35.9,1,20,14.6,16.6
E08589,Lucía Quispe,Base de Datos,2026-1,86.2,1.6,61.8,1,8.0,10.8,9.1
E08590,Natalia Aguilar,Matemática Discreta,2025-2,48.7,10.1,59.3,3,11.1,13.9,13.9
E08591,Fabián Ortiz,Base de Datos,2025-2,69.8,2.6,70.5,2,11.0,9.4,6.6
E08592,Emilia García,Redes de Computadoras,2025-2,99.6,13.7,71.7,4,11.7,15.3,12.4
E08593,Adrián Cabrera,Estructuras de Datos,2026-1,71.3,2.9,84.9,3,10.0,11.2,11.0
E08594,Nicolás Torres,Redes de Computadoras,2025-2,61.6,6.3,65.1,4,11.7,13.3,16.0
E08595,Iván Huamán,Estructuras de Datos,2025-2,50.9,6.0,99.8,4,16.5,17.9,13.5
E08596,Milagros Mamani,Base de Datos,2026-1,65.0,7.4,62.6,4,16.7,18.9,19.5
E08597,Isabela García,Base de Datos,2026-1,70.5,6.6,91.3,2,9.7,12.3,9.9
E08598,Antonella Herrera,Estructuras de Datos,2026-1,,5.4,77.6,3,9.5,10.8,6.8
E08599,Tomás Chávez,Estructuras de Datos,2025-2,60.3,0.9,100,3,15.7,12.8,20
E08600,María Cabrera,Estructuras de Datos,2026-1,69.0,11.4,69.4,3,20,15.9,14.7
E08601,Ximena López,Redes de Computadoras,2026-1,77.0,8.3,78.7,2,2.1,6.8,11.0
E08602,Valentina Delgado,Lenguajes de Programación,2025-2,100,1.6,100,3,19.0,18.2,14.7
E08603,Manuel Delgado,Lenguajes de Programación,2026-1,84.3,10.9,66.5,4,17.8,13.5,18.0
E08604,Estefanía Castillo,Base de Datos,2025-2,53.5,2.7,63.5,3,10.7,14.0,14.0
E08605,Alejandra Ramírez,Base de Datos,2025-2,75.5,4.9,77.5,2,15.2,17.7,16.2
E08606,Estefanía Torres,Lenguajes de Programación,2025-2,77.1,0,60.7,2,15.8,13.5,14.0
E08607,Iván Cruz,Lenguajes de Programación,2025-2,64.3,9.0,76.5,4,7.3,11.7,10.3
E08608,Miguel Reyes,Lenguajes de Programación,2025-2,71.2,7.7,67.5,4,11.5,15.5,15.5
E08609,Emilio Gutiérrez,Redes de Computadoras,2026-1,61.6,5.0,74.2,4,19.1,17.3,20
E08610,Fabián Cruz,Matemática Discreta,2026-1,62.5,7.4,100,2,13.2,11.3,16.2
E08611,Emilio Ramírez,Base de Datos,2025-2,43.2,1.9,78.4,4,12.3,8.9,9.3
E08612,Julio Sánchez,Estructuras de Datos,2025-2,68.9,5.7,79.3,1,15.4,13.6,15.2
E08613,Alonso Cárdenas,Lenguajes de Programación,2026-1,61.8,2.6,72.8,4,9.1,11.3,15.5
E08614,Bruno Delgado,Redes de Computadoras,2026-1,71.5,2.3,83.5,3,16.3,14.2,14.1
E08615,Bruno Herrera,Base de Datos,2026-1,67.8,5.4,69.9,4,12.8,12.7,17.0
E08616,Ximena Espinoza,Base de Datos,2026-1,93.8,2.8,76.2,3,14.2,13.3,10.7
E08617,Carlos Reyes,Matemática Discreta,2025-2,84.0,0.4,60.8,2,13.3,14.6,18.2
E08618,Manuel Chávez,Estructuras de Datos,2025-2,47.9,6.2,72.9,3,12.7,15.1,17.1
E08619,Rosa Delgado,Matemática Discreta,2025-2,50.8,7.6,84.5,1,13.4,12.8,12.7
E08620,Nicolás Sánchez,Redes de Computadoras,2026-1,63.2,7.4,68.1,4,15.3,14.9,11.4
E08621,Vicente Cruz,Base de Datos,2026-1,,12.5,70.6,3,13.8,7.1,11.0
E08622,Carlos Pérez,Estructuras de Datos,2026-1,77.7,5.0,61.5,3,12.8,7.0,10.5
E08623,Milagros Zapata,Lenguajes de Programación,2026-1,50.9,3.1,75.6,1,13.4,12.1,9.5
E08624,Fabián Medina,Lenguajes de Programación,2025-2,100,3.9,83.7,4,10.1,16.2,20
E08625,Rodrigo Aguilar,Base de Datos,2026-1,82.5,6.1,79.7,2,9.9,13.5,9.4
E08626,Sebastián López,Redes de Computadoras,2025-2,45.1,2.0,57.0,3,12.4,12.5,16.6
E08627,Lucía Herrera,Estructuras de Datos,2025-2,80.4,1.0,87.8,4,0.5,0.8,2.9
E08628,Alejandra Aguilar,Matemática Discreta,2025-2,92.5,9.6,55.6,3,11.9,10.9,14.0
E08629,Natalia Delgado,Base de Datos,2026-1,31.4,3.2,65.9,3,10.0,8.4,5.8
E08630,Luis Quispe,Lenguajes de Programación,2026-1,88.7,6.7,57.0,3,17.9,19.4,13.7
E08631,Daniela Cruz,Estructuras de Datos,2026-1,57.2,1.8,58.6,4,14.6,15.2,20
E08632,Rodrigo Sánchez,Base de Datos,2026-1,72.4,5.8,29.0,2,9.0,10.5,12.4
E08633,Bruno Ortiz,Lenguajes de Programación,2026-1,60.1,0,77.7,3,20,,19.5
E08634,Isabela Palomino,Redes de Computadoras,2026-1,74.7,2.9,,3,9.1,6.0,10.5
E08635,Zoe Cruz,Estructuras de Datos,2025-2,90.6,9.3,100,3,13.1,13.7,11.7
E08636,Sofía Medina,Estructuras de Datos,2026-1,,4.1,61.5,1,15.5,14.2,14.7
E08637,Isabela Flores,Lenguajes de Programación,2025-2,92.8,5.4,68.7,1,12.1,19.1,17.6
E08638,Iván López,Estructuras de Datos,2026-1,64.8,7.6,89.2,4,15.9,14.5,16.8
E08639,Fernanda Ortiz,Matemática Discreta,2026-1,65.0,7.3,66.9,2,12.2,13.8,11.8
E08640,Luis Palomino,Matemática Discreta,2025-2,84.6,10.2,50.0,5,5.8,15.6,9.0
E08641,Carlos Herrera,Matemática Discreta,2025-2,77.0,8.9,54.3,1,13.0,11.1,9.5
E08642,Ximena Mendoza,Estructuras de Datos,2025-2,76.5,0,79.7,3,4.2,15.2,7.8
E08643,Joaquín Mendoza,Estructuras de Datos,2026-1,95.5,0.0,71.1,1,8.7,16.3,12.4
E08644,María López,Redes de Computadoras,2025-2,100,9.9,87.1,5,13.5,17.2,19.4
E08645,Milagros Ramírez,Matemática Discreta,2026-1,100,6.6,61.7,3,17.1,15.7,9.5
E08646,Fabián Sánchez,Estructuras de Datos,2025-2,58.7,6.0,76.4,2,12.4,14.8,9.9
E08647,Andrés Medina,Base de Datos,2025-2,44.5,9.4,98.0,2,15.7,18.7,18.5
E08648,Paula Medina,Redes de Computadoras,2025-2,65.0,3.8,100,1,11.6,12.0,15.0
E08649,Daniela Zapata,Lenguajes de Programación,2025-2,62.6,1.1,78.7,1,12.2,13.4,15.1
E08650,Emilia Zapata,Redes de Computadoras,2026-1,28.7,0.7,59.0,5,16.6,8.1,14.1
E08651,Bruno Pérez,Lenguajes de Programación,2026-1,82.4,7.3,72.3,3,11.9,9.6,5.6
E08652,Antonella Flores,Redes de Computadoras,2026-1,81.1,13.4,61.7,1,14.9,13.2,16.1
E08653,Franco López,Lenguajes de Programación,2026-1,62.3,0.7,46.1,4,13.5,17.7,16.3
E08654,Gabriela Pérez,Matemática Discreta,2026-1,85.9,4.6,97.1,4,10.1,4.7,7.5
E08655,Ana Medina,Matemática Discreta,2025-2,61.0,8.1,85.6,3,12.6,15.8,12.9
E08656,Emilio García,Redes de Computadoras,2025-2,70.6,8.3,93.1,1,13.8,17.1,17.9
E08657,Miguel Huamán,Estructuras de Datos,2026-1,63.7,5.8,69.5,2,11.3,9.4,15.6
E08658,Diego Huamán,Redes de Computadoras,2026-1,63.1,9.2,89.2,4,13.1,,20
E08659,Ximena Flores,Lenguajes de Programación,2026-1,55.8,7.5,50.5,3,13.3,14.2,11.4
E08660,Alonso Vega,Lenguajes de Programación,2026-1,83.2,7.1,67.0,4,20,17.2,18.8
E08661,Emilio Castillo,Estructuras de Datos,2025-2,90.7,3.8,92.8,3,15.8,17.0,16.2
E08662,Sofía Palomino,Base de Datos,2026-1,69.2,7.1,47.8,3,11.1,8.9,11.2
E08663,Rodrigo Ortiz,Lenguajes de Programación,2025-2,63.4,3.3,89.8,4,16.8,10.7,13.0
E08664,Alonso Huamán,Lenguajes de Programación,2025-2,69.6,8.1,59.5,2,17.7,15.8,14.1
E08665,Zoe Espinoza,Lenguajes de Programación,2026-1,70.8,5.3,57.2,3,15.9,15.3,16.9
E08666,Ricardo Vargas,Estructuras de Datos,2026-1,88.3,2.9,100,2,8.9,9.7,10.7
E08667,Carlos Rivas,Matemática Discreta,2025-2,86.0,5.0,66.8,4,20,18.4,19.5
E08668,Isabela López,Base de Datos,2026-1,90.1,5.1,83.1,3,14.6,7.0,10.3
E08669,Fabián Rodríguez,Estructuras de Datos,2025-2,89.9,8.7,100,2,15.1,11.1,16.1
E08670,Diego Vargas,Estructuras de Datos,2025-2,65.0,2.2,73.3,3,14.1,11.8,18.2
E08671,Andrés Sánchez,Base de Datos,2025-2,68.7,9.3,73.6,4,9.2,5.9,7.6
E08672,Zoe Torres,Matemática Discreta,2025-2,69.9,10.1,57.9,3,19.3,20,18.0
E08673,Gabriela Rivas,Base de Datos,2026-1,60.8,3.0,85.7,3,5.8,5.1,8.3
E08674,Julio García,Lenguajes de Programación,2025-2,62.4,16.9,66.3,3,10.3,9.0,11.5
E08675,Nicolás Herrera,Lenguajes de Programación,2025-2,93.1,7.0,83.1,5,13.3,16.5,16.8
E08676,Ricardo Flores,Base de Datos,2025-2,54.9,13.2,93.0,4,7.7,3.1,7.4
E08677,Andrés Ponce,Matemática Discreta,2026-1,70.2,4.3,88.6,3,6.1,5.5,6.5
E08678,Sebastián García,Redes de Computadoras,2025-2,,9.6,91.1,4,10.7,12.6,13.3
E08679,Julio Soto,Matemática Discreta,2025-2,67.9,5.4,87.7,5,9.9,10.4,7.2
E08680,Carlos Medina,Redes de Computadoras,2026-1,87.3,6.4,58.1,3,13.1,14.4,9.1
E08681,Daniela Sánchez,Redes de Computadoras,2026-1,59.6,2.7,89.3,4,13.3,17.2,13.6
E08682,Manuel López,Estructuras de Datos,2025-2,80.2,5.4,61.5,3,6.5,8.8,5.4
E08683,Martina Vargas,Estructuras de Datos,2026-1,74.7,12.9,100,3,16.2,13.7,15.7
E08684,Adrián Huamán,Base de Datos,2026-1,100,8.7,65.9,3,15.2,7.9,14.5
E08685,María Quispe,Matemática Discreta,2025-2,42.6,4.2,77.1,1,11.6,13.2,15.1
E08686,Emilio Huamán,Redes de Computadoras,2025-2,53.3,7.4,88.4,5,14.6,17.8,15.6
E08687,Milagros García,Estructuras de Datos,2026-1,56.5,7.0,46.5,2,19.7,20.0,18.7
E08688,Camila Ortiz,Redes de Computadoras,2025-2,73.7,4.2,100,2,20.0,13.2,18.7
E08689,Fernanda Ortiz,Lenguajes de Programación,2026-1,70.4,9.0,62.7,2,11.7,8.1,7.1
E08690,Natalia Rivas,Base de Datos,2025-2,68.8,5.8,75.7,3,18.8,16.9,15.7
E08691,Bruno Huamán,Redes de Computadoras,2025-2,58.8,9.6,69.2,2,10.5,15.4,11.7
E08692,Daniela Quispe,Lenguajes de Programación,2026-1,50.2,0.6,65.3,3,10.6,9.0,9.5
E08693,Valentina Ortiz,Base de Datos,2026-1,94.1,7.2,66.7,5,12.8,8.5,11.5
E08694,Bruno Paredes,Lenguajes de Programación,2025-2,100,4.5,57.4,4,14.9,12.3,15.4
E08695,Ana Quispe,Redes de Computadoras,2026-1,57.6,2.0,83.6,4,9.4,12.1,8.8
E08696,Ricardo Sánchez,Lenguajes de Programación,2025-2,75.1,9.9,92.4,2,7.1,12.0,14.5
E08697,Manuel Flores,Base de Datos,2025-2,95.1,1.8,83.9,5,11.8,14.9,13.7
E08698,Rodrigo Gutiérrez,Base de Datos,2025-2,81.2,5.6,76.9,5,13.1,16.6,11.3
E08699,Estefanía Ortiz,Lenguajes de Programación,2026-1,72.9,9.5,69.4,5,17.1,12.0,10.0
E08700,Lucía Zapata,Lenguajes de Programación,2026-1,71.9,4.7,56.3,3,11.0,,11.8
E08701,Franco Soto,Lenguajes de Programación,2025-2,65.4,10.6,81.9,2,13.2,12.9,16.7
E08702,Ximena Soto,Matemática Discreta,2026-1,100,4.9,91.2,2,18.3,14.3,14.2
E08703,Zoe Castillo,Lenguajes de Programación,2026-1,58.7,4.5,62.2,3,14.8,10.6,17.1
E08704,Diego Ponce,Redes de Computadoras,2025-2,54.4,4.1,100,3,11.3,8.6,7.5
E08705,Franco Sánchez,Estructuras de Datos,2025-2,52.8,3.8,73.4,1,11.4,8.3,10.8
E08706,Valeria Ramírez,Redes de Computadoras,2025-2,88.0,2.6,,4,12.4,10.3,9.9
E08707,Valeria López,Redes de Computadoras,2026-1,69.5,3.9,75.2,5,15.0,13.1,14.9
E08708,Fernanda Ramírez,Lenguajes de Programación,2025-2,45.6,1.9,100,1,10.3,11.4,13.4
E08709,Mateo Quispe,Lenguajes de Programación,2025-2,80.3,0,57.1,3,8.5,5.5,7.2
E08710,Fabián Zapata,Redes de Computadoras,2026-1,73.0,8.3,90.9,2,7.3,13.1,8.9
E08711,Tomás Vega,Estructuras de Datos,2025-2,99.0,0.6,73.6,4,,10.6,15.2
E08712,Valeria Castillo,Redes de Computadoras,2026-1,73.1,4.3,70.6,4,11.9,20,13.8
E08713,Valentina Palomino,Matemática Discreta,2026-1,70.4,8.7,71.4,4,14.4,14.3,12.5
E08714,Sofía Gutiérrez,Estructuras de Datos,2025-2,60.9,3.0,61.2,4,6.9,9.3,13.4
E08715,Martina Torres,Redes de Computadoras,2025-2,70.6,7.4,69.4,2,7.0,12.4,11.8
E08716,Manuel Cruz,Lenguajes de Programación,2026-1,93.9,9.1,76.2,4,17.4,15.7,11.8
E08717,Emilio Alva,Base de Datos,2025-2,36.6,7.9,100,1,12.3,14.8,11.1
E08718,Carlos Rivas,Redes de Computadoras,2026-1,83.9,9.9,65.3,2,20,16.6,17.9
E08719,Emilio Rivas,Lenguajes de Programación,2025-2,48.7,9.2,,1,12.8,10.1,8.4
E08720,Emilio Mendoza,Matemática Discreta,2026-1,68.1,2.3,83.8,3,15.1,11.7,15.6
E08721,Estefanía Palomino,Base de Datos,2025-2,75.7,1.4,73.3,2,12.3,14.6,15.5
E08722,Alonso Vega,Lenguajes de Programación,2025-2,,9.8,60.3,3,9.9,10.3,9.6
E08723,Camila Palomino,Estructuras de Datos,2026-1,81.7,4.6,99.5,3,9.5,13.3,12.3
E08724,Emilio Rojas,Lenguajes de Programación,2026-1,69.7,11.2,57.6,3,18.1,15.3,20
E08725,Fernanda Ortiz,Estructuras de Datos,2026-1,72.5,4.8,61.8,1,8.9,6.3,9.0
E08726,Renata Ramírez,Matemática Discreta,2025-2,75.2,7.0,79.7,2,11.4,9.4,12.9
E08727,Iván Salazar,Base de Datos,2025-2,87.8,0.2,91.5,3,14.0,12.0,12.0
E08728,Joaquín Espinoza,Estructuras de Datos,2026-1,68.4,11.4,58.1,4,18.5,20,13.6
E08729,Manuel Rivas,Redes de Computadoras,2026-1,95.5,11.5,100,4,9.1,12.0,14.9
E08730,Isabela Pérez,Redes de Computadoras,2026-1,87.1,8.2,100,1,12.8,10.6,12.1
E08731,Zoe Flores,Matemática Discreta,2025-2,94.2,3.7,63.9,4,18.4,16.9,20
E08732,Vicente Gutiérrez,Base de Datos,2026-1,73.2,8.5,65.6,3,9.0,11.2,16.5
E08733,Alejandra Herrera,Base de Datos,2025-2,90.3,3.8,100,5,17.6,16.7,17.9
E08734,Carlos Espinoza,Base de Datos,2026-1,58.6,12.7,83.4,3,12.8,11.1,17.5
E08735,Manuel Medina,Estructuras de Datos,2025-2,78.9,9.6,98.9,3,11.5,8.7,11.3
E08736,Carlos Pérez,Estructuras de Datos,2025-2,97.2,0.4,57.3,2,20,19.3,20
E08737,Manuel Rodríguez,Matemática Discreta,2026-1,60.9,4.7,59.2,2,3.5,9.7,7.1
E08738,Carlos Reyes,Redes de Computadoras,2026-1,77.3,3.6,83.6,2,13.7,7.4,10.3
E08739,Zoe Castillo,Estructuras de Datos,2025-2,59.0,5.0,66.1,3,10.3,13.1,13.2
E08740,Julio Ramírez,Matemática Discreta,2026-1,77.7,14.0,54.2,2,18.8,18.3,16.6
E08741,Renata Castillo,Base de Datos,2026-1,66.8,1.1,55.0,1,7.9,10.5,13.9
E08742,Isabela Palomino,Matemática Discreta,2025-2,96.8,11.9,64.0,2,5.6,10.6,10.8
E08743,Luis Salazar,Estructuras de Datos,2026-1,70.6,0.3,85.5,3,17.0,18.7,15.3
E08744,Mateo Salazar,Redes de Computadoras,2025-2,51.4,15.0,94.3,2,9.6,11.5,7.2
E08745,Mateo Herrera,Estructuras de Datos,2026-1,100,3.4,60.9,3,9.1,9.2,7.3
E08746,Milagros Rodríguez,Matemática Discreta,2026-1,78.1,8.8,79.0,2,15.2,20,20
E08747,Iván Ponce,Base de Datos,2025-2,50.3,10.6,86.3,3,16.1,17.1,18.8
E08748,Ximena Alva,Redes de Computadoras,2026-1,61.0,8.6,54.0,4,5.5,11.0,6.2
E08749,Gabriela Flores,Base de Datos,2026-1,99.2,5.7,88.1,2,17.5,15.3,15.0
E08750,Adrián Medina,Estructuras de Datos,2025-2,51.8,7.6,53.2,5,14.2,15.2,15.3
E08751,Miguel Chávez,Lenguajes de Programación,2025-2,88.2,8.2,98.4,3,11.5,13.0,16.2
E08752,Emilio Ramírez,Base de Datos,2025-2,50.4,2.6,52.2,2,9.5,9.5,13.8
E08753,Sebastián Flores,Estructuras de Datos,2026-1,78.2,1.2,87.2,3,15.8,16.4,10.0
E08754,Milagros Cabrera,Lenguajes de Programación,2025-2,74.8,5.2,100,3,11.3,14.3,11.6
E08755,Lucía Cabrera,Redes de Computadoras,2025-2,80.1,6.6,64.7,5,15.1,9.5,13.9
E08756,Rosa Salazar,Redes de Computadoras,2025-2,49.3,3.4,68.6,5,9.7,14.3,14.5
E08757,Lucía Flores,Base de Datos,2026-1,35.8,3.2,88.3,5,15.0,20,20
E08758,Fabián Cabrera,Base de Datos,2026-1,74.8,0,61.4,4,6.6,13.0,16.2
E08759,Antonella Cruz,Redes de Computadoras,2025-2,71.9,4.4,82.6,2,10.8,17.9,19.0
E08760,Andrés Salazar,Redes de Computadoras,2026-1,56.4,7.2,70.8,1,6.3,4.7,9.9
E08761,Jorge Ponce,Base de Datos,2025-2,78.1,6.3,77.9,2,12.7,7.0,10.8
E08762,Camila Flores,Lenguajes de Programación,2026-1,74.2,5.4,54.6,4,10.1,13.3,8.3
E08763,Carlos Aguilar,Matemática Discreta,2025-2,72.7,8.0,57.9,5,10.1,10.4,9.2
E08764,Vicente Mendoza,Matemática Discreta,2025-2,73.2,2.5,72.6,2,17.8,18.3,15.9
E08765,Andrés Torres,Matemática Discreta,2026-1,87.2,5.4,73.3,4,8.8,10.4,15.9
E08766,Isabela Espinoza,Estructuras de Datos,2026-1,61.9,17.0,70.8,4,19.1,18.0,18.7
E08767,Daniela Rojas,Matemática Discreta,2025-2,100,5.6,73.5,3,14.7,10.6,8.3
E08768,Mateo Alva,Redes de Computadoras,2025-2,55.3,4.6,81.0,5,10.4,9.4,11.2
E08769,Miguel Herrera,Matemática Discreta,2025-2,51.4,5.0,86.8,5,9.5,13.8,11.7
E08770,Sofía Vargas,Estructuras de Datos,2026-1,73.0,9.0,95.8,2,17.2,10.9,12.5
E08771,Iván Espinoza,Redes de Computadoras,2025-2,69.2,11.2,93.1,2,9.8,11.4,2.9
E08772,Miguel Rodríguez,Redes de Computadoras,2025-2,28.6,3.3,81.1,4,10.7,7.4,12.5
E08773,Tomás Torres,Matemática Discreta,2025-2,62.3,7.4,86.7,1,7.9,11.2,11.6
E08774,Diego Mamani,Matemática Discreta,2026-1,73.4,10.1,52.8,2,15.4,14.1,8.8
E08775,Fernanda Aguilar,Base de Datos,2026-1,83.9,7.3,97.4,2,11.7,16.1,11.8
E08776,Ricardo Mendoza,Redes de Computadoras,2026-1,53.2,3.2,84.9,2,20,9.1,17.3
E08777,Ximena García,Redes de Computadoras,2025-2,68.1,10.7,84.5,4,19.8,11.6,15.1
E08778,Camila Alva,Base de Datos,2025-2,84.7,8.6,74.9,2,7.3,6.8,8.2
E08779,Miguel Castillo,Lenguajes de Programación,2025-2,52.2,6.6,64.9,2,13.2,12.2,12.5
E08780,Miguel López,Base de Datos,2026-1,77.6,0.8,100,3,14.2,15.1,11.7
E08781,Alonso Paredes,Base de Datos,2026-1,69.2,3.1,66.4,1,10.2,13.1,6.9
E08782,Rodrigo Sánchez,Matemática Discreta,2025-2,62.5,5.2,65.5,3,20,19.6,20
E08783,Joaquín Gutiérrez,Lenguajes de Programación,2025-2,81.2,0,77.2,1,20,18.2,16.4
E08784,Julio Mamani,Estructuras de Datos,2025-2,76.2,10.8,67.0,4,12.9,14.1,6.6
E08785,Iván Ramírez,Redes de Computadoras,2025-2,74.4,4.4,70.4,5,12.8,12.4,9.3
E08786,Bruno Paredes,Lenguajes de Programación,2026-1,81.0,6.6,93.9,4,7.4,14.8,14.2
E08787,Fernanda Palomino,Lenguajes de Programación,2025-2,55.6,10.8,54.0,3,9.2,19.3,14.2
E08788,Fabián Ponce,Base de Datos,2025-2,99.5,10.8,70.1,4,19.0,13.6,18.7
E08789,Estefanía Palomino,Base de Datos,2026-1,87.3,5.9,77.5,2,19.0,15.2,18.7
E08790,Vicente Medina,Estructuras de Datos,2025-2,74.0,10.1,46.1,1,12.7,17.1,11.1
E08791,Ximena Vega,Base de Datos,2025-2,100,0.2,78.0,3,18.5,18.4,17.6
E08792,Paula Palomino,Matemática Discreta,2025-2,46.1,10.7,94.2,3,15.7,17.2,15.2
E08793,Alonso Mamani,Estructuras de Datos,2026-1,72.3,6.9,83.7,4,20,20,20
E08794,Gabriela Herrera,Base de Datos,2025-2,38.1,10.0,100,4,7.4,5.3,5.2
E08795,Sofía Mamani,Redes de Computadoras,2026-1,70.7,5.9,49.9,4,14.5,12.9,12.0
E08796,Isabela Sánchez,Matemática Discreta,2025-2,59.5,13.0,98.5,2,10.6,13.5,12.4
E08797,Renata López,Redes de Computadoras,2026-1,74.7,3.3,92.1,3,10.0,12.2,13.0
E08798,Mateo Salazar,Estructuras de Datos,2025-2,76.6,3.6,70.9,3,13.6,11.0,8.4
E08799,Rosa Huamán,Lenguajes de Programación,2026-1,100,8.2,86.0,4,18.7,17.4,17.1
E08800,Rosa Medina,Base de Datos,2025-2,89.6,6.2,67.9,4,13.0,10.8,14.1
E08801,Jorge Flores,Estructuras de Datos,2026-1,79.4,10.3,89.6,4,8.7,9.3,12.1
E08802,Camila Herrera,Estructuras de Datos,2026-1,49.8,5.7,34.6,5,14.3,,11.6
E08803,Luis Medina,Matemática Discreta,2025-2,69.4,12.5,66.0,1,9.3,3.6,5.5
E08804,Milagros Mendoza,Estructuras de Datos,2026-1,90.6,0,66.3,4,17.3,16.4,14.3
E08805,Estefanía Aguilar,Base de Datos,2025-2,35.8,3.6,70.8,3,5.0,14.3,10.5
E08806,Jorge Alva,Estructuras de Datos,2026-1,,11.2,92.0,3,11.7,13.1,5.8
E08807,Gabriela Espinoza,Redes de Computadoras,2025-2,49.6,6.1,67.5,3,16.0,17.4,17.9
E08808,Rosa Flores,Lenguajes de Programación,2025-2,70.6,3.2,77.0,4,18.6,10.6,15.8
E08809,Adrián Herrera,Redes de Computadoras,2025-2,58.2,8.5,66.8,4,13.7,13.7,14.8
E08810,Estefanía Reyes,Redes de Computadoras,2026-1,87.1,12.6,63.7,3,7.6,9.7,1.7
E08811,Jorge Ramírez,Redes de Computadoras,2025-2,,3.8,62.8,3,15.2,18.8,13.1
E08812,Paula Torres,Redes de Computadoras,2025-2,85.5,8.8,59.4,1,20,20,20
E08813,Zoe Aguilar,Redes de Computadoras,2025-2,79.0,9.7,88.9,3,11.9,13.1,11.7
E08814,Tomás Herrera,Redes de Computadoras,2025-2,100,12.3,69.0,3,11.3,8.3,14.6
E08815,Rosa Pérez,Lenguajes de Programación,2026-1,74.2,6.4,77.5,4,13.1,16.3,12.1
E08816,Ximena Cruz,Base de Datos,2026-1,86.2,6.9,74.6,4,6.8,11.1,7.3
E08817,Nicolás Cabrera,Matemática Discreta,2026-1,92.8,13.4,74.1,3,12.4,12.1,11.0
E08818,Diego Paredes,Estructuras de Datos,2025-2,60.4,12.7,62.8,1,12.4,5.9,10.4
E08819,Miguel Cárdenas,Base de Datos,2026-1,70.4,6.6,50.2,4,13.9,13.3,14.2
E08820,Vicente Zapata,Redes de Computadoras,2026-1,60.2,8.5,78.7,2,18.8,12.7,15.2
E08821,Iván Cruz,Estructuras de Datos,2025-2,100,7.1,74.6,2,13.8,13.3,12.8
E08822,Mateo Mamani,Base de Datos,2026-1,62.0,8.4,78.2,4,14.7,13.3,15.7
E08823,Estefanía Castillo,Lenguajes de Programación,2025-2,82.3,5.5,71.4,3,9.4,10.4,9.7
E08824,Vicente Mendoza,Matemática Discreta,2026-1,81.5,6.9,91.7,2,10.3,11.8,15.4
E08825,Gabriela López,Matemática Discreta,2025-2,46.7,5.8,66.1,3,16.4,18.1,14.0
E08826,Emilio Ortiz,Redes de Computadoras,2026-1,98.2,6.6,87.6,5,14.0,15.3,19.1
E08827,Valeria López,Lenguajes de Programación,2025-2,66.6,7.7,59.8,3,9.1,10.3,10.7
E08828,Alejandra García,Lenguajes de Programación,2025-2,67.2,10.1,100,4,12.5,7.0,10.2
E08829,Valeria Medina,Estructuras de Datos,2025-2,68.4,0,94.8,3,13.3,16.1,17.5
E08830,Zoe López,Estructuras de Datos,2026-1,78.2,4.4,84.0,4,14.4,20,11.8
E08831,Alonso Ortiz,Redes de Computadoras,2025-2,,9.8,84.0,3,12.9,9.5,11.0
E08832,Emilio Alva,Redes de Computadoras,2026-1,62.1,8.0,80.8,3,15.1,20,19.2
E08833,Lucía Rivas,Redes de Computadoras,2025-2,97.1,9.0,64.7,5,14.9,14.5,17.2
E08834,María Palomino,Base de Datos,2025-2,77.2,7.1,64.1,2,16.2,13.8,12.9
E08835,Franco Zapata,Redes de Computadoras,2025-2,100,5.0,81.3,1,16.3,14.4,12.7
E08836,Julio Alva,Redes de Computadoras,2025-2,88.2,5.7,83.1,3,10.4,11.8,13.6
E08837,Lucía Rivas,Matemática Discreta,2026-1,76.1,8.1,64.7,3,13.2,9.4,14.6
E08838,Bruno Soto,Redes de Computadoras,2026-1,65.6,8.8,76.2,5,8.3,9.7,10.2
E08839,Joaquín Delgado,Matemática Discreta,2025-2,67.0,6.2,54.9,4,9.1,12.7,12.5
E08840,Ximena Espinoza,Lenguajes de Programación,2026-1,97.5,11.2,51.1,2,16.9,13.9,16.6
E08841,Gabriela Cárdenas,Estructuras de Datos,2025-2,58.3,0.6,96.3,1,16.7,13.3,9.6
E08842,Manuel Mamani,Base de Datos,2026-1,100,6.3,88.6,2,13.7,14.6,10.5
E08843,Ana Mamani,Estructuras de Datos,2025-2,57.9,7.2,70.1,1,9.5,11.7,13.1
E08844,Mateo Chávez,Redes de Computadoras,2025-2,,0,93.3,2,19.5,9.3,15.9
E08845,Carlos Medina,Estructuras de Datos,2025-2,72.6,11.9,83.5,4,20,18.4,18.5
E08846,Renata Quispe,Lenguajes de Programación,2026-1,100,3.8,78.0,1,7.0,10.9,4.6
E08847,Milagros Rivas,Estructuras de Datos,2026-1,53.3,2.7,74.0,2,19.4,19.5,13.8
E08848,Milagros Castillo,Redes de Computadoras,2026-1,75.3,2.8,76.2,3,12.0,14.7,14.3
E08849,María Aguilar,Matemática Discreta,2026-1,58.5,5.0,99.0,4,20,19.1,19.7
E08850,Diego Paredes,Lenguajes de Programación,2026-1,88.8,6.0,70.7,4,20,16.5,18.0
E08851,Valentina Ramírez,Estructuras de Datos,2025-2,72.3,6.1,87.2,5,10.7,6.2,9.7
E08852,Zoe Flores,Matemática Discreta,2025-2,87.8,8.3,63.7,3,9.2,8.3,8.8
E08853,Julio Mamani,Estructuras de Datos,2026-1,,1.8,81.5,3,8.7,8.2,13.7
E08854,Camila Espinoza,Lenguajes de Programación,2026-1,100,2.7,64.4,3,11.4,,12.7
E08855,Andrés Vargas,Redes de Computadoras,2026-1,98.0,1.7,83.6,4,18.6,15.3,14.2
E08856,Iván Gutiérrez,Redes de Computadoras,2025-2,51.4,10.0,84.5,3,10.4,11.0,8.5
E08857,Julio Ponce,Base de Datos,2026-1,64.9,6.6,89.6,4,14.9,11.3,14.1
E08858,Vicente Mamani,Estructuras de Datos,2025-2,80.5,7.1,63.1,4,11.7,8.7,8.4
E08859,Manuel Ramírez,Base de Datos,2026-1,81.5,8.1,91.9,3,5.7,3.1,3.0
E08860,Valentina Paredes,Estructuras de Datos,2026-1,67.1,5.3,90.7,4,6.4,6.8,6.4
E08861,Antonella Gutiérrez,Redes de Computadoras,2025-2,100,7.1,40.7,3,15.1,15.0,14.9
E08862,Daniela Torres,Estructuras de Datos,2026-1,86.8,3.5,68.5,3,12.6,11.4,14.1
E08863,Mateo Espinoza,Redes de Computadoras,2025-2,72.4,8.9,66.1,2,6.3,9.2,10.6
E08864,Fabián Paredes,Estructuras de Datos,2026-1,87.7,9.3,90.5,4,15.8,9.3,5.7
E08865,Rodrigo Cruz,Matemática Discreta,2026-1,72.4,2.8,66.8,3,10.3,12.3,11.1
E08866,Camila Rojas,Redes de Computadoras,2026-1,61.8,6.4,73.9,2,18.0,17.3,18.3
E08867,Luis Ponce,Redes de Computadoras,2026-1,53.9,3.8,100,1,11.9,12.6,10.0
E08868,Iván Torres,Lenguajes de Programación,2026-1,74.7,3.3,62.7,3,9.3,,10.8
E08869,Valentina Aguilar,Matemática Discreta,2026-1,50.8,4.8,55.5,1,10.0,9.7,11.5
E08870,Ricardo Castillo,Lenguajes de Programación,2026-1,38.3,4.7,87.2,3,12.7,9.3,12.4
E08871,Ximena Espinoza,Lenguajes de Programación,2026-1,87.4,7.5,84.1,4,13.2,14.2,16.3
E08872,Valentina Chávez,Lenguajes de Programación,2026-1,88.9,3.1,89.1,3,9.3,9.3,9.0
E08873,Tomás Soto,Estructuras de Datos,2025-2,64.1,8.7,78.5,2,15.8,,12.7
E08874,Rodrigo Delgado,Base de Datos,2025-2,69.8,9.3,70.7,4,6.8,6.5,5.2
E08875,Adrián Vega,Redes de Computadoras,2025-2,85.8,2.2,68.9,3,,4.3,8.4
E08876,Bruno Torres,Redes de Computadoras,2025-2,38.2,3.3,77.7,4,15.3,14.7,13.8
E08877,Camila Espinoza,Lenguajes de Programación,2026-1,68.9,12.6,43.0,2,16.1,17.5,16.8
E08878,Gabriela Herrera,Estructuras de Datos,2025-2,97.2,6.1,86.1,4,17.0,11.4,17.0
E08879,Manuel Chávez,Estructuras de Datos,2025-2,64.1,0.7,92.5,3,12.9,17.7,12.0
E08880,Nicolás Paredes,Matemática Discreta,2026-1,58.5,0.8,95.9,1,11.8,15.5,13.5
E08881,Estefanía Cárdenas,Redes de Computadoras,2025-2,69.1,1.6,74.4,3,18.3,13.1,16.2
E08882,Zoe Aguilar,Estructuras de Datos,2025-2,79.8,5.7,90.6,2,10.4,10.4,9.5
E08883,Julio Ponce,Matemática Discreta,2025-2,57.6,2.6,79.9,4,14.5,13.8,13.7
E08884,Ximena López,Lenguajes de Programación,2025-2,61.1,10.9,52.0,2,18.9,20,17.7
E08885,Alejandra Zapata,Matemática Discreta,2026-1,100,10.8,67.1,3,10.9,12.8,11.5
E08886,Diego Ramírez,Redes de Computadoras,2025-2,90.7,5.3,45.3,2,8.7,6.2,5.7
E08887,Manuel Gutiérrez,Redes de Computadoras,2025-2,51.4,4.4,92.2,4,13.6,13.2,7.0
E08888,Iván Ortiz,Estructuras de Datos,2025-2,86.7,4.7,74.4,2,20,20,20
E08889,Sofía Cabrera,Matemática Discreta,2025-2,56.2,7.7,100,4,14.7,19.2,13.6
E08890,Vicente Palomino,Estructuras de Datos,2026-1,49.0,5.1,52.9,4,16.7,17.8,17.9
E08891,Ana Zapata,Matemática Discreta,2026-1,79.6,7.9,80.5,4,14.3,14.5,14.7
E08892,Sofía López,Base de Datos,2025-2,65.4,0,77.0,5,20,16.6,14.5
E08893,Ana Palomino,Matemática Discreta,2026-1,46.8,2.3,71.5,4,14.0,18.7,12.8
E08894,Ana Medina,Redes de Computadoras,2025-2,100,9.7,100,2,11.4,13.3,12.1
E08895,Emilio Torres,Lenguajes de Programación,2025-2,71.8,8.7,98.0,1,16.4,12.9,15.7
E08896,Diego Cabrera,Lenguajes de Programación,2025-2,97.7,7.2,93.1,3,14.5,17.2,10.2
E08897,Iván García,Lenguajes de Programación,2026-1,90.0,6.1,100,3,13.6,5.8,9.8
E08898,Rodrigo Medina,Redes de Computadoras,2026-1,64.6,0.4,60.4,2,12.6,14.3,11.2
E08899,Fernanda Herrera,Base de Datos,2025-2,94.1,9.0,98.5,4,13.7,11.3,9.3
E08900,Isabela Torres,Base de Datos,2026-1,66.0,7.8,71.6,3,6.9,9.5,10.8
E08901,Paula Soto,Redes de Computadoras,2025-2,95.4,4.0,62.2,3,11.2,9.2,12.4
E08902,Emilio Cárdenas,Matemática Discreta,2026-1,83.9,9.5,47.4,2,11.3,11.6,11.9
E08903,Manuel Reyes,Matemática Discreta,2025-2,51.2,9.7,34.3,2,14.2,12.2,9.5
E08904,Gabriela Espinoza,Base de Datos,2026-1,63.1,1.7,79.8,5,10.6,12.0,5.3
E08905,Martina Salazar,Estructuras de Datos,2025-2,48.0,1.4,78.4,3,6.3,9.5,9.4
E08906,Ximena Mendoza,Estructuras de Datos,2025-2,92.8,5.3,72.2,4,13.4,14.5,16.2
E08907,Antonella Aguilar,Redes de Computadoras,2025-2,100,5.6,50.4,4,14.1,14.3,11.4
E08908,Rodrigo Aguilar,Base de Datos,2025-2,70.8,5.8,68.8,3,8.6,7.6,14.3
E08909,Emilia Huamán,Lenguajes de Programación,2026-1,44.1,6.8,60.8,3,15.7,14.6,11.3
E08910,Adrián Quispe,Lenguajes de Programación,2026-1,65.8,11.1,82.0,5,16.9,17.9,12.6
E08911,Valentina Gutiérrez,Matemática Discreta,2025-2,77.8,3.6,63.7,5,19.0,20,18.8
E08912,Paula Pérez,Lenguajes de Programación,2025-2,79.0,0.3,68.7,3,10.4,15.8,13.7
E08913,Jorge Torres,Lenguajes de Programación,2025-2,81.2,5.0,71.0,2,13.1,12.5,14.8
E08914,Tomás Ramírez,Redes de Computadoras,2026-1,80.1,7.6,81.5,2,20,20,20
E08915,Estefanía Alva,Base de Datos,2025-2,56.9,11.5,89.4,2,16.0,11.7,14.6
E08916,Antonella Mendoza,Estructuras de Datos,2026-1,13.3,2.3,70.1,2,15.2,11.6,15.1
E08917,Martina Herrera,Matemática Discreta,2025-2,50.5,3.1,32.7,4,19.8,16.6,15.6
E08918,Franco Rodríguez,Redes de Computadoras,2026-1,75.4,7.6,100,4,11.1,13.3,13.7
E08919,Sofía Cruz,Estructuras de Datos,2025-2,64.8,12.1,100,2,15.6,15.5,17.8
E08920,Mateo Pérez,Redes de Computadoras,2026-1,48.3,7.8,84.0,2,14.9,8.1,9.9
E08921,Lucía Salazar,Matemática Discreta,2026-1,63.4,6.2,83.0,4,12.5,10.8,16.0
E08922,Julio Zapata,Redes de Computadoras,2026-1,89.7,5.5,87.0,4,3.3,5.4,0.5
E08923,Lucía Flores,Redes de Computadoras,2026-1,42.5,0,67.7,3,9.3,7.5,5.5
E08924,Tomás Cabrera,Lenguajes de Programación,2026-1,69.4,3.6,69.4,3,11.0,8.6,7.4
E08925,Manuel Zapata,Redes de Computadoras,2025-2,73.7,3.7,58.7,3,5.4,7.9,10.2
E08926,Fernanda Chávez,Redes de Computadoras,2025-2,84.5,3.1,100,3,18.0,17.2,17.1
E08927,Estefanía Soto,Estructuras de Datos,2026-1,90.6,4.7,96.2,3,16.7,12.3,12.7
E08928,Bruno Mendoza,Base de Datos,2025-2,67.0,3.5,77.6,3,12.1,13.1,16.1
E08929,Diego Delgado,Matemática Discreta,2026-1,45.5,7.5,72.8,3,14.9,13.0,16.0
E08930,Lucía Cabrera,Matemática Discreta,2026-1,54.8,10.0,83.2,2,20,16.2,16.7
E08931,Valeria Reyes,Base de Datos,2025-2,76.9,7.7,47.1,2,5.1,11.3,8.2
E08932,Julio Rivas,Redes de Computadoras,2026-1,36.8,3.3,75.1,4,13.6,12.7,12.6
E08933,Lucía Herrera,Estructuras de Datos,2026-1,75.7,12.3,87.2,4,14.1,16.3,10.7
E08934,Isabela López,Base de Datos,2026-1,71.7,8.4,80.3,2,9.5,12.5,15.0
E08935,Camila Mamani,Matemática Discreta,2025-2,91.1,9.7,76.5,5,20,15.7,20
E08936,Andrés Rivas,Estructuras de Datos,2025-2,70.4,6.6,100,2,8.0,3.5,2.9
E08937,Rosa Castillo,Base de Datos,2025-2,96.6,11.7,86.3,4,13.0,12.5,5.8
E08938,Alonso Espinoza,Matemática Discreta,2025-2,66.3,3.6,80.4,2,19.7,17.4,14.5
E08939,Milagros Huamán,Matemática Discreta,2025-2,72.3,4.0,60.2,4,9.0,16.8,9.4
E08940,Diego Mamani,Estructuras de Datos,2026-1,87.9,9.4,61.7,3,10.2,9.2,8.4
E08941,Sofía Salazar,Matemática Discreta,2026-1,77.6,4.8,62.4,3,13.6,12.7,13.8
E08942,Fabián Mendoza,Redes de Computadoras,2026-1,58.8,10.3,64.3,2,19.0,14.1,15.6
E08943,Ricardo Mendoza,Matemática Discreta,2025-2,48.5,3.6,100,4,5.7,12.0,8.7
E08944,Tomás Huamán,Matemática Discreta,2025-2,75.5,0,100,4,14.7,16.8,13.2
E08945,Joaquín Alva,Base de Datos,2026-1,68.9,12.0,64.5,5,11.6,12.0,10.2
E08946,Estefanía Quispe,Matemática Discreta,2025-2,97.0,6.5,79.4,2,9.8,8.0,10.3
E08947,Andrés López,Matemática Discreta,2026-1,51.2,13.8,52.9,2,17.9,20,13.5
E08948,Martina Mendoza,Matemática Discreta,2026-1,53.5,5.9,94.7,2,14.4,14.7,14.9
E08949,Iván Gutiérrez,Lenguajes de Programación,2025-2,69.4,3.1,76.5,2,11.1,15.8,13.0
E08950,Adrián Reyes,Lenguajes de Programación,2025-2,73.7,3.4,79.7,3,19.3,17.3,15.6
E08951,Martina Herrera,Lenguajes de Programación,2026-1,82.6,10.2,74.6,3,12.7,13.7,14.7
E08952,Daniela Mamani,Estructuras de Datos,2026-1,51.6,5.4,57.3,4,10.3,4.5,5.7
E08953,Nicolás Ramírez,Base de Datos,2026-1,85.9,0.2,74.7,4,16.3,14.4,13.5
E08954,Jorge Medina,Lenguajes de Programación,2025-2,43.2,6.5,76.0,4,10.5,4.5,8.6
E08955,Milagros Cabrera,Estructuras de Datos,2025-2,70.3,0,52.2,4,10.3,14.9,13.5
E08956,Lucía Castillo,Redes de Computadoras,2026-1,52.3,5.9,76.4,2,12.2,12.8,8.5
E08957,Lucía Medina,Redes de Computadoras,2026-1,45.3,0,71.7,3,15.9,10.1,19.8
E08958,Renata Palomino,Lenguajes de Programación,2026-1,77.5,6.3,100,3,8.5,8.6,10.4
E08959,Franco Soto,Estructuras de Datos,2025-2,80.9,2.1,67.6,4,16.5,15.5,15.4
E08960,Fabián Quispe,Base de Datos,2026-1,86.5,3.4,100,3,12.9,15.9,12.8
E08961,Diego Delgado,Base de Datos,2026-1,62.7,5.2,74.4,2,9.6,13.9,11.5
E08962,Manuel García,Base de Datos,2025-2,67.4,8.2,52.6,4,8.7,11.8,15.0
E08963,María Ramírez,Estructuras de Datos,2025-2,87.6,8.2,92.8,2,18.4,14.6,18.8
E08964,Isabela Aguilar,Lenguajes de Programación,2026-1,100,0.2,60.6,3,10.9,12.2,12.3
E08965,Gabriela Rojas,Lenguajes de Programación,2025-2,69.6,7.7,65.2,2,5.5,9.2,5.1
E08966,Joaquín Mamani,Matemática Discreta,2026-1,80.6,0.3,57.1,2,16.4,17.6,16.0
E08967,Bruno Quispe,Base de Datos,2026-1,72.8,10.2,65.0,3,14.0,9.1,14.9
E08968,Bruno Soto,Redes de Computadoras,2025-2,74.8,0,75.1,2,14.9,6.0,10.6
E08969,Valeria Reyes,Lenguajes de Programación,2026-1,96.7,14.6,91.4,3,14.4,13.9,10.6
E08970,Vicente Ponce,Estructuras de Datos,2026-1,58.7,2.4,98.2,5,16.0,14.3,10.6
E08971,Natalia Vega,Redes de Computadoras,2026-1,43.4,7.4,54.6,4,8.7,12.3,13.9
E08972,Mateo Delgado,Estructuras de Datos,2026-1,93.4,8.8,71.2,2,12.1,6.6,5.9
E08973,Renata Flores,Redes de Computadoras,2025-2,,3.7,66.1,3,20,17.9,20
E08974,Camila Espinoza,Redes de Computadoras,2026-1,63.6,0,94.5,2,6.7,11.6,1.3
E08975,Milagros López,Estructuras de Datos,2026-1,67.4,12.7,77.6,5,16.5,11.7,13.9
E08976,Valentina Salazar,Redes de Computadoras,2025-2,,8.5,55.5,3,12.4,15.9,11.0
E08977,Adrián Torres,Estructuras de Datos,2025-2,44.4,6.6,69.3,5,13.0,12.8,7.8
E08978,Iván Huamán,Redes de Computadoras,2026-1,87.3,11.5,88.7,5,18.4,14.1,13.7
E08979,Martina García,Estructuras de Datos,2025-2,65.6,3.4,75.9,2,18.3,17.8,19.8
E08980,Natalia Cárdenas,Redes de Computadoras,2026-1,59.6,1.1,96.4,2,18.4,11.8,15.2
E08981,Luis Chávez,Estructuras de Datos,2026-1,69.4,0.8,54.7,1,13.8,11.4,11.0
E08982,Emilia García,Lenguajes de Programación,2026-1,71.8,5.3,82.9,3,13.9,6.6,11.9
E08983,Julio Quispe,Lenguajes de Programación,2026-1,55.2,2.7,46.1,2,9.9,12.6,14.6
E08984,Miguel Soto,Base de Datos,2025-2,78.8,4.4,100,5,18.0,18.6,15.9
E08985,Estefanía Medina,Estructuras de Datos,2025-2,36.6,13.2,38.7,2,7.6,11.9,12.3
E08986,Luis Castillo,Lenguajes de Programación,2025-2,56.4,4.9,64.4,4,8.8,10.6,11.4
E08987,Ximena Ramírez,Estructuras de Datos,2025-2,53.6,9.7,51.7,1,17.1,7.6,8.9
E08988,Andrés Flores,Estructuras de Datos,2026-1,70.9,1.7,25.2,3,10.4,11.1,11.9
E08989,María Ponce,Lenguajes de Programación,2025-2,72.5,1.9,62.0,4,8.5,9.7,5.6
E08990,Camila Palomino,Matemática Discreta,2026-1,83.2,1.9,88.4,2,18.1,13.9,15.7
E08991,Emilio Paredes,Base de Datos,2026-1,76.3,12.5,60.1,4,,15.0,15.9
E08992,María Rojas,Matemática Discreta,2025-2,53.0,8.5,76.1,4,13.5,12.2,10.9
E08993,Joaquín Vega,Estructuras de Datos,2025-2,87.7,13.3,53.2,3,9.7,12.8,12.3
E08994,Emilio Rivas,Redes de Computadoras,2026-1,56.7,4.2,87.3,3,12.9,19.3,14.4
E08995,Andrés Vargas,Estructuras de Datos,2025-2,73.5,1.1,71.7,2,13.4,11.2,8.4
E08996,Ximena Cárdenas,Base de Datos,2026-1,72.7,10.0,48.2,2,9.9,14.1,8.7
E08997,Daniela Quispe,Matemática Discreta,2025-2,100,3.0,61.7,4,17.4,12.9,17.1
E08998,Sebastián Vargas,Base de Datos,2025-2,88.6,14.7,84.8,5,8.5,12.2,15.7
E08999,Emilia Mendoza,Estructuras de Datos,2025-2,57.4,7.1,78.0,2,15.0,20,9.3
E09000,Martina Sánchez,Matemática Discreta,2026-1,65.0,9.1,100,4,7.4,9.5,9.7
E09001,Andrés Castillo,Estructuras de Datos,2025-2,45.0,5.3,74.4,5,14.7,13.8,11.4
E09002,Emilia Palomino,Matemática Discreta,2026-1,77.1,2.8,60.6,2,14.2,15.0,11.4
E09003,Camila Cárdenas,Base de Datos,2025-2,62.8,5.6,59.5,4,15.8,15.1,13.9
E09004,Sofía Ponce,Matemática Discreta,2025-2,95.4,14.2,68.4,3,11.2,13.8,15.5
E09005,Sebastián Vega,Redes de Computadoras,2025-2,84.2,11.9,75.3,4,10.2,9.8,11.0
E09006,Milagros Herrera,Estructuras de Datos,2025-2,55.7,6.5,81.6,4,14.3,9.9,12.8
E09007,Estefanía Alva,Redes de Computadoras,2025-2,52.8,6.3,65.4,4,16.9,16.5,16.0
E09008,Valeria Palomino,Redes de Computadoras,2025-2,93.5,0,100,2,14.2,16.2,20
E09009,Renata Vargas,Base de Datos,2025-2,99.5,11.1,61.3,5,20,19.1,20
E09010,Fabián Ponce,Redes de Computadoras,2026-1,79.9,9.1,100,3,9.8,10.3,10.4
E09011,Daniela Palomino,Lenguajes de Programación,2025-2,56.3,5.3,67.1,1,20,19.5,20
E09012,Rodrigo Mamani,Redes de Computadoras,2026-1,61.2,1.5,87.7,3,16.7,12.4,15.9
E09013,Tomás Mamani,Base de Datos,2025-2,68.8,0,96.3,3,15.3,10.8,16.2
E09014,Lucía Torres,Lenguajes de Programación,2025-2,78.9,0.4,86.5,1,17.1,17.0,18.5
E09015,Gabriela Cabrera,Matemática Discreta,2025-2,69.5,7.4,59.0,4,17.5,12.5,13.5
E09016,Diego Herrera,Redes de Computadoras,2025-2,91.3,3.1,,1,10.6,14.4,4.9
E09017,Luis Rojas,Matemática Discreta,2026-1,60.4,8.8,100,4,9.3,15.9,13.3
E09018,Jorge Quispe,Base de Datos,2026-1,67.2,4.8,58.2,3,2.8,11.5,7.9
E09019,Alonso Alva,Matemática Discreta,2026-1,83.3,1.0,42.3,3,11.9,13.4,12.8
E09020,Rodrigo Paredes,Base de Datos,2025-2,88.8,3.4,78.7,3,12.5,15.4,12.5
E09021,Sebastián Aguilar,Redes de Computadoras,2025-2,37.9,12.3,85.8,1,13.7,15.4,14.0
E09022,Fernanda Chávez,Lenguajes de Programación,2026-1,93.8,0,100,3,13.3,10.6,10.5
E09023,Camila Huamán,Matemática Discreta,2025-2,61.9,1.5,66.3,2,8.6,4.3,8.7
E09024,Paula Palomino,Redes de Computadoras,2026-1,63.6,5.1,67.6,1,20,17.3,19.0
E09025,Diego Rivas,Base de Datos,2025-2,79.0,9.5,67.3,5,7.9,1.5,7.6
E09026,Alejandra Cabrera,Base de Datos,2025-2,100,7.2,86.9,2,8.7,9.1,15.4
E09027,Sebastián Mendoza,Matemática Discreta,2025-2,70.6,5.7,92.9,2,20,20,19.5
E09028,Diego Reyes,Base de Datos,2026-1,41.3,9.9,75.9,1,18.9,13.2,14.3
E09029,Bruno Zapata,Matemática Discreta,2026-1,71.9,10.3,53.9,3,17.0,13.3,15.3
E09030,Miguel López,Lenguajes de Programación,2026-1,100,6.8,100,4,7.9,16.9,14.7
E09031,Renata Gutiérrez,Matemática Discreta,2025-2,71.5,9.1,45.3,5,12.7,17.5,18.0
E09032,Emilio Delgado,Base de Datos,2026-1,80.0,2.8,100,5,5.9,6.9,4.6
E09033,Vicente López,Matemática Discreta,2025-2,68.0,0.9,94.6,3,15.3,17.5,15.8
E09034,Sebastián Medina,Base de Datos,2026-1,49.5,2.0,74.8,1,14.5,13.9,8.8
E09035,Diego Cárdenas,Redes de Computadoras,2026-1,100,9.0,53.7,3,10.6,10.9,16.4
E09036,Tomás Ramírez,Estructuras de Datos,2026-1,56.5,0.3,75.5,3,12.9,4.9,4.9
E09037,Joaquín Cabrera,Matemática Discreta,2025-2,67.9,3.8,81.8,3,7.3,6.9,12.3
E09038,María Mamani,Lenguajes de Programación,2026-1,54.9,13.5,80.3,1,13.8,14.8,11.9
E09039,Paula Salazar,Estructuras de Datos,2025-2,48.6,10.6,95.4,3,13.2,14.3,15.4
E09040,Rosa Chávez,Lenguajes de Programación,2025-2,95.0,0,97.2,3,15.0,16.8,16.0
E09041,Renata Medina,Lenguajes de Programación,2026-1,100,0.8,79.3,3,14.6,18.1,13.2
E09042,Carlos Mendoza,Lenguajes de Programación,2026-1,17.8,12.4,61.9,4,15.4,15.1,16.2
E09043,Sofía Paredes,Estructuras de Datos,2025-2,86.6,10.0,100,4,17.4,13.2,12.9
E09044,Gabriela Ponce,Lenguajes de Programación,2025-2,86.6,7.5,90.7,1,20,17.3,17.5
E09045,Isabela Gutiérrez,Estructuras de Datos,2025-2,73.4,6.5,72.0,2,4.9,7.4,3.6
E09046,Martina Ponce,Estructuras de Datos,2026-1,72.6,8.1,72.8,2,16.9,20,20
E09047,Gabriela Ortiz,Matemática Discreta,2025-2,37.8,6.3,93.0,3,14.3,7.8,9.3
E09048,Miguel Mendoza,Lenguajes de Programación,2025-2,70.6,1.2,90.8,2,12.2,8.8,16.2
E09049,Milagros Rodríguez,Lenguajes de Programación,2026-1,79.0,5.1,93.5,3,8.9,12.6,12.7
E09050,Joaquín López,Base de Datos,2026-1,100,11.6,71.4,2,19.1,19.4,20
E09051,Milagros Medina,Base de Datos,2026-1,66.2,8.3,82.1,5,12.9,14.7,12.9
E09052,Rodrigo Espinoza,Base de Datos,2026-1,49.8,5.2,89.0,3,9.7,11.9,12.4
E09053,Franco Huamán,Estructuras de Datos,2026-1,100,2.6,,2,20.0,12.5,18.7
E09054,Antonella Espinoza,Matemática Discreta,2026-1,82.8,6.1,78.5,3,12.7,8.8,10.1
E09055,Valentina Reyes,Matemática Discreta,2026-1,94.3,1.1,38.5,3,17.9,17.9,15.2
E09056,Adrián Mamani,Lenguajes de Programación,2026-1,68.0,0,53.6,3,10.6,7.8,8.9
E09057,Diego Salazar,Redes de Computadoras,2026-1,37.2,10.5,66.3,1,13.8,17.4,18.0
E09058,Jorge Vega,Estructuras de Datos,2025-2,74.3,14.0,45.3,3,13.9,12.6,12.7
E09059,Renata Cruz,Redes de Computadoras,2025-2,67.0,5.4,96.7,2,9.7,7.2,15.3
E09060,Sofía Palomino,Lenguajes de Programación,2026-1,74.3,1.3,75.0,4,11.1,11.3,15.2
E09061,Adrián Flores,Lenguajes de Programación,2026-1,63.1,3.3,56.7,4,14.2,12.2,11.4
E09062,Carlos López,Redes de Computadoras,2026-1,78.6,7.2,100,3,7.9,12.5,6.3
E09063,Carlos Delgado,Matemática Discreta,2025-2,51.9,2.4,88.5,3,10.1,7.0,9.9
E09064,Iván Rivas,Redes de Computadoras,2026-1,67.8,2.3,84.5,3,5.6,8.3,8.8
E09065,Tomás Zapata,Estructuras de Datos,2026-1,59.5,11.7,69.7,2,20,19.7,20
E09066,Nicolás Huamán,Lenguajes de Programación,2025-2,84.2,1.7,83.6,3,13.0,9.0,13.8
E09067,Camila Ramírez,Matemática Discreta,2025-2,54.9,6.1,85.1,4,13.5,17.0,16.4
E09068,Miguel Cabrera,Lenguajes de Programación,2026-1,82.0,0,55.3,4,13.8,14.0,12.3
E09069,Sebastián Ponce,Lenguajes de Programación,2026-1,49.7,1.5,75.5,2,12.7,6.6,15.6
E09070,Franco Castillo,Lenguajes de Programación,2025-2,87.0,4.8,55.6,1,13.3,16.5,14.1
E09071,Zoe Medina,Base de Datos,2025-2,100,0,34.7,4,15.0,14.8,14.0
E09072,Lucía López,Matemática Discreta,2025-2,71.0,5.4,76.9,3,16.2,19.4,13.8
E09073,Bruno Ponce,Estructuras de Datos,2025-2,88.9,1.2,87.5,4,17.5,16.7,17.3
E09074,Vicente Torres,Estructuras de Datos,2025-2,46.2,8.6,90.6,3,12.1,14.0,11.0
E09075,Milagros Torres,Estructuras de Datos,2026-1,85.1,3.6,70.2,2,14.4,11.1,17.3
E09076,Ana Cabrera,Matemática Discreta,2026-1,98.8,7.7,86.1,2,1.8,8.0,8.2
E09077,Julio Ortiz,Base de Datos,2025-2,53.2,3.5,70.6,3,20,15.6,19.5
E09078,Rosa Sánchez,Base de Datos,2026-1,65.6,7.2,93.5,5,19.9,12.4,15.6
E09079,Milagros Rojas,Redes de Computadoras,2025-2,41.0,7.3,49.6,2,12.2,10.7,12.3
E09080,Zoe Salazar,Lenguajes de Programación,2025-2,49.8,5.3,55.0,3,10.1,19.6,14.2
E09081,Martina Sánchez,Base de Datos,2025-2,100,5.3,88.8,2,13.1,11.4,11.9
E09082,Fernanda Espinoza,Estructuras de Datos,2025-2,79.2,0,100,3,15.1,6.8,13.3
E09083,Milagros Pérez,Base de Datos,2026-1,48.4,12.9,43.4,3,12.8,16.5,18.6
E09084,Alonso Vargas,Redes de Computadoras,2026-1,61.2,6.9,69.1,4,,18.2,10.9
E09085,Diego García,Lenguajes de Programación,2026-1,52.0,11.1,51.4,3,8.1,9.0,7.7
E09086,Miguel Mamani,Redes de Computadoras,2025-2,92.0,0.6,76.1,3,5.0,11.6,9.5
E09087,Daniela Rivas,Base de Datos,2025-2,94.3,9.8,62.9,3,15.8,16.0,15.5
E09088,Sofía Rojas,Matemática Discreta,2025-2,100,2.5,61.3,3,10.0,6.9,12.7
E09089,Valentina Palomino,Matemática Discreta,2025-2,86.9,7.4,59.3,3,14.0,17.5,15.5
E09090,Jorge Vega,Base de Datos,2025-2,39.9,11.0,91.9,1,7.1,8.3,6.9
E09091,Vicente Cruz,Estructuras de Datos,2026-1,73.1,4.8,76.8,3,17.6,16.3,14.8
E09092,Luis Vega,Matemática Discreta,2026-1,85.6,13.6,59.8,4,17.2,13.7,17.5
E09093,Camila Huamán,Matemática Discreta,2026-1,88.8,6.0,44.6,3,8.2,9.4,8.8
E09094,Adrián Palomino,Matemática Discreta,2026-1,87.4,7.7,79.3,2,14.0,8.1,10.8
E09095,Renata Delgado,Matemática Discreta,2026-1,60.8,5.4,65.0,3,8.1,5.9,8.9
E09096,Fabián Pérez,Redes de Computadoras,2025-2,84.5,7.9,73.2,4,19.7,16.8,16.5
E09097,Isabela López,Redes de Computadoras,2026-1,60.4,0,67.1,3,9.2,14.9,14.5
E09098,Sofía Huamán,Redes de Computadoras,2025-2,75.3,4.2,68.8,1,12.1,11.0,11.8
E09099,María Medina,Base de Datos,2025-2,71.2,1.1,61.8,4,10.2,14.4,16.0
E09100,Emilia Delgado,Redes de Computadoras,2025-2,61.9,8.4,100,3,15.8,,16.2
E09101,Jorge Rivas,Estructuras de Datos,2025-2,78.3,13.1,68.6,3,8.9,8.7,10.9
E09102,Rosa Gutiérrez,Lenguajes de Programación,2026-1,77.5,12.1,94.3,1,18.9,14.9,15.4
E09103,Fernanda Vargas,Estructuras de Datos,2025-2,50.6,3.6,65.1,2,20,19.2,20
E09104,Rosa Espinoza,Base de Datos,2026-1,,8.1,75.4,3,6.6,16.1,12.9
E09105,Ricardo Ortiz,Lenguajes de Programación,2025-2,63.5,5.4,79.9,3,7.2,3.5,4.5
E09106,Iván Mamani,Matemática Discreta,2026-1,92.6,0.9,87.8,2,3.4,7.8,4.2
E09107,Andrés Medina,Matemática Discreta,2026-1,41.3,1.9,81.7,3,2.5,10.3,8.8
E09108,Ricardo Flores,Redes de Computadoras,2025-2,53.4,6.6,82.1,3,13.0,15.1,13.1
E09109,Estefanía Salazar,Base de Datos,2026-1,55.5,7.4,77.2,2,13.0,15.2,15.2
E09110,Diego Salazar,Redes de Computadoras,2026-1,84.1,9.2,82.1,1,10.5,8.7,3.3
E09111,Zoe Vega,Redes de Computadoras,2025-2,50.5,9.4,80.1,4,20,20,20
E09112,Fabián Pérez,Base de Datos,2026-1,58.1,6.4,74.7,3,17.0,18.2,20
E09113,Valeria Huamán,Redes de Computadoras,2026-1,,8.1,58.1,3,19.7,15.6,18.5
E09114,Valentina López,Base de Datos,2025-2,68.2,9.0,100,2,5.1,1.3,5.7
E09115,Bruno Rodríguez,Lenguajes de Programación,2025-2,40.9,3.1,57.6,2,3.2,6.8,5.2
E09116,Nicolás Zapata,Lenguajes de Programación,2026-1,77.4,11.8,22.9,3,7.2,13.7,10.5
E09117,Fernanda Mamani,Matemática Discreta,2026-1,51.4,7.9,78.9,2,7.0,5.1,6.3
E09118,Alonso Flores,Matemática Discreta,2026-1,76.0,7.7,86.1,4,11.0,15.4,14.5
E09119,Mateo Soto,Estructuras de Datos,2026-1,70.5,5.2,100,3,17.2,17.0,12.7
E09120,Iván Rodríguez,Redes de Computadoras,2026-1,73.6,6.5,38.3,3,12.2,,15.2
E09121,Julio Ortiz,Redes de Computadoras,2025-2,63.7,1.8,79.4,3,12.3,15.6,16.6
E09122,Renata Alva,Base de Datos,2025-2,71.1,0.9,100,3,20,20,20
E09123,Ana Palomino,Estructuras de Datos,2026-1,84.8,2.2,100,1,14.8,14.2,9.8
E09124,Milagros Rodríguez,Base de Datos,2025-2,58.6,3.9,70.4,1,15.6,10.4,12.6
E09125,Bruno Huamán,Base de Datos,2026-1,51.4,6.5,96.3,4,12.1,12.4,11.4
E09126,Fernanda Zapata,Matemática Discreta,2026-1,,7.5,80.0,4,15.3,19.3,12.6
E09127,Fernanda Cabrera,Redes de Computadoras,2025-2,59.1,13.6,64.1,5,11.0,5.6,9.6
E09128,Fabián Delgado,Matemática Discreta,2026-1,58.2,4.6,65.7,2,10.8,9.0,8.9
E09129,Estefanía Cabrera,Matemática Discreta,2026-1,97.1,2.5,100,3,7.6,8.2,9.8
E09130,Paula Pérez,Estructuras de Datos,2026-1,54.5,3.4,46.4,4,10.1,9.9,9.1
E09131,Adrián Medina,Estructuras de Datos,2025-2,50.9,0.2,67.1,3,5.8,3.1,15.4
E09132,Milagros Aguilar,Redes de Computadoras,2026-1,73.3,5.9,87.0,3,12.0,20,14.0
E09133,Jorge Vargas,Lenguajes de Programación,2026-1,50.1,6.1,87.4,3,20,15.3,13.7
E09134,Mateo García,Redes de Computadoras,2026-1,69.2,9.9,85.1,2,14.4,14.2,15.1
E09135,Estefanía Vega,Matemática Discreta,2026-1,55.7,0.3,100,3,15.2,14.6,9.6
E09136,Alejandra Cárdenas,Lenguajes de Programación,2026-1,56.1,4.3,85.1,4,19.1,15.6,18.6
E09137,Fabián Quispe,Lenguajes de Programación,2025-2,74.5,6.5,78.2,3,17.3,20,16.2
E09138,Alonso García,Lenguajes de Programación,2026-1,82.3,12.7,47.3,4,17.6,20,17.1
E09139,Alejandra Cruz,Estructuras de Datos,2026-1,87.3,1.2,76.3,2,7.0,4.5,7.2
E09140,Daniela Quispe,Redes de Computadoras,2026-1,93.6,5.5,72.3,3,18.6,15.5,17.5
E09141,Isabela Zapata,Redes de Computadoras,2026-1,67.4,7.2,84.2,3,10.1,18.3,11.6
E09142,Emilia Castillo,Base de Datos,2026-1,100,6.7,100,3,10.1,14.8,9.8
E09143,Miguel Rivas,Matemática Discreta,2026-1,97.6,2.4,,3,9.0,9.8,5.1
E09144,Ximena García,Estructuras de Datos,2025-2,64.6,10.5,73.5,4,7.7,8.2,9.7
E09145,Miguel Medina,Base de Datos,2025-2,83.5,8.4,44.3,4,20,16.7,19.3
E09146,Estefanía Cárdenas,Lenguajes de Programación,2025-2,82.4,6.0,84.8,3,15.9,12.2,8.4
E09147,Rosa Sánchez,Matemática Discreta,2025-2,68.2,4.3,84.9,2,16.5,20,20
E09148,Paula Palomino,Lenguajes de Programación,2026-1,85.3,7.4,86.8,3,13.4,10.5,9.4
E09149,Lucía Mendoza,Estructuras de Datos,2026-1,60.3,18.6,61.7,4,18.1,20,20
E09150,Ricardo López,Lenguajes de Programación,2026-1,77.9,4.3,52.2,4,12.7,12.9,18.3
E09151,Nicolás Delgado,Redes de Computadoras,2026-1,95.9,7.4,98.4,2,9.3,10.4,11.0
E09152,Renata Reyes,Estructuras de Datos,2026-1,83.2,2.1,95.8,3,2.9,5.8,10.8
E09153,Tomás Herrera,Redes de Computadoras,2026-1,76.5,5.9,100,4,8.1,6.9,6.4
E09154,Mateo Aguilar,Base de Datos,2026-1,86.0,5.3,82.4,2,17.7,10.7,11.9
E09155,Alejandra Vega,Base de Datos,2026-1,52.8,6.8,80.4,3,7.0,16.6,14.7
E09156,Paula Cárdenas,Redes de Computadoras,2026-1,80.2,9.0,42.6,2,15.8,19.2,20
E09157,Mateo Aguilar,Redes de Computadoras,2026-1,81.9,5.6,90.8,1,11.1,8.5,7.8
E09158,Diego Ortiz,Redes de Computadoras,2025-2,68.3,0,54.6,1,11.0,6.7,13.1
E09159,Bruno Torres,Lenguajes de Programación,2026-1,100,7.9,74.8,4,14.9,11.8,12.9
E09160,Alonso Medina,Estructuras de Datos,2026-1,67.7,9.7,51.0,3,7.8,11.9,13.0
E09161,Milagros Cárdenas,Matemática Discreta,2026-1,61.1,9.0,60.2,3,11.3,10.8,3.9
E09162,Estefanía García,Redes de Computadoras,2025-2,75.6,11.1,69.3,2,13.7,13.0,11.8
E09163,Iván Ramírez,Matemática Discreta,2025-2,47.1,7.6,100,4,13.2,20,19.1
E09164,Sofía Cruz,Lenguajes de Programación,2025-2,100,0.9,56.3,5,12.9,15.1,11.1
E09165,Jorge Delgado,Base de Datos,2025-2,86.9,7.5,100,4,12.3,12.1,9.5
E09166,Valentina Huamán,Matemática Discreta,2025-2,84.7,2.3,75.0,3,6.7,7.3,8.9
E09167,Franco López,Estructuras de Datos,2025-2,80.2,6.0,82.8,3,20,19.7,15.5
E09168,Lucía Chávez,Redes de Computadoras,2025-2,71.5,5.4,48.6,5,16.4,13.8,15.6
E09169,Renata Alva,Matemática Discreta,2026-1,66.4,9.5,49.0,3,17.6,17.3,17.6
E09170,Miguel Herrera,Matemática Discreta,2026-1,62.2,10.8,83.6,3,15.9,17.2,17.0
E09171,Rosa Rojas,Lenguajes de Programación,2025-2,100,2.6,54.9,3,15.6,8.0,12.3
E09172,Ana Palomino,Matemática Discreta,2026-1,69.5,10.9,56.4,2,20,20,19.0
E09173,Emilio Ramírez,Base de Datos,2025-2,81.0,8.4,93.3,1,10.2,15.5,14.9
E09174,Fernanda Mamani,Lenguajes de Programación,2026-1,88.5,3.2,70.4,3,10.8,13.5,18.1
E09175,Emilia Mamani,Matemática Discreta,2026-1,61.4,0.3,77.2,2,14.4,17.1,15.5
E09176,Jorge Aguilar,Estructuras de Datos,2026-1,55.3,8.2,61.7,3,16.0,13.2,10.7
E09177,Bruno Ramírez,Lenguajes de Programación,2026-1,62.6,0,73.9,4,10.5,10.9,8.3
E09178,Diego Delgado,Lenguajes de Programación,2026-1,46.7,1.2,53.3,4,8.7,12.2,12.0
E09179,Adrián Cruz,Matemática Discreta,2026-1,60.7,9.5,61.0,3,10.6,7.2,6.9
E09180,Valeria Espinoza,Redes de Computadoras,2025-2,78.4,2.3,49.6,2,12.0,10.6,13.3
E09181,Bruno Soto,Redes de Computadoras,2026-1,67.5,12.4,60.4,4,19.4,11.8,14.8
E09182,Valeria Paredes,Redes de Computadoras,2025-2,46.0,0,78.0,3,13.1,14.5,15.7
E09183,Julio Pérez,Lenguajes de Programación,2025-2,69.8,6.4,75.3,4,16.7,20,16.3
E09184,Emilio Torres,Base de Datos,2026-1,66.1,6.0,72.4,4,7.0,11.5,8.2
E09185,Julio Gutiérrez,Base de Datos,2025-2,69.5,4.1,73.8,2,4.5,10.3,5.4
E09186,Sofía García,Base de Datos,2026-1,77.2,2.9,68.5,3,6.4,12.0,6.9
E09187,Fabián Paredes,Redes de Computadoras,2025-2,84.5,7.0,97.9,5,16.4,17.3,15.4
E09188,Natalia Paredes,Lenguajes de Programación,2025-2,77.8,8.2,95.7,4,13.7,14.8,19.1
E09189,Isabela Ponce,Lenguajes de Programación,2025-2,92.1,7.1,68.3,3,11.7,13.9,17.6
E09190,Julio Ramírez,Base de Datos,2026-1,100,7.6,81.9,3,19.2,17.0,15.1
E09191,Lucía Salazar,Base de Datos,2025-2,43.4,4.4,80.6,4,8.6,7.6,10.1
E09192,Paula Ortiz,Lenguajes de Programación,2026-1,80.9,6.1,55.0,3,11.2,12.5,14.2
E09193,Luis Vargas,Base de Datos,2025-2,85.5,5.6,72.7,3,14.4,11.5,16.4
E09194,Adrián Reyes,Base de Datos,2025-2,97.6,7.7,72.6,2,16.2,18.6,16.4
E09195,Isabela Cárdenas,Lenguajes de Programación,2025-2,75.8,3.8,68.2,2,17.1,12.6,11.8
E09196,Camila García,Redes de Computadoras,2026-1,84.2,3.0,92.6,2,10.1,9.9,11.0
E09197,Emilia Cárdenas,Estructuras de Datos,2026-1,80.5,5.1,87.6,3,7.7,15.0,8.8
E09198,Carlos Pérez,Redes de Computadoras,2025-2,86.3,2.8,86.7,1,2.8,4.7,5.8
E09199,Ricardo Paredes,Matemática Discreta,2025-2,100,5.1,56.8,3,11.5,10.8,14.4
E09200,Rodrigo Torres,Estructuras de Datos,2025-2,78.3,1.8,84.1,1,13.2,11.0,16.0
E09201,Zoe Delgado,Base de Datos,2025-2,59.3,6.0,81.1,3,11.8,12.3,11.6
E09202,Estefanía Herrera,Lenguajes de Programación,2026-1,29.3,5.4,37.6,1,14.3,14.2,19.5
E09203,Isabela Ramírez,Base de Datos,2025-2,86.0,5.6,63.3,4,16.7,11.8,17.8
E09204,Iván Paredes,Lenguajes de Programación,2026-1,80.1,12.0,,4,15.1,12.7,14.8
E09205,Gabriela Zapata,Base de Datos,2026-1,94.2,7.2,69.1,3,2.7,3.3,0.4
E09206,Gabriela Mendoza,Base de Datos,2026-1,100,0,77.6,3,13.8,14.6,12.6
E09207,Ana Aguilar,Base de Datos,2026-1,64.2,7.6,52.0,5,8.8,6.0,9.9
E09208,Rosa Salazar,Estructuras de Datos,2025-2,58.0,5.9,85.4,2,13.0,6.7,13.5
E09209,Julio López,Lenguajes de Programación,2026-1,60.6,7.3,47.6,4,15.1,12.5,11.0
E09210,Emilia Cruz,Base de Datos,2025-2,63.7,7.5,82.0,3,5.8,11.0,7.4
E09211,Renata Vargas,Base de Datos,2026-1,54.2,6.4,63.4,3,10.1,9.5,5.0
E09212,Fabián Flores,Redes de Computadoras,2026-1,62.9,7.1,71.6,3,14.4,11.6,14.9
E09213,Emilia Rojas,Lenguajes de Programación,2026-1,78.7,3.6,100,1,14.8,18.9,20
E09214,Fabián Salazar,Lenguajes de Programación,2026-1,58.1,12.8,81.5,3,10.8,9.0,10.4
E09215,Joaquín Rojas,Redes de Computadoras,2025-2,42.0,12.1,81.6,2,10.8,13.7,16.6
E09216,Fernanda Espinoza,Matemática Discreta,2025-2,44.4,3.0,39.4,4,20,15.0,16.9
E09217,Nicolás García,Lenguajes de Programación,2026-1,74.9,8.6,62.5,5,18.8,16.5,13.1
E09218,Emilio Zapata,Matemática Discreta,2026-1,65.9,5.7,84.6,4,20,19.2,19.8
E09219,Gabriela Vargas,Matemática Discreta,2025-2,52.4,5.1,79.8,2,16.4,20,16.3
E09220,Estefanía Alva,Redes de Computadoras,2026-1,70.1,8.4,34.8,3,16.1,18.7,14.4
E09221,Antonella Pérez,Matemática Discreta,2026-1,48.3,7.4,88.1,4,15.9,15.4,14.0
E09222,Diego Espinoza,Matemática Discreta,2026-1,56.3,1.1,45.1,3,9.5,12.3,12.9
E09223,Fabián Paredes,Lenguajes de Programación,2025-2,71.4,0.5,37.5,2,12.6,13.4,11.0
E09224,Mateo Mendoza,Lenguajes de Programación,2026-1,60.3,3.9,82.4,3,4.2,4.4,4.0
E09225,Julio Huamán,Base de Datos,2025-2,78.6,9.9,67.2,2,0,0,2.6
E09226,Sebastián Soto,Matemática Discreta,2025-2,73.7,4.1,70.9,3,6.3,8.7,6.2
E09227,Miguel Paredes,Lenguajes de Programación,2026-1,100,7.0,92.2,3,,17.6,14.5
E09228,Valeria Aguilar,Redes de Computadoras,2026-1,88.6,3.6,92.9,2,8.3,10.7,12.5
E09229,Fabián López,Base de Datos,2026-1,82.1,8.7,50.6,2,14.8,14.9,15.8
E09230,Sebastián Delgado,Lenguajes de Programación,2025-2,64.3,6.0,60.3,2,10.4,9.6,10.5
E09231,Emilio Huamán,Redes de Computadoras,2026-1,71.0,10.8,40.3,3,9.4,13.7,12.0
E09232,Vicente Salazar,Redes de Computadoras,2025-2,77.0,2.0,81.0,2,13.5,12.8,14.8
E09233,Renata Torres,Lenguajes de Programación,2026-1,54.9,0.2,82.5,3,11.0,15.1,7.8
E09234,Zoe Vega,Base de Datos,2025-2,59.0,4.2,65.4,2,11.8,10.5,9.6
E09235,Alejandra Medina,Lenguajes de Programación,2025-2,56.9,6.2,74.1,4,6.5,3.2,4.3
E09236,Rosa Mendoza,Estructuras de Datos,2025-2,73.6,6.6,43.3,4,11.0,5.4,11.6
E09237,Renata Herrera,Estructuras de Datos,2026-1,46.6,4.6,49.2,1,11.6,15.0,7.8
E09238,Antonella Rivas,Redes de Computadoras,2025-2,74.1,6.6,100,1,12.7,13.9,16.6
E09239,Estefanía Alva,Base de Datos,2025-2,56.8,6.0,80.7,2,15.1,14.8,15.2
E09240,Franco Ortiz,Lenguajes de Programación,2025-2,44.8,9.5,100,1,5.3,5.2,10.7
E09241,Diego Cárdenas,Matemática Discreta,2025-2,61.8,7.9,66.9,5,12.2,12.7,13.3
E09242,Fernanda Sánchez,Lenguajes de Programación,2025-2,92.0,1.6,31.5,5,11.7,11.3,11.8
E09243,Renata García,Estructuras de Datos,2025-2,84.6,5.7,88.6,5,13.4,11.5,10.5
E09244,Renata Salazar,Estructuras de Datos,2026-1,100,1.4,74.2,1,15.5,13.7,15.8
E09245,Andrés Medina,Matemática Discreta,2025-2,55.2,8.4,93.5,2,10.2,9.5,11.3
E09246,Emilia Mamani,Lenguajes de Programación,2025-2,70.8,9.7,100,4,19.5,19.6,18.6
E09247,Bruno Salazar,Redes de Computadoras,2025-2,70.7,12.7,88.6,2,12.8,14.7,18.8
E09248,Isabela Chávez,Matemática Discreta,2025-2,74.5,9.4,94.3,1,15.3,9.7,12.1
E09249,Rodrigo Cárdenas,Estructuras de Datos,2025-2,51.4,11.1,81.1,1,4.9,5.6,8.3
E09250,Diego Rojas,Base de Datos,2026-1,72.9,7.6,91.4,5,8.0,6.5,7.4
E09251,Sofía Cárdenas,Redes de Computadoras,2025-2,65.9,9.4,79.3,3,4.4,7.1,7.3
E09252,Adrián Mendoza,Lenguajes de Programación,2026-1,47.3,10.7,73.4,3,18.2,14.0,18.6
E09253,Martina Chávez,Lenguajes de Programación,2026-1,83.3,11.0,78.8,3,18.3,16.4,15.2
E09254,Mateo Reyes,Redes de Computadoras,2026-1,71.0,9.2,84.7,5,11.6,13.8,14.7
E09255,Rosa Rivas,Lenguajes de Programación,2025-2,68.8,6.2,71.5,2,20,20,16.4
E09256,Natalia Aguilar,Lenguajes de Programación,2026-1,72.6,5.0,39.8,3,10.0,10.9,13.5
E09257,Martina Salazar,Lenguajes de Programación,2026-1,91.3,1.7,83.8,2,14.0,10.3,15.7
E09258,Sofía Cárdenas,Lenguajes de Programación,2026-1,87.4,4.3,65.0,4,0.4,4.2,2.8
E09259,Renata Rivas,Base de Datos,2026-1,74.5,3.8,100,2,7.9,10.5,15.0
E09260,Fabián Herrera,Redes de Computadoras,2026-1,88.3,9.8,100,2,9.3,14.3,13.9
E09261,Diego García,Base de Datos,2025-2,35.2,8.4,,5,8.0,8.7,10.4
E09262,Estefanía Rivas,Lenguajes de Programación,2026-1,50.2,5.1,66.9,2,9.6,8.5,8.8
E09263,Manuel Aguilar,Lenguajes de Programación,2026-1,56.5,3.9,46.6,2,14.0,16.2,16.8
E09264,Isabela Espinoza,Matemática Discreta,2025-2,66.6,8.1,100,3,9.4,,13.5
E09265,Ana García,Estructuras de Datos,2026-1,93.7,2.9,58.2,2,15.3,16.2,18.0
E09266,Daniela Torres,Estructuras de Datos,2025-2,72.0,4.5,88.0,5,9.1,11.3,10.5
E09267,Alonso Herrera,Estructuras de Datos,2026-1,54.7,5.5,88.6,3,11.6,20,15.3
E09268,Isabela Rodríguez,Matemática Discreta,2026-1,92.1,9.5,84.0,4,20,13.3,16.8
E09269,Emilio Aguilar,Matemática Discreta,2025-2,55.0,5.1,39.0,1,12.2,7.8,13.1
E09270,Gabriela Medina,Matemática Discreta,2025-2,93.8,6.7,62.7,4,17.0,20,13.7
E09271,Valeria Cruz,Matemática Discreta,2025-2,,9.1,87.3,3,6.9,5.4,8.4
E09272,Nicolás Castillo,Matemática Discreta,2026-1,70.0,9.0,92.6,2,11.5,10.3,9.7
E09273,Vicente Reyes,Lenguajes de Programación,2025-2,76.6,6.6,70.6,3,15.5,15.2,20
E09274,Julio Ramírez,Redes de Computadoras,2025-2,45.4,2.7,100,3,19.2,18.7,20
E09275,Jorge Rodríguez,Base de Datos,2025-2,,6.0,92.8,5,1.2,5.1,10.4
E09276,Miguel Cruz,Lenguajes de Programación,2025-2,65.3,5.3,76.5,3,13.8,16.1,14.0
E09277,Martina Torres,Estructuras de Datos,2026-1,81.1,5.6,72.6,2,6.2,9.9,15.2
E09278,Fabián Rivas,Estructuras de Datos,2025-2,73.6,11.3,100,3,13.6,8.7,7.6
E09279,Lucía Paredes,Redes de Computadoras,2025-2,45.6,9.3,66.5,2,8.8,6.4,11.1
E09280,Mateo Gutiérrez,Redes de Computadoras,2025-2,43.8,9.2,57.9,3,15.0,17.0,18.4
E09281,Alejandra Vargas,Matemática Discreta,2025-2,100,6.9,91.4,3,13.2,14.5,14.5
E09282,Franco Cruz,Matemática Discreta,2025-2,51.4,9.7,92.3,3,9.0,4.2,7.9
E09283,Iván Huamán,Lenguajes de Programación,2026-1,85.4,5.6,89.1,4,9.9,12.6,6.1
E09284,Franco Pérez,Redes de Computadoras,2025-2,65.7,10.7,55.2,3,7.8,11.0,11.5
E09285,Luis Delgado,Lenguajes de Programación,2025-2,65.4,3.9,81.9,5,20,19.5,20
E09286,Alejandra Mamani,Redes de Computadoras,2026-1,84.3,0,74.8,4,17.3,16.9,17.1
E09287,Rodrigo Palomino,Estructuras de Datos,2025-2,73.7,8.1,72.4,3,11.4,12.9,15.2
E09288,Bruno Ponce,Matemática Discreta,2025-2,93.0,11.4,65.0,2,11.8,13.0,9.8
E09289,Renata López,Redes de Computadoras,2025-2,46.2,1.4,68.9,4,8.1,9.4,16.9
E09290,Fernanda Ponce,Lenguajes de Programación,2025-2,46.3,4.6,69.5,4,17.0,17.8,15.5
E09291,Milagros Huamán,Redes de Computadoras,2025-2,69.7,7.2,100,1,16.3,9.7,9.4
E09292,Ana Sánchez,Base de Datos,2026-1,100,5.4,93.3,2,12.8,7.7,8.9
E09293,Ximena Herrera,Matemática Discreta,2026-1,67.4,3.0,66.5,1,18.4,16.8,17.2
E09294,Milagros Huamán,Redes de Computadoras,2026-1,65.7,7.8,38.5,3,18.3,18.7,17.8
E09295,Julio Paredes,Lenguajes de Programación,2025-2,84.4,7.7,87.5,3,13.6,10.9,12.5
E09296,Vicente Huamán,Redes de Computadoras,2025-2,78.4,14.2,93.2,2,12.4,19.3,12.5
E09297,Antonella Sánchez,Lenguajes de Programación,2026-1,93.8,5.4,88.2,3,10.6,19.5,15.4
E09298,Nicolás Quispe,Matemática Discreta,2025-2,71.7,6.0,100,5,14.6,14.5,13.8
E09299,Andrés Huamán,Estructuras de Datos,2025-2,79.0,5.8,55.1,2,20,20,19.1
E09300,Zoe Mendoza,Redes de Computadoras,2026-1,43.1,11.1,85.7,2,7.3,6.8,6.2
E09301,Adrián Torres,Base de Datos,2025-2,86.6,13.4,68.6,3,13.2,15.7,16.3
E09302,Joaquín Espinoza,Lenguajes de Programación,2026-1,70.4,4.1,68.0,4,19.2,15.8,20
E09303,Lucía Mendoza,Redes de Computadoras,2025-2,65.3,12.6,80.5,1,20,20,20
E09304,Fernanda Vargas,Base de Datos,2025-2,76.8,0,86.4,4,9.5,6.5,4.1
E09305,Andrés Cruz,Lenguajes de Programación,2025-2,59.9,2.1,82.1,5,17.8,13.8,16.5
E09306,Valeria Aguilar,Estructuras de Datos,2026-1,70.2,5.4,80.0,2,12.3,15.8,6.0
E09307,Gabriela Palomino,Matemática Discreta,2026-1,83.4,7.6,69.3,2,6.9,11.5,12.6
E09308,Ximena Mamani,Matemática Discreta,2026-1,75.4,3.8,54.8,5,16.3,14.7,10.3
E09309,María Palomino,Lenguajes de Programación,2026-1,53.9,5.7,72.7,3,16.5,16.1,16.1
E09310,Mateo Pérez,Lenguajes de Programación,2025-2,48.6,8.8,69.9,2,8.2,5.0,8.3
E09311,Iván Rodríguez,Redes de Computadoras,2026-1,62.3,5.8,51.3,1,11.3,12.0,5.6
E09312,Lucía Cárdenas,Matemática Discreta,2026-1,82.9,8.3,56.4,4,18.6,17.1,20
E09313,Diego Aguilar,Matemática Discreta,2025-2,68.5,7.2,75.9,2,0.3,3.7,0
E09314,Andrés Pérez,Redes de Computadoras,2026-1,82.1,7.6,80.9,2,11.0,7.3,7.9
E09315,Bruno Delgado,Redes de Computadoras,2026-1,64.2,6.3,75.3,5,12.4,11.0,14.7
E09316,Vicente Torres,Estructuras de Datos,2026-1,90.6,5.5,93.1,3,7.2,13.4,12.0
E09317,Martina Huamán,Estructuras de Datos,2025-2,70.1,4.4,40.9,3,9.1,9.7,14.0
E09318,Sofía Chávez,Estructuras de Datos,2026-1,65.6,2.4,73.0,4,11.1,13.7,11.4
E09319,Milagros Mendoza,Lenguajes de Programación,2026-1,85.7,4.3,100,4,8.3,13.9,16.7
E09320,Ricardo Chávez,Matemática Discreta,2026-1,56.3,5.2,62.9,1,18.4,14.7,14.3
E09321,Daniela Castillo,Estructuras de Datos,2025-2,66.0,1.3,74.2,3,8.7,12.1,16.9
E09322,Luis Chávez,Matemática Discreta,2025-2,66.2,6.8,93.2,1,,17.2,18.6
E09323,Andrés Delgado,Lenguajes de Programación,2025-2,32.1,13.8,73.4,3,16.5,14.9,11.6
E09324,Paula López,Estructuras de Datos,2026-1,95.5,6.7,65.2,3,13.3,13.6,14.4
E09325,Adrián Pérez,Lenguajes de Programación,2026-1,100,10.9,93.6,5,15.0,13.4,16.0
E09326,Diego Cabrera,Estructuras de Datos,2025-2,71.2,9.3,61.2,3,7.8,7.9,14.0
E09327,Miguel Medina,Base de Datos,2025-2,68.7,5.8,82.2,3,18.6,17.7,11.8
E09328,Rosa Herrera,Redes de Computadoras,2026-1,68.2,5.9,70.0,2,9.8,9.9,5.8
E09329,Adrián Palomino,Base de Datos,2025-2,75.7,3.2,71.9,4,8.9,12.9,11.5
E09330,Sofía Torres,Lenguajes de Programación,2025-2,98.1,11.8,75.6,2,15.8,18.0,16.0
E09331,Miguel Vega,Redes de Computadoras,2026-1,82.3,9.3,58.5,3,15.9,17.2,20
E09332,Jorge Sánchez,Matemática Discreta,2025-2,64.5,3.3,84.5,2,16.1,,12.4
E09333,Valentina Ponce,Matemática Discreta,2026-1,67.6,5.6,64.9,4,8.0,8.5,8.4
E09334,Carlos Rivas,Matemática Discreta,2025-2,70.3,8.1,90.3,2,12.1,6.7,5.6
E09335,Bruno Torres,Lenguajes de Programación,2026-1,53.5,6.2,73.9,4,13.3,15.0,14.5
E09336,Miguel Alva,Base de Datos,2026-1,66.8,5.7,88.6,3,19.7,18.0,16.6
E09337,Paula García,Matemática Discreta,2025-2,88.1,9.1,70.7,2,10.6,8.7,11.4
E09338,Renata Mamani,Base de Datos,2025-2,73.9,6.0,100,2,9.0,9.0,5.5
E09339,Renata Gutiérrez,Matemática Discreta,2025-2,84.6,7.5,100,3,11.8,14.1,11.7
E09340,Valentina Aguilar,Estructuras de Datos,2026-1,50.7,8.6,81.6,3,18.1,17.3,18.6
E09341,Natalia Palomino,Redes de Computadoras,2025-2,72.3,7.8,90.0,4,8.8,8.3,9.2
E09342,Estefanía Paredes,Lenguajes de Programación,2025-2,73.7,0,76.5,5,9.5,11.9,7.2
E09343,Ricardo Quispe,Matemática Discreta,2025-2,67.4,8.7,56.3,5,7.4,5.2,9.1
E09344,Jorge Ponce,Lenguajes de Programación,2025-2,61.0,9.8,59.1,4,16.3,14.2,15.4
E09345,Camila Alva,Matemática Discreta,2026-1,75.7,8.9,83.5,4,13.6,17.4,12.5
E09346,Lucía Gutiérrez,Matemática Discreta,2026-1,100,9.5,63.7,4,8.6,6.5,7.7
E09347,Camila Delgado,Matemática Discreta,2026-1,59.9,2.3,70.0,1,11.3,13.2,13.2
E09348,Rodrigo Rojas,Estructuras de Datos,2025-2,91.5,5.2,54.7,5,12.1,8.9,9.6
E09349,Alejandra Flores,Estructuras de Datos,2026-1,50.1,0,82.8,4,7.7,4.5,8.7
E09350,Emilia García,Matemática Discreta,2025-2,66.8,3.1,65.8,2,13.5,12.2,14.7
E09351,Gabriela Gutiérrez,Redes de Computadoras,2026-1,62.6,8.7,59.5,5,14.3,18.8,12.6
E09352,Alejandra Pérez,Redes de Computadoras,2025-2,64.6,5.4,82.4,3,20,17.2,9.2
E09353,Diego Reyes,Estructuras de Datos,2026-1,97.1,0.9,61.5,5,5.8,8.1,7.6
E09354,Sofía Pérez,Lenguajes de Programación,2026-1,72.6,9.9,72.0,3,13.5,11.0,13.1
E09355,Ricardo Soto,Matemática Discreta,2026-1,90.8,9.5,63.3,3,7.5,7.1,12.5
E09356,Mateo Palomino,Estructuras de Datos,2025-2,94.6,7.2,72.4,4,10.6,9.4,9.8
E09357,Camila Zapata,Estructuras de Datos,2026-1,87.6,2.4,73.2,5,11.6,8.9,10.5
E09358,Manuel Sánchez,Redes de Computadoras,2025-2,79.8,5.3,25.9,2,9.3,2.9,6.0
E09359,Rosa Quispe,Lenguajes de Programación,2025-2,54.6,3.0,60.4,4,8.6,11.6,17.5
E09360,Miguel Pérez,Estructuras de Datos,2025-2,59.9,3.2,43.2,2,9.1,8.7,11.7
E09361,Valentina Alva,Estructuras de Datos,2026-1,63.3,4.9,78.9,4,12.1,12.0,9.9
E09362,Emilio Sánchez,Estructuras de Datos,2026-1,64.7,4.6,100,4,16.4,15.1,12.0
E09363,Franco Medina,Estructuras de Datos,2025-2,77.9,3.5,80.4,1,16.3,9.7,12.0
E09364,Adrián Paredes,Base de Datos,2025-2,52.5,3.7,83.7,3,16.0,19.5,14.6
E09365,Antonella Rodríguez,Matemática Discreta,2026-1,69.3,4.7,72.4,2,15.8,15.8,12.9
E09366,Franco Reyes,Estructuras de Datos,2026-1,82.3,3.0,68.1,1,12.3,17.1,19.6
E09367,Miguel Zapata,Lenguajes de Programación,2026-1,53.1,4.5,84.4,2,14.3,20,15.6
E09368,Vicente Ponce,Lenguajes de Programación,2026-1,61.0,5.9,95.1,4,14.4,13.0,14.9
E09369,Alejandra Ramírez,Matemática Discreta,2025-2,86.4,7.5,66.0,3,20,20,20
E09370,Julio García,Base de Datos,2026-1,92.2,3.7,67.3,3,8.8,14.6,9.3
E09371,Isabela Mamani,Base de Datos,2026-1,32.6,10.1,100,3,8.7,18.4,14.1
E09372,Alejandra Medina,Matemática Discreta,2026-1,50.1,6.3,84.6,1,9.8,11.1,10.7
E09373,Emilia Zapata,Matemática Discreta,2026-1,81.3,10.0,70.3,3,19.1,20,16.5
E09374,Zoe López,Base de Datos,2026-1,87.1,3.1,81.3,3,14.2,12.1,15.4
E09375,Ana Chávez,Base de Datos,2026-1,40.4,10.2,73.6,3,18.7,19.2,20
E09376,Sofía Cruz,Base de Datos,2026-1,35.3,8.3,97.3,5,18.8,15.8,17.4
E09377,Zoe Mendoza,Lenguajes de Programación,2025-2,57.6,7.1,43.1,2,10.7,13.1,9.1
E09378,Valentina Aguilar,Redes de Computadoras,2025-2,70.7,6.3,53.5,5,12.5,10.5,13.4
E09379,Ximena Cárdenas,Lenguajes de Programación,2026-1,99.8,0,72.6,3,11.0,14.3,10.5
E09380,Manuel Rojas,Matemática Discreta,2026-1,82.4,5.1,52.3,2,17.0,12.2,13.9
E09381,Paula Cabrera,Redes de Computadoras,2026-1,78.1,8.1,65.7,4,20,12.1,17.7
E09382,Natalia Vega,Base de Datos,2025-2,88.7,2.7,36.2,1,12.2,13.3,11.8
E09383,Valentina Reyes,Redes de Computadoras,2026-1,45.0,9.9,64.7,3,13.2,17.0,14.8
E09384,Diego Zapata,Estructuras de Datos,2026-1,100,4.0,78.2,3,2.7,6.3,4.6
E09385,Renata Ponce,Estructuras de Datos,2025-2,100,11.4,65.0,3,11.4,11.8,15.8
E09386,María Aguilar,Base de Datos,2025-2,52.5,4.5,46.6,4,12.3,9.8,8.2
E09387,Fabián Quispe,Matemática Discreta,2025-2,83.9,9.1,82.4,5,13.4,16.1,15.7
E09388,Milagros Espinoza,Matemática Discreta,2026-1,38.0,6.6,99.1,3,13.9,17.4,18.5
E09389,Mateo Ponce,Redes de Computadoras,2026-1,80.7,13.1,63.0,3,17.3,17.7,16.7
E09390,Rosa Ramírez,Lenguajes de Programación,2025-2,100,2.8,79.1,3,11.7,14.4,16.8
E09391,Martina Huamán,Redes de Computadoras,2026-1,67.0,0,67.0,3,18.6,19.1,20
E09392,Rodrigo Salazar,Base de Datos,2025-2,90.8,2.7,100,3,18.5,16.9,15.1
E09393,Valentina Soto,Matemática Discreta,2026-1,100,6.3,91.7,2,17.6,16.5,16.1
E09394,Ximena Flores,Estructuras de Datos,2026-1,78.4,0,75.9,3,15.1,19.2,20
E09395,Alonso Huamán,Lenguajes de Programación,2026-1,85.2,3.6,59.5,3,18.9,,20
E09396,Luis Ortiz,Base de Datos,2025-2,44.8,10.4,67.2,2,15.0,14.6,14.6
E09397,Emilia Ortiz,Redes de Computadoras,2026-1,52.3,2.8,43.8,5,,12.6,9.9
E09398,Rodrigo Chávez,Lenguajes de Programación,2026-1,88.8,9.0,67.4,3,8.6,8.5,8.2
E09399,Valentina Pérez,Matemática Discreta,2026-1,96.2,6.7,91.5,3,3.9,6.4,1.7
E09400,Nicolás Sánchez,Base de Datos,2025-2,49.1,4.8,56.9,4,12.6,9.6,10.0
E09401,Estefanía Zapata,Redes de Computadoras,2025-2,80.7,3.7,39.3,2,15.3,12.7,17.1
E09402,Camila Alva,Base de Datos,2025-2,73.7,5.2,62.9,3,7.9,4.2,8.7
E09403,Alejandra Palomino,Estructuras de Datos,2026-1,62.8,0,96.4,4,11.7,9.1,12.3
E09404,Emilio Espinoza,Base de Datos,2025-2,79.2,6.5,91.4,4,8.7,7.7,9.1
E09405,Tomás Ramírez,Matemática Discreta,2026-1,99.4,2.5,65.5,4,12.1,15.5,14.5
E09406,Natalia Pérez,Matemática Discreta,2026-1,68.9,11.2,100,3,11.3,9.0,5.6
E09407,Manuel Salazar,Base de Datos,2025-2,78.2,5.9,78.3,2,11.6,8.6,12.2
E09408,Nicolás Herrera,Lenguajes de Programación,2026-1,56.8,6.4,74.0,4,12.7,11.9,12.4
E09409,Isabela Reyes,Base de Datos,2026-1,65.0,8.2,80.6,3,8.5,14.0,14.1
E09410,Tomás Vega,Redes de Computadoras,2025-2,56.5,3.3,94.4,5,17.1,13.5,14.1
E09411,Bruno Rodríguez,Matemática Discreta,2025-2,74.7,0.3,78.5,5,20,20,20
E09412,Valentina Castillo,Base de Datos,2025-2,25.2,2.5,69.4,4,15.0,17.2,20
E09413,Manuel Salazar,Estructuras de Datos,2025-2,78.2,8.8,61.1,4,14.1,11.3,13.7
E09414,Valeria Herrera,Redes de Computadoras,2025-2,80.3,16.1,73.4,2,7.3,4.6,6.4
E09415,Natalia Torres,Estructuras de Datos,2026-1,71.9,9.2,78.3,2,14.3,10.5,14.5
E09416,Rosa Palomino,Redes de Computadoras,2026-1,68.5,1.8,100,3,11.2,8.8,16.1
E09417,Lucía Paredes,Redes de Computadoras,2026-1,65.2,5.3,65.1,3,15.4,12.9,14.1
E09418,Martina Vega,Matemática Discreta,2025-2,61.1,9.3,64.2,3,20,16.6,20
E09419,Emilio Salazar,Base de Datos,2026-1,94.2,6.5,81.5,1,9.8,16.3,6.4
E09420,Manuel Alva,Matemática Discreta,2025-2,44.3,3.3,87.8,3,13.3,13.9,13.2
E09421,Adrián Paredes,Redes de Computadoras,2025-2,89.0,3.4,87.6,2,20,17.9,16.8
E09422,Paula Gutiérrez,Lenguajes de Programación,2025-2,35.2,8.8,69.1,4,13.0,7.5,9.7
E09423,Ana Ponce,Base de Datos,2026-1,100,3.2,62.5,2,11.0,9.9,13.1
E09424,Ana Torres,Matemática Discreta,2025-2,72.6,6.3,100,4,9.7,15.6,14.3
E09425,Carlos Delgado,Redes de Computadoras,2026-1,70.1,4.0,,4,10.8,12.1,19.9
E09426,Rosa Flores,Base de Datos,2025-2,83.2,5.5,81.8,5,14.8,9.8,11.5
E09427,Renata Vargas,Redes de Computadoras,2026-1,75.9,8.0,90.1,4,8.7,15.0,7.5
E09428,Fernanda Soto,Estructuras de Datos,2025-2,100,8.1,80.7,5,15.8,17.8,14.9
E09429,Antonella Cabrera,Estructuras de Datos,2026-1,58.4,0,66.2,3,9.1,5.7,6.7
E09430,Bruno Castillo,Base de Datos,2026-1,64.8,7.9,44.2,2,16.9,14.2,13.9
E09431,Rodrigo Alva,Estructuras de Datos,2025-2,77.9,9.4,48.5,2,7.4,11.1,11.6
E09432,Bruno Reyes,Estructuras de Datos,2026-1,100,7.6,69.4,4,11.2,13.9,16.7
E09433,Valentina Espinoza,Estructuras de Datos,2026-1,48.7,0,63.3,1,6.6,13.6,5.5
E09434,Valentina Pérez,Matemática Discreta,2025-2,100,3.2,59.9,4,20,20,20
E09435,Alejandra Chávez,Base de Datos,2025-2,100,5.8,82.0,3,13.3,13.2,16.3
E09436,Alejandra Rivas,Lenguajes de Programación,2026-1,88.7,3.9,90.0,4,11.4,7.3,10.2
E09437,Miguel Delgado,Base de Datos,2025-2,54.0,3.8,64.9,4,11.6,13.4,8.5
E09438,Iván Zapata,Base de Datos,2025-2,39.8,9.1,69.3,4,11.9,7.4,11.7
E09439,Sofía Soto,Lenguajes de Programación,2025-2,33.2,5.4,78.7,5,17.1,20,19.0
E09440,Franco Cabrera,Matemática Discreta,2025-2,76.8,6.8,84.0,2,16.6,15.7,14.5
E09441,Fabián Alva,Base de Datos,2025-2,100,4.7,53.0,3,6.8,10.0,10.3
E09442,Zoe Castillo,Matemática Discreta,2026-1,49.1,11.1,86.7,5,13.9,11.4,12.0
E09443,Bruno Huamán,Estructuras de Datos,2026-1,65.7,1.6,76.9,3,10.2,16.3,10.5
E09444,Adrián Huamán,Matemática Discreta,2025-2,66.2,5.3,75.3,3,11.0,10.5,9.2
E09445,Valentina Huamán,Lenguajes de Programación,2026-1,62.1,2.6,86.6,4,11.8,8.8,9.0
E09446,Franco Cruz,Estructuras de Datos,2025-2,100,10.8,93.7,2,6.4,8.7,7.5
E09447,Antonella Salazar,Redes de Computadoras,2025-2,100,7.6,85.5,2,13.7,19.8,15.0
E09448,Sebastián Torres,Base de Datos,2026-1,45.0,8.6,83.0,4,11.7,6.4,9.3
E09449,Lucía Torres,Redes de Computadoras,2026-1,29.8,3.3,74.5,4,7.3,8.4,9.3
E09450,Natalia Aguilar,Matemática Discreta,2026-1,45.3,4.3,38.5,3,19.7,17.2,15.3
E09451,Martina Cárdenas,Estructuras de Datos,2026-1,87.3,5.0,60.0,3,10.5,10.6,12.2
E09452,Valentina Flores,Matemática Discreta,2025-2,73.5,8.3,37.1,3,9.0,10.4,10.7
E09453,Gabriela Mendoza,Lenguajes de Programación,2026-1,93.8,10.2,68.3,5,6.8,5.9,3.3
E09454,Adrián Torres,Base de Datos,2025-2,79.6,4.7,66.9,3,10.3,7.8,12.3
E09455,Iván Chávez,Lenguajes de Programación,2026-1,70.4,5.6,79.6,3,5.4,10.2,6.8
E09456,Ricardo Soto,Estructuras de Datos,2025-2,31.1,11.8,76.0,3,11.0,14.1,9.4
E09457,Nicolás Medina,Matemática Discreta,2026-1,51.4,11.5,100,4,12.2,10.9,11.2
E09458,Jorge Cabrera,Lenguajes de Programación,2025-2,73.9,9.0,98.3,4,10.0,12.2,11.6
E09459,Luis Medina,Redes de Computadoras,2025-2,60.8,5.3,100,3,10.3,13.0,17.8
E09460,Miguel Huamán,Redes de Computadoras,2025-2,73.1,4.9,58.8,4,13.7,,13.9
E09461,Ricardo Mamani,Redes de Computadoras,2025-2,100,7.5,60.5,3,10.3,13.2,11.1
E09462,Emilio Espinoza,Estructuras de Datos,2026-1,72.9,7.4,92.3,4,19.1,20,18.3
E09463,Diego Vega,Redes de Computadoras,2026-1,85.8,4.7,65.6,4,14.7,15.3,10.1
E09464,Lucía García,Redes de Computadoras,2026-1,64.4,11.6,47.7,4,20,20,20
E09465,Emilio Delgado,Lenguajes de Programación,2025-2,100,8.7,65.0,3,6.8,10.0,9.9
E09466,Fabián Flores,Base de Datos,2026-1,50.9,8.0,80.3,3,10.6,9.1,7.1
E09467,Vicente García,Base de Datos,2026-1,75.4,7.7,68.3,3,10.2,13.8,17.5
E09468,Miguel Rodríguez,Redes de Computadoras,2026-1,72.4,0,79.4,2,18.9,20,20
E09469,Antonella Medina,Estructuras de Datos,2026-1,69.7,6.9,86.1,3,9.2,9.6,9.5
E09470,Natalia López,Estructuras de Datos,2026-1,90.9,4.1,95.9,3,10.4,10.5,17.0
E09471,Estefanía Palomino,Matemática Discreta,2026-1,53.3,6.4,79.6,4,18.7,15.3,20
E09472,Rosa Herrera,Redes de Computadoras,2025-2,73.0,8.5,77.9,3,17.4,20,19.3
E09473,Mateo Herrera,Base de Datos,2025-2,64.8,10.0,100,2,16.6,12.1,11.0
E09474,Ximena Mamani,Lenguajes de Programación,2026-1,66.8,4.2,87.9,3,9.4,11.3,5.3
E09475,Alejandra Ponce,Lenguajes de Programación,2025-2,72.5,5.8,82.2,2,15.6,9.3,15.9
E09476,Paula Delgado,Estructuras de Datos,2026-1,63.4,3.8,70.7,1,12.1,14.9,10.4
E09477,Sebastián Ponce,Matemática Discreta,2025-2,75.0,5.8,84.7,4,19.8,12.9,16.5
E09478,Diego Rojas,Redes de Computadoras,2025-2,90.4,9.4,71.2,4,15.8,17.5,16.0
E09479,Sebastián Sánchez,Lenguajes de Programación,2026-1,40.6,1.8,93.4,4,12.8,12.0,12.6
E09480,Nicolás Alva,Redes de Computadoras,2026-1,58.1,4.7,77.0,3,7.8,11.7,7.4
E09481,Martina Cabrera,Redes de Computadoras,2026-1,90.2,6.1,76.7,3,13.3,14.5,13.9
E09482,Gabriela Pérez,Base de Datos,2025-2,65.9,9.9,88.2,4,15.2,14.2,6.6
E09483,Gabriela Pérez,Redes de Computadoras,2026-1,47.2,8.3,86.3,3,17.4,20,17.1
E09484,Alejandra Vargas,Estructuras de Datos,2025-2,84.7,2.7,55.0,5,8.4,8.8,6.7
E09485,Emilia Alva,Redes de Computadoras,2026-1,42.2,6.2,61.2,3,11.7,11.0,10.8
E09486,Ximena Huamán,Matemática Discreta,2025-2,64.9,0,73.0,5,11.1,8.3,13.3
E09487,Paula Sánchez,Lenguajes de Programación,2025-2,66.9,6.2,100,3,6.2,10.3,10.0
E09488,Alejandra Quispe,Estructuras de Datos,2026-1,64.2,6.2,80.8,4,11.9,9.9,13.2
E09489,Emilia Pérez,Matemática Discreta,2025-2,59.1,3.9,75.8,4,9.3,8.0,3.7
E09490,Alejandra Mendoza,Estructuras de Datos,2025-2,68.7,11.2,59.0,3,6.6,11.2,9.6
E09491,María Herrera,Estructuras de Datos,2026-1,100,4.4,52.7,1,12.4,10.9,13.6
E09492,Alejandra López,Base de Datos,2026-1,84.6,2.3,76.5,2,12.3,16.2,18.1
E09493,Paula Herrera,Redes de Computadoras,2026-1,89.3,9.4,100,3,17.3,20,19.7
E09494,Gabriela Pérez,Redes de Computadoras,2025-2,67.0,3.7,66.0,3,11.7,10.9,9.7
E09495,Vicente Castillo,Estructuras de Datos,2026-1,100,8.1,54.5,4,4.6,6.8,9.5
E09496,Paula Alva,Lenguajes de Programación,2025-2,65.0,13.4,58.7,3,20,15.6,18.4
E09497,Ana Flores,Matemática Discreta,2026-1,84.8,3.5,73.4,4,8.8,15.0,5.0
E09498,Emilia Cabrera,Base de Datos,2025-2,90.0,8.3,48.2,2,6.4,,10.8
E09499,Martina Cabrera,Lenguajes de Programación,2026-1,67.8,9.0,28.5,2,14.3,16.2,15.8
E09500,Jorge Zapata,Lenguajes de Programación,2026-1,66.8,4.3,99.9,3,11.5,6.2,12.9
E09501,Joaquín Aguilar,Estructuras de Datos,2025-2,90.6,6.5,83.2,3,9.9,14.2,14.3
E09502,Diego Ortiz,Lenguajes de Programación,2025-2,74.0,6.8,100.0,3,,9.9,12.5
E09503,Daniela Salazar,Base de Datos,2025-2,70.6,8.8,57.5,3,14.3,19.2,14.2
E09504,Renata Pérez,Matemática Discreta,2026-1,100,9.3,80.3,3,10.8,15.8,13.0
E09505,Milagros Palomino,Lenguajes de Programación,2025-2,80.1,2.0,98.8,2,17.8,15.5,15.6
E09506,Fabián Quispe,Estructuras de Datos,2026-1,83.6,5.9,60.4,2,10.0,14.3,16.3
E09507,Andrés Soto,Redes de Computadoras,2026-1,79.8,4.5,67.2,3,7.0,8.9,9.1
E09508,Zoe Espinoza,Redes de Computadoras,2025-2,63.6,11.5,53.3,4,14.0,10.1,11.3
E09509,Sebastián Flores,Matemática Discreta,2026-1,100,2.4,75.9,2,14.7,12.3,13.4
E09510,Estefanía Salazar,Redes de Computadoras,2026-1,100,9.0,91.1,5,,19.6,14.9
E09511,Martina Soto,Base de Datos,2025-2,85.6,9.0,100,2,20.0,16.0,16.2
E09512,Sebastián Cabrera,Matemática Discreta,2025-2,78.0,9.1,44.2,3,16.9,18.7,20
E09513,Valentina Ortiz,Estructuras de Datos,2025-2,48.9,11.9,96.7,1,16.9,7.3,15.6
E09514,Mateo Espinoza,Lenguajes de Programación,2025-2,46.1,8.6,97.1,3,9.7,9.5,14.6
E09515,Isabela Ortiz,Redes de Computadoras,2026-1,71.8,5.8,80.9,2,17.3,13.5,13.4
E09516,Fabián Torres,Matemática Discreta,2025-2,59.7,6.2,47.0,3,14.3,15.1,15.5
E09517,Alonso Herrera,Estructuras de Datos,2025-2,80.7,7.5,64.4,4,14.2,12.0,10.0
E09518,Joaquín Reyes,Redes de Computadoras,2026-1,26.9,6.9,56.3,3,,12.0,10.2
E09519,Iván Rodríguez,Matemática Discreta,2025-2,45.8,9.0,56.2,2,18.1,19.6,14.4
E09520,Rodrigo Gutiérrez,Lenguajes de Programación,2026-1,100,13.9,77.1,5,13.3,20.0,15.9
E09521,Renata Cárdenas,Redes de Computadoras,2026-1,79.2,6.7,67.3,3,17.0,20,16.3
E09522,Joaquín Medina,Estructuras de Datos,2026-1,70.5,16.1,69.3,4,10.3,7.5,11.6
E09523,Estefanía Vega,Base de Datos,2025-2,65.3,15.0,75.4,5,11.9,18.9,12.7
E09524,Miguel Vargas,Matemática Discreta,2026-1,100,8.7,51.4,4,12.0,13.4,11.7
E09525,Nicolás Delgado,Matemática Discreta,2025-2,44.7,8.1,85.8,5,15.7,11.6,11.0
E09526,Gabriela Reyes,Lenguajes de Programación,2025-2,68.4,6.0,98.0,2,13.4,13.9,15.7
E09527,Rosa Palomino,Estructuras de Datos,2026-1,90.5,6.6,65.0,4,12.3,7.3,10.9
E09528,Estefanía Mamani,Redes de Computadoras,2025-2,72.9,0,76.0,2,17.1,18.4,15.1
E09529,Emilio Mendoza,Estructuras de Datos,2025-2,99.6,2.6,75.5,5,16.7,16.1,15.4
E09530,Camila García,Lenguajes de Programación,2025-2,96.8,9.3,100,2,16.6,12.9,12.2
E09531,Luis Castillo,Lenguajes de Programación,2026-1,54.3,2.3,92.2,3,14.5,11.0,8.5
E09532,Isabela Paredes,Base de Datos,2026-1,69.4,5.0,55.3,5,12.6,11.3,10.1
E09533,Miguel Herrera,Redes de Computadoras,2025-2,90.3,2.0,91.2,4,10.9,9.5,8.1
E09534,Bruno Soto,Matemática Discreta,2025-2,100,2.2,78.6,4,10.1,12.2,11.7
E09535,Alejandra Cruz,Redes de Computadoras,2025-2,64.5,5.9,85.5,3,17.1,14.1,10.4
E09536,Julio Palomino,Lenguajes de Programación,2025-2,84.6,5.7,89.9,3,13.3,16.6,6.7
E09537,Fernanda Sánchez,Estructuras de Datos,2025-2,95.8,0.4,98.5,2,20,18.5,19.6
E09538,Gabriela Aguilar,Estructuras de Datos,2025-2,82.0,4.5,84.5,3,11.0,6.3,13.1
E09539,Ana García,Matemática Discreta,2025-2,47.3,7.0,73.3,3,5.5,6.4,10.1
E09540,Vicente Rodríguez,Redes de Computadoras,2025-2,62.3,0,79.4,4,19.2,19.0,20
E09541,Estefanía Sánchez,Matemática Discreta,2026-1,59.2,8.4,80.2,4,8.9,11.0,14.1
E09542,Rosa Vargas,Lenguajes de Programación,2026-1,64.9,0.7,66.5,2,15.6,15.6,10.2
E09543,Estefanía Medina,Matemática Discreta,2025-2,48.3,9.8,69.2,5,13.0,13.8,14.4
E09544,Carlos Espinoza,Redes de Computadoras,2025-2,51.2,8.1,60.9,4,6.4,7.4,7.8
E09545,Ximena Huamán,Redes de Computadoras,2025-2,76.8,5.2,46.0,4,8.9,7.0,7.0
E09546,Luis Huamán,Matemática Discreta,2025-2,99.9,2.7,83.1,2,13.8,12.8,12.3
E09547,Zoe Ortiz,Estructuras de Datos,2025-2,76.5,3.0,70.5,1,8.5,10.0,11.7
E09548,Natalia Vargas,Base de Datos,2025-2,55.3,4.2,41.1,2,13.1,12.8,10.5
E09549,Fabián Palomino,Lenguajes de Programación,2025-2,70.2,0.9,92.2,3,20,16.1,19.4
E09550,Milagros Rodríguez,Redes de Computadoras,2025-2,82.6,5.3,81.5,3,,11.6,14.8
E09551,Ximena Medina,Lenguajes de Programación,2026-1,56.4,3.9,65.7,2,7.3,7.2,6.6
E09552,Vicente Cárdenas,Redes de Computadoras,2026-1,84.3,0,71.5,4,12.4,17.6,20
E09553,Gabriela Ponce,Base de Datos,2025-2,71.2,5.4,78.6,3,18.4,14.1,12.9
E09554,Daniela Cabrera,Redes de Computadoras,2025-2,88.8,5.7,64.9,4,,11.8,10.5
E09555,Valentina Cabrera,Matemática Discreta,2026-1,70.4,3.8,54.1,4,17.1,12.7,20
E09556,Alejandra Sánchez,Estructuras de Datos,2025-2,53.7,7.6,59.6,4,12.6,13.4,13.9
E09557,Ximena Flores,Lenguajes de Programación,2025-2,77.4,8.3,81.6,4,16.2,15.2,13.3
E09558,Ricardo Espinoza,Estructuras de Datos,2026-1,61.8,5.9,69.1,3,9.0,7.6,11.0
E09559,Valentina Ramírez,Lenguajes de Programación,2026-1,60.9,9.7,76.9,3,11.8,8.4,12.9
E09560,Franco Espinoza,Estructuras de Datos,2025-2,49.9,0,62.4,4,12.7,10.0,14.5
E09561,Milagros Huamán,Lenguajes de Programación,2025-2,83.5,6.0,89.6,3,14.8,13.9,14.8
E09562,Ricardo Pérez,Matemática Discreta,2026-1,68.0,5.8,33.2,2,0,9.0,4.4
E09563,Paula Sánchez,Estructuras de Datos,2025-2,86.5,1.3,93.6,3,12.3,11.7,16.4
E09564,Camila Ramírez,Matemática Discreta,2025-2,93.2,6.5,67.2,3,10.3,19.7,17.5
E09565,Ricardo Cruz,Matemática Discreta,2025-2,67.1,3.6,62.7,2,10.1,13.5,13.6
E09566,Emilia Aguilar,Matemática Discreta,2026-1,59.2,2.8,78.8,2,11.8,13.1,12.1
E09567,Natalia Ortiz,Base de Datos,2026-1,78.0,6.4,73.4,4,14.8,18.5,14.2
E09568,Mateo Ortiz,Matemática Discreta,2025-2,52.3,6.0,46.0,5,14.4,16.0,15.8
E09569,Fernanda Vargas,Estructuras de Datos,2025-2,,4.5,91.7,4,15.3,14.5,12.3
E09570,Rodrigo Torres,Estructuras de Datos,2025-2,60.9,2.9,85.1,3,12.2,11.2,6.4
E09571,Paula Espinoza,Base de Datos,2026-1,67.1,5.9,86.9,3,18.1,20,20
E09572,Alejandra Paredes,Redes de Computadoras,2026-1,62.7,6.4,63.9,3,19.1,10.0,18.8
E09573,Lucía Castillo,Lenguajes de Programación,2025-2,62.8,6.4,85.7,2,11.8,12.2,12.6
E09574,Daniela Torres,Base de Datos,2025-2,87.5,8.1,56.2,4,9.5,7.8,13.3
E09575,Sofía Pérez,Matemática Discreta,2026-1,82.9,5.0,90.0,3,10.5,14.0,13.5
E09576,Miguel Ponce,Redes de Computadoras,2026-1,70.2,4.9,99.6,1,17.2,20.0,20
E09577,Julio Huamán,Lenguajes de Programación,2026-1,93.9,7.9,77.9,1,20,16.4,18.5
E09578,Emilio Mamani,Estructuras de Datos,2026-1,47.7,3.9,78.9,1,5.1,5.2,4.2
E09579,Nicolás Cabrera,Base de Datos,2026-1,70.0,4.5,68.9,2,,8.2,8.7
E09580,Antonella Delgado,Matemática Discreta,2026-1,59.3,4.5,56.7,1,10.1,13.1,16.3
E09581,Nicolás Paredes,Estructuras de Datos,2025-2,71.3,8.8,67.3,4,15.3,16.6,12.8
E09582,Rosa Zapata,Redes de Computadoras,2026-1,98.7,9.1,83.7,3,20,20,20
E09583,Ximena Chávez,Base de Datos,2025-2,68.5,6.2,98.1,4,8.4,9.1,18.7
E09584,Rodrigo Chávez,Matemática Discreta,2026-1,78.5,6.7,67.1,3,9.4,7.9,14.2
E09585,Rosa Torres,Base de Datos,2025-2,59.4,11.3,65.2,3,4.2,5.9,6.7
E09586,Iván Salazar,Lenguajes de Programación,2026-1,83.3,6.6,52.9,1,13.1,12.9,8.7
E09587,Ricardo Mendoza,Estructuras de Datos,2025-2,56.9,8.2,92.9,4,16.0,13.7,16.7
E09588,Mateo Torres,Lenguajes de Programación,2026-1,58.9,4.2,100,4,10.2,,18.7
E09589,Daniela Cruz,Redes de Computadoras,2025-2,41.1,6.4,60.5,2,11.3,11.5,9.6
E09590,Alonso Vega,Base de Datos,2025-2,81.7,10.2,59.6,3,7.4,6.1,6.9
E09591,Isabela Ramírez,Matemática Discreta,2025-2,40.6,13.5,64.8,2,9.0,10.1,7.5
E09592,Natalia Ponce,Lenguajes de Programación,2026-1,74.6,10.8,88.7,4,12.3,8.6,10.5
E09593,Emilia Rodríguez,Matemática Discreta,2026-1,50.1,8.9,59.3,3,14.2,10.4,13.4
E09594,Sofía García,Base de Datos,2026-1,65.3,8.1,58.7,3,7.4,8.3,10.6
E09595,Ximena Rodríguez,Lenguajes de Programación,2025-2,47.2,6.8,86.7,3,17.3,14.1,9.9
E09596,Sebastián Zapata,Redes de Computadoras,2026-1,76.6,0,74.4,2,15.1,19.9,14.7
E09597,Paula Medina,Estructuras de Datos,2025-2,53.7,11.9,82.4,3,9.7,13.7,14.8
E09598,Joaquín López,Matemática Discreta,2026-1,84.8,0.9,85.6,4,14.4,13.4,11.0
E09599,Emilio Vega,Estructuras de Datos,2025-2,86.2,6.9,71.9,2,13.0,12.4,11.9
E09600,Milagros Rojas,Matemática Discreta,2026-1,64.3,4.2,75.4,3,3.4,6.5,5.2
E09601,Fabián Palomino,Lenguajes de Programación,2025-2,61.0,4.8,56.7,3,13.3,17.2,12.9
E09602,Valentina Chávez,Redes de Computadoras,2026-1,49.8,1.9,51.9,3,17.6,15.7,18.7
E09603,Alonso Chávez,Base de Datos,2025-2,90.6,4.6,100,5,7.5,2.4,6.4
E09604,Iván Espinoza,Lenguajes de Programación,2026-1,73.1,6.4,89.0,4,7.3,13.2,14.3
E09605,Diego Gutiérrez,Lenguajes de Programación,2026-1,91.1,1.4,48.8,4,11.8,11.9,14.2
E09606,Gabriela Salazar,Base de Datos,2026-1,41.2,12.8,63.7,3,4.3,13.6,8.6
E09607,Lucía Ponce,Redes de Computadoras,2026-1,83.3,8.9,68.7,4,8.0,9.0,8.9
E09608,Rodrigo Ramírez,Lenguajes de Programación,2025-2,39.7,10.6,78.4,1,17.3,12.3,15.0
E09609,Julio Quispe,Redes de Computadoras,2025-2,65.8,5.3,66.9,1,9.5,9.7,10.2
E09610,Manuel Chávez,Redes de Computadoras,2026-1,65.9,8.8,62.5,2,14.7,19.8,18.1
E09611,Fabián Vargas,Estructuras de Datos,2025-2,83.0,6.4,69.2,2,15.6,15.1,19.9
E09612,Daniela Chávez,Estructuras de Datos,2026-1,66.1,7.0,64.4,2,20,17.1,19.5
E09613,Iván Huamán,Redes de Computadoras,2025-2,92.4,14.5,71.0,1,14.1,13.1,14.7
E09614,Camila Vega,Base de Datos,2026-1,73.6,5.8,65.0,4,13.2,,11.1
E09615,Daniela Flores,Matemática Discreta,2026-1,64.3,4.1,79.5,3,7.4,5.4,9.6
E09616,Mateo Herrera,Lenguajes de Programación,2025-2,35.8,1.2,71.5,3,8.9,9.6,11.9
E09617,Ricardo Espinoza,Base de Datos,2026-1,41.5,8.3,61.4,3,17.2,15.1,17.4
E09618,Diego López,Redes de Computadoras,2025-2,82.7,10.3,42.6,4,12.3,,11.9
E09619,Tomás Cabrera,Base de Datos,2025-2,43.4,5.8,85.2,5,17.8,20,15.6
E09620,Julio Cabrera,Base de Datos,2026-1,68.2,2.6,63.5,2,14.7,13.0,11.7
E09621,Martina Vargas,Redes de Computadoras,2025-2,65.5,0,40.3,3,12.5,17.3,17.2
E09622,Zoe Pérez,Base de Datos,2026-1,78.1,5.6,62.1,1,16.7,14.6,19.0
E09623,Rodrigo Salazar,Base de Datos,2025-2,70.1,8.7,76.8,2,2.3,3.6,9.4
E09624,Zoe Herrera,Base de Datos,2026-1,86.6,2.4,60.6,3,7.2,6.3,5.4
E09625,Natalia Quispe,Lenguajes de Programación,2025-2,60.4,11.8,75.3,3,9.8,12.0,6.7
E09626,Nicolás Ramírez,Estructuras de Datos,2026-1,81.4,0.1,67.9,5,12.0,14.4,13.9
E09627,Emilia Huamán,Estructuras de Datos,2026-1,81.7,7.8,80.3,3,16.1,13.5,18.0
E09628,Estefanía Vega,Matemática Discreta,2025-2,51.4,5.7,82.1,4,18.6,13.8,14.8
E09629,Alonso García,Matemática Discreta,2025-2,39.9,2.4,35.5,2,14.2,13.9,15.0
E09630,Paula Ortiz,Lenguajes de Programación,2025-2,68.3,7.5,46.9,3,8.2,8.5,14.0
E09631,Carlos Pérez,Lenguajes de Programación,2025-2,97.3,6.7,75.9,2,9.3,14.7,14.5
E09632,Carlos Ponce,Redes de Computadoras,2025-2,33.2,4.3,37.1,3,12.1,18.6,13.7
E09633,Daniela Ortiz,Matemática Discreta,2025-2,71.7,8.8,100,3,10.8,11.7,14.6
E09634,Paula Herrera,Redes de Computadoras,2025-2,81.6,1.6,92.6,1,20,15.3,16.2
E09635,Mateo Paredes,Matemática Discreta,2026-1,84.0,3.3,82.4,4,20,15.4,17.0
E09636,Isabela Alva,Lenguajes de Programación,2026-1,53.8,8.9,82.3,2,16.8,10.9,15.0
E09637,Valeria Medina,Estructuras de Datos,2025-2,73.0,5.1,74.2,2,15.0,16.4,11.8
E09638,Ana Espinoza,Lenguajes de Programación,2026-1,,3.8,100,4,12.6,11.4,8.9
E09639,Carlos Flores,Lenguajes de Programación,2025-2,100,4.1,65.2,1,7.4,8.5,8.7
E09640,Martina Soto,Estructuras de Datos,2026-1,56.3,6.0,90.4,3,11.8,10.2,11.1
E09641,Jorge Zapata,Redes de Computadoras,2025-2,96.1,9.6,85.3,2,15.8,9.8,7.7
E09642,Emilio Soto,Lenguajes de Programación,2025-2,89.1,9.5,85.5,3,11.2,15.9,10.8
E09643,Antonella Huamán,Estructuras de Datos,2026-1,100,4.2,54.9,3,14.3,11.3,8.9
E09644,Carlos Sánchez,Lenguajes de Programación,2026-1,54.6,5.2,100,2,15.2,8.7,13.0
E09645,Luis Rojas,Redes de Computadoras,2026-1,69.6,5.8,94.5,4,16.2,20,14.7
E09646,Ximena Torres,Lenguajes de Programación,2026-1,75.7,7.5,66.2,2,15.4,12.0,16.6
E09647,Gabriela Delgado,Matemática Discreta,2026-1,73.9,8.9,90.9,4,5.1,11.0,7.5
E09648,Emilia Huamán,Estructuras de Datos,2026-1,78.2,9.3,94.1,2,15.9,12.1,18.0
E09649,María Vega,Matemática Discreta,2026-1,61.4,16.4,56.1,2,20,20,16.0
E09650,Iván Vargas,Base de Datos,2025-2,81.2,3.7,54.8,3,17.9,18.0,16.0
E09651,Franco Herrera,Matemática Discreta,2025-2,72.9,10.9,75.1,2,13.6,17.9,18.5
E09652,Isabela Aguilar,Matemática Discreta,2025-2,84.9,9.0,77.0,2,14.2,17.3,14.2
E09653,Ricardo Pérez,Lenguajes de Programación,2025-2,85.3,3.0,59.0,4,8.7,12.5,8.1
E09654,Nicolás Paredes,Matemática Discreta,2026-1,77.2,6.3,74.4,1,14.5,12.3,15.2
E09655,Diego Quispe,Estructuras de Datos,2025-2,68.8,4.5,76.2,1,6.3,7.8,5.8
E09656,Paula Zapata,Lenguajes de Programación,2026-1,69.5,10.2,65.9,3,13.7,11.1,11.9
E09657,Rodrigo Huamán,Estructuras de Datos,2025-2,90.5,4.5,47.1,4,13.5,13.1,14.3
E09658,María Rodríguez,Redes de Computadoras,2026-1,35.9,3.8,26.2,3,17.0,14.5,20
E09659,Sofía Castillo,Base de Datos,2026-1,92.8,4.9,73.9,1,7.6,11.1,8.1
E09660,Zoe Soto,Estructuras de Datos,2025-2,79.4,8.3,55.5,4,20,19.1,16.8
E09661,Martina Ramírez,Lenguajes de Programación,2025-2,90.1,5.1,61.0,4,19.2,20,20
E09662,Valentina Soto,Estructuras de Datos,2025-2,55.5,2.8,59.5,2,7.6,9.2,8.1
E09663,Rosa Rojas,Redes de Computadoras,2026-1,98.1,3.6,82.9,2,10.3,7.5,7.5
E09664,Miguel Soto,Estructuras de Datos,2025-2,63.6,8.4,36.6,1,9.4,9.3,12.1
E09665,Nicolás Rojas,Base de Datos,2026-1,82.1,5.7,79.5,4,16.0,15.1,16.8
E09666,Carlos Espinoza,Lenguajes de Programación,2026-1,93.2,8.0,100,4,13.7,14.7,13.5
E09667,Andrés Quispe,Redes de Computadoras,2026-1,73.9,3.3,92.8,2,3.3,8.2,8.9
E09668,Sofía Herrera,Estructuras de Datos,2025-2,100,14.1,67.7,4,11.9,15.5,12.7
E09669,Estefanía Herrera,Matemática Discreta,2025-2,100,2.4,62.5,1,7.6,10.8,11.5
E09670,Manuel Soto,Redes de Computadoras,2025-2,87.1,7.5,48.9,5,12.0,13.4,7.3
E09671,Diego Quispe,Lenguajes de Programación,2026-1,84.4,4.9,55.3,5,8.2,17.1,14.4
E09672,Milagros Vargas,Estructuras de Datos,2025-2,70.7,10.5,100,3,3.9,2.6,7.4
E09673,Fernanda Salazar,Base de Datos,2025-2,44.0,2.2,54.8,3,19.7,10.5,9.3
E09674,Jorge Mendoza,Estructuras de Datos,2025-2,70.8,8.0,83.0,4,18.0,17.9,11.0
E09675,Vicente Delgado,Estructuras de Datos,2026-1,22.4,3.1,83.5,4,13.3,8.6,13.6
E09676,Fernanda Ortiz,Lenguajes de Programación,2025-2,60.1,7.1,63.5,4,13.9,7.4,13.3
E09677,Sebastián Paredes,Estructuras de Datos,2026-1,74.3,6.3,100,5,12.4,10.4,12.4
E09678,Estefanía López,Matemática Discreta,2025-2,47.3,5.7,61.7,2,11.8,11.1,13.5
E09679,Isabela Vargas,Estructuras de Datos,2025-2,,2.6,67.6,4,12.3,9.4,14.6
E09680,Natalia Chávez,Estructuras de Datos,2026-1,61.2,5.0,63.1,1,20,17.6,20
E09681,Valentina Flores,Matemática Discreta,2026-1,77.3,4.1,83.7,1,18.6,19.9,18.6
E09682,Fabián Cruz,Matemática Discreta,2025-2,63.9,11.0,59.9,3,20,,12.3
E09683,Fernanda Zapata,Base de Datos,2026-1,69.6,0,58.8,5,14.8,8.9,12.8
E09684,Natalia Cabrera,Estructuras de Datos,2025-2,82.6,8.5,67.6,2,13.3,15.0,11.9
E09685,Nicolás Palomino,Base de Datos,2025-2,64.9,8.1,77.8,3,11.8,10.9,18.8
E09686,Julio Torres,Lenguajes de Programación,2026-1,63.4,6.9,73.5,1,12.8,10.8,12.2
E09687,Antonella Gutiérrez,Redes de Computadoras,2025-2,73.4,0.7,85.2,4,12.6,10.8,9.5
E09688,Daniela Zapata,Base de Datos,2026-1,90.6,1.2,46.0,1,12.9,12.3,14.7
E09689,Carlos Cruz,Lenguajes de Programación,2026-1,55.1,4.4,44.1,4,13.5,13.0,16.3
E09690,Sofía Alva,Redes de Computadoras,2025-2,61.9,4.6,74.1,2,9.5,9.2,8.5
E09691,Bruno Alva,Base de Datos,2026-1,68.3,14.1,73.0,2,12.9,13.5,14.2
E09692,Jorge Rodríguez,Matemática Discreta,2025-2,100,8.9,53.6,3,9.9,6.9,6.3
E09693,Martina Delgado,Base de Datos,2025-2,100,6.9,85.5,2,12.0,13.9,13.2
E09694,Nicolás Delgado,Matemática Discreta,2025-2,73.9,7.5,86.3,4,12.7,12.6,11.7
E09695,Fernanda Reyes,Redes de Computadoras,2026-1,75.6,7.0,37.5,5,5.8,5.1,4.6
E09696,Ximena Gutiérrez,Redes de Computadoras,2025-2,89.0,3.8,56.3,3,15.1,17.6,20
E09697,Lucía Castillo,Estructuras de Datos,2026-1,73.9,14.0,64.6,3,18.7,12.5,19.0
E09698,Emilio Ortiz,Lenguajes de Programación,2026-1,99.0,3.8,58.9,4,13.4,16.4,12.5
E09699,Fabián Cruz,Base de Datos,2026-1,76.6,5.2,62.7,4,12.8,14.4,16.2
E09700,Camila Soto,Estructuras de Datos,2026-1,82.5,11.4,72.7,2,18.7,19.5,15.8
E09701,Tomás Reyes,Base de Datos,2025-2,84.1,0,77.5,5,14.8,12.4,15.2
E09702,Tomás Cárdenas,Lenguajes de Programación,2025-2,35.1,5.2,37.4,3,19.4,14.7,19.2
E09703,Ana Vargas,Matemática Discreta,2025-2,60.0,0,60.1,2,2.7,6.0,6.4
E09704,Manuel Ponce,Lenguajes de Programación,2026-1,70.3,12.7,57.3,5,16.2,14.8,17.4
E09705,Tomás Huamán,Lenguajes de Programación,2026-1,92.7,5.9,55.1,1,20,17.6,13.8
E09706,Zoe Paredes,Redes de Computadoras,2026-1,67.1,8.8,100,3,17.0,18.1,15.2
E09707,Alejandra Rivas,Matemática Discreta,2026-1,96.6,7.1,89.2,3,14.9,20,20
E09708,Estefanía Cárdenas,Matemática Discreta,2025-2,59.0,11.1,68.1,1,16.5,12.1,13.9
E09709,Joaquín Zapata,Lenguajes de Programación,2025-2,72.5,4.0,68.9,1,12.5,8.0,11.3
E09710,Rodrigo Soto,Base de Datos,2025-2,76.3,5.7,91.9,1,18.5,18.1,14.7
E09711,Sebastián Flores,Base de Datos,2026-1,84.4,5.2,81.7,3,9.8,8.6,5.1
E09712,Lucía Herrera,Redes de Computadoras,2025-2,58.9,7.5,87.3,3,10.4,7.1,8.0
E09713,Nicolás Aguilar,Matemática Discreta,2026-1,52.7,0.4,89.9,5,16.1,12.6,12.3
E09714,Luis López,Lenguajes de Programación,2025-2,67.0,9.0,89.9,3,13.7,11.4,15.5
E09715,Lucía Flores,Estructuras de Datos,2025-2,84.6,2.8,80.1,5,12.1,9.9,8.2
E09716,Bruno Sánchez,Lenguajes de Programación,2025-2,87.4,3.7,84.0,3,12.1,10.7,16.5
E09717,Alejandra Soto,Redes de Computadoras,2026-1,57.9,1.3,99.0,3,15.5,15.3,13.5
E09718,Valentina Vargas,Lenguajes de Programación,2025-2,83.3,2.2,69.8,4,11.0,11.1,11.6
E09719,Zoe Aguilar,Base de Datos,2025-2,76.1,11.2,100,4,13.6,,16.7
E09720,Julio Espinoza,Matemática Discreta,2025-2,97.0,3.0,75.0,2,6.6,11.2,8.0
E09721,Sofía Salazar,Redes de Computadoras,2025-2,89.4,8.2,83.3,2,15.6,9.9,11.0
E09722,Ximena Aguilar,Base de Datos,2026-1,96.0,0,77.6,3,11.4,10.3,8.7
E09723,Sebastián Espinoza,Lenguajes de Programación,2026-1,75.9,12.9,55.9,1,16.7,20,18.5
E09724,Mateo López,Redes de Computadoras,2026-1,91.7,2.4,59.4,4,13.3,17.1,16.7
E09725,Alejandra Quispe,Lenguajes de Programación,2026-1,46.9,5.3,54.4,2,9.8,5.7,10.8
E09726,Mateo Aguilar,Estructuras de Datos,2026-1,66.9,0,74.0,3,12.8,17.1,12.9
E09727,Martina Cabrera,Matemática Discreta,2026-1,87.0,2.1,67.9,3,7.9,8.5,5.8
E09728,Sebastián Paredes,Matemática Discreta,2025-2,67.2,4.8,54.2,3,7.9,9.4,7.5
E09729,Lucía Vega,Matemática Discreta,2025-2,100,5.8,92.0,5,16.6,12.4,11.3
E09730,Martina Zapata,Matemática Discreta,2026-1,73.6,6.2,79.0,3,8.0,8.3,9.1
E09731,Valentina Vega,Base de Datos,2025-2,85.6,8.3,70.0,1,4.2,1.5,1.1
E09732,Iván Rodríguez,Matemática Discreta,2025-2,80.7,7.0,100,5,20,20,20
E09733,Manuel Soto,Estructuras de Datos,2025-2,92.3,7.6,63.5,2,15.0,11.7,11.0
E09734,Joaquín García,Redes de Computadoras,2025-2,80.0,5.2,57.2,3,10.0,13.9,8.6
E09735,Alonso Ponce,Lenguajes de Programación,2025-2,62.9,0.3,80.3,4,15.4,13.2,18.2
E09736,Alejandra Cabrera,Matemática Discreta,2025-2,43.9,0,83.3,2,12.1,13.7,9.9
E09737,Zoe Torres,Lenguajes de Programación,2025-2,67.4,6.5,43.8,3,8.1,16.4,12.6
E09738,María Huamán,Matemática Discreta,2025-2,62.9,5.1,100,2,16.2,14.5,14.8
E09739,Alonso Ponce,Estructuras de Datos,2025-2,77.8,7.6,80.1,1,18.5,13.5,15.2
E09740,Franco Salazar,Matemática Discreta,2025-2,100,11.0,60.5,2,13.9,9.4,14.4
E09741,Valentina Cárdenas,Base de Datos,2025-2,67.0,7.0,76.0,5,11.8,10.7,15.4
E09742,Zoe Chávez,Estructuras de Datos,2025-2,95.9,7.9,74.0,3,10.8,11.5,15.6
E09743,Valentina Quispe,Estructuras de Datos,2026-1,32.6,8.3,86.4,4,12.2,16.0,18.3
E09744,Andrés Mamani,Redes de Computadoras,2026-1,78.4,13.4,59.5,3,15.8,16.6,14.6
E09745,Luis Ramírez,Lenguajes de Programación,2025-2,82.0,8.5,,3,10.7,14.6,14.7
E09746,Diego Ramírez,Matemática Discreta,2025-2,86.3,6.4,62.6,2,18.6,18.5,20
E09747,Carlos Ponce,Base de Datos,2026-1,,6.3,90.9,5,5.8,11.1,6.4
E09748,Franco Herrera,Lenguajes de Programación,2025-2,79.4,12.5,83.1,1,6.3,9.5,11.8
E09749,Julio Torres,Lenguajes de Programación,2025-2,57.9,3.4,100,4,7.5,9.1,9.1
E09750,Emilio Ortiz,Estructuras de Datos,2026-1,68.1,0,59.3,5,18.6,7.3,16.4
E09751,Sofía Cárdenas,Estructuras de Datos,2025-2,80.0,6.1,57.9,3,15.7,10.3,12.3
E09752,Emilio Mendoza,Estructuras de Datos,2025-2,73.3,6.9,84.3,1,13.7,11.0,9.3
E09753,Mateo Vargas,Redes de Computadoras,2026-1,91.1,6.2,38.4,5,16.6,16.0,13.7
E09754,Joaquín Cárdenas,Base de Datos,2026-1,88.2,5.0,100,3,11.4,10.6,13.1
E09755,Isabela López,Matemática Discreta,2026-1,80.0,9.2,46.0,3,13.4,14.3,11.5
E09756,Emilia Flores,Lenguajes de Programación,2026-1,62.4,7.1,58.6,5,9.4,10.5,7.0
E09757,Vicente Cárdenas,Lenguajes de Programación,2025-2,34.5,5.7,96.6,5,4.8,9.4,6.3
E09758,Iván Medina,Matemática Discreta,2026-1,60.1,4.0,54.1,1,12.7,15.7,20
E09759,Joaquín Salazar,Redes de Computadoras,2025-2,93.4,7.1,17.7,4,12.3,14.2,8.4
E09760,Andrés Pérez,Base de Datos,2025-2,74.2,6.5,74.6,3,6.5,8.6,10.3
E09761,Mateo Castillo,Lenguajes de Programación,2025-2,93.4,7.3,53.1,2,20,20,20
E09762,Ximena Ponce,Lenguajes de Programación,2025-2,100,6.9,92.4,3,12.4,7.5,6.4
E09763,Rodrigo Medina,Estructuras de Datos,2026-1,80.7,10.5,77.2,1,11.0,14.4,11.0
E09764,Franco Soto,Estructuras de Datos,2026-1,52.9,7.8,54.7,2,10.8,19.9,14.8
E09765,Emilio Rodríguez,Redes de Computadoras,2026-1,77.3,5.8,77.2,5,,14.8,16.5
E09766,Sebastián Herrera,Matemática Discreta,2026-1,77.4,1.7,72.2,4,16.6,9.1,10.0
E09767,Renata Zapata,Redes de Computadoras,2026-1,79.9,7.1,96.1,5,11.7,12.0,13.0
E09768,Andrés Vega,Redes de Computadoras,2026-1,99.6,13.3,64.4,3,13.2,14.3,14.4
E09769,Martina Mendoza,Estructuras de Datos,2026-1,68.0,4.1,90.6,4,14.5,12.3,15.4
E09770,Ricardo Ramírez,Estructuras de Datos,2026-1,100,7.1,79.3,5,6.7,6.5,8.0
E09771,Paula Ponce,Redes de Computadoras,2025-2,50.9,7.8,100,4,11.1,6.2,9.0
E09772,Diego Zapata,Redes de Computadoras,2026-1,56.5,5.4,72.5,5,12.3,9.5,6.1
E09773,Joaquín Mamani,Lenguajes de Programación,2025-2,71.1,7.6,95.7,5,13.9,15.9,13.3
E09774,Ximena Cruz,Redes de Computadoras,2025-2,96.5,2.7,100,1,11.3,9.1,6.8
E09775,Isabela Alva,Estructuras de Datos,2025-2,42.8,8.3,66.4,3,17.5,10.8,16.5
E09776,Natalia Pérez,Redes de Computadoras,2026-1,57.9,7.8,59.3,2,12.8,9.7,11.4
E09777,Rodrigo Paredes,Estructuras de Datos,2026-1,100,9.1,54.6,4,13.4,13.4,13.9
E09778,Franco Rojas,Estructuras de Datos,2026-1,59.7,2.9,92.3,4,12.7,7.2,7.5
E09779,Franco Flores,Lenguajes de Programación,2025-2,90.6,11.5,93.4,2,10.1,9.8,7.8
E09780,Emilia Ponce,Matemática Discreta,2025-2,45.9,5.4,47.8,3,9.2,4.5,8.8
E09781,Rodrigo Vargas,Matemática Discreta,2025-2,74.1,12.4,98.7,1,20,14.4,14.5
E09782,Antonella Medina,Redes de Computadoras,2026-1,91.5,5.8,75.0,2,13.1,14.0,12.3
E09783,Mateo Sánchez,Lenguajes de Programación,2025-2,48.5,14.6,56.2,2,14.3,15.0,15.8
E09784,Bruno Ortiz,Redes de Computadoras,2026-1,84.8,0,51.8,4,10.1,13.1,8.3
E09785,Zoe Vargas,Matemática Discreta,2026-1,51.2,7.5,62.8,3,8.5,10.8,14.9
E09786,Vicente García,Base de Datos,2026-1,89.1,12.5,74.1,5,12.8,14.9,16.1
E09787,Isabela Pérez,Redes de Computadoras,2025-2,70.5,3.8,72.0,1,9.8,18.0,13.1
E09788,Martina Mendoza,Redes de Computadoras,2025-2,57.9,11.7,62.5,1,12.0,5.6,10.6
E09789,Tomás Huamán,Lenguajes de Programación,2025-2,86.3,5.5,81.0,4,20,18.6,17.4
E09790,Emilio Reyes,Lenguajes de Programación,2025-2,73.2,3.1,50.6,3,7.1,12.6,7.3
E09791,Emilia Quispe,Redes de Computadoras,2026-1,59.6,5.8,53.1,3,10.0,11.7,10.2
E09792,Franco Mamani,Base de Datos,2026-1,59.0,6.7,61.1,4,10.7,12.4,13.1
E09793,Luis Huamán,Matemática Discreta,2026-1,42.5,5.2,39.2,1,15.4,18.8,17.6
E09794,Isabela Rodríguez,Matemática Discreta,2026-1,84.2,5.8,100,4,17.2,13.4,16.4
E09795,Fabián Chávez,Estructuras de Datos,2026-1,79.6,6.3,57.6,3,19.6,14.8,18.5
E09796,Martina Torres,Base de Datos,2026-1,54.2,2.7,100,2,6.0,14.2,14.7
E09797,Luis López,Lenguajes de Programación,2026-1,64.1,12.9,73.3,5,10.7,14.5,16.4
E09798,Valentina Delgado,Matemática Discreta,2026-1,98.1,7.1,82.1,1,19.0,20,20
E09799,Jorge Medina,Lenguajes de Programación,2025-2,52.6,6.3,37.3,4,12.6,9.6,13.3
E09800,Bruno Aguilar,Lenguajes de Programación,2026-1,55.1,8.4,57.6,3,15.2,17.8,18.3
E09801,Rosa Vega,Lenguajes de Programación,2026-1,64.2,3.1,55.1,4,14.9,16.1,19.4
E09802,Isabela Paredes,Estructuras de Datos,2026-1,61.2,5.5,68.8,1,11.4,9.7,9.1
E09803,Rodrigo Flores,Lenguajes de Programación,2025-2,77.7,7.5,86.8,2,8.6,10.2,12.0
E09804,Emilia Soto,Estructuras de Datos,2026-1,70.0,4.6,64.5,2,18.0,12.7,15.7
E09805,Camila Huamán,Lenguajes de Programación,2025-2,45.5,1.4,71.8,2,12.8,16.1,19.7
E09806,Rodrigo Castillo,Base de Datos,2025-2,63.5,1.9,87.4,4,19.1,19.5,16.4
E09807,Rodrigo Paredes,Base de Datos,2025-2,48.5,10.0,67.8,1,10.4,14.4,14.6
E09808,Nicolás Ortiz,Base de Datos,2025-2,91.7,4.6,86.9,3,18.2,9.9,9.2
E09809,Nicolás Ramírez,Matemática Discreta,2025-2,57.4,0,100,3,16.5,13.5,20
E09810,Ximena Pérez,Estructuras de Datos,2026-1,61.2,5.8,32.8,2,9.2,12.4,11.7
E09811,Manuel Cruz,Lenguajes de Programación,2026-1,64.6,10.5,94.0,4,10.7,20,16.9
E09812,Franco Cabrera,Lenguajes de Programación,2026-1,72.3,9.6,100,1,10.3,9.9,17.3
E09813,Vicente Rivas,Lenguajes de Programación,2026-1,97.1,7.8,73.0,1,20.0,18.1,17.3
E09814,Franco Espinoza,Matemática Discreta,2026-1,53.5,5.3,72.3,1,9.1,13.0,10.6
E09815,Renata Palomino,Redes de Computadoras,2025-2,82.3,13.3,43.5,1,1.7,10.6,9.7
E09816,Diego Cruz,Redes de Computadoras,2025-2,85.9,4.3,64.8,4,12.0,13.1,15.8
E09817,Diego Cabrera,Redes de Computadoras,2025-2,45.0,3.8,65.7,2,11.6,9.3,11.8
E09818,Antonella Delgado,Estructuras de Datos,2025-2,82.2,6.5,67.5,2,13.2,15.4,16.7
E09819,Ricardo Espinoza,Base de Datos,2025-2,93.2,0.8,62.9,4,14.0,9.8,16.5
E09820,Isabela Castillo,Base de Datos,2025-2,91.8,4.1,95.0,1,18.6,19.0,16.1
E09821,Rodrigo Ortiz,Estructuras de Datos,2025-2,66.5,6.0,82.1,3,18.0,16.0,15.3
E09822,Diego Cruz,Redes de Computadoras,2025-2,96.1,8.3,40.4,2,13.3,9.3,15.0
E09823,Luis Delgado,Estructuras de Datos,2025-2,86.6,11.8,79.2,5,10.7,8.2,6.6
E09824,Milagros Ortiz,Matemática Discreta,2025-2,58.3,0.7,72.1,4,17.0,18.0,20
E09825,Diego Soto,Redes de Computadoras,2025-2,88.6,3.1,79.4,3,10.6,10.9,8.5
E09826,Gabriela Quispe,Matemática Discreta,2025-2,77.2,2.5,73.4,5,6.5,5.7,5.4
E09827,Paula Medina,Redes de Computadoras,2025-2,76.7,10.4,76.1,4,14.0,14.3,14.7
E09828,María Cabrera,Estructuras de Datos,2025-2,97.7,0.9,77.3,3,13.3,15.9,17.8
E09829,Paula Vega,Redes de Computadoras,2025-2,100,4.6,50.9,3,16.1,12.9,17.2
E09830,Paula Cruz,Redes de Computadoras,2025-2,57.8,4.9,100,4,13.8,,12.1
E09831,Fabián Cárdenas,Base de Datos,2025-2,83.2,1.1,84.4,3,13.7,17.7,20
E09832,Renata Gutiérrez,Matemática Discreta,2025-2,94.8,11.4,67.6,1,15.4,15.8,17.6
E09833,Julio Herrera,Lenguajes de Programación,2026-1,80.5,2.2,95.0,4,6.3,13.1,13.3
E09834,Rosa Pérez,Estructuras de Datos,2025-2,100,7.2,,3,17.0,18.7,17.3
E09835,Renata Ponce,Lenguajes de Programación,2025-2,66.5,8.2,56.0,5,17.4,18.9,17.3
E09836,Isabela Sánchez,Matemática Discreta,2025-2,89.4,8.8,100,2,20,17.0,20
E09837,Iván Medina,Matemática Discreta,2025-2,72.6,9.9,55.0,4,11.7,17.3,12.9
E09838,Fabián Reyes,Base de Datos,2025-2,79.3,2.1,85.4,5,12.5,13.6,14.0
E09839,Ana Sánchez,Redes de Computadoras,2025-2,100,7.8,99.3,2,10.4,11.4,12.1
E09840,Camila Herrera,Matemática Discreta,2025-2,,6.2,86.5,2,10.1,9.4,6.8
E09841,Emilio Alva,Estructuras de Datos,2026-1,63.6,5.6,100,2,11.1,14.7,9.7
E09842,Joaquín Medina,Base de Datos,2025-2,53.2,12.9,90.9,3,10.4,14.7,16.3
E09843,María López,Lenguajes de Programación,2025-2,79.1,8.8,94.0,3,13.5,8.0,7.6
E09844,Rodrigo Sánchez,Redes de Computadoras,2025-2,77.7,3.5,66.3,3,8.8,10.9,8.1
E09845,María Paredes,Base de Datos,2026-1,44.6,8.3,100,3,17.6,18.9,19.5
E09846,Sofía Soto,Base de Datos,2025-2,37.0,2.5,50.0,5,12.8,14.3,15.1
E09847,Lucía Vega,Redes de Computadoras,2025-2,87.5,3.6,77.5,5,10.5,13.7,10.9
E09848,Fernanda Gutiérrez,Matemática Discreta,2026-1,88.8,5.4,71.9,3,11.6,,6.3
E09849,Natalia Soto,Matemática Discreta,2025-2,72.9,0.2,99.3,3,9.3,8.5,9.5
E09850,Franco Rivas,Estructuras de Datos,2025-2,75.5,0.4,95.0,4,11.8,,11.2
E09851,Alejandra Soto,Redes de Computadoras,2026-1,33.5,6.2,60.3,1,8.6,14.2,14.5
E09852,Emilio Ramírez,Redes de Computadoras,2026-1,14.8,7.8,86.8,3,17.5,12.6,11.1
E09853,Joaquín Quispe,Matemática Discreta,2026-1,93.7,15.6,96.1,4,12.5,11.9,12.2
E09854,Adrián Flores,Estructuras de Datos,2026-1,72.8,2.7,30.1,2,6.2,12.2,11.5
E09855,Julio Mendoza,Lenguajes de Programación,2026-1,100,10.0,82.9,3,8.3,2.7,8.6
E09856,Rodrigo Cruz,Estructuras de Datos,2025-2,92.8,2.6,88.5,4,13.0,9.4,14.2
E09857,Valentina Herrera,Estructuras de Datos,2025-2,29.6,6.9,99.0,2,4.0,7.7,9.8
E09858,Rodrigo Cabrera,Estructuras de Datos,2026-1,59.0,2.3,80.8,2,11.4,12.0,8.6
E09859,Alejandra Quispe,Redes de Computadoras,2025-2,86.5,9.6,78.9,1,13.0,16.4,10.9
E09860,Ricardo Ortiz,Lenguajes de Programación,2025-2,100,3.5,77.6,3,10.0,11.5,11.5
E09861,Isabela Sánchez,Matemática Discreta,2026-1,79.5,4.6,76.6,1,14.9,13.2,10.8
E09862,Mateo Cabrera,Matemática Discreta,2025-2,50.6,10.5,93.7,3,15.7,13.2,14.8
E09863,Paula Rodríguez,Redes de Computadoras,2026-1,49.3,9.9,100,3,13.8,11.5,13.3
E09864,Franco Cruz,Matemática Discreta,2025-2,45.0,8.2,91.8,5,12.4,11.3,10.9
E09865,Andrés Mamani,Matemática Discreta,2026-1,60.1,8.0,97.8,3,20,14.7,16.3
E09866,Luis Reyes,Redes de Computadoras,2025-2,72.5,9.9,61.8,3,18.0,18.3,16.8
E09867,Camila Reyes,Lenguajes de Programación,2025-2,59.0,5.2,64.1,3,20,20,17.2
E09868,Tomás Cárdenas,Lenguajes de Programación,2026-1,63.9,3.4,66.3,2,14.9,16.0,19.2
E09869,Adrián Mamani,Estructuras de Datos,2026-1,88.6,2.3,66.1,3,10.7,14.7,11.3
E09870,Paula Zapata,Lenguajes de Programación,2026-1,100,2.7,65.3,4,13.3,10.7,14.2
E09871,Valentina Vargas,Estructuras de Datos,2025-2,75.5,2.7,63.3,2,14.6,9.4,11.8
E09872,Estefanía Vargas,Lenguajes de Programación,2026-1,83.6,4.2,86.1,3,11.8,11.0,10.0
E09873,Valeria Palomino,Base de Datos,2026-1,100,10.0,68.6,5,12.1,12.3,15.5
E09874,Miguel Ortiz,Matemática Discreta,2026-1,82.8,9.0,63.3,3,8.0,10.3,6.3
E09875,Valeria Mendoza,Lenguajes de Programación,2025-2,49.6,6.9,94.4,5,13.7,13.9,15.1
E09876,Ximena Castillo,Base de Datos,2025-2,58.8,0.2,75.4,2,16.1,20,15.6
E09877,Isabela Rojas,Lenguajes de Programación,2026-1,77.3,11.2,60.9,3,12.8,15.6,16.4
E09878,Gabriela Huamán,Redes de Computadoras,2026-1,64.9,13.1,78.3,4,20,15.1,13.0
E09879,Fabián Reyes,Base de Datos,2025-2,81.0,6.3,52.3,5,20,19.6,20
E09880,Sebastián Vega,Lenguajes de Programación,2025-2,81.8,10.1,48.8,3,11.6,14.0,14.4
E09881,Tomás Gutiérrez,Estructuras de Datos,2025-2,92.0,7.2,67.6,3,13.5,5.1,10.0
E09882,Ricardo Castillo,Base de Datos,2025-2,58.8,5.7,100,2,8.5,11.5,10.9
E09883,Mateo Vargas,Matemática Discreta,2025-2,69.0,8.2,43.7,2,15.5,12.7,15.9
E09884,Ricardo Alva,Lenguajes de Programación,2026-1,72.2,4.7,93.0,3,18.1,14.0,16.5
E09885,Ricardo Delgado,Base de Datos,2025-2,71.7,5.0,59.1,4,15.9,16.1,12.4
E09886,Antonella López,Estructuras de Datos,2025-2,63.2,9.2,100,3,10.0,12.3,17.9
E09887,Rosa Rodríguez,Redes de Computadoras,2026-1,31.4,9.4,100,3,19.8,18.9,17.5
E09888,Tomás Delgado,Redes de Computadoras,2025-2,41.5,7.9,65.4,4,14.5,14.3,10.5
E09889,Jorge García,Base de Datos,2026-1,79.5,4.1,89.1,3,7.2,12.1,16.8
E09890,Vicente Sánchez,Estructuras de Datos,2025-2,67.4,6.7,100,3,16.8,17.7,12.6
E09891,Lucía Rodríguez,Lenguajes de Programación,2026-1,72.7,8.4,73.4,3,12.8,,10.4
E09892,Rosa Cárdenas,Redes de Computadoras,2025-2,76.2,5.8,38.4,2,16.8,18.8,16.7
E09893,Gabriela López,Lenguajes de Programación,2026-1,94.2,4.8,82.5,2,12.9,12.3,16.6
E09894,Franco Paredes,Estructuras de Datos,2025-2,52.9,3.7,71.5,3,12.8,14.7,15.2
E09895,Gabriela Soto,Matemática Discreta,2026-1,45.0,8.8,73.3,2,13.4,20,16.8
E09896,Daniela Cabrera,Estructuras de Datos,2026-1,69.2,2.9,59.8,3,12.5,10.9,10.5
E09897,Antonella Medina,Matemática Discreta,2025-2,63.1,7.3,76.0,3,12.0,8.8,7.4
E09898,Luis Cárdenas,Redes de Computadoras,2026-1,100,3.0,70.2,1,16.2,17.9,20
E09899,Daniela Ortiz,Base de Datos,2025-2,44.5,4.7,70.4,5,11.1,8.0,12.8
E09900,Zoe Mendoza,Lenguajes de Programación,2025-2,72.2,8.0,100,2,11.9,13.2,13.1
E09901,Julio Rojas,Lenguajes de Programación,2025-2,64.1,4.1,48.5,4,13.0,17.6,18.5
E09902,Lucía López,Redes de Computadoras,2026-1,50.6,4.4,70.3,5,6.3,6.1,7.8
E09903,Rodrigo Reyes,Lenguajes de Programación,2025-2,57.9,2.2,89.6,1,18.0,18.7,18.7
E09904,Camila Cruz,Estructuras de Datos,2025-2,74.0,6.9,100,5,10.0,15.2,7.4
E09905,Antonella Ramírez,Matemática Discreta,2025-2,73.2,5.0,63.6,4,9.3,11.8,7.7
E09906,Tomás Quispe,Estructuras de Datos,2026-1,62.6,4.6,65.7,2,6.9,5.6,6.3
E09907,Valeria Herrera,Redes de Computadoras,2025-2,78.7,5.6,88.7,2,18.8,14.3,15.4
E09908,Lucía Flores,Lenguajes de Programación,2025-2,46.7,6.1,79.5,2,18.0,20,11.3
E09909,Fabián Medina,Matemática Discreta,2025-2,77.1,5.4,53.6,2,20,20,19.2
E09910,Martina Paredes,Lenguajes de Programación,2026-1,53.1,9.9,91.4,3,16.5,18.2,20
E09911,Sofía Vega,Matemática Discreta,2025-2,92.4,1.8,52.2,3,6.9,8.8,8.3
E09912,Camila Sánchez,Base de Datos,2025-2,31.4,4.4,60.4,3,8.7,11.6,10.9
E09913,Lucía Zapata,Redes de Computadoras,2026-1,74.6,11.6,55.4,3,7.4,8.4,6.2
E09914,Daniela Quispe,Lenguajes de Programación,2026-1,31.5,7.7,91.3,5,12.4,8.8,15.9
E09915,Franco García,Matemática Discreta,2026-1,60.9,13.7,90.1,5,10.0,11.5,10.4
E09916,Joaquín Rodríguez,Base de Datos,2025-2,68.7,5.7,72.1,4,14.3,10.5,11.4
E09917,Milagros Medina,Redes de Computadoras,2025-2,62.8,7.0,42.1,3,10.8,13.2,6.6
E09918,Ana Chávez,Estructuras de Datos,2025-2,89.0,6.5,70.0,2,10.6,11.7,12.1
E09919,Valeria Cabrera,Matemática Discreta,2026-1,92.3,4.7,80.4,5,8.6,10.3,10.5
E09920,Ximena Paredes,Base de Datos,2026-1,54.6,2.9,86.8,4,,14.2,10.9
E09921,Valeria Zapata,Base de Datos,2026-1,58.2,6.3,52.8,5,17.5,19.9,17.8
E09922,Adrián Vega,Redes de Computadoras,2025-2,80.4,2.0,54.1,4,10.4,12.4,12.4
E09923,Miguel Cruz,Lenguajes de Programación,2025-2,83.4,5.4,93.5,4,12.2,9.2,15.7
E09924,Luis Alva,Matemática Discreta,2025-2,73.3,6.9,92.6,4,18.2,20,18.2
E09925,Nicolás Alva,Lenguajes de Programación,2025-2,59.9,6.7,61.8,4,16.2,,20
E09926,Mateo Cruz,Matemática Discreta,2025-2,62.8,4.2,78.4,3,9.0,8.4,12.7
E09927,Sebastián Cruz,Estructuras de Datos,2025-2,65.0,7.4,33.6,4,16.2,15.3,13.6
E09928,Alonso Castillo,Base de Datos,2025-2,77.8,4.8,82.7,3,5.5,8.8,12.8
E09929,Alejandra Gutiérrez,Lenguajes de Programación,2025-2,64.0,8.8,52.5,3,8.0,14.0,15.5
E09930,Estefanía Flores,Lenguajes de Programación,2026-1,43.7,0.0,84.8,4,16.7,17.4,17.1
E09931,Fernanda Salazar,Lenguajes de Programación,2025-2,78.8,5.2,81.3,3,14.8,6.7,13.1
E09932,Ximena Paredes,Base de Datos,2026-1,62.0,1.2,81.7,2,16.3,20,18.1
E09933,Gabriela Reyes,Matemática Discreta,2025-2,79.4,5.4,61.7,3,20,18.5,20
E09934,Ricardo Reyes,Base de Datos,2025-2,78.8,8.3,50.1,3,9.4,10.5,11.4
E09935,Miguel Gutiérrez,Lenguajes de Programación,2025-2,100,5.7,42.0,1,20,20,20
E09936,Antonella Ramírez,Redes de Computadoras,2026-1,100,0.5,49.3,4,19.0,13.6,20
E09937,Fabián Medina,Lenguajes de Programación,2025-2,64.4,5.0,100,2,8.7,13.0,17.0
E09938,Camila Torres,Lenguajes de Programación,2025-2,42.6,11.5,86.1,2,13.6,20,17.0
E09939,Ana Mendoza,Matemática Discreta,2026-1,64.5,5.5,94.8,3,11.0,5.2,6.0
E09940,Estefanía Cárdenas,Matemática Discreta,2025-2,88.2,6.8,73.6,3,11.5,6.2,5.5
E09941,Miguel Soto,Matemática Discreta,2026-1,100,7.2,73.5,3,9.5,13.1,6.3
E09942,Nicolás Salazar,Estructuras de Datos,2025-2,53.9,2.2,91.7,1,12.7,10.0,13.3
E09943,Fabián Reyes,Estructuras de Datos,2025-2,59.5,0,100,3,20,15.3,15.0
E09944,Milagros Palomino,Lenguajes de Programación,2026-1,36.0,3.9,100,3,15.9,19.0,20
E09945,Milagros Paredes,Estructuras de Datos,2026-1,83.1,2.5,76.8,2,13.1,18.9,19.5
E09946,Rosa Herrera,Lenguajes de Programación,2026-1,100,3.1,61.4,4,11.3,4.3,7.7
E09947,Manuel Alva,Matemática Discreta,2025-2,72.8,7.2,76.8,2,18.1,8.0,9.8
E09948,Iván Reyes,Estructuras de Datos,2026-1,85.4,2.1,88.2,2,12.7,8.9,9.9
E09949,Iván Cruz,Base de Datos,2026-1,60.4,0,56.2,4,17.0,13.3,13.1
E09950,Manuel Ramírez,Base de Datos,2025-2,79.5,4.0,59.3,3,11.9,18.1,20
E09951,Andrés Chávez,Base de Datos,2026-1,63.3,5.4,78.7,4,16.2,12.7,13.6
E09952,Mateo Vargas,Matemática Discreta,2026-1,42.7,9.8,67.4,5,12.8,11.8,9.9
E09953,Luis Cabrera,Matemática Discreta,2026-1,39.7,5.3,74.2,3,15.1,19.1,20
E09954,Tomás Flores,Base de Datos,2026-1,100,4.8,100,3,17.3,13.8,15.2
E09955,Daniela Vargas,Base de Datos,2026-1,53.1,6.1,63.6,2,9.5,13.7,13.0
E09956,Bruno Cárdenas,Matemática Discreta,2026-1,66.7,7.2,63.8,4,10.4,14.0,13.1
E09957,Vicente Vega,Base de Datos,2026-1,55.2,2.1,88.9,4,12.2,13.0,11.3
E09958,Manuel Gutiérrez,Redes de Computadoras,2025-2,87.0,4.4,57.4,1,14.3,18.3,17.7
E09959,Julio Salazar,Matemática Discreta,2025-2,56.4,9.2,80.8,1,12.5,14.4,8.5
E09960,Miguel Cárdenas,Matemática Discreta,2025-2,67.2,5.1,60.8,2,17.5,20,18.2
E09961,Rosa Salazar,Lenguajes de Programación,2026-1,58.3,2.0,46.9,3,10.4,10.8,13.9
E09962,Milagros Cárdenas,Redes de Computadoras,2026-1,100.0,8.2,96.5,1,18.9,19.1,16.8
E09963,Tomás Ponce,Redes de Computadoras,2025-2,47.7,7.4,83.1,4,,8.6,6.3
E09964,Milagros Ortiz,Redes de Computadoras,2025-2,61.2,7.6,58.8,4,8.9,10.1,10.2
E09965,Miguel Ramírez,Redes de Computadoras,2025-2,62.4,10.3,63.2,3,8.0,11.3,11.9
E09966,Joaquín Gutiérrez,Lenguajes de Programación,2026-1,72.0,8.1,72.5,3,6.6,12.4,10.0
E09967,Andrés Herrera,Matemática Discreta,2025-2,74.2,2.7,79.3,4,11.9,5.1,9.2
E09968,Alonso Rodríguez,Base de Datos,2026-1,70.4,2.0,86.1,3,12.6,13.7,15.7
E09969,Paula Rojas,Matemática Discreta,2025-2,93.0,4.5,92.3,1,2.9,10.7,6.3
E09970,Ximena Delgado,Base de Datos,2026-1,78.3,6.5,100,1,14.0,12.5,10.8
E09971,Renata Cruz,Base de Datos,2025-2,,9.7,81.7,2,15.2,18.0,17.0
E09972,Milagros Zapata,Redes de Computadoras,2026-1,66.4,0,89.3,2,8.3,5.3,4.4
E09973,Joaquín Quispe,Lenguajes de Programación,2026-1,36.3,1.3,93.0,4,13.6,12.0,8.4
E09974,María Quispe,Base de Datos,2026-1,78.1,8.9,100,3,20,20,20
E09975,Antonella Gutiérrez,Redes de Computadoras,2026-1,71.1,1.7,77.0,3,20,18.7,20
E09976,Valeria García,Base de Datos,2025-2,88.5,8.9,63.3,2,8.4,13.0,11.1
E09977,Franco Gutiérrez,Estructuras de Datos,2025-2,81.7,4.9,98.7,2,6.1,8.7,14.3
E09978,Julio Rodríguez,Lenguajes de Programación,2025-2,80.4,2.8,100,2,8.3,15.5,10.3
E09979,Mateo Delgado,Matemática Discreta,2026-1,70.3,4.8,41.1,2,16.5,17.2,14.6
E09980,Estefanía Quispe,Estructuras de Datos,2025-2,85.9,6.0,100,3,10.0,5.8,7.3
E09981,Natalia Vargas,Redes de Computadoras,2026-1,34.6,5.5,100,3,15.3,16.4,16.5
E09982,Ricardo Torres,Redes de Computadoras,2025-2,65.9,2.8,49.9,3,13.1,11.8,17.0
E09983,Lucía Castillo,Matemática Discreta,2025-2,50.1,10.0,62.7,2,15.0,15.3,7.8
E09984,Diego Flores,Matemática Discreta,2025-2,91.7,6.4,81.5,3,14.8,15.7,20
E09985,Jorge Soto,Estructuras de Datos,2026-1,51.9,3.1,92.9,5,10.3,10.7,14.7
E09986,Carlos Cárdenas,Lenguajes de Programación,2026-1,66.5,7.3,71.8,1,13.6,16.9,17.4
E09987,Franco Paredes,Base de Datos,2025-2,76.9,13.2,100,3,20,14.5,16.0
E09988,Emilia Paredes,Redes de Computadoras,2026-1,72.8,9.3,100,3,11.1,12.5,10.9
E09989,Ricardo Torres,Base de Datos,2026-1,50.0,4.2,91.0,3,12.7,10.8,16.0
E09990,Antonella Palomino,Estructuras de Datos,2026-1,61.0,5.4,100,3,2.1,7.4,7.3
E09991,Milagros Cruz,Estructuras de Datos,2025-2,66.9,10.4,79.1,3,13.8,7.3,6.2
E09992,Rosa Torres,Lenguajes de Programación,2025-2,69.4,7.7,45.8,5,7.3,8.2,2.8
E09993,Fabián Salazar,Matemática Discreta,2025-2,60.6,10.3,60.2,4,20,15.8,18.6
E09994,Lucía Herrera,Base de Datos,2026-1,100,10.5,84.0,3,10.4,14.9,10.8
E09995,Adrián Rojas,Lenguajes de Programación,2025-2,68.5,2.8,69.1,3,14.6,13.4,16.1
E09996,Valentina Zapata,Redes de Computadoras,2025-2,74.4,0.1,94.8,1,16.7,16.3,17.9
E09997,Lucía Cabrera,Redes de Computadoras,2026-1,88.5,2.2,54.0,3,14.8,,14.5
E09998,Gabriela Pérez,Matemática Discreta,2026-1,70.0,9.1,71.4,4,15.2,17.3,13.9
E09999,Isabela Rojas,Redes de Computadoras,2025-2,65.1,7.6,70.8,5,16.2,17.2,16.8
E10000,Julio Reyes,Matemática Discreta,2026-1,91.7,2.5,79.4,4,17.6,13.8,10.1
